"i","choice","formal","wage","labor_taxes","voluntary_saving","consumption_young","consumption_old","decision_utility","experienced_utility","funded_contribution","payg_contribution","funded_benefit","payg_benefit","eligibility_probability","eligible_payg_benefit","refund_benefit","utility_informal","utility_capitalization","utility_payg","utility_difference_formal_informal","utility_difference_payg_capitalization"
0,"informal",FALSE,0.116006682051148,0,0.00935427801219483,0.090540334495515,0.109854589632581,-25.6589007218556,-28.4889037533129,0,0,0,0,0,0,0,-25.6589007218556,-88.9379669876283,-93.7404985257355,-63.2790662657727,-4.80253153810719
0.002,"informal",FALSE,0.116681475817295,0,0.00940869046825196,0.0910669942725403,0.110493597584158,-25.4366365367105,-28.2421253333389,0,0,0,0,0,0,0,-25.4366365367105,-87.7085272397511,-92.4446497570773,-62.2718907030407,-4.73612251732621
0.004,"informal",FALSE,0.117360194759293,0,0.00946341943354372,0.0915967175518409,0.111136322550778,-25.2162976627286,-27.9974845733146,0,0,0,0,0,0,0,-25.2162976627286,-86.4960827318694,-91.1667138988689,-61.2797850691408,-4.67063116699946
0.006,"informal",FALSE,0.11804286170931,0,0.00951846674915767,0.0921295221533579,0.111782786153769,-24.9978674223555,-27.7549629562641,0,0,0,0,0,0,0,-24.9978674223555,-85.3003985291821,-89.9064433253417,-60.3025311068266,-4.60604479615964
0.008,"informal",FALSE,0.118729499632327,0,0.00957383426689069,0.0926654260006884,0.112433010140228,-24.7813292825019,-27.5145421256104,0,0,0,0,0,0,0,-24.7813292825019,-84.1212429445247,-88.6635938337097,-59.3399136620227,-4.54235088918506
0.01,"informal",FALSE,0.119420131626908,0,0.0096295238493113,0.0932044471216882,0.113087016383751,-24.5666668532928,-27.2762038837861,0,0,0,0,0,0,0,-24.5666668532928,-82.9583874934751,-87.4379245968493,-58.3917206401823,-4.47953710337427
0.012,"informal",FALSE,0.120114780925979,0,0.0096855373698223,0.0937466036490788,0.11374482688517,-24.3538638868263,-27.0399301908559,0,0,0,0,0,0,0,-24.3538638868263,-81.8116068500805,-86.2291981166348,-57.4577429632542,-4.4175912665543
0.014,"informal",FALSE,0.120813470897608,0,0.00974187671272382,0.0942919138210569,0.114406463773292,-24.1429042759443,-26.805703163151,0,0,0,0,0,0,0,-24.1429042759443,-80.6806788031961,-85.0371801779179,-56.5377745272518,-4.35650137472183
0.016,"informal",FALSE,0.121516225045791,0,0.00979854377327665,0.094840395981908,0.115071949305644,-23.9337720530132,-26.5735050719161,0,0,0,0,0,0,0,-23.9337720530132,-79.5653842134271,-83.8616398031441,-55.6316121604139,-4.29625558971701
0.018,"informal",FALSE,0.122223067011244,0,0.00985554045776606,0.0953920685826239,0.115741305869223,-23.7264513887151,-26.3433183419667,0,0,0,0,0,0,0,-23.7264513887151,-78.4655069706662,-82.7023492075955,-54.7390555819511,-4.23684223692923
0.02,"informal",FALSE,0.122934020572197,0,0.00991286868356588,0.0959469501815227,0.116414555981246,-23.52092659085,-26.1151255503593,0,0,0,0,0,0,0,-23.52092659085,-77.3808339522186,-81.5590837552537,-53.8599073613685,-4.1782498030351
0.022,"informal",FALSE,0.123649109645195,0,0.00997053037920305,0.0965050594448738,0.11709172228991,-23.3171821031479,-25.8889094250726,0,0,0,0,0,0,0,-23.3171821031479,-76.3111549815043,-80.4316219152712,-52.9939728783564,-4.12046693376689
0.024,"informal",FALSE,0.124368358285903,0,0.0100285274844224,0.0970664151475255,0.117772827575155,-23.1152025040911,-25.6646528437,0,0,0,0,0,0,0,-23.1152025040911,-75.2562627873334,-79.3197452190459,-52.1410602832424,-4.06348243171247
0.026,"informal",FALSE,0.125091790689912,0,0.0100868619502521,0.0976310361735365,0.118457894749426,-22.9149725057474,-25.4423388321539,0,0,0,0,0,0,0,-22.9149725057474,-74.2159529637425,-78.2232382178879,-51.3009804579951,-4.00728525414537
0.028,"informal",FALSE,0.125819431193556,0,0.0101455357390691,0.0981989415168114,0.119146946858447,-22.7164769526127,-25.2219505633806,0,0,0,0,0,0,0,-22.7164769526127,-73.1900239303871,-77.1418884412719,-50.4735469777744,-3.95186451088476
0.03,"informal",FALSE,0.126551304274731,0,0.010204550824665,0.0987701502817396,0.119840007081996,-22.5197008204637,-25.0034713560868,0,0,0,0,0,0,0,-22.5197008204637,-72.178276893482,-76.075486355667,-49.6585760730183,-3.89720946218503
0.032,"informal",FALSE,0.127287434553716,0,0.0102639091923131,0.0993446816838376,0.120537098734686,-22.324629215221,-24.7868846734769,0,0,0,0,0,0,0,-22.324629215221,-71.1805158072805,-75.0238253239351,-48.8558865920594,-3.84330951665461
0.034,"informal",FALSE,0.128027846794003,0,0.0103236128388343,0.0999225550503961,0.121238245266743,-22.1312473718218,-24.5721741220017,0,0,0,0,0,0,0,-22.1312473718218,-70.1965473360871,-73.9867015652905,-48.0652999642652,-3.79015422920348
0.036,"informal",FALSE,0.12877256590313,0,0.0103836637726649,0.10050378982113,0.121943470264805,-21.939540653102,-24.3593234501169,0,0,0,0,0,0,0,-21.939540653102,-69.2261808167946,-72.9639141158135,-47.2866401636926,-3.73773329901886
0.038,"informal",FALSE,0.129521616933518,0,0.0104440640139241,0.101088405548831,0.122652797452707,-21.7494945486885,-24.1483165470536,0,0,0,0,0,0,0,-21.7494945486885,-68.2692282219401,-71.9552647895092,-46.5197336732515,-3.68603656756915
0.04,"informal",FALSE,0.130275025083314,0,0.0105048155944817,0.101676421900027,0.123366250692281,-21.561094673901,-23.9391374415985,0,0,0,0,0,0,0,-21.561094673901,-67.32550412327,-70.9605581399052,-45.764409449369,-3.63505401663522
0.042,"informal",FALSE,0.131032815697239,0,0.0105659205580265,0.102267858655645,0.124083853984163,-21.3743267686629,-23.7317703008853,0,0,0,0,0,0,0,-21.3743267686629,-66.3948256558104,-69.9796014221794,-45.0204988871475,-3.58477576636896
0.044,"informal",FALSE,0.131795014267441,0,0.0106273809601352,0.102862735711673,0.124805631468594,-21.1891766964224,-23.5261994291961,0,0,0,0,0,0,0,-21.1891766964224,-65.4770124824333,-69.0122045558119,-44.2878357860109,-3.53519207337862
0.046,"informal",FALSE,0.132561646434352,0,0.0106891988683417,0.10346107307983,0.125531607426237,-21.0056304430821,-23.3224092667734,0,0,0,0,0,0,0,-21.0056304430821,-64.5718867589123,-68.058180087753,-43.5662563158303,-3.48629332884069
0.048,"informal",FALSE,0.13333273798755,0,0.0107513763622061,0.104062890888243,0.126261806278993,-20.8236741159384,-23.1203843886427,0,0,0,0,0,0,0,-20.8236741159384,-63.6792730994628,-67.1173431561004,-42.8555989835244,-3.43807005663755
0.05,"informal",FALSE,0.134108314866628,0,0.0108139155333853,0.104668209382118,0.126996252590819,-20.6432939426302,-22.9201095034443,0,0,0,0,0,0,0,-20.6432939426302,-62.7989985427564,-66.1895114542777,-42.1557046001262,-3.39051291152128
0.052,"informal",FALSE,0.134888403162065,0,0.0108768184857028,0.105277048924428,0.127734971068558,-20.4644762700958,-22.7215694522767,0,0,0,0,0,0,0,-20.4644762700958,-61.930892518407,-65.2745051957095,-41.4664162483112,-3.34361267730246
0.054,"informal",FALSE,0.135673029116105,0,0.0109400873352199,0.105889429996591,0.12847798656277,-20.2872075635405,-22.5247492075486,0,0,0,0,0,0,0,-20.2872075635405,-61.0747868139194,-64.3721470789835,-40.7875792503789,-3.29736026506407
0.056,"informal",FALSE,0.136462219123638,0,0.0110037242103067,0.106505373199166,0.129225324068566,-20.111474405411,-22.3296338718417,0,0,0,0,0,0,0,-20.111474405411,-60.2305155420946,-63.4822622534948,-40.1190411366835,-3.25174671140022
0.058,"informal",FALSE,0.137255999733093,0,0.0110677312517136,0.107124899252539,0.12997700872645,-19.9372634943809,-22.1362086767831,0,0,0,0,0,0,0,-19.9372634943809,-59.3979151088861,-62.6046782855649,-39.4606516145052,-3.20676317667884
0.06,"informal",FALSE,0.138054397647322,0,0.0111321106126435,0.107748028997625,0.130733065823165,-19.764561644343,-21.9444589819273,0,0,0,0,0,0,0,-19.764561644343,-58.5768241817002,-61.7392251250291,-38.8122625373572,-3.16240094332886
0.062,"informal",FALSE,0.138857439724507,0,0.0111968644588242,0.108374783396568,0.131493520792543,-19.5933557834118,-21.7543702736486,0,0,0,0,0,0,0,-19.5933557834118,-57.7670836581349,-60.8857350722853,-38.173727874723,-3.11865141415045
0.064,"informal",FALSE,0.139665152979059,0,0.0112619949685813,0.109005183533444,0.132258399216361,-19.4236329529342,-21.5659281640418,0,0,0,0,0,0,0,-19.4236329529342,-56.9685366351505,-60.0440427457995,-37.5449036822163,-3.07550611064904
0.066,"informal",FALSE,0.140477564582528,0,0.0113275043329111,0.109639250614974,0.133027726825201,-19.2553803065078,-21.3791183898336,0,0,0,0,0,0,0,-19.2553803065078,-56.1810283786666,-59.2139850500587,-36.9256480721588,-3.03295667139216
0.068,"informal",FALSE,0.141294701864518,0,0.011393394755555,0.110277005971234,0.133801529499316,-19.0885851090097,-21.193926811303,0,0,0,0,0,0,0,-19.0885851090097,-55.4044062935794,-58.3954011439684,-36.3158211845697,-2.99099485038899
0.07,"informal",FALSE,0.142116592313602,0,0.0114596684530728,0.110918471056375,0.134579833269502,-18.9232347356317,-21.0103394112112,0,0,0,0,0,0,0,-18.9232347356317,-54.6385198941934,-57.5881324096855,-35.7152851585617,-2.94961251549209
0.072,"informal",FALSE,0.142943263578255,0,0.0115263276549181,0.111563667449342,0.135362664317971,-18.759316670925,-20.82834229374,0,0,0,0,0,0,0,-18.759316670925,-53.8832207750619,-56.7920224218836,-35.1239041041369,-2.90880164682164
0.074,"informal",FALSE,0.143774743467775,0,0.0115933746035128,0.112212616854603,0.136150048979232,-18.5968185078532,-20.6479216834408,0,0,0,0,0,0,0,-18.5968185078532,-53.1383625822306,-56.0069169174415,-34.5415440743774,-2.86855433521088
0.076,"informal",FALSE,0.144611059953223,0,0.0116608115543223,0.112865341102877,0.136942013740981,-18.4357279468527,-20.4690639241915,0,0,0,0,0,0,0,-18.4357279468527,-52.4038009848782,-55.2326637655517,-33.9680730380255,-2.82886278067348
0.078,"informal",FALSE,0.145452241168365,0,0.0117286407759323,0.113521862151869,0.137738585244986,-18.2760327949019,-20.2917554781629,0,0,0,0,0,0,0,-18.2760327949019,-51.6793936473503,-54.469112938242,-33.4033608524483,-2.78971929089169
0.08,"informal",FALSE,0.146298315410618,0,0.0117968645501239,0.11418220208701,0.138539790287988,-18.1177209645987,-20.115982924794,0,0,0,0,0,0,0,-18.1177209645987,-50.9650002015783,-53.7161164813039,-32.8472792369796,-2.75111627972557
0.082,"informal",FALSE,0.147149311141997,0,0.0118654851719516,0.114846383122197,0.1393456558226,-17.960780473245,-19.9417329597764,0,0,0,0,0,0,0,-17.960780473245,-50.260482219881,-52.9735284856237,-32.299701746636,-2.71304626574274
0.084,"informal",FALSE,0.14800525699008,0,0.0119345049498194,0.115514427600543,0.140156208958215,-17.8051994419401,-19.768992394047,0,0,0,0,0,0,0,-17.8051994419401,-49.5657031881409,-52.2412050589093,-31.7605037462008,-2.67550187076838
0.086,"informal",FALSE,0.148866181748965,0,0.0120039262055592,0.116186357995126,0.140971476961917,-17.6509660946814,-19.5977481527899,0,0,0,0,0,0,0,-17.6509660946814,-48.8805284793525,-51.5190042978078,-31.2295623846711,-2.63847581845529
0.088,"informal",FALSE,0.149732114380244,0,0.0120737512745085,0.11686219690975,0.141791487259398,-17.4980687574732,-19.4279872744469,0,0,0,0,0,0,0,-17.4980687574732,-48.2048253275352,-50.8067862604088,-30.706756570062,-2.60196093287358
0.09,"informal",FALSE,0.15060308401397,0,0.0121439825055894,0.117541967079698,0.142616267435881,-17.3464958574432,-19.2596969097358,0,0,0,0,0,0,0,-17.3464958574432,-47.5384628020078,-50.1044129391279,-30.1919669445646,-2.56595013712003
0.092,"informal",FALSE,0.151479119949645,0,0.012214622261387,0.118225691372503,0.143445845237051,-17.1962359219661,-19.0928643206787,0,0,0,0,0,0,0,-17.1962359219661,-46.8813117820177,-49.4117482339639,-29.6850758600516,-2.53043645194624
0.094,"informal",FALSE,0.1523602516572,0,0.0122856729182293,0.118913392788715,0.144280248569982,-17.0472775777957,-18.9274768796373,0,0,0,0,0,0,0,-17.0472775777957,-46.2332449317213,-48.7286579261275,-29.1859673539256,-2.49541299440622
0.096,"informal",FALSE,0.15324650877799,0,0.0123571368662672,0.119605094462675,0.145119505504081,-16.8996095502038,-18.7635220683572,0,0,0,0,0,0,0,-16.8996095502038,-45.5941366755105,-48.0550096520327,-28.6945271253066,-2.46087297652216
0.098,"informal",FALSE,0.154137921125786,0,0.0124290165095546,0.120300819663292,0.145963644272031,-16.753220662127,-18.6009874770205,0,0,0,0,0,0,0,-16.753220662127,-44.9638631736796,-47.3906728776485,-28.2106425115526,-2.42680970396893
0.1,"informal",FALSE,0.155034518687785,0,0.0125013142661294,0.121000591794827,0.146812693270739,-16.6080998333202,-18.4398608033062,0,0,0,0,0,0,0,-16.6080998333202,-44.342302298429,-46.7355188732055,-27.7342024651088,-2.39321657477649
0.102,"informal",FALSE,0.155936331625613,0,0.0125740325680952,0.121704434397681,0.147666681062294,-16.4642360795189,-18.2801298514597,0,0,0,0,0,0,0,-16.4642360795189,-43.729333610201,-46.0894206882514,-27.2650975306822,-2.3600870780504
0.104,"informal",FALSE,0.156843390276342,0,0.0126471738617023,0.122412371149185,0.148525636374925,-16.3216185116066,-18.1217825313689,0,0,0,0,0,0,0,-16.3216185116066,-43.1248383343416,-45.4522531270514,-26.8032198227349,-2.32741479270978
0.106,"informal",FALSE,0.157755725153512,0,0.0127207406074308,0.123124425864399,0.149389588103971,-16.1802363347918,-17.9648068576495,0,0,0,0,0,0,0,-16.1802363347918,-42.528699338086,-44.8238927243289,-26.3484630032942,-2.29519338624286
0.108,"informal",FALSE,0.158673366948152,0,0.0127947352800729,0.12384062249691,0.150258565312848,-16.0400788477898,-17.8091909487378,0,0,0,0,0,0,0,-16.0400788477898,-41.9408011078619,-44.2042177213414,-25.9007222600721,-2.26341661347952
0.11,"informal",FALSE,0.15959634652982,0,0.0128691603688165,0.124560985139641,0.151132597234032,-15.9011354420136,-17.6549230259914,0,0,0,0,0,0,0,-15.9011354420136,-41.3610297269061,-43.593108042287,-25.4598942848925,-2.23207831538088
0.112,"informal",FALSE,0.160524694947636,0,0.0129440183773285,0.125285538025658,0.15201171327004,-15.7633956007704,-17.5019914127976,0,0,0,0,0,0,0,-15.7633956007704,-40.7892728531914,-42.9904452710368,-25.025877252421,-2.20117241784539
0.114,"informal",FALSE,0.161458443431328,0,0.0130193118238393,0.126014305528989,0.152895942994418,-15.626848898466,-17.3503845336896,0,0,0,0,0,0,0,-15.626848898466,-40.2254196976577,-42.3961126281895,-24.5985707991918,-2.17069293053174
0.116,"informal",FALSE,0.162397623392284,0,0.0130950432412277,0.126747312165442,0.153785316152737,-15.4914849998151,-17.2000909134702,0,0,0,0,0,0,0,-15.4914849998151,-39.6693610027449,-41.8099949484425,-24.1778760029297,-2.14063394569761
0.118,"informal",FALSE,0.163342266424605,0,0.0131712151771057,0.12748458259343,0.154679862663593,-15.3572936590599,-17.0510991763437,0,0,0,0,0,0,0,-15.3572936590599,-39.1209890212216,-41.231978658276,-23.7636953621617,-2.11098963705445
0.12,"informal",FALSE,0.164292404306173,0,0.0132478301939043,0.128226141614797,0.155579612619617,-15.2242647191934,-16.9033980450544,0,0,0,0,0,0,0,-15.2242647191934,-38.5801974953072,-40.6619517539458,-23.3559327761138,-2.08175425863856
0.122,"informal",FALSE,0.165248068999715,0,0.01332489086896,0.128972014175662,0.156484596288481,-15.0923881111919,-16.756976340033,0,0,0,0,0,0,0,-15.0923881111919,-38.0468816360828,-40.0998037797797,-22.9544935248909,-2.05292214369689
0.124,"informal",FALSE,0.166209292653881,0,0.0134023997946011,0.129722225367245,0.157394844113921,-14.9616538532519,-16.6118229785508,0,0,0,0,0,0,0,-14.9616538532519,-37.5209381031855,-39.5454258067745,-22.5592842499336,-2.02448770358901
0.126,"informal",FALSE,0.167176107604327,0,0.0134803595782352,0.130476800426723,0.158310386716761,-14.8320520500349,-16.4679269738806,0,0,0,0,0,0,0,-14.8320520500349,-37.0022649847848,-38.9987104114883,-22.1702129347498,-1.99644542670359
0.128,"informal",FALSE,0.168148546374798,0,0.0135587728424367,0.131235764738073,0.159231254895939,-14.7035728919187,-16.3252774344652,0,0,0,0,0,0,0,-14.7035728919187,-36.4907617778348,-38.459551655225,-21.7871888859161,-1.96878987739017
0.13,"informal",FALSE,0.169126641678226,0,0.0136376422250353,0.131999143832924,0.160157479629547,-14.5762066542544,-16.1838635630927,0,0,0,0,0,0,0,-14.5762066542544,-35.9863293686003,-37.9278450635059,-21.410122714346,-1.94151569490553
0.132,"informal",FALSE,0.17011042641783,0,0.0137169703792045,0.132766963391421,0.161089092075874,-14.4499436966306,-16.0436746560797,0,0,0,0,0,0,0,-14.4499436966306,-35.488870013451,-37.4034876058256,-21.0389263168204,-1.91461759237454
0.134,"informal",FALSE,0.17109993368822,0,0.0137967599735508,0.133539249243088,0.16202612357445,-14.3247744621439,-15.9047001024609,0,0,0,0,0,0,0,-14.3247744621439,-34.998287319922,-36.8863776756874,-20.6735128577781,-1.88809035576542
0.136,"informal",FALSE,0.172095196776515,0,0.0138770136922037,0.134316027367692,0.162968605647103,-14.2006894766751,-15.7669293831861,0,0,0,0,0,0,0,-14.2006894766751,-34.514486228036,-36.3764150709149,-20.3137967513609,-1.86192884287896
0.138,"informal",FALSE,0.173096249163459,0,0.0139577342349058,0.135097323896124,0.163916569999018,-14.0776793481724,-15.6303520703236,0,0,0,0,0,0,0,-14.0776793481724,-34.0373729918833,-35.8735009742352,-19.9596936437109,-1.83612798235189
0.14,"informal",FALSE,0.174103124524549,0,0.0140389243171039,0.135883165111272,0.164870048519806,-13.9557347659405,-15.4949578262715,0,0,0,0,0,0,0,-13.9557347659405,-33.566855161457,-35.3775379341307,-19.6111203955165,-1.81068277267364
0.142,"informal",FALSE,0.175115856731166,0,0.01412058667004,0.136673577448908,0.165829073284574,-13.8348464999357,-15.3607364029749,0,0,0,0,0,0,0,-13.8348464999357,-33.1028415647389,-34.8884298459559,-19.2679950648032,-1.78558828121707
0.144,"informal",FALSE,0.176134479851718,0,0.0142027240408432,0.137468587498579,0.166793676555006,-13.7150054000675,-15.22767764115,0,0,0,0,0,0,0,-13.7150054000675,-32.6452422900328,-34.4060819333149,-18.9302368899653,-1.7608396432821
0.146,"informal",FALSE,0.177159028152782,0,0.0142853391926226,0.138268222004497,0.167763890780446,-13.5962023955058,-15.0957714695158,0,0,0,0,0,0,0,-13.5962023955058,-32.193968668543,-33.9304007296959,-18.5977662730373,-1.73643206115286
0.148,"informal",FALSE,0.17818953610026,0,0.0143684349045596,0.139072507866443,0.168739748598993,-13.4784284939944,-14.965007904031,0,0,0,0,0,0,0,-13.4784284939944,-31.7489332571925,-33.4612940603601,-18.2705047631981,-1.71236080316761
0.15,"informal",FALSE,0.179226038360537,0,0.0144520139720018,0.139881472140668,0.169721282838596,-13.3616747811705,-14.835377047139,0,0,0,0,0,0,0,-13.3616747811705,-31.3100498216793,-32.9986710244807,-17.9483750405087,-1.68862120280149
0.152,"informal",FALSE,0.180268569801645,0,0.0145360792065568,0.140695142040808,0.170708526518159,-13.2459324198899,-14.7068690870183,0,0,0,0,0,0,0,-13.2459324198899,-30.8772333197668,-32.5424419775289,-17.6313008998769,-1.665208657762
0.154,"informal",FALSE,0.181317165494442,0,0.0146206334361872,0.141513544938794,0.171701512848653,-13.131192649558,-14.5794742968402,0,0,0,0,0,0,0,-13.131192649558,-30.4503998848056,-32.0925185139024,-17.3192072352476,-1.64211862909683
0.156,"informal",FALSE,0.182371860713786,0,0.0147056795053052,0.142336708365777,0.172700275234231,-13.0174467854668,-14.453183034032,0,0,0,0,0,0,0,-13.0174467854668,-30.029466809482,-31.6488134497959,-17.0120200240152,-1.61934664031397
0.158,"informal",FALSE,0.183432690939722,0,0.0147912202748686,0.143164660013052,0.173704847273354,-12.9046862181375,-14.3279857395479,0,0,0,0,0,0,0,-12.9046862181375,-29.6143525297923,-31.2112408063062,-16.7096663116548,-1.59688827651394
0.16,"informal",FALSE,0.18449969185868,0,0.0148772586224768,0.143997427732992,0.174715262759921,-12.792902412669,-14.2038729371448,0,0,0,0,0,0,0,-12.792902412669,-29.2049766092381,-30.7797157927722,-16.4120741965692,-1.57473918353402
0.162,"informal",FALSE,0.185572899364671,0,0.0149637974424682,0.14483503953998,0.175731555684403,-12.6820869080916,-14.0808352326655,0,0,0,0,0,0,0,-12.6820869080916,-28.8012597232403,-30.3541547903445,-16.1191728151488,-1.55289506710413
0.164,"informal",FALSE,0.186652349560497,0,0.0150508396460166,0.145677523611356,0.176753760234991,-12.5722313167269,-13.9588633133273,0,0,0,0,0,0,0,-12.5722313167269,-28.4031236437681,-29.9344753357825,-15.8308923270412,-1.53135169201442
0.166,"informal",FALSE,0.187738078758964,0,0.0151383881612301,0.146524908288365,0.177781910798742,-12.4633273235527,-13.8379479470175,0,0,0,0,0,0,0,-12.4633273235527,-28.0104912241809,-29.5205961054752,-15.5471639006282,-1.51010488129427
0.168,"informal",FALSE,0.188830123484105,0,0.0152264459332489,0.147377222077106,0.178816041962737,-12.3553666855739,-13.7180799815943,0,0,0,0,0,0,0,-12.3553666855739,-27.6232863842798,-29.1124368996824,-15.2679196987059,-1.48915051540259
0.17,"informal",FALSE,0.189928520472408,0,0.0153150159243449,0.148234493649497,0.179856188515247,-12.2483412311981,-13.5992503441941,0,0,0,0,0,0,0,-12.2483412311981,-27.2414340955654,-28.7099186269947,-14.9930928643673,-1.46848453142921
0.172,"informal",FALSE,0.19103330667405,0,0.0154041011140208,0.149096751844233,0.180902385446901,-12.1422428596177,-13.481450040545,0,0,0,0,0,0,0,-12.1422428596177,-26.8648603666998,-28.3129632890071,-14.7226175070821,-1.44810292230735
0.174,"informal",FALSE,0.192144519254145,0,0.0154937044991109,0.149964025667762,0.18195466795186,-12.0370635401962,-13.3646701542856,0,0,0,0,0,0,0,-12.0370635401962,-26.4934922291687,-27.9214939652055,-14.4564286889725,-1.4280017360368
0.176,"informal",FALSE,0.193262195593987,0,0.0155838290938814,0.150836344295256,0.183013071429008,-11.9327953118608,-13.2489018462908,0,0,0,0,0,0,0,-11.9327953118608,-26.1272577231434,-27.5354347980612,-14.1944624112826,-1.40817707491785
0.178,"informal",FALSE,0.194386373292314,0,0.0156744779301323,0.151713737071597,0.184077631483139,-11.8294302824994,-13.134136354002,0,0,0,0,0,0,0,-11.8294302824994,-25.766085883536,-27.1547109783317,-13.9366556010365,-1.38862509479574
0.18,"informal",FALSE,0.19551709016657,0,0.0157656540572989,0.15259623351236,0.185148383926151,-11.7269606283637,-13.0203649907642,0,0,0,0,0,0,0,-11.7269606283637,-25.4099067262494,-26.7792487305649,-13.6829460978857,-1.36934200431548
0.182,"informal",FALSE,0.196654384254178,0,0.0158573605425548,0.153483863304809,0.186225364778259,-11.6253785934766,-12.9075791451687,0,0,0,0,0,0,0,-11.6253785934766,-25.0586512346161,-26.408975298803,-13.4332726411395,-1.35032406418691
0.184,"informal",FALSE,0.197798293813817,0,0.0159496004709147,0.154376656308893,0.187308610269201,-11.5246764890453,-12.795770280401,0,0,0,0,0,0,0,-11.5246764890453,-24.7122513460251,-26.043818932485,-13.1875748569797,-1.33156758645989
0.186,"informal",FALSE,0.198948857326713,0,0.0160423769453386,0.155274642558255,0.188398156839455,-11.4248466928796,-12.6849299335948,0,0,0,0,0,0,0,-11.4248466928796,-24.3706399387331,-25.6837088725424,-12.9457932458534,-1.31306893380938
0.188,"informal",FALSE,0.200106113497932,0,0.0161356930868358,0.156177852261235,0.189494041141473,-11.3258816488145,-12.5750497151911,0,0,0,0,0,0,0,-11.3258816488145,-24.0337508188586,-25.3285753376891,-12.7078691700442,-1.29482451883045
0.19,"informal",FALSE,0.201270101257679,0,0.0162295520345701,0.157086315801893,0.190596300040904,-11.2277738661385,-12.466121308304,0,0,0,0,0,0,0,-11.2277738661385,-23.7015187075558,-24.9783495108987,-12.4737448414173,-1.27683080334285
0.192,"informal",FALSE,0.202440859762613,0,0.0163239569459654,0.158000063741029,0.191704970617843,-11.1305159190267,-12.3581364680902,0,0,0,0,0,0,0,-11.1305159190267,-23.3738792283649,-24.6329635260702,-12.2433633093382,-1.25908429770525
0.194,"informal",FALSE,0.203618428397161,0,0.0164189109968117,0.158919126817209,0.192820090168072,-11.0341004459788,-12.2510870211256,0,0,0,0,0,0,0,-11.0341004459788,-23.0507688947385,-24.2923504548773,-12.0166684487597,-1.2415815601388
0.196,"informal",FALSE,0.204802846774842,0,0.0165144173813724,0.159843535947802,0.193941696204318,-10.9385201492615,-12.1449648647866,0,0,0,0,0,0,0,-10.9385201492615,-22.7321250977393,-23.9564442937994,-11.7936049484778,-1.22431919606008
0.198,"informal",FALSE,0.205994154739603,0,0.0166104793124911,0.160773322230019,0.195069826457514,-10.8437677943565,-12.0397619666363,0,0,0,0,0,0,0,-10.8437677943565,-22.4178860939091,-23.6251799513322,-11.5741182995527,-1.2072938574231
0.2,"informal",FALSE,0.207192392367155,0,0.0167071000217004,0.161708516941956,0.196204518878068,-10.7498362094128,-11.9354703638173,0,0,0,0,0,0,0,-10.7498362094128,-22.1079909933041,-23.2984932353746,-11.3581547838913,-1.19050224207045
0.202,"informal",FALSE,0.208397599966325,0,0.0168042827593299,0.162649151543654,0.19734581163714,-10.6567182847039,-11.8320821624483,0,0,0,0,0,0,0,-10.6567182847039,-21.8023797476967,-22.97632084079,-11.1456614629928,-1.1739410930933
0.204,"informal",FALSE,0.209609818080411,0,0.0169020307946162,0.163595257678148,0.198493743127926,-10.5644069720898,-11.729589537027,0,0,0,0,0,0,0,-10.5644069720898,-21.5009931389399,-22.65860033714,-10.9365861668501,-1.15760719820014
0.206,"informal",FALSE,0.210829087488544,0,0.0170003474158123,0.164546867172537,0.199648351966949,-10.4728952844829,-11.6279847298377,0,0,0,0,0,0,0,-10.4728952844829,-21.2037727674924,-22.3452701565867,-10.7308774830095,-1.14149738909435
0.208,"informal",FALSE,0.212055449207063,0,0.0170992359302987,0.165504012039057,0.200809676995361,-10.3821762953201,-11.5272600503639,0,0,0,0,0,0,0,-10.3821762953201,-20.9106610411029,-22.0362695819631,-10.5284847457829,-1.12560854086012
0.21,"informal",FALSE,0.21328894449089,0,0.0171986996646944,0.166466724476148,0.201977757280243,-10.2922431380376,-11.4274078747067,0,0,0,0,0,0,0,-10.2922431380376,-20.6216011636504,-21.7315387350074,-10.3293580256128,-1.10993757135695
0.212,"informal",FALSE,0.214529614834925,0,0.0172987419649686,0.16743503686955,0.203152632115928,-10.203089005552,-11.3284206450071,0,0,0,0,0,0,0,-10.203089005552,-20.3365371241386,-21.431018564761,-10.1334481185866,-1.09448144062242
0.214,"informal",FALSE,0.215777501975433,0,0.0173993661965539,0.168408981793382,0.204334341025316,-10.1147071497443,-11.2302908688745,0,0,0,0,0,0,0,-10.1147071497443,-20.0554136858429,-21.134650836126,-9.94070653609854,-1.07923715028311
0.216,"informal",FALSE,0.217032647891457,0,0.0175005757444589,0.169388592011243,0.205522923761205,-10.0270908809497,-11.1330111188192,0,0,0,0,0,0,0,-10.0270908809497,-19.778176375607,-20.8423781185807,-9.75108549465729,-1.0642017429737
0.218,"informal",FALSE,0.218295094806222,0,0.0176023740133823,0.170373900477313,0.206718420307631,-9.94023356745099,-11.0365740316907,0,0,0,0,0,0,0,-9.94023356745099,-19.5047714732881,-20.5541437750521,-9.56453790583709,-1.04937230176403
0.22,"informal",FALSE,0.219564885188564,0,0.0177047644278276,0.171364940337462,0.207920870881211,-9.8541286349766,-10.9409723081196,0,0,0,0,0,0,0,-9.8541286349766,-19.235146001347,-20.2698919509409,-9.38101736637038,-1.03474594959392
0.222,"informal",FALSE,0.220842061754348,0,0.0178077504322177,0.172361744930365,0.209130315932495,-9.76876956620312,-10.846198711966,0,0,0,0,0,0,0,-9.76876956620312,-18.9692477145831,-19.989567563299,-9.20047814837994,-1.02031984871591
0.224,"informal",FALSE,0.222126667467917,0,0.0179113354910118,0.173364347788622,0.210346796147329,-9.68414990026187,-10.7522460697709,0,0,0,0,0,0,0,-9.68414990026187,-18.7070250900106,-19.7131162901562,-9.02287518974871,-1.00609120014559
0.226,"informal",FALSE,0.223418745543527,0,0.0180155230888209,0.174372782639887,0.211570352448222,-9.60026323224993,-10.6591072702142,0,0,0,0,0,0,0,-9.60026323224993,-18.4484273168751,-19.4404845599946,-8.8481640846252,-0.992057243119458
0.228,"informal",FALSE,0.224718339446806,0,0.0181203167305257,0.175387083408004,0.212801025995723,-9.51710321274536,-10.5667752635757,0,0,0,0,0,0,0,-9.51710321274536,-18.1934042868081,-19.1716195413683,-8.6763010740627,-0.978215254560244
0.23,"informal",FALSE,0.226025492896216,0,0.0182257199413941,0.176407284214147,0.214038858189807,-9.43466354732658,-10.4752430612015,0,0,0,0,0,0,0,-9.43466354732658,-17.941906584117,-18.9064691326666,-8.50724303679044,-0.964562548549605
0.232,"informal",FALSE,0.227340249864522,0,0.0183317362672001,0.177433419377967,0.215283890671265,-9.35293799609596,-10.3845037349757,0,0,0,0,0,0,0,-9.35293799609596,-17.6938854762106,-18.6449819520187,-8.34094748011469,-0.951096475808058
0.234,"informal",FALSE,0.228662654580273,0,0.0184383692743429,0.178465523418747,0.216536165323107,-9.2719203732075,-10.2945504167954,0,0,0,0,0,0,0,-9.2719203732075,-17.4492929041557,-18.3871073273378,-8.17737253094821,-0.937814423182086
0.236,"informal",FALSE,0.229992751529287,0,0.0185456225499669,0.179503631056566,0.217795724271971,-9.19160454639865,-10.2053762980508,0,0,0,0,0,0,0,-9.19160454639865,-17.2080814733648,-18.132795286503,-8.01647692696615,-0.924713813138222
0.238,"informal",FALSE,0.231330585456153,0,0.0186534997020823,0.180547777213461,0.219062609889539,-9.11198443652614,-10.1169746291105,0,0,0,0,0,0,0,-9.11198443652614,-16.9702044444126,-17.8819965476768,-7.85822000788649,-0.911792103264194
0.24,"informal",FALSE,0.232676201365728,0,0.0187620043596869,0.181597997014607,0.220336864793962,-9.03305401710583,-10.0293387188098,0,0,0,0,0,0,0,-9.03305401710583,-16.7356157239794,-17.6346625097563,-7.70256170687355,-0.899046785776882
0.242,"informal",FALSE,0.23402964452466,0,0.0188711401728875,0.182654325789499,0.221618531851295,-8.95480731385661,-9.94246193394499,0,0,0,0,0,0,0,-8.95480731385661,-16.5042698559192,-17.3907452429563,-7.54946254206262,-0.886475387037077
0.244,"informal",FALSE,0.235390960462904,0,0.0189809108130231,0.183716799073136,0.222907654176939,-8.87723840424813,-9.85633769877061,0,0,0,0,0,0,0,-8.87723840424813,-16.2761220124523,-17.1501974795232,-7.39888360820419,-0.87407546707087
0.246,"informal",FALSE,0.236760194975256,0,0.0190913199727885,0.184785452607219,0.224204275137091,-8.80034141705261,-9.77095949450221,0,0,0,0,0,0,0,-8.80034141705261,-16.0511279854785,-16.9129726045762,-7.25078656842593,-0.861844619097692
0.248,"informal",FALSE,0.238137394122895,0,0.0192023713663581,0.185860322341353,0.225508438350202,-8.72411053190036,-9.68632085882277,0,0,0,0,0,0,0,-8.72411053190036,-15.8292441780113,-16.6790246470762,-7.10513364611093,-0.849780469064909
0.25,"informal",FALSE,0.239522604234929,0,0.0193140687295113,0.186941444434258,0.226820187688446,-8.64853997883931,-9.60241538539353,0,0,0,0,0,0,0,-8.64853997883931,-15.6104275957298,-16.4483082709184,-6.96188761689046,-0.837880675188668
0.252,"informal",FALSE,0.240915871909958,0,0.0194264158197581,0.188028855254984,0.228139567279193,-8.5736240378982,-9.51923672336916,0,0,0,0,0,0,0,-8.5736240378982,-15.3946358386479,-16.2207787661492,-6.8210118007497,-0.826142927501291
0.254,"informal",FALSE,0.242317244017637,0,0.0195394164164649,0.189122591384132,0.229466621506498,-8.49935703865371,-9.43677857691702,0,0,0,0,0,0,0,-8.49935703865371,-15.1818270928986,-15.9963920403034,-6.68247005424492,-0.814564947404749
0.256,"informal",FALSE,0.243726767700256,0,0.0196530743209827,0.190222689615089,0.230801395012591,-8.4257333598012,-9.35503470474063,0,0,0,0,0,0,0,-8.4257333598012,-14.9719601226315,-15.775104609862,-6.54622676283034,-0.803144487230437
0.258,"informal",FALSE,0.245144490374325,0,0.019767393356774,0.191329186955264,0.232143932699377,-8.35274742872927,-9.27399891960729,0,0,0,0,0,0,0,-8.35274742872927,-14.7649942620227,-15.5568735918277,-6.41224683329342,-0.791879329804985
0.26,"informal",FALSE,0.246570459732169,0,0.019882377369542,0.192442120627332,0.233494279729951,-8.28039372109795,-9.19366508787973,0,0,0,0,0,0,0,-8.28039372109795,-14.5608894073948,-15.3416566954168,-6.28049568629686,-0.780767288022021
0.262,"informal",FALSE,0.248004723743531,0,0.0199980302273597,0.193561528070485,0.234852481530115,-8.20866676042058,-9.11402712905187,0,0,0,0,0,0,0,-8.20866676042058,-14.3596060094464,-15.1294122138664,-6.1509392490258,-0.769806204420028
0.264,"informal",FALSE,0.249447330657187,0,0.0201143558208001,0.194687446941696,0.236218583789905,-8.13756111764926,-9.03507901528859,0,0,0,0,0,0,0,-8.13756111764926,-14.1611050655882,-14.9200990163541,-6.02354394793897,-0.758993950765893
0.266,"informal",FALSE,0.25089832900257,0,0.0202313580630673,0.195819915116982,0.237592632465131,-8.06707141076392,-8.95681477096946,0,0,0,0,0,0,0,-8.06707141076392,-13.965348112386,-14.7136765400304,-5.89827670162208,-0.748328427644356
0.268,"informal",FALSE,0.252357767591402,0,0.0203490408901275,0.196958970692679,0.238974673778918,-7.99719230436502,-8.87922847223648,0,0,0,0,0,0,0,-7.99719230436502,-13.7722972181071,-14.5101047821602,-5.77510491374208,-0.737807564053123
0.27,"informal",FALSE,0.253825695519335,0,0.0204674082608423,0.198104651986725,0.240364754223268,-7.92791850926962,-8.80231424654564,0,0,0,0,0,0,0,-7.92791850926962,-13.5819149753707,-14.3093442923743,-5.6539964661011,-0.727429317003596
0.272,"informal",FALSE,0.255302162167601,0,0.0205864641571012,0.199256997539945,0.241762920560617,-7.8592447821111,-8.72606627222249,0,0,0,0,0,0,0,-7.8592447821111,-13.3941644938994,-14.1113561650266,-5.53491971178827,-0.717191671127255
0.274,"informal",FALSE,0.256787217204679,0,0.0207062125839557,0.200416046117354,0.243169219825413,-7.79116592494227,-8.65047877802145,0,0,0,0,0,0,0,-7.79116592494227,-13.2090093933708,-13.9161020316582,-5.41784346842849,-0.707092638287429
0.276,"informal",FALSE,0.258280910587959,0,0.0208266575697542,0.201581836709454,0.244583699325696,-7.72367678484192,-8.57554604268899,0,0,0,0,0,0,0,-7.72367678484192,-13.0264137963683,-13.7235440535649,-5.30273701152636,-0.697130257196594
0.278,"informal",FALSE,0.259783292565429,0,0.0209478031662774,0.202754408533551,0.246006406644689,-7.65677225352483,-8.5012623945306,0,0,0,0,0,0,0,-7.65677225352483,-12.8463423214291,-13.5336449144681,-5.18957006790431,-0.687302593038984
0.28,"informal",FALSE,0.261294413677359,0,0.0210696534488745,0.203933801035071,0.247437389642402,-7.59044726695506,-8.4276222109815,0,0,0,0,0,0,0,-7.59044726695506,-12.6687600761885,-13.346367813287,-5.07831280923343,-0.677607737098505
0.282,"informal",FALSE,0.262814324758007,0,0.0211922125166007,0.20512005388889,0.248876696457236,-7.52469680496274,-8.35461991818102,0,0,0,0,0,0,0,-7.52469680496274,-12.4936326506183,-13.1616764570103,-4.96893584565561,-0.668043806391921
0.284,"informal",FALSE,0.264343076937323,0,0.0213154844923544,0.206313207000666,0.25032437550761,-7.45951589086399,-8.28224999055078,0,0,0,0,0,0,0,-7.45951589086399,-12.32092611036,-12.9795350536672,-4.86141021949599,-0.658608943307174
0.286,"informal",FALSE,0.265880721642677,0,0.0214394735230166,0.207513300508182,0.251780475493582,-7.39489959108431,-8.2105069503764,0,0,0,0,0,0,0,-7.39489959108431,-12.1506069901485,-12.7999083053953,-4.75570739906415,-0.649301315246825
0.288,"informal",FALSE,0.267427310600581,0,0.0215641837795899,0.208720374782696,0.253245045398494,-7.33084301478512,-8.13938536739292,0,0,0,0,0,0,0,-7.33084301478512,-11.9826422873281,-12.6227614016047,-4.65179927254299,-0.640119114276548
0.29,"informal",FALSE,0.268982895838432,0,0.0216896194573392,0.2099344704303,0.254718134490615,-7.26734131349359,-8.06887985837378,0,0,0,0,0,0,0,-7.26734131349359,-11.8169994554576,-12.4480600122363,-4.54965814196403,-0.631060556778667
0.292,"informal",FALSE,0.270547529686266,0,0.0218157847759325,0.211155628293288,0.256199792324801,-7.20438968073561,-7.99898508672332,0,0,0,0,0,0,0,-7.20438968073561,-11.6536463980035,-12.2757702811141,-4.44925671726789,-0.622123883110552
0.294,"informal",FALSE,0.272121264778512,0,0.0219426839795829,0.212383889451524,0.257690068744162,-7.14198335167206,-7.92969576207292,0,0,0,0,0,0,0,-7.14198335167206,-11.4925514621208,-12.1058588193887,-4.35056811044872,-0.613307357267944
0.296,"informal",FALSE,0.273704154055768,0,0.0220703213371917,0.213619295223831,0.259189013881736,-7.0801176027381,-7.86100663988052,0,0,0,0,0,0,0,-7.0801176027381,-11.3336834325197,-11.9382926990728,-4.25356582978156,-0.604609266553101
0.298,"informal",FALSE,0.275296250766578,0,0.0221987011424916,0.214861887169374,0.26069667816218,-7.01878775128564,-7.79291252103365,0,0,0,0,0,0,0,-7.01878775128564,-11.1770115254169,-11.7730394466646,-4.15822377413122,-0.596027921247732
0.3,"informal",FALSE,0.276897608469225,0,0.0223278277141913,0.216111707089063,0.262213112303463,-6.95798915522897,-7.72540825145597,0,0,0,0,0,0,0,-6.95798915522897,-11.0225053825708,-11.6100670368614,-4.06451622734183,-0.587561654290628
0.302,"informal",FALSE,0.278508281033533,0,0.022457705396121,0.21736879702696,0.263738367318571,-6.8977172126933,-7.65848872171707,0,0,0,0,0,0,0,-6.8977172126933,-10.870135065399,-11.449343886359,-3.97241785270567,-0.57920882096
0.304,"informal",FALSE,0.28012832264268,0,0.0225883385573781,0.218633199271687,0.265272494517227,-6.83796736166655,-7.59214886664579,0,0,0,0,0,0,0,-6.83796736166655,-10.7198710491768,-11.2908388477372,-3.88190368751027,-0.570967798560412
0.306,"informal",FALSE,0.281757787795018,0,0.0227197315924744,0.219904956357855,0.266815545507615,-6.77873507965395,-7.52638366494685,0,0,0,0,0,0,0,-6.77873507965395,-10.5716842173167,-11.134521203431,-3.79294913766275,-0.562836986114315
0.308,"informal",FALSE,0.283396731305908,0,0.022851888921484,0.221184111067494,0.268367572198116,-6.72001588333581,-7.46118813882073,0,0,0,0,0,0,0,-6.72001588333581,-10.4255458557261,-10.9803606597842,-3.70552997239025,-0.554814804058124
0.31,"informal",FALSE,0.285045208309565,0,0.022984814990192,0.222470706431487,0.269928626799054,-6.66180532822812,-7.39655735358692,0,0,0,0,0,0,0,-6.66180532822812,-10.2814276472434,-10.8283273411862,-3.61962231901529,-0.546899693942761
0.312,"informal",FALSE,0.28670327426091,0,0.0231185142702438,0.223764785731025,0.271498761824453,-6.60409900834617,-7.33248641731043,0,0,0,0,0,0,0,-6.60409900834617,-10.1393016661514,-10.6783917842901,-3.53520265780524,-0.53909011813864
0.314,"informal",FALSE,0.288370984937439,0,0.0232529912592959,0.225066392499056,0.273078030093803,-6.54689255587107,-7.26897048043152,0,0,0,0,0,0,0,-6.54689255587107,-9.99914037276568,-10.5305249323108,-3.45224781689461,-0.531384559545112
0.316,"informal",FALSE,0.290048396441096,0,0.0233882504811667,0.226375570521756,0.274666484733838,-6.49018164081912,-7.2060047353986,0,0,0,0,0,0,0,-6.49018164081912,-9.86091660809842,-10.3846981294026,-3.37073496727931,-0.523781521304217
0.318,"informal",FALSE,0.291735565200162,0,0.0235242964859894,0.227692363839997,0.276264179180321,-6.43396197071407,-7.14358441630435,0,0,0,0,0,0,0,-6.43396197071407,-9.72460358859591,-10.2408831151147,-3.29064161788185,-0.516279526518796
0.32,"informal",FALSE,0.293432547971153,0,0.0236611338503643,0.22901681675083,0.277871167179845,-6.37822929026226,-7.08170479852504,0,0,0,0,0,0,0,-6.37822929026226,-9.59017490094858,-10.0990520189235,-3.21194561068632,-0.508877117974883
0.322,"informal",FALSE,0.29513940184073,0,0.0237987671775133,0.230348973808975,0.279487502791638,-6.3229793810305,-7.02036119836285,0,0,0,0,0,0,0,-6.3229793810305,-9.45760449697296,-9.95917735484136,-3.13462511594246,-0.501572857868394
0.324,"informal",FALSE,0.296856184227618,0,0.0239372010974344,0.231688879828322,0.281113240389381,-6.26820806112678,-6.95954897269139,0,0,0,0,0,0,0,-6.26820806112678,-9.32686668856434,-9.82123201610028,-3.05865862743756,-0.49436532753594
0.326,"informal",FALSE,0.298582952884537,0,0.0240764402670579,0.233036579883436,0.282748434663041,-6.21391118488375,-6.89926351860428,0,0,0,0,0,0,0,-6.21391118488375,-9.19793614271919,-9.68518926990917,-2.98402495783545,-0.487253127189978
0.328,"informal",FALSE,0.30031976590015,0,0.0242164893704024,0.234392119311073,0.284393140620707,-6.16008464254492,-6.83950027306671,0,0,0,0,0,0,0,-6.16008464254492,-9.0707878766264,-9.55102275228441,-2.91070323408148,-0.480234875658002
0.33,"informal",FALSE,0.302066681701009,0,0.0243573531187331,0.235755543711708,0.286047413590443,-6.10672435995361,-6.78025471257009,0,0,0,0,0,0,0,-6.10672435995361,-8.94539725282635,-9.41870646295227,-2.83867289287274,-0.473309210125917
0.332,"informal",FALSE,0.303823759053526,0,0.0244990362507197,0.237126898951066,0.287711309222148,-6.05382629824455,-6.72152235278966,0,0,0,0,0,0,0,-6.05382629824455,-8.82173997443696,-9.28821476032248,-2.76791367619241,-0.46647478588552
0.334,"informal",FALSE,0.30559105706595,0,0.0246415435325961,0.238506231161668,0.289384883489428,-6.0013864535382,-6.66329874824509,0,0,0,0,0,0,0,-6.0013864535382,-8.69979208044565,-9.15952235653172,-2.69840562690745,-0.45973027608607
0.336,"informal",FALSE,0.307368635190352,0,0.0247848797583208,0.239893586744377,0.291068192691479,-5.94940085663767,-6.60557949196393,0,0,0,0,0,0,0,-5.94940085663767,-8.57952994106647,-9.03260431255636,-2.6301290844288,-0.45307437148989
0.338,"informal",FALSE,0.309156553224628,0,0.0249290497497378,0.241289012369968,0.29276129345498,-5.89786557272832,-6.54836021514812,0,0,0,0,0,0,0,-5.89786557272832,-8.46093025316134,-8.90743603339335,-2.56306468043302,-0.446505780232007
0.34,"informal",FALSE,0.310954871314509,0,0.0250740583567394,0.242692554980689,0.294464242736002,-5.84677670107991,-6.4916365868433,0,0,0,0,0,0,0,-5.84677670107991,-8.34397003572461,-8.78399326330845,-2.4971933346447,-0.44002322758384
0.342,"informal",FALSE,0.312763649955586,0,0.0252199104574286,0.244104261791847,0.296177097821919,-5.79613037475134,-6.43540431361093,0,0,0,0,0,0,0,-5.79613037475134,-8.22862662543008,-8.66225208115092,-2.43249625067874,-0.43362545572084
0.344,"informal",FALSE,0.314582949995342,0,0.025366610958284,0.245524180293391,0.297899916333338,-5.74592276029801,-6.37965913920344,0,0,0,0,0,0,0,-5.74592276029801,-8.11487767223947,-8.54218889573362,-2.36895491194146,-0.427311223494154
0.346,"informal",FALSE,0.316412832635203,0,0.0255141647943242,0.246952358251515,0.299632756226035,-5.69615005748159,-6.32439684424193,0,0,0,0,0,0,0,-5.69615005748159,-8.00270113507171,-8.42378044127791,-2.30655107759012,-0.421079306206201
0.348,"informal",FALSE,0.318253359432592,0,0.0256625769292742,0.248388843710259,0.301375675792908,-5.64680849898246,-6.26961324589694,0,0,0,0,0,0,0,-5.64680849898246,-7.89207527753207,-8.30700377292231,-2.24526677854961,-0.414928495390246
0.35,"informal",FALSE,0.320104592303005,0,0.0258118523557322,0.249833684993129,0.303128733665936,-5.5978943501145,-6.21530419757174,0,0,0,0,0,0,0,-5.5978943501145,-7.78297866370024,-8.19183626229413,-2.18508431358575,-0.408857598593884
0.352,"informal",FALSE,0.321966593522091,0,0.0259619960953376,0.251286930704723,0.30489198881815,-5.54940390854241,-6.16146558858854,0,0,0,0,0,0,0,-5.54940390854241,-7.67539015397679,-8.07825559314325,-2.12598624543438,-0.402865439166456
0.354,"informal",FALSE,0.323839425727745,0,0.0261130131989399,0.252748629732363,0.306665500565621,-5.50133350400154,-6.10809334387733,0,0,0,0,0,0,0,-5.50133350400154,-7.56928890098686,-7.96623975703726,-2.06795539698532,-0.3969508560504
0.356,"informal",FALSE,0.325723151922221,0,0.0262649087467689,0.254218831247743,0.308449328569451,-5.45367949802001,-6.05518342366741,0,0,0,0,0,0,0,-5.45367949802001,-7.46465434554067,-7.85576704911716,-2.01097484752066,-0.391112703576489
0.358,"informal",FALSE,0.327617835474244,0,0.0264176878486049,0.25569758470858,0.310243532837783,-5.40643828364336,-6.00273182318166,0,0,0,0,0,0,0,-5.40643828364336,-7.3614662126497,-7.74681606391271,-1.95502792900635,-0.385349851263005
0.36,"informal",FALSE,0.329523540121148,0,0.0265713556439515,0.25718493986028,0.312048173727816,-5.35960628516152,-5.95073457233342,0,0,0,0,0,0,0,-5.35960628516152,-7.25970450759807,-7.63936569121687,-1.90009822243656,-0.379661183618802
0.362,"informal",FALSE,0.331440329971018,0,0.0267259173022078,0.25868094673761,0.31386331194784,-5.31317995783816,-5.89918773542593,0,0,0,0,0,0,0,-5.31317995783816,-7.15934951206815,-7.53339511201841,-1.84616955422999,-0.374045599950266
0.364,"informal",FALSE,0.333368269504843,0,0.0268813780228425,0.260185655666383,0.315689008559278,-5.26715578764241,-5.8480874108545,0,0,0,0,0,0,0,-5.26715578764241,-7.06038178031973,-7.42888379449194,-1.79322599267732,-0.36850201417221
0.366,"informal",FALSE,0.335307423578694,0,0.0270377430355689,0.26169911726515,0.317525324978734,-5.22153029098284,-5.79742973081117,0,0,0,0,0,0,0,-5.22153029098284,-6.96278213542206,-7.3258114900447,-1.74125184443922,-0.363029354622641
0.368,"informal",FALSE,0.337257857425894,0,0.0271950176005207,0.2632213824469,0.319372322980066,-5.17630001444385,-5.74721086099195,0,0,0,0,0,0,0,-5.17630001444385,-6.86653166553794,-7.22415822941941,-1.6902316510941,-0.357626563881464
0.37,"informal",FALSE,0.339219636659223,0,0.0273532070084293,0.264752502420779,0.321230064696462,-5.13146153452419,-5.69742700030661,0,0,0,0,0,0,0,-5.13146153452419,-6.77161172025919,-7.12390431885228,-1.640150185735,-0.352292598593094
0.372,"informal",FALSE,0.341192827273118,0,0.0275123165808011,0.266292528693807,0.323098612622527,-5.08701145737792,-5.64807438059096,0,0,0,0,0,0,0,-5.08701145737792,-6.67800390699272,-7.0250303362857,-1.59099244961479,-0.347026429292982
0.374,"informal",FALSE,0.3431774956459,0,0.0276723516700973,0.267841513072613,0.324978029616391,-5.04294641855749,-5.59914926632166,0,0,0,0,0,0,0,-5.04294641855749,-6.58569008739666,-6.92751712763477,-1.54274366883917,-0.341827040238108
0.376,"informal",FALSE,0.345173708541998,0,0.0278333176599133,0.269399507665176,0.326868378901817,-4.99926308275905,-5.55064795433344,0,0,0,0,0,0,0,-4.99926308275905,-6.49465237386569,-6.83134580310707,-1.49538929110664,-0.336693429241381
0.378,"informal",FALSE,0.347181533114202,0,0.0279952199651601,0.270966564882584,0.328769724070335,-4.95595814357008,-5.50256677353887,0,0,0,0,0,0,0,-4.95595814357008,-6.40487312606496,-6.736497733575,-1.44891498249489,-0.331624607510034
0.38,"informal",FALSE,0.349201036905921,0,0.0281580640322466,0.272542737440787,0.330682129083375,-4.91302832321905,-5.45490208465039,0,0,0,0,0,0,0,-4.91302832321905,-6.31633494751193,-6.6429545469999,-1.40330662429288,-0.326619599487967
0.382,"informal",FALSE,0.351232287853453,0,0.0283218553392626,0.274128078362379,0.332605658274422,-4.87047037232736,-5.40765027990496,0,0,0,0,0,0,0,-4.87047037232736,-6.22902068220545,-6.55069812490754,-1.35855030987809,-0.321677442702093
0.384,"informal",FALSE,0.353275354288271,0,0.0284865993961631,0.27572264097838,0.33454037635118,-4.82828106966339,-5.36080778279091,0,0,0,0,0,0,0,-4.82828106966339,-6.14291341130147,-6.45971059891417,-1.31463234163809,-0.316797187612698
0.386,"informal",FALSE,0.355330304939323,0,0.0286523017449537,0.277326478930024,0.336486348397747,-4.78645722189868,-5.31437104777727,0,0,0,0,0,0,0,-4.78645722189868,-6.0579964498347,-6.36997434730251,-1.27153922793602,-0.311977897467809
0.388,"informal",FALSE,0.357397208935342,0,0.028818967959877,0.278939646170573,0.338443639876805,-4.74499566336623,-5.26833656004541,0,0,0,0,0,0,0,-4.74499566336623,-5.97425334348551,-6.28147199164714,-1.22925768011928,-0.307218648161628
0.39,"informal",FALSE,0.359476135807173,0,0.0289866036476003,0.280562196967124,0.340412316631826,-4.70389325582087,-5.22270083522296,0,0,0,0,0,0,0,-4.70389325582087,-5.89166786539165,-6.1941863934887,-1.18777460957078,-0.302518528097051
0.392,"informal",FALSE,0.361567155490114,0,0.0291552144474038,0.282194185902439,0.342392444889281,-4.66314688820176,-5.17746041912013,0,0,0,0,0,0,0,-4.66314688820176,-5.81022401300394,-6.10810065105619,-1.14707712480218,-0.297876638052245
0.394,"informal",FALSE,0.363670338326262,0,0.0293248060313707,0.28383566787678,0.344384091260871,-4.62275347639688,-5.13261188746823,0,0,0,0,0,0,0,-4.62275347639688,-5.72990600498549,-6.02319809603686,-1.1071525285886,-0.293292091051377
0.396,"informal",FALSE,0.365785755066887,0,0.0294953841045781,0.285486698109756,0.346387322745768,-4.58270996300961,-5.08815184566048,0,0,0,0,0,0,0,-4.58270996300961,-5.65069827815371,-5.93946229039319,-1.06798831514411,-0.28876401223948
0.398,"informal",FALSE,0.367913476874808,0,0.0296669544052882,0.287147332142178,0.348402206732868,-4.54301331712729,-5.04407692849509,0,0,0,0,0,0,0,-4.54301331712729,-5.57258548446472,-5.85687702322622,-1.02957216733743,-0.284291538761504
0.4,"informal",FALSE,0.370053575326786,0,0.0298395227051422,0.288817625837933,0.350428811003058,-4.50366053409185,-5.00038379992055,0,0,0,0,0,0,0,-4.50366053409185,-5.49555248803928,-5.77542630768483,-0.991891953947424,-0.279873819645557
0.402,"informal",FALSE,0.372206122415937,0,0.0300130948093541,0.290497635385858,0.352467203731497,-4.46464863527236,-4.95706915278308,0,0,0,0,0,0,0,-4.46464863527236,-5.41958436222996,-5.69509437792035,-0.9549357269576,-0.275510015690386
0.404,"informal",FALSE,0.374371190554146,0,0.0301876765569057,0.292187417301633,0.354517453489909,-4.42597466783957,-4.91412970857637,0,0,0,0,0,0,0,-4.42597466783957,-5.34466638672883,-5.61586568608596,-0.91869171888927,-0.271199299357127
0.406,"informal",FALSE,0.37654885257451,0,0.0303632738207435,0.29388702842968,0.356579629248888,-4.38763570454241,-4.87156221719338,0,0,0,0,0,0,0,-4.38763570454241,-5.27078404471508,-5.53772489938042,-0.883148340172674,-0.266940854665334
0.408,"informal",FALSE,0.378739181733785,0,0.030539892507976,0.295596525945078,0.358653800380223,-4.34962884348646,-4.82936345668038,0,0,0,0,0,0,0,-4.34962884348646,-5.19792302004211,-5.46065689713548,-0.848294176555657,-0.262733877093361
0.41,"informal",FALSE,0.380942251714849,0,0.0307175385600725,0.297315967355485,0.360740036659225,-4.31195120791425,-4.78753023299302,0,0,0,0,0,0,0,-4.31195120791425,-5.1260691944635,-5.38464676794657,-0.814117986549249,-0.25857757348307
0.412,"informal",FALSE,0.383158136629187,0,0.030896217953063,0.299045410503072,0.362838408267079,-4.27459994598756,-4.74605937975465,0,0,0,0,0,0,0,-4.27459994598756,-5.05520864489732,-5.30967980684627,-0.780608698909754,-0.254471161948951
0.414,"informal",FALSE,0.385386911019373,0,0.031075936697739,0.300784913566469,0.364948985793205,-4.23757223057155,-4.70494775801657,0,0,0,0,0,0,0,-4.23757223057155,-4.98532764072827,-5.23574151251992,-0.747755410156718,-0.25041387179165
0.416,"informal",FALSE,0.387628649861591,0,0.0312567008398562,0.302534535062724,0.367071840237629,-4.20086525902076,-4.66419225602051,0,0,0,0,0,0,0,-4.20086525902076,-4.91641264114711,-5.16281758456306,-0.715547382126351,-0.246404943415953
0.418,"informal",FALSE,0.389883428568144,0,0.0314385164603373,0.304294333849269,0.369207043013376,-4.16447625296698,-4.62378978896307,0,0,0,0,0,0,0,-4.16447625296698,-4.84845029252683,-5.09089392078007,-0.683974039559853,-0.24244362825324
0.42,"informal",FALSE,0.392151322990002,0,0.0316213896754768,0.306064369125901,0.371354665948867,-4.12840245810897,-4.58373729876223,0,0,0,0,0,0,0,-4.12840245810897,-4.78142742583517,-5.01995661452364,-0.653024967726198,-0.238529188688477
0.422,"informal",FALSE,0.394432409419347,0,0.0318053266371471,0.307844700436773,0.37351478129034,-4.09264114400398,-4.54403175382588,0,0,0,0,0,0,0,-4.09264114400398,-4.71533105408283,-4.94999195207453,-0.622689910078841,-0.234660897991701
0.424,"informal",FALSE,0.396726764592142,0,0.0319903335330049,0.3096353876724,0.375687461704281,-4.05718960386108,-4.50467014882237,0,0,0,0,0,0,0,-4.05718960386108,-4.65014836980699,-4.88098641006111,-0.592958765945915,-0.230838040254114
0.426,"informal",FALSE,0.39903446569071,0,0.0321764165866995,0.311436491071667,0.377872780279862,-4.02204515433626,-4.46564950445303,0,0,0,0,0,0,0,-4.02204515433626,-4.58586674258965,-4.81292665291839,-0.563821588253394,-0.227059910328735
0.428,"informal",FALSE,0.401355590346335,0,0.0323635820580824,0.313248071223864,0.380070810531406,-3.98720513532935,-4.42696686722665,0,0,0,0,0,0,0,-3.98720513532935,-4.52247371661018,-4.74579953038585,-0.53526858128083,-0.22332581377567
0.43,"informal",FALSE,0.403690216641869,0,0.0325518362434178,0.315070189070717,0.382281626400859,-3.9526669097827,-4.38861930923596,0,0,0,0,0,0,0,-3.9526669097827,-4.45995700823182,-4.67959207504384,-0.507290098449117,-0.219635066812025
0.432,"informal",FALSE,0.40603842311436,0,0.0327411854755943,0.316902905908444,0.384505302260276,-3.91842786348151,-4.35060392793597,0,0,0,0,0,0,0,-3.91842786348151,-4.39830450362142,-4.61429149988786,-0.479876640139913,-0.21598699626644
0.434,"informal",FALSE,0.408400288757696,0,0.0329316361243377,0.31874628338981,0.38674191291432,-3.88448540485603,-4.31291784592434,0,0,0,0,0,0,0,-3.88448540485603,-4.33750425640224,-4.54988519594054,-0.45301885154621,-0.212380939538296
0.436,"informal",FALSE,0.41077589302526,0,0.033123194596426,0.320600383526209,0.388991533602787,-3.85083696478536,-4.27555821072352,0,0,0,0,0,0,0,-3.85083696478536,-4.27754448533901,-4.4863607299006,-0.426707520553653,-0.20881624456159
0.438,"informal",FALSE,0.413165315832603,0,0.0333158673359041,0.322465268689743,0.391254240003127,-3.817479996403,-4.2385221945649,0,0,0,0,0,0,0,-3.817479996403,-4.21841357205515,-4.42370584182861,-0.400933575652146,-0.205292269773463
0.44,"informal",FALSE,0.415568637560134,0,0.0335096608243013,0.324341001615326,0.393530108232998,-3.7844119749041,-4.20180699417471,0,0,0,0,0,0,0,-3.7844119749041,-4.16010005878145,-4.36190844286887,-0.375688083877348,-0.201808384087422
0.442,"informal",FALSE,0.417985939055822,0,0.0337045815808487,0.32622764540279,0.395819214852822,-3.75163039735431,-4.16540983056193,0,0,0,0,0,0,0,-3.75163039735431,-4.10259264613592,-4.30095661300711,-0.350962248781602,-0.198363966871193
0.444,"informal",FALSE,0.420417301637918,0,0.0339006361626989,0.32812526351901,0.39812163686836,-3.71913278250039,-4.12932794880785,0,0,0,0,0,0,0,-3.71913278250039,-4.04588019093431,-4.24083859886356,-0.326747408433915,-0.19495840792925
0.446,"informal",FALSE,0.422862807097688,0,0.0340978311651466,0.330033919800039,0.400437451733308,-3.68691667058235,-4.09355861785763,0,0,0,0,0,0,0,-3.68691667058235,-3.9899517040309,-4.18154281152084,-0.303035033448544,-0.191591107489944
0.448,"informal",FALSE,0.425322537702166,0,0.0342961732218503,0.331953678453253,0.402766737351895,-3.6549796231473,-4.05809913031352,0,0,0,0,0,0,0,-3.6549796231473,-3.93479634818913,-4.12305782438639,-0.27981672504183,-0.188261476197256
0.45,"informal",FALSE,0.427796576196923,0,0.0344956690050555,0.333884604059515,0.405109572081509,-3.62331922286487,-4.02294680222999,0,0,0,0,0,0,0,-3.62331922286487,-3.8804034359817,-4.06537237108878,-0.257084213116825,-0.184968935107088
0.452,"informal",FALSE,0.430285005808846,0,0.0346963252258191,0.335826761575344,0.407466034735331,-3.59193307334425,-3.98809897291053,0,0,0,0,0,0,0,-3.59193307334425,-3.82676242771963,-4.00847534340772,-0.234829354375376,-0.181712915688089
0.454,"informal",FALSE,0.432787910248942,0,0.0348981486342353,0.337780216335103,0.409836204584987,-3.5608187989528,-3.95355300470632,0,0,0,0,0,0,0,-3.5608187989528,-3.77386292941002,-3.95235578923696,-0.213044130457229,-0.178492859826938
0.456,"informal",FALSE,0.435305373715153,0,0.0351011460196626,0.339745034053193,0.412220161363215,-3.52997404463623,-3.91930628281652,0,0,0,0,0,0,0,-3.52997404463623,-3.72169469074203,-3.89700291058004,-0.191720646105805,-0.175308219838008
0.458,"informal",FALSE,0.437837480895186,0,0.0353053242109521,0.341721280826268,0.414617985266546,-3.49939647574036,-3.8853562150904,0,0,0,0,0,0,0,-3.49939647574036,-3.67024760310062,-3.84240606157799,-0.170851127360256,-0.17215845847737
0.46,"informal",FALSE,0.440384316969367,0,0.0355106900766776,0.343709023135456,0.417029756958001,-3.46908377783441,-3.85170023183114,0,0,0,0,0,0,0,-3.46908377783441,-3.61951169760785,-3.78855474656886,-0.150427919773442,-0.169043048961011
0.462,"informal",FALSE,0.442945967613501,0,0.0357172505253661,0.345708327848595,0.419455557569808,-3.4390336565358,-3.81833578560129,0,0,0,0,0,0,0,-3.4390336565358,-3.56947714319124,-3.73543861817842,-0.13044348665544,-0.165961474987177
0.464,"informal",FALSE,0.445522519001757,0,0.0359250125057305,0.347719262222485,0.421895468706127,-3.4092438373365,-3.78526035102998,0,0,0,0,0,0,0,-3.4092438373365,-3.52013424467874,-3.68304747544147,-0.110890407342239,-0.162913230762727
0.466,"informal",FALSE,0.448114057809566,0,0.0361339830069035,0.349741893905147,0.424349572445801,-3.37971206543088,-3.75247142462179,0,0,0,0,0,0,0,-3.37971206543088,-3.47147344092016,-3.63137126195353,-0.0917613754892823,-0.15989782103337
0.468,"informal",FALSE,0.45072067121654,0,0.0363441690586724,0.351776290938103,0.42681795134511,-3.35043610554502,-3.71996652456722,0,0,0,0,0,0,0,-3.35043610554502,-3.4234853029345,-3.58040006405211,-0.0730491973894751,-0.156914761117614
0.47,"informal",FALSE,0.453342446909398,0,0.0365555777317159,0.35382252175866,0.429300688440552,-3.32141374176754,-3.68774319055486,0,0,0,0,0,0,0,-3.32141374176754,-3.37616053208285,-3.53012410902715,-0.0547467903153085,-0.153963576944299
0.472,"informal",FALSE,0.455979473084922,0,0.0367682161378416,0.355880655202215,0.431797867251639,-3.29264277738187,-3.65579898358518,0,0,0,0,0,0,0,-3.29264277738187,-3.32948995826667,-3.48053376336017,-0.0368471808848021,-0.151043805093495
0.474,"informal",FALSE,0.458631838452922,0,0.0369820914302256,0.357950760504573,0.4343095717837,-3.26412103469998,-3.62413148578591,0,0,0,0,0,0,0,-3.26412103469998,-3.28346453815087,-3.43161953099146,-0.0193435034508891,-0.148154992840595
0.476,"informal",FALSE,0.461299632239218,0,0.0371972108036529,0.360032907304271,0.436835886530714,-3.23584635489755,-3.59273830022901,0,0,0,0,0,0,0,-3.23584635489755,-3.23807535341147,-3.38337205161483,-0.00222899851392366,-0.145296698203358
0.478,"capitalization",TRUE,0.553046643097178,0.138261660774294,0,0.357552664199122,0.692039994772326,-3.19331360900754,-3.37229893151747,0.0691308303871472,0,0.481687581841387,0,0,0,0,-3.20781659785056,-3.19331360900754,-3.33578209899921,0.014502988843021,-0.142468489991671
0.48,"capitalization",TRUE,0.558202803526206,0.139550700881551,0,0.360886196590011,0.698492017003881,-3.14917063147695,-3.32568173878685,0.0697753504407757,0,0.486178447991005,0,0,0,0,-3.18002964197333,-3.14917063147695,-3.28884057933674,0.0308590104963762,-0.139669947859781
0.482,"capitalization",TRUE,0.563407035832538,0.140851758958134,0,0.364250808145773,0.705004192682045,-3.10563786725575,-3.27970896183972,0.0704258794790672,0,0.490711183351153,0,0,0,0,-3.1524833840579,-3.10563786725575,-3.24253852961644,0.0468455168021449,-0.136900662360685
0.484,"capitalization",TRUE,0.568659788199548,0.142164947049887,0,0.36764678862345,0.711577082628992,-3.06270688102073,-3.23437169255274,0.0710824735249435,0,0.495286178276549,0,0,0,0,-3.12517573911485,-3.06270688102073,-3.19686711602312,0.0624688580941166,-0.134160235002385
0.486,"capitalization",TRUE,0.573961512989113,0.143490378247278,0,0.371074430481546,0.71821125289555,-3.02036935405491,-3.1896611459446,0.0717451891236392,0,0.499903826761264,0,0,0,0,-3.0981046402155,-3.02036935405491,-3.15181763236059,0.07773528616059,-0.131448278305676
0.488,"capitalization",TRUE,0.579312666780566,0.144828166695142,0,0.374534028905213,0.724907274809948,-2.97861708263565,-3.14556865847377,0.0724140833475708,0,0.50456452647265,0,0,0,0,-3.07126803833546,-2.97861708263565,-3.10738149849876,0.0926509556998116,-0.128764415863114
0.49,"capitalization",TRUE,0.584713710410017,0.146178427602504,0,0.378025881831669,0.731665725027018,-2.93744197644497,-3.10208568635971,0.0730892138012521,0,0.509268678785591,0,0,0,0,-3.04466390219951,-2.93744197644497,-3.06355025884373,0.107221925754535,-0.126108282398758
0.492,"capitalization",TRUE,0.590165109010038,0.14754127725251,0,0.38155028997586,0.738487185577856,-2.89683605700197,-3.0592038039274,0.0737706386262548,0,0.514016688817064,0,0,0,0,-3.01829021812789,-2.89683605700197,-3.02031558083028,0.121454161125921,-0.123479523828311
0.494,"capitalization",TRUE,0.595667332049725,0.148916833012431,0,0.385107556856354,0.745372243919946,-2.85679145611675,-3.0169147019747,0.0744584165062156,0,0.518808965461031,0,0,0,0,-2.99214498988386,-2.85679145611675,-2.97766925343593,0.135353533767104,-0.120877797319178
0.496,"capitalization",TRUE,0.601220853375123,0.150305213343781,0,0.388697988821481,0.752321492987752,-2.81730041436588,-2.97521018616225,0.0751526066718903,0,0.52364592142365,0,0,0,0,-2.96622623852261,-2.81730041436588,-2.93560318571593,0.148925824156723,-0.118302771350043
0.498,"capitalization",TRUE,0.606826151250034,0.151706537812509,0,0.392321895075718,0.759335531243779,-2.77835527958881,-2.93408217542567,0.0758532689062543,0,0.528527973258819,0,0,0,0,-2.94053200224147,-2.77835527958881,-2.89410940535821,0.162176722652665,-0.1157541257694
0.5,"capitalization",TRUE,0.612483708397208,0.153120927099302,0,0.395979587706311,0.766414962730115,-2.73994850540511,-2.8935227004097,0.076560463549651,0,0.533455541404048,0,0,0,0,-2.91506033623145,-2.73994850540511,-2.85318005725768,0.175111830826334,-0.113231551852571
0.502,"capitalization",TRUE,0.618194012039911,0.154548503009978,0,0.399671381710159,0.773560397120447,-2.70207264975226,-2.85352390192397,0.0772742515049888,0,0.538429050216668,0,0,0,0,-2.88980931252997,-2.70207264975226,-2.8128074021089,0.187736662777708,-0.11073475235664
0.504,"capitalization",TRUE,0.623957553943884,0.155989388485971,0,0.403397595020935,0.780772449772568,-2.66472037344354,-2.81407802942015,0.0779946942429855,0,0.543448928010373,0,0,0,0,-2.86477701987499,-2.66472037344354,-2.77298381501628,0.200056646431447,-0.108263441572733
0.506,"capitalization",TRUE,0.629774830459698,0.157443707614924,0,0.407158548536472,0.788051741781372,-2.62788443874599,-2.77517743949011,0.0787218538074622,0,0.548515607092109,0,0,0,0,-2.83996156356034,-2.62788443874599,-2.73370178412103,0.212077124814352,-0.105817345375046
0.508,"capitalization",TRUE,0.635646342565493,0.158911585641373,0,0.410954566146393,0.795398900032337,-2.59155770797788,-2.73681459438487,0.0794557928206866,0,0.553629523799304,0,0,0,0,-2.81536106529228,-2.59155770797788,-2.69495390924385,0.223803357314395,-0.10339620126597
0.51,"capitalization",TRUE,0.641572595910126,0.160393148977532,0,0.414785974760006,0.802814557255518,-2.55573314212572,-2.69898206055402,0.0801965744887658,0,0.558791118537443,0,0,0,0,-2.79097366304735,-2.55573314212572,-2.65673290054241,0.235240520921624,-0.100999758416683
0.512,"capitalization",TRUE,0.647554100856716,0.161888525214179,0,0.41865310433446,0.810299352080033,-2.52040379948026,-2.66167250720529,0.0809442626070895,0,0.564000835817996,0,0,0,0,-2.76679751093143,-2.52040379948026,-2.61903157718277,0.246393711451161,-0.0986277777025015
0.514,"capitalization",TRUE,0.653591372526596,0.163397843131649,0,0.422556287903156,0.817853929089061,-2.48556283429143,-2.62487870488411,0.0816989215658245,0,0.5692591242967,0,0,0,0,-2.74283077904002,-2.48556283429143,-2.58184286602372,0.257267944748591,-0.0962800317322863
0.516,"capitalization",TRUE,0.659684930843672,0.164921232710918,0,0.42649586160443,0.825478938875358,-2.45120349544181,-2.58859352407275,0.082460616355459,0,0.574566436812195,0,0,0,0,-2.71907165331975,-2.45120349544181,-2.545159800313,0.267868157877942,-0.0939563048711842
0.518,"capitalization",TRUE,0.665835300579204,0.166458825144801,0,0.4304721647105,0.833175038097277,-2.41731912513851,-2.55280993380882,0.0832294125724005,0,0.579923230425023,0,0,0,0,-2.69551833543105,-2.41731912513851,-2.50897551839443,0.278199210292541,-0.0916563932559225
0.52,"capitalization",TRUE,0.672043011396994,0.168010752849249,0,0.434485539656686,0.840942889535328,-2.38390315762306,-2.51752100032289,0.0840053764246243,0,0.58532996645699,0,0,0,0,-2.67216904261204,-2.38390315762306,-2.47328326242497,0.288265884988986,-0.0893801048019127
0.522,"capitalization",TRUE,0.678308597899002,0.16957714947475,0,0.438536332070897,0.848783162149247,-2.35094911789918,-2.48271988569495,0.0847885747373752,0,0.590787110530893,0,0,0,0,-2.64902200754361,-2.35094911789918,-2.4380763771005,0.29807288964443,-0.0871272592013255
0.524,"capitalization",TRUE,0.684632599671384,0.171158149917846,0,0.442624890803398,0.856696531135614,-2.31845062047811,-2.44839984652941,0.085579074958923,0,0.596295132610623,0,0,0,0,-2.6260754782156,-2.31845062047811,-2.40334830838949,0.307624857737492,-0.0848976879113783
0.526,"capitalization",TRUE,0.691015561330964,0.172753890332741,0,0.446751567956852,0.864683677985995,-2.28640136814133,-2.41455423264846,0.0863769451663705,0,0.601854507041631,0,0,0,0,-2.60332771779428,-2.28640136814133,-2.36909260227329,0.316926349652943,-0.0826912341319521
0.528,"capitalization",TRUE,0.697458032572131,0.174364508143033,0,0.450916718916643,0.872745290545634,-2.25479515072032,-2.38117648580345,0.0871822540715163,0,0.607465712591784,0,0,0,0,-2.58077700449078,-2.25479515072032,-2.33530290349208,0.325981853770457,-0.0805077527717564
0.53,"capitalization",TRUE,0.703960568214182,0.175990142053546,0,0.455120702381482,0.880882063072687,-2.22362584389322,-2.3482601384041,0.0879950710267728,0,0.613129232492594,0,0,0,0,-2.55842163143086,-2.22362584389322,-2.30197295429538,0.334795787537641,-0.0783471104021629
0.532,"capitalization",TRUE,0.710523728249103,0.177630932062276,0,0.459363880394297,0.889094696298016,-2.19288740799813,-2.31579881226527,0.0888154660311379,0,0.618845554480834,0,0,0,0,-2.53625990652566,-2.19288740799813,-2.269096593196,0.343372498527529,-0.0762091851978708
0.534,"capitalization",TRUE,0.71714807788979,0.179287019472447,0,0.463646618373412,0.897383897485528,-2.1625738868628,-2.2837862173711,0.0896435097362237,0,0.624615170840541,0,0,0,0,-2.51429015234362,-2.1625738868628,-2.23666775372637,0.351716265480821,-0.0740938668635702
0.536,"capitalization",TRUE,0.723834187618729,0.180958546904682,0,0.467969285144015,0.905750380493091,-2.13267940665054,-2.25221615065617,0.0904792734523411,0,0.630438578445409,0,0,0,0,-2.49251070598358,-2.13267940665054,-2.20468046319629,0.359831299333044,-0.0720010565457492
0.538,"capitalization",TRUE,0.730582633237124,0.182645658309281,0,0.472332252969924,0.914194865834005,-2.103198174722,-2.22108249480351,0.0913228291546405,0,0.636316278801583,0,0,0,0,-2.47091991894884,-2.103198174722,-2.17312884145081,0.367721744226847,-0.0699306667288169
0.54,"capitalization",TRUE,0.737393995914487,0.184348498978622,0,0.476735897585645,0.922718080739056,-2.07412447851276,-2.19037921705931,0.0921742494893108,0,0.642248778090846,0,0,0,0,-2.44951615702243,-2.07412447851276,-2.14200709962749,0.375391678509672,-0.0678826211147312
0.542,"capitalization",TRUE,0.744268862238681,0.18606721555967,0,0.481180598228727,0.931320759219142,-2.0454526844264,-2.16010036806391,0.0930336077798351,0,0.648236587214211,0,0,0,0,-2.42829780014337,-2.0454526844264,-2.11130953891173,0.382845115716976,-0.0658568544853342
0.544,"capitalization",TRUE,0.751207824266444,0.187801956066611,0,0.485666737672426,0.940003642128486,-2.01717723674289,-2.13024008069899,0.0939009780333055,0,0.654280221835921,0,0,0,0,-2.40726324228412,-2.01717723674289,-2.08103054928951,0.390086005541228,-0.0638533125466125
0.546,"capitalization",TRUE,0.758211479574372,0.189552869893593,0,0.490194702258664,0.948767477228438,-1.98929265654207,-2.10079256895076,0.0947764349467965,0,0.660380202427854,0,0,0,0,-2.38641089132894,-1.98929265654207,-2.05116460829624,0.397118234786872,-0.0618719517541682
0.548,"capitalization",TRUE,0.765280431310382,0.191320107827595,0,0.494764881931306,0.95761301925187,-1.96179354064196,-2.07175212678872,0.0956600539137977,0,0.666537054314348,0,0,0,0,-2.36573916895344,-1.96179354064196,-2.02170627976113,0.403945628311478,-0.0599127391191687
0.55,"capitalization",TRUE,0.772415288245657,0.193103822061414,0,0.499377670269737,0.966541029968177,-1.93467456055183,-2.0431131270601,0.0965519110307071,0,0.672751307717443,0,0,0,0,-2.34524651050507,-1.93467456055183,-1.99265021254598,0.410571949953243,-0.0579756519941481
0.552,"capitalization",TRUE,0.779616664827069,0.194904166206767,0,0.504033464522759,0.975552278248873,-1.90793046143969,-2.0148700203994,0.0974520831033837,0,0.679023497802539,0,0,0,0,-2.32493136488475,-1.90793046143969,-1.96399113927773,0.417000903445054,-0.0560606778380346
0.554,"capitalization",TRUE,0.786885181230099,0.196721295307525,0,0.508732665642802,0.984647540133812,-1.88155606111406,-1.98701733415316,0.0983606476537624,0,0.685354164724487,0,0,0,0,-2.30479219442939,-1.88155606111406,-1.93572387507392,0.423236133315328,-0.0541678139598594
0.556,"capitalization",TRUE,0.794221463412242,0.19855536585306,0,0.513475678320452,0.993827598898017,-1.85554624901981,-1.95954967131948,0.0992776829265302,0,0.691743853674107,0,0,0,0,-2.28482747479557,-1.85554624901981,-1.90784331626048,0.429281225775759,-0.0522970672406708
0.558,"capitalization",TRUE,0.801626143166914,0.200406535791728,0,0.518262911019303,1.00309324511913,-1.82989598524791,-1.93246170950229,0.100203267895864,0,0.698193114925136,0,0,0,0,-2.26503569484413,-1.82989598524791,-1.88034443908114,0.435139709596223,-0.0504484538332313
0.56,"capitalization",TRUE,0.809099858177866,0.202274964544467,0,0.523094776011134,1.01244527674551,-1.80460029955883,-1.90574819987997,0.101137482272233,0,0.704702503881619,0,0,0,0,-2.2454153565258,-1.80460029955883,-1.853222298398,0.44081505696697,-0.0486219988391685
0.562,"capitalization",TRUE,0.816643252074095,0.204160813018524,0,0.527971689411413,1.02188449916494,-1.77965429041948,-1.87940396618837,0.102080406509262,0,0.711272581125743,0,0,0,0,-2.2259649747678,-1.77965429041948,-1.82647202638281,0.446310684348322,-0.0468177359633302
0.564,"capitalization",TRUE,0.824256974485276,0.206064243621319,0,0.532894071215134,1.03141172527398,-1.75505312405342,-1.85342390371774,0.10303212181066,0,0.717903912466107,0,0,0,0,-2.20668307736145,-1.75505312405342,-1.8000888311986,0.451629953308033,-0.0450357071451863
0.566,"capitalization",TRUE,0.831941681097707,0.207985420274427,0,0.537862345332983,1.04102777554799,-1.73079203350423,-1.8278029783236,0.103992710137213,0,0.724597068986455,0,0,0,0,-2.18756820485074,-1.73079203350423,-1.77406799567145,0.456776171346503,-0.043275962167219
0.568,"capitalization",TRUE,0.839698033710775,0.209924508427694,0,0.54287693962785,1.05073347811177,-1.70686631771184,-1.80253622545132,0.104962254213847,0,0.731352627094854,0,0,0,0,-2.16861891042182,-1.70686631771184,-1.74840487595219,0.461752592709985,-0.0415385582403469
0.57,"capitalization",TRUE,0.847526700293951,0.211881675073488,0,0.547938285951671,1.0605296688109,-1.68327134060156,-1.7776187491741,0.105940837536744,0,0.738171168573334,0,0,0,0,-2.14983375979358,-1.68327134060156,-1.72328666967053,0.466562419192013,-0.0400153290689695
0.572,"capitalization",TRUE,0.855428355044313,0.213857088761078,0,0.55304682018262,1.07041719128371,-1.66000253018581,-1.75304572124431,0.106928544380539,0,0.745053280627992,0,0,0,0,-2.13121133110897,-1.66000253018581,-1.69891053878433,0.471208800923165,-0.0389080085985234
0.574,"capitalization",TRUE,0.86340367844461,0.215850919611152,0,0.55820298226265,1.08039689703392,-1.63705537767814,-1.72881238015789,0.107925459805576,0,0.751999555939561,0,0,0,0,-2.11275021482749,-1.63705537767814,-1.67487688739729,0.475694837149354,-0.0378215097191541
0.576,"capitalization",TRUE,0.871453357321861,0.217863339330465,0,0.563407216235376,1.09046964550398,-1.61442543661963,-1.70491403023177,0.108931669665233,0,0.759010592714449,0,0,0,0,-2.09444901361843,-1.61442543661963,-1.65118117474038,0.480023576998805,-0.0367557381207564
0.578,"capitalization",TRUE,0.879578084906505,0.219894521226626,0,0.568659970284317,1.10063630414911,-1.59210832201727,-1.68134604069394,0.109947260613313,0,0.766086994736258,0,0,0,0,-2.07630634225514,-1.59210832201727,-1.62781891662438,0.484198020237873,-0.0357105946071123
0.58,"capitalization",TRUE,0.887778560892106,0.221944640223027,0,0.573961696771494,1.11089774851197,-1.57009970949426,-1.65810384478617,0.110972320111513,0,0.773229371417782,0,0,0,0,-2.05832082751015,-1.57009970949426,-1.60478568432264,0.488221118015885,-0.0346859748283721
0.582,"capitalization",TRUE,0.896055491495602,0.2240138728739,0,0.579312852276385,1.12125486229806,-1.54839533445215,-1.63518293887911,0.11200693643695,0,0.780438337853487,0,0,0,0,-2.04049110805127,-1.54839533445215,-1.58207710348612,0.492095773599121,-0.0336817690339737
0.584,"capitalization",TRUE,0.904409589518129,0.226102397379532,0,0.584713897635249,1.13170853745186,-1.5269909912444,-1.61257888159964,0.113051198689766,0,0.787714514872483,0,0,0,0,-2.02281583433852,-1.5269909912444,-1.55968885309144,0.495824843094127,-0.0326978618470466
0.586,"capitalization",TRUE,0.912841574406405,0.228210393601601,0,0.590165297980807,1.1422596742336,-1.50588253236151,-1.59028729297021,0.114105196800801,0,0.795058529091991,0,0,0,0,-2.005293668522,-1.50588253236151,-1.53761666442276,0.499411136160495,-0.0317341320612559
0.588,"capitalization",TRUE,0.921352172314689,0.230338043078672,0,0.595667522782305,1.15290918129683,-1.48506586762735,-1.5683038535602,0.115169021539336,0,0.802471012971304,0,0,0,0,-1.98792328434061,-1.48506586762735,-1.51585632008827,0.502857416713262,-0.0307904524609224
0.59,"capitalization",TRUE,0.929942116167315,0.232485529041829,0,0.601221045885939,1.16365797576663,-1.4645369634066,-1.54662430364893,0.116242764520914,0,0.809952604866253,0,0,0,0,-1.97070336702168,-1.4645369634066,-1.49440365307176,0.506166403615072,-0.0298666896651572
0.592,"capitalization",TRUE,0.938612145721814,0.234653036430454,0,0.606826345555666,1.17450698331864,-1.44429184182318,-1.5252444424002,0.117326518215227,0,0.817503949084188,0,0,0,0,-1.95363261318144,-1.44429184182318,-1.47325454581979,0.50934077135826,-0.0289627039966103
0.594,"capitalization",TRUE,0.947363007632616,0.236840751908154,0,0.612483904514388,1.18545713825872,-1.4243265799894,-1.5041601270484,0.118420375954077,0,0.825125695939456,0,0,0,0,-1.93670973072638,-1.4243265799894,-1.45240492936472,0.512383150736988,-0.0280783493753269
0.596,"capitalization",TRUE,0.956195455515358,0.239048863878839,0,0.61819420998553,1.19650938360347,-1.40463730924588,-1.48336727209566,0.11952443193942,0,0.832818501809412,0,0,0,0,-1.91993343875547,-1.40463730924588,-1.43185078248394,0.515296129509583,-0.0272134732380558
0.598,"capitalization",TRUE,0.965110250011776,0.241277562502944,0,0.623957753734988,1.2076646711614,-1.38522021441193,-1.46286184852028,0.120638781251472,0,0.840583029190944,0,0,0,0,-1.90330246746313,-1.38522021441193,-1.41158813089516,0.518082253051208,-0.0263679164832331
0.6,"capitalization",TRUE,0.974108158855218,0.243527039713805,0,0.629775032113493,1.21892396161492,-1.36607153304621,-1.44263988299599,0.121763519856902,0,0.848419946757526,0,0,0,0,-1.88681555804323,-1.36607153304621,-1.39161304648794,0.520744024997024,-0.0255415134417329
0.602,"capitalization",TRUE,0.98318995693676,0.24579748923419,0,0.635646546099345,1.23028822460308,-1.34718755471776,-1.42269745712207,0.122898744617095,0,0.856329929416802,0,0,0,0,-1.87047146259371,-1.34718755471776,-1.37192164659109,0.523283907875953,-0.0247340918733263
0.604,"capitalization",TRUE,0.992356426371933,0.248089106592983,0,0.641572801341564,1.24175843880503,-1.328564620287,-1.40303070666405,0.124044553296492,0,0.864313658368712,0,0,0,0,-1.85426894402219,-1.328564620287,-1.35251009327567,0.525704323735188,-0.0239454729886728
0.606,"capitalization",TRUE,1.00160835656808,0.250402089142021,0,0.647554308203431,1.25333559202438,-1.3101991211967,-1.38363582080495,0.125201044571011,0,0.872371821164153,0,0,0,0,-1.8382067759523,-1.3101991211967,-1.33337459269322,0.528007654755594,-0.0231754714965162
0.608,"capitalization",TRUE,1.01094654429236,0.252736636073089,0,0.653591581806444,1.26502068127417,-1.29208749877276,-1.36450904140689,0.126368318036545,0,0.880505111764193,0,0,0,0,-1.82228374263087,-1.29208749877276,-1.31451139444841,0.530196243858105,-0.0224238956756473
0.61,"capitalization",TRUE,1.02037179374031,0.255092948435077,0,0.659685142074676,1.27681471286283,-1.27422624353463,-1.34564666228284,0.127546474217539,0,0.888714230599832,0,0,0,0,-1.8064986388359,-1.27422624353463,-1.29591679100568,0.532272395301271,-0.0216905474710465
0.612,"capitalization",TRUE,1.02988491660517,0.257471229151292,0,0.665835513779556,1.28871870248076,-1.2566118945153,-1.32704502847847,0.128735614575646,0,0.896999884632322,0,0,0,0,-1.79085026978536,-1.2566118945153,-1.27758711712882,0.534238375270062,-0.0209752226135156
0.614,"capitalization",TRUE,1.03948673214773,0.259871683036933,0,0.672043226585054,1.30073367528788,-1.23924103859066,-1.30870053556397,0.129935841518466,0,0.905362787414053,0,0,0,0,-1.77533745104673,-1.23924103859066,-1.25951874935264,0.536096412456062,-0.020277710761978
0.616,"capitalization",TRUE,1.04917806726692,0.262294516816731,0,0.678308815093301,1.31286066600184,-1.22211030981815,-1.2906096289356,0.131147258408366,0,0.91380365915,0,0,0,0,-1.75995900844733,-1.22211030981815,-1.24170810548568,0.537848698629181,-0.0195977956675295
0.618,"capitalization",TRUE,1.05895975657101,0.264739939142754,0,0.684632818890628,1.32510071898716,-1.20521638878451,-1.2727688031269,0.132369969571377,0,0.922323226759748,0,0,0,0,-1.74471377798552,-1.20521638878451,-1.22415164414272,0.539497389201003,-0.0189352553582087
0.62,"capitalization",TRUE,1.06883264244948,0.267208160612369,0,0.69101578259403,1.33745488834521,-1.18855600196264,-1.25517460112945,0.133604080306185,0,0.930922223940094,0,0,0,0,-1.72960060574251,-1.18855600196264,-1.20684586430601,0.54104460377987,-0.0182898623433685
0.622,"capitalization",TRUE,1.07879757514555,0.269699393786387,0,0.697458255898076,1.3499242380049,-1.17212592107723,-1.23782361372304,0.134849696893194,0,0.939601391228231,0,0,0,0,-1.7146183477951,-1.17212592107723,-1.18978730491368,0.542492426717867,-0.0176613838364506
0.624,"capitalization",TRUE,1.08885541282945,0.272213853207362,0,0.703960793622238,1.36250984181438,-1.15592296247925,-1.220712478815,0.136106926603681,0,0.948361476065523,0,0,0,0,-1.69976587012901,-1.15592296247925,-1.17297254447412,0.543842907649766,-0.0170495819948759
0.626,"capitalization",TRUE,1.09900702167228,0.27475175541807,0,0.710523955758681,1.3752127836335,-1.13994398652904,-1.20383788078879,0.137375877709035,0,0.957203232861875,0,0,0,0,-1.68504204855313,-1.13994398652904,-1.15639820070475,0.545098062024097,-0.016454214175716
0.628,"capitalization",TRUE,1.10925327592063,0.277313318980158,0,0.717148307520483,1.38803415742714,-1.12418589698796,-1.18719654986149,0.138656659490079,0,0.966127423060699,0,0,0,0,-1.67044576861437,-1.12418589698796,-1.14006093019371,0.546259871626414,-0.0158750332057449
0.63,"capitalization",TRUE,1.11959505797186,0.279898764492964,0,0.723834419390314,1.40097506735941,-1.10864564041843,-1.17078526145026,0.139949382246482,0,0.975134815204493,0,0,0,0,-1.65597592551334,-1.10864564041843,-1.12395742808287,0.547330285094907,-0.0153117876644338
0.632,"capitalization",TRUE,1.13003325845007,0.282508314612517,0,0.730582867169561,1.41403662788878,-1.09332020559226,-1.15460083554748,0.141254157306259,0,0.984226185001022,0,0,0,0,-1.64163142402069,-1.09332020559226,-1.10808442777067,0.548311218428435,-0.0147642221784126
0.634,"capitalization",TRUE,1.14056877628284,0.285142194070711,0,0.737394232027921,1.42721996386399,-1.07820662290716,-1.13864013610455,0.142571097035355,0,0.993402315390126,0,0,0,0,-1.62741117839428,-1.07820662290716,-1.09243870063306,0.549204555487118,-0.0142320777259071
0.636,"capitalization",TRUE,1.15120251877863,0.287800629694658,0,0.744269100553446,1.44052621062102,-1.06330196381133,-1.12290007042428,0.143900314847329,0,1.00266399661114,0,0,0,0,-1.6133141122969,-1.06330196381133,-1.07701705576097,0.550012148485571,-0.0137150919496405
0.638,"capitalization",TRUE,1.16193540170489,0.290483850426223,0,0.751208064803063,1.45395651408075,-1.04860334023601,-1.10737758856155,0.145241925213112,0,1.01201202627097,0,0,0,0,-1.59933915871491,-1.04860334023601,-1.06181633971271,0.550735818478898,-0.013212999476699
0.64,"capitalization",TRUE,1.17276834936697,0.293192087341742,0,0.75821172235356,1.46751203084774,-1.03410790403583,-1.09206968273236,0.146596043670871,0,1.02144720941273,0,0,0,0,-1.58548525987739,-1.03410790403583,-1.04683343627968,0.551377355841559,-0.0127255322438546
0.642,"capitalization",TRUE,1.18370229468767,0.295925573671918,0,0.765280676353047,1.48119392830978,-1.01981284643695,-1.07697338673102,0.147962786835959,0,1.03097035858514,0,0,0,0,-1.57175136717613,-1.01981284643695,-1.03206526626382,0.551938520739178,-0.0122524198268714
0.644,"capitalization",TRUE,1.19473817928764,0.298684544821909,0,0.772415535572902,1.49500338473844,-1.00571539749279,-1.06208577535536,0.149342272410954,0,1.04058229391245,0,0,0,0,-1.55813644108622,-1.00571539749279,-1.01750878726513,0.552421043593432,-0.0117933897723386
0.646,"capitalization",TRUE,1.20587695356641,0.301469238391602,0,0.779616914460194,1.50894158939055,-0.991812825547315,-1.04740396383994,0.150734619195801,0,1.0502838431651,0,0,0,0,-1.54463945108742,-0.991812825547315,-1.00316099347793,0.552826625540108,-0.0113481679306165
0.648,"capitalization",TRUE,1.21711957678429,0.304279894196073,0,0.786885433190602,1.52300974261061,-0.978102436705709,-1.03292510729707,0.152139947098036,0,1.06007584183098,0,0,0,0,-1.53125937558611,-0.978102436705709,-0.98901891549423,0.553156938880404,-0.010916478788521
0.65,"capitalization",TRUE,1.22846701714496,0.307116754286239,0,0.794221717721821,1.53720905593416,-0.964581574312387,-1.01864640016552,0.15355837714312,0,1.0699591331874,0,0,0,0,-1.51799520183799,-0.964581574312387,-0.975079620112813,0.553413627525602,-0.0104980458004255
0.652,"capitalization",TRUE,1.23992025187882,0.309980062969706,0,0.801626399847471,1.55154075219212,-0.951247618436214,-1.00456507566696,0.154990031484853,0,1.0799345683737,0,0,0,0,-1.50484592587141,-0.951247618436214,-0.961340210152731,0.553598307435192,-0.010092591716517
0.654,"capitalization",TRUE,1.25148026732722,0.312870066831806,0,0.809100117251505,1.5660060656161,-0.938097985362842,-0.990678405269756,0.156435033415903,0,1.09000300646457,0,0,0,0,-1.49181055241139,-0.938097985362842,-0.947797824269848,0.553712567048548,-0.00969983890700599
0.656,"capitalization",TRUE,1.26314805902733,0.315787014756833,0,0.816643513563127,1.58060624194468,-0.925130127094067,-0.976983698160343,0.157893507378417,0,1.10016531454401,0,0,0,0,-1.4788880948043,-0.925130127094067,-0.934449636775224,0.553757967710234,-0.00931950968115702
0.658,"capitalization",TRUE,1.27492463179792,0.318731157949479,0,0.824257238412221,1.59534253853071,-0.912341530854102,-0.963478300721774,0.159365578974739,0,1.11042236778002,0,0,0,0,-1.46607757494315,-0.912341530854102,-0.921292857454183,0.553736044089049,-0.00895132660008124
0.66,"capitalization",TRUE,1.28681099982586,0.321702749956464,0,0.831941947485294,1.61021622444959,-0.89972971860268,-0.950159596019548,0.160851374978232,0,1.12077504949994,0,0,0,0,-1.45337802319358,-0.89972971860268,-0.908324731384987,0.553648304590898,-0.00859501278230712
0.662,"capitalization",TRUE,1.2988081867535,0.324702046688374,0,0.839698302581945,1.62522858060854,-0.887292246554884,-0.937025003294533,0.162351023344187,0,1.13122425126656,0,0,0,0,-1.44078847832045,-0.887292246554884,-0.895542538756108,0.553496231765563,-0.00825029220122375
0.664,"capitalization",TRUE,1.31091722576679,0.327729306441698,0,0.847526971671859,1.64038089985693,-0.875026704707614,-0.924071977462884,0.163864653220849,0,1.14177087295487,0,0,0,0,-1.42830798741509,-0.875026704707614,-0.882943594681187,0.55328128270748,-0.00791688997357276
0.666,"capitalization",TRUE,1.3231391596843,0.330784789921074,0,0.855428628952329,1.65567448709762,-0.862930716372608,-0.91129800862289,0.165392394960537,0,1.15241582282958,0,0,0,0,-1.41593560582321,-0.862930716372608,-0.870525249010852,0.553004889450598,-0.0075945326382445
0.668,"capitalization",TRUE,1.33547504104695,0.333868760261738,0,0.863403954906323,1.67111065939932,-0.851001937715904,-0.898700621568629,0.166934380130869,0,1.16316001762332,0,0,0,0,-1.40367039707331,-0.851001937715904,-0.858284886140622,0.552668459357408,-0.00728294842471733
0.67,"capitalization",TRUE,1.34792593220875,0.336981483052188,0,0.871453636361079,1.68669074611003,-0.839238057303685,-0.886277375310346,0.168490741526094,0,1.1740043826156,0,0,0,0,-1.39151143280591,-0.839238057303685,-0.846219924814246,0.552273375502224,-0.00698186751056196
0.672,"capitalization",TRUE,1.36049290542821,0.340123226357053,0,0.879578366547261,1.70241608897152,-0.827636795654383,-0.874025862601466,0.170061613178527,0,1.18494985171247,0,0,0,0,-1.37945779270318,-0.827636795654383,-0.834327817921892,0.551820997048799,-0.00669102226750928
0.674,"capitalization",TRUE,1.37317704296073,0.343294260740183,0,0.887778845158653,1.71828804223488,-0.816195904796998,-0.861943709472147,0.171647130370092,0,1.19599736752699,0,0,0,0,-1.36750856441936,-0.816195904796998,-0.822606052292664,0.551312659622364,-0.00641014749566615
0.676,"capitalization",TRUE,1.38597943715178,0.346494859287945,0,0.89605577841242,1.73430797277714,-0.804913167835498,-0.850028574769269,0.173247429643972,0,1.20714788146037,0,0,0,0,-1.35566284351165,-0.804913167835498,-0.811052148481032,0.550749675676154,-0.00613898064553375
0.678,"capitalization",TRUE,1.39890119053097,0.349725297632741,0,0.904409879109928,1.75047726021898,-0.793786398519258,-0.838278149702794,0.174862648816371,0,1.21840235378392,0,0,0,0,-1.34391973337178,-0.793786398519258,-0.799663660546823,0.550133334852525,-0.00587726202756456
0.68,"capitalization",TRUE,1.41194341590701,0.352985853976752,0,0.912841866698124,1.76679729704355,-0.782813440819431,-0.826690157398394,0.176492926988376,0,1.22976175372175,0,0,0,0,-1.33227834515814,-0.782813440819431,-0.788438175828495,0.549464904338711,-0.00562473500906391
0.682,"capitalization",TRUE,1.42510723646355,0.356276809115886,0,0.9213524673315,1.78326948871642,-0.771992168511174,-0.815262352456262,0.178138404557943,0,1.24122705953423,0,0,0,0,-1.3207377977285,-0.771992168511174,-0.777373314709484,0.548745629217322,-0.00538114619830998
0.684,"capitalization",TRUE,1.43839378585588,0.35959844646397,0,0.929942413934625,1.79989525380654,-0.76132048476165,-0.803992520516018,0.179799223231985,0,1.25279925860223,0,0,0,0,-1.3092972175733,-0.76132048476165,-0.766466730377485,0.547976732811651,-0.00514624561583465
0.686,"capitalization",TRUE,1.4518042083086,0.362951052077149,0,0.938612446265266,1.81667602410848,-0.750796321723729,-0.792878477827637,0.181475526038575,0,1.26447934751217,0,0,0,0,-1.29795573874958,-0.750796321723729,-0.755716108576596,0.547159417025855,-0.00491978685286687
0.688,"capitalization",TRUE,1.46533965871411,0.366334914678528,0,0.947363310978093,1.8336132447657,-0.740417640135296,-0.781918070828303,0.183167457339264,0,1.27626833214185,0,0,0,0,-1.2867125028154,-0.740417640135296,-0.745119167352299,0.546294862680102,-0.00470152721700257
0.69,"capitalization",TRUE,1.47900130273212,0.36975032568303,0,0.956195761688982,1.85070837439502,-0.730182428924111,-0.771109175725119,0.184875162841515,0,1.28816722774703,0,0,0,0,-1.27556665876485,-0.730182428924111,-0.734673656789324,0.545384229840735,-0.00449122786521261
0.692,"capitalization",TRUE,1.49279031688999,0.373197579222497,0,0.965110559039916,1.8679628852122,-0.720088704818121,-0.760449698083572,0.186598789611248,0,1.30017705904894,0,0,0,0,-1.26451736296367,-0.720088704818121,-0.72437735874248,0.544428658145551,-0.00428865392435862
0.694,"capitalization",TRUE,1.50670788868408,0.376676972171019,0,0.974108470764487,1.88537826315878,-0.710134511961161,-0.749937572421703,0.188338486085509,0,1.31229886032243,0,0,0,0,-1.2535637790854,-0.710134511961161,-0.714228086560584,0.543429267124241,-0.00409357459942328
0.696,"capitalization",TRUE,1.520755216682,0.3801888041705,0,0.983190271754019,1.90295600803,-0.700317921533972,-0.739570761809875,0.19009440208525,0,1.32453367548515,0,0,0,0,-1.24270507804804,-0.700317921533972,-0.704223684803684,0.54238715651407,-0.00390576326971215
0.698,"capitalization",TRUE,1.53493351062586,0.383733377656464,0,0.992356744124295,1.920697633604,-0.690637031380452,-0.72934725747608,0.191866688828232,0,1.33688255818735,0,0,0,0,-1.23194043795133,-0.690637031380452,-0.694362028953766,0.541303406570875,-0.0037249975733139
0.7,"capitalization",TRUE,1.54924399153639,0.387310997884099,0,1.00160867728291,1.93860466777214,-0.681089965639078,-0.719265078416703,0.193655498942049,0,1.34934657190268,0,0,0,0,-1.22126904401451,-0.681089965639078,-0.684641025119222,0.540179078375429,-0.00355105948014367
0.702,"capitalization",TRUE,1.56368789181818,0.390921972954544,0,1.01094686799727,1.95667865267063,-0.67167487437942,-0.709322271012655,0.195460986477272,0,1.36192679001978,0,0,0,0,-1.21069008851468,-0.67167487437942,-0.67505860973334,0.539015214135264,-0.00338373535392
0.704,"capitalization",TRUE,1.57826645536571,0.394566613841428,0,1.02037212046319,1.97492114481329,-0.662389933243681,-0.699516908650834,0.197283306920714,0,1.37462429593466,0,0,0,0,-1.20020277072566,-0.662389933243681,-0.665612749247138,0.53781283748198,-0.00322281600345631
0.706,"capitalization",TRUE,1.59298093767058,0.398245234417645,0,1.02988524637414,1.99333371522563,-0.653233343093192,-0.689847091350792,0.199122617208822,0,1.38744018314408,0,0,0,0,-1.18980629685735,-0.653233343093192,-0.656301439816852,0.536572953764161,-0.0030680967236606
0.708,"capitalization",TRUE,1.60783260592954,0.401958151482386,0,1.03948706499121,2.01191794958015,-0.644203329659793,-0.680310945396589,0.200979075741193,0,1.40037555533965,0,0,0,0,-1.17949987999568,-0.644203329659793,-0.647122706986457,0.53529655033589,-0.00291937732666447
0.71,"capitalization",TRUE,1.62282273915369,0.405705684788424,0,1.04917840321357,2.03067544833284,-0.635298143202037,-0.670906622973717,0.202852842394212,0,1.41343152650292,0,0,0,0,-1.16928274004304,-0.635298143202037,-0.638074605365544,0.533984596841007,-0.00277646216350735
0.712,"capitalization",TRUE,1.63795262827858,0.409488157069645,0,1.05896009564975,2.04960782686109,-0.62651605816614,-0.66163230181105,0.204744078534823,0,1.42660922100131,0,0,0,0,-1.15915410365923,-0.62651605816614,-0.629155218302962,0.532638045493092,-0.00263916013682186
0.714,"capitalization",TRUE,1.6532235762754,0.413305894068851,0,1.06883298468951,2.06871671560274,-0.617855372851623,-0.652486184827747,0.206652947034425,0,1.43990977368493,0,0,0,0,-1.14911320420293,-0.617855372851623,-0.620362657556588,0.531257831351303,-0.00250728470496497
0.716,"capitalization",TRUE,1.6686368982632,0.4171592245658,0,1.07879792057635,2.08800376019653,-0.609314409081572,-0.64346649978503,0.2085796122829,0,1.45333432998432,0,0,0,0,-1.13915928167365,-0.609314409081572,-0.611695062959625,0.529844872592077,-0.0023806538780522
0.718,"capitalization",TRUE,1.68419392162213,0.421048480405533,0,1.08885576148077,2.1074706216238,-0.600891511877464,-0.634571498942778,0.210524240202767,0,1.46688404600908,0,0,0,0,-1.12929158265426,-0.600891511877464,-0.603150602083812,0.528400070776792,-0.00225909020634829
0.72,"capitalization",TRUE,1.69989598610777,0.424973996526943,0,1.09900737357415,2.12711897635153,-0.592585049138475,-0.62579945872087,0.212486998263472,0,1.48056008864745,0,0,0,0,-1.1195093602539,-0.592585049138475,-0.594727469899946,0.52692431111542,-0.00214242076147098
0.722,"capitalization",TRUE,1.71574444396649,0.428936110991624,0,1.10925363110335,2.14695051647675,-0.584393411325235,-0.617148679365204,0.214468055495812,0,1.4943636356668,0,0,0,0,-1.10981187405148,-0.584393411325235,-0.586423888436097,0.52541846272625,-0.00203047711086202
0.724,"capitalization",TRUE,1.73174066005193,0.432935165012982,0,1.11959541646601,2.16696694987222,-0.576315011147943,-0.608617484618341,0.216467582506491,0,1.50829587581503,0,0,0,0,-1.10019839003966,-0.576315011147943,-0.578238106433915,0.523883378891719,-0.00192309528597168
0.726,"capitalization",TRUE,1.74788601194249,0.436971502985623,0,1.13003362028653,2.18717000033351,-0.568348283258805,-0.600204221394696,0.218485751492811,0,1.52235800892299,0,0,0,0,-1.09066818056923,-0.568348283258805,-0.570168399003404,0.522319897310428,-0.00182011574459884
0.728,"capitalization",TRUE,1.76418189006004,0.441045472515009,0,1.14056914149277,2.20756140772751,-0.560491683948712,-0.591907259460217,0.220522736257505,0,1.53655124600778,0,0,0,0,-1.0812205242941,-0.560491683948712,-0.562213067276534,0.520728840345383,-0.00172138332782235
0.73,"capitalization",TRUE,1.78062969778959,0.445157424447397,0,1.15120288739348,2.22814292814219,-0.552743690848116,-0.583724991116499,0.222578712223699,0,1.55087680937703,0,0,0,0,-1.07185470611663,-0.552743690848116,-0.55437043806006,0.519111015268515,-0.00162674721194422
0.732,"capitalization",TRUE,1.79723085160019,0.449307712900049,0,1.16193577375641,2.24891633403788,-0.545102802632046,-0.575655830889263,0.224653856450024,0,1.56533593273419,0,0,0,0,-1.0625700171336,-0.545102802632046,-0.546638863487907,0.517467214501549,-0.00153606085586089
0.734,"capitalization",TRUE,1.81398678116692,0.45349669529173,0,1.1727687248872,2.2698834143999,-0.537567538729192,-0.567698215221131,0.226748347645865,0,1.57992986128478,0,0,0,0,-1.05336575458244,-0.537567538729192,-0.539016720673452,0.515798215853251,-0.00144918194426014
0.736,"capitalization",TRUE,1.83089892949396,0.457724732373491,0,1.18370267370895,2.29104597489261,-0.530136439035018,-0.559850602168666,0.228862366186746,0,1.59465985184358,0,0,0,0,-1.04424122178815,-0.530136439035018,-0.531502411362054,0.514104782753131,-0.00136597232703539
0.738,"capitalization",TRUE,1.84796875303894,0.461992188259734,0,1.1947385618426,2.31240583801495,-0.522808063628839,-0.552111471103585,0.230996094129867,0,1.60952717294291,0,0,0,0,-1.03519572811047,-0.522808063628839,-0.524094361584126,0.51238766448163,-0.00128629795528667
0.74,"capitalization",TRUE,1.86519772183827,0.466299430459569,0,1.20587733968801,2.33396484325736,-0.515580992494805,-0.544479322418107,0.233149715229784,0,1.62453310494188,0,0,0,0,-1.02622858889167,-0.515580992494805,-0.516791021309079,0.510647596396864,-0.0012100288142739
0.742,"capitalization",TRUE,1.88258731963386,0.470646829908464,0,1.21711996650578,2.35572484726019,-0.508453825246747,-0.536952677234378,0.235323414954232,0,1.63967894013661,0,0,0,0,-1.0173391254047,-0.508453825246747,-0.509590864100409,0.508885300157954,-0.00113703885366145
0.744,"capitalization",TRUE,1.90013904400077,0.475034761000192,0,1.22846741049989,2.37768772397362,-0.501425180856826,-0.529530077117908,0.237517380500096,0,1.65496598287155,0,0,0,0,-1.00852666480183,-0.501425180856826,-0.502492386772215,0.507101483945001,-0.00106720591538867
0.746,"capitalization",TRUE,1.91785440647627,0.479463601619068,0,1.23992064890108,2.39985536481904,-0.494493697387931,-0.522210083794969,0.239731800809534,0,1.67039554965182,0,0,0,0,-0.9997905400637,-0.494493697387931,-0.495494109047408,0.505296842675768,-0.00100041165947712
0.748,"capitalization",TRUE,1.93573493269,0.483933733172499,0,1.25148066805099,2.42222967885189,-0.487658031729776,-0.514991278873904,0.241966866586249,0,1.68596896925655,0,0,0,0,-0.991130089948865,-0.487658031729776,-0.488594573217852,0.503472058219088,-0.000936541488075593
0.75,"capitalization",TRUE,1.9537821624953,0.488445540623824,0,1.26314846348713,2.44481259292614,-0.480916859338647,-0.507872263570285,0.244222770311912,0,1.70168758285335,0,0,0,0,-0.98254465894372,-0.480916859338647,-0.481792343806671,0.501627799605073,-0.000875484468024212
0.752,"capitalization",TRUE,1.97199765010188,0.49299941252547,0,1.27492504002857,2.46760605186016,-0.474268873980747,-0.500851658435871,0.246499706262735,0,1.71755274411378,0,0,0,0,-0.974033597212892,-0.474268873980747,-0.475086007232953,0.499764723232146,-0.000817133252206448
0.754,"capitalization",TRUE,1.99038296420966,0.497595741052414,0,1.28681141186252,2.49061201860427,-0.467712787479084,-0.493928103091314,0.248797870526207,0,1.73356581932996,0,0,0,0,-0.965596260550058,-0.467712787479084,-0.468474171479025,0.497883473070973,-0.000761383999940524
0.756,"capitalization",TRUE,2.00893968814382,0.502234922035955,0,1.29880860263166,2.51383247440972,-0.461247329463868,-0.487100255962556,0.251117461017977,0,1.74972818753219,0,0,0,0,-0.957232010329174,-0.461247329463868,-0.461955465760515,0.495984680865307,-0.000708136296647011
0.758,"capitalization",TRUE,2.02766941999121,0.506917354997803,0,1.31091764552227,2.53726941899936,-0.454871247126344,-0.480366794020877,0.253458677498902,0,1.76604124060776,0,0,0,0,-0.948940213456151,-0.454871247126344,-0.455528540199359,0.494068966329807,-0.000657293073015042
0.76,"capitalization",TRUE,2.04657377273795,0.511643443184488,0,1.32313958335323,2.56092487073986,-0.448583304976043,-0.473726412526529,0.255821721592244,0,1.78250638342077,0,0,0,0,-0.940720242320924,-0.448583304976043,-0.449192065499918,0.492136937344881,-0.000608760523874374
0.762,"capitalization",TRUE,2.06565437440834,0.516413593602084,0,1.33547546866584,2.58480086681548,-0.442382284601377,-0.467177824775918,0.258206796801042,0,1.79912503393317,0,0,0,0,-0.932571474749952,-0.442382284601377,-0.442944732628343,0.490189190148575,-0.000562448026965534
0.764,"capitalization",TRUE,2.08491286820504,0.521228217051259,0,1.34792636381441,2.60889946340356,-0.43626698443355,-0.460719761852283,0.26061410852563,0,1.8158986233268,0,0,0,0,-0.924493293959129,-0.43626698443355,-0.43678525249534,0.488226309525579,-0.000518268061789284
0.766,"capitalization",TRUE,2.10435091265063,0.526087728162658,0,1.36049334105781,2.63322273585158,-0.43023621951373,-0.454350972379813,0.263043864081329,0,1.83282859612673,0,0,0,0,-0.916485088507093,-0.43023621951373,-0.430712355642429,0.486248868993363,-0.000476136128698679
0.768,"capitalization",TRUE,2.12397018173043,0.530992545432606,0,1.37317748265179,2.65777277885588,-0.42428882126344,-0.448070222281173,0.265496272716303,0,1.84991641032557,0,0,0,0,-0.908546252248951,-0.42428882126344,-0.424724791931828,0.484257430985511,-0.000435970668388908
0.77,"capitalization",TRUE,2.1437723650366,0.53594309125915,0,1.38597988094216,2.68255170664204,-0.418423637258123,-0.441876294538376,0.267971545629575,0,1.86716353750912,0,0,0,0,-0.900676184290395,-0.418423637258123,-0.418821330240047,0.482252547032272,-0.000397692981924158
0.772,"capitalization",TRUE,2.16375916791374,0.540939791978435,0,1.39890163845889,2.707561653147,-0.412639531003838,-0.435767988956962,0.270469895989217,0,1.88457146298303,0,0,0,0,-0.892874288942226,-0.412639531003838,-0.413000758155269,0.480234757938388,-0.000361227151430332
0.774,"capitalization",TRUE,2.18393231160568,0.54598307790142,0,1.41194386801105,2.7328047722028,-0.406935381717043,-0.429744121933436,0.27299153895071,0,1.90214168590074,0,0,0,0,-0.885139975675259,-0.406935381717043,-0.407261881678614,0.478204593958216,-0.000326499961570914
0.776,"capitalization",TRUE,2.20429353340374,0.551073383350936,0,1.42510769278264,2.75828323772206,-0.401310084107417,-0.423803526225924,0.275536691675468,0,1.9198757193926,0,0,0,0,-0.877472659075631,-0.401310084107417,-0.401603524929329,0.476162574968215,-0.000293440821911628
0.778,"capitalization",TRUE,2.22484458679636,0.556211146699091,0,1.43839424642933,2.7839992438852,-0.395762548163693,-0.417945050727995,0.278105573349546,0,1.93777509069616,0,0,0,0,-0.869871758800488,-0.395762548163693,-0.396024529853964,0.474109210636795,-0.000261981690270641
0.78,"capitalization",TRUE,2.24558724162008,0.561396810405019,0,1.45180467317606,2.80995500532944,-0.390291698942446,-0.412167560245612,0.28069840520251,0,1.9558413412877,0,0,0,0,-0.862336699534059,-0.390291698942446,-0.390523755939585,0.472045000591614,-0.000232056997139241
0.782,"capitalization",TRUE,2.26652328421195,0.566630821052986,0,1.46534012791562,2.83615275733945,-0.384896476359799,-0.406469935277166,0.283315410526493,0,1.97407602701498,0,0,0,0,-0.854866910944112,-0.384896476359799,-0.385100079931049,0.469970434584313,-0.000203603571250377
0.784,"capitalization",TRUE,2.2876545175634,0.57191362939085,0,1.47900177630809,2.86259475603992,-0.379575834986015,-0.400851071796552,0.285956814695425,0,1.99248071823124,0,0,0,0,-0.84746182763878,-0.379575834986015,-0.379752395552377,0.467885992652765,-0.000176560566362505
0.786,"capitalization",TRUE,2.30898276147551,0.577245690368877,0,1.4927907948812,2.88928327858981,-0.374328743842922,-0.395309881039241,0.288622845184439,0,2.01105699993039,0,0,0,0,-0.840120889123774,-0.374328743842922,-0.37447961323224,0.465792145280852,-0.00015086938931802
0.788,"capitalization",TRUE,2.33050985271569,0.582627463178922,0,1.50670837113169,2.91622062337846,-0.369154186204142,-0.389845289291312,0.291313731589461,0,2.02980647188359,0,0,0,0,-0.832843539759953,-0.369154186204142,-0.36928065983357,0.463689353555811,-0.00012647362942847
0.79,"capitalization",TRUE,2.3522376451759,0.588059411293976,0,1.52075570362757,2.94340911022358,-0.364051159398079,-0.384456237681395,0.294029705646988,0,2.04873074877695,0,0,0,0,-0.825629228721269,-0.364051159398079,-0.364154478387309,0.461578069323191,-0.000103318989230106
0.792,"capitalization",TRUE,2.3741680100323,0.593542002508075,0,1.53493400211131,2.97085108057093,-0.359018674613633,-0.3791416819755,0.296771001254038,0,2.0678314603506,0,0,0,0,-0.818477409953076,-0.359018674613633,-0.359100027830281,0.459458735339443,-8.13532166482056e-05
0.794,"capitalization",TRUE,2.39630283590637,0.599075708976592,0,1.54924448760406,2.99854889769607,-0.354055756708599,-0.373900592374671,0.299537854488296,0,2.08711025153908,0,0,0,0,-0.811387542130796,-0.354055756708599,-0.354116282747199,0.457331785422196,-6.05260385998507e-05
0.796,"capitalization",TRUE,2.41864402902757,0.604661007256894,0,1.56368839251078,3.0265049469078,-0.349161444020714,-0.368731953315447,0.302330503628447,0,2.10656878261295,0,0,0,0,-0.804359088618949,-0.349161444020714,-0.349202233116775,0.455197644598235,-4.07890960613111e-05
0.798,"capitalization",TRUE,2.44119351339753,0.610298378349383,0,1.57826696072637,3.05472163575363,-0.344334788181313,-0.363634763273072,0.305149189174692,0,2.1262087293218,0,0,0,0,-0.797391517430533,-0.344334788181313,-0.344356884061933,0.45305672924922,-2.20958806190774e-05
0.8,"capitalization",TRUE,2.46395323095569,0.615988307738924,0,1.59298144774281,3.0832013942271,-0.33957485393157,-0.358608034567434,0.307994153869462,0,2.14603178303855,0,0,0,0,-0.79048430118676,-0.33957485393157,-0.339579255604089,0.45090944725519,-4.40167251875012e-06
0.802,"payg",TRUE,2.48692514174659,0.621731285436647,0,1.60783312075728,3.11519841061294,-0.334868382421488,-0.353609075190032,0,0.310865642718323,0,2.1683029892773,0.907207046882843,2.27931031675084,1.08301982545256,-0.783636917077133,-0.334880718941267,-0.334868382421488,0.448768534655645,1.23365197786107e-05
0.804,"payg",TRUE,2.51011122408861,0.627527806022152,0,1.62282325878126,3.14856983227147,-0.330223313611551,-0.348666850764177,0,0.313763903011076,0,2.19153083668891,0.90970185529708,2.30056076607079,1.09311702798973,-0.77684884681988,-0.330251473630078,-0.330223313611551,0.446625533208329,2.81600185270681e-05
0.806,"payg",TRUE,2.5335134747444,0.633378368686101,0,1.63795315275074,3.1821866639388,-0.32564311245721,-0.343795164702198,0,0.31668918434305,0,2.21492949930571,0.912136085170699,2.32200933742484,1.10330836869194,-0.770119576622723,-0.325686220991323,-0.32564311245721,0.444476464165513,4.31085341129345e-05
0.808,"payg",TRUE,2.55713390909282,0.639283477273204,0,1.65322410563731,3.21605157850567,-0.321126856197187,-0.338992953789508,0,0.319641738636602,0,2.23850083756679,0.914510860565194,2.3436578779429,1.11359472522745,-0.763448597143988,-0.321184076418147,-0.321126856197187,0.442321740946801,5.72202209600525e-05
0.81,"payg",TRUE,2.58097456130246,0.645243640325615,0,1.66863743256046,3.25016730156043,-0.316673635800188,-0.334259172803123,0,0.322621820162807,0,2.26224674859095,0.916827303506078,2.36550825197601,1.12397698344719,-0.756835403454053,-0.316744167532119,-0.316673635800188,0.440161767653864,7.0531731930501e-05
0.812,"payg",TRUE,2.60503748450689,0.651259371126723,0,1.68419446090074,3.28453661031248,-0.312282555742957,-0.329592794154247,0,0.325629685563362,0,2.28616916542725,0.919086532784535,2.38756234125693,1.13445603746103,-0.75027949499713,-0.312365634014184,-0.312282555742957,0.437996939254174,8.30782712276101e-05
0.814,"payg",TRUE,2.62932475098143,0.657331187745358,0,1.69989653041418,3.31916233254206,-0.307952733792153,-0.324992807538341,0,0.328665593872679,0,2.31027005632412,0.921289662829465,2.40982204506218,1.14503278971482,-0.74378037555338,-0.308047627437968,-0.307952733792153,0.435827641761227,9.48936458153304e-05
0.816,"payg",TRUE,2.65383845232162,0.663459613080404,0,1.71574499334758,3.35404734557822,-0.303683300790003,-0.320458219592599,0,0.331729806540202,0,2.33455142401794,0.923437802648188,2.43228928037558,1.15570815106807,-0.737337553201348,-0.30378931110537,-0.303683300790003,0.433654252411344,0.000106010315366611
0.818,"payg",TRUE,2.67858069962333,0.669645174905833,0,1.731741214555,3.38919457530623,-0.299473400443682,-0.315988053560746,0,0.334822587452917,0,2.35901530504215,0.925532054833972,2.45496598205337,1.16648304087243,-0.730950540280733,-0.29958985988444,-0.299473400443682,0.431477139837051,0.000116459440757999
0.82,"payg",TRUE,2.70355362366462,0.675888405916156,0,1.7478865716153,3.42460699520544,-0.295322189118367,-0.311581348965047,0,0.337944202958078,0,2.38366376905761,0.927573514638482,2.47785410299085,1.17735838705082,-0.724618853355481,-0.295448460049496,-0.295322189118367,0.429296664237114,0.000126270931128936
0.822,"payg",TRUE,2.72875937508919,0.682189843772297,0,1.76418245495078,3.46028762541881,-0.291228835633915,-0.307237161285447,0,0.341094921886148,0,2.40849891820489,0.929563269107183,2.50095561429051,1.18833512617738,-0.718342013177184,-0.291364309123441,-0.291228835633915,0.427113177543268,0.000135473489525473
0.824,"payg",TRUE,2.75420012459158,0.688550031147895,0,1.78063026794692,3.49623953185478,-0.287192521065124,-0.302954561645713,0,0.344275015573948,0,2.43352288647919,0.931502396275674,2.52427250543182,1.1994142035581,-0.712119544648811,-0.287336615722276,-0.287192521065124,0.424927023583687,0.000144094657151372
0.826,"payg",TRUE,2.77987806310417,0.694969515776043,0,1.79723142707321,3.53246582532221,-0.283212438545498,-0.298732636506488,0,0.347484757888021,0,2.4587378391282,0.933391964424909,2.54780678444254,1.21059657331224,-0.705950976788751,-0.283364599401747,-0.283212438545498,0.422738538243252,0.000152160856248862
0.828,"payg",TRUE,2.80579540198581,0.701448850496452,0,1.81398736200518,3.56896966069901,-0.279287793074491,-0.294570487365128,0,0.350724425248226,0,2.48414597207342,0.935233031393214,2.57156047807167,1.22188319845452,-0.699835842695155,-0.279447490506125,-0.279287793074491,0.420548049620664,0.000159697431634132
0.83,"payg",TRUE,2.83195437321227,0.707988593303067,0,1.8308995157475,3.60575423613471,-0.275417801328151,-0.29046723046221,0,0.353994296651534,0,2.50974951135515,0.937026643943004,2.59553563196399,1.23327505097799,-0.693773679510606,-0.275584530019064,-0.275417801328151,0.418355878182455,0.000166728690912887
0.832,"payg",TRUE,2.85835722956846,0.714589307392116,0,1.84796934475822,3.64282279228747,-0.271601691473128,-0.286421996494596,0,0.357294653696058,0,2.5355507126014,0.938773837180092,2.61973431083621,1.24477311193782,-0.687764028387078,-0.27177496941653,-0.271601691473128,0.416162336913949,0.00017327794340205
0.834,"payg",TRUE,2.88500624484246,0.721251561210614,0,1.86519831907427,3.68017861159555,-0.267838702983977,-0.282433930334926,0,0.360625780605307,0,2.5615518605208,0.940475634023498,2.64415859865478,1.25637837153573,-0.681806434451208,-0.268018070521762,-0.267838702983977,0.413967731467231,0.000179367537785469
0.836,"payg",TRUE,2.91190371402128,0.727975928505319,0,1.882587922438,3.71782501758341,-0.264128086463699,-0.278502190757409,0,0.36398796425266,0,2.58775526841961,0.942133044723639,2.6688105988154,1.26809182920526,-0.675900446769866,-0.26431310536223,-0.264128086463699,0.411772360306167,0.000185018898530398
0.838,"payg",TRUE,2.93905195348856,0.73476298837214,0,1.90013965242497,3.7557653742024,-0.260469103467487,-0.274625950169809,0,0.36738149418607,0,2.61416327774285,0.943747066426833,2.6936924343241,1.27991449369791,-0.670045618316027,-0.26065935602858,-0.260469103467487,0.40957651484854,0.000190252561093451
0.84,"payg",TRUE,2.96645330122402,0.741613325306005,0,1.91785502057293,3.79400308520592,-0.256861026329582,-0.270804394351479,0,0.370806662653003,0,2.64077825763934,0.945318682784059,2.71880624798013,1.29184738316992,-0.664241505934927,-0.257056114535527,-0.256861026329582,0.407380479605345,0.000195088205944938
0.842,"payg",TRUE,2.99411011700483,0.748527529251207,0,1.935735552512,3.83254159355895,-0.253303137993225,-0.267036722197327,0,0.374263764625604,0,2.66760260455075,0.946848863601936,2.74415420256046,1.30389152527002,-0.658487670310532,-0.253502682684664,-0.253303137993225,0.405184532317307,0.00019954469143918
0.844,"payg",TRUE,3.02202478260879,0.755506195652199,0,1.95378278809602,3.87138438088153,-0.249794731843615,-0.26332214546759,0,0.377753097826099,0,2.69463874182422,0.948338564533915,2.76973848100604,1.3160479572279,-0.652783675932275,-0.249998371929176,-0.249794731843615,0.402988944088661,0.000203640085560869
0.846,"payg",TRUE,3.05019970201951,0.762549925504878,0,1.9719982815352,3.9105349669261,-0.246335111543842,-0.259659888543285,0,0.381274962752439,0,2.72188911934855,0.949788726809733,2.79556128660982,1.32831772594354,-0.647129091062099,-0.246542503240418,-0.246335111543842,0.400793979518257,0.000207391696575854
0.848,"payg",TRUE,3.07863730163337,0.769659325408343,0,1.99038360152995,3.94999690908809,-0.242923590873728,-0.256049188187216,0,0.384829662704172,0,2.74935621321359,0.9512002770012,2.82162484320646,1.34070188807737,-0.641523487701774,-0.243134406976344,-0.242923590873728,0.398599896828046,0.000210816102615641
0.85,"payg",TRUE,3.10734003046853,0.776835007617133,0,2.00894033140597,3.98977380194955,-0.239559493571521,-0.252489293310407,0,0.388417503808566,0,2.77704252539256,0.952574126822433,2.84793139536384,1.35320151014128,-0.635966441560508,-0.239773422751745,-0.239559493571521,0.396406947988987,0.000213929180224004
0.852,"payg",TRUE,3.13631036037581,0.784077590093952,0,2.02767006925062,4.0298692768551,-0.236242153178399,-0.248979464743844,0,0.392038795046976,0,2.80495058344691,0.95391117296272,2.87448320857643,1.36581766859044,-0.630457532022824,-0.236458899310294,-0.236242153178399,0.394215378844425,0.000216746131894985
0.854,"payg",TRUE,3.16555078625157,0.791387696562893,0,2.04657442805053,4.07028700151996,-0.232970912885712,-0.245518975015399,0,0.395693848281446,0,2.83308294025347,0.955212296950213,2.90128256946029,1.37855144991603,-0.624996342116728,-0.233190194398343,-0.232970912885712,0.392025429231016,0.000219281512630454
0.856,"payg",TRUE,3.19506382625258,0.798765956563145,0,2.06565503583052,4.11103067966922,-0.229745125384937,-0.242107108131819,0,0.399382978281572,0,2.86144217375341,0.956478365044728,2.92833178595007,1.3914039507388,-0.619582458482151,-0.229966674640483,-0.229745125384937,0.389837333097214,0.000221549255545711
0.858,"payg",TRUE,3.22485202201286,0.806213005503214,0,2.08491353579379,4.15210405070802,-0.226564152720258,-0.238743159365649,0,0.403106502751607,0,2.89003088672261,0.957710228157966,2.95563318749773,1.4043762779035,-0.614215471339655,-0.226787715416809,-0.226564152720258,0.387651318619397,0.000223562696550744
0.86,"payg",TRUE,3.25491793886257,0.813729484715644,0,2.10435158646344,4.19351088942184,-0.223427366143755,-0.235426435046989,0,0.406864742357822,0,2.91885170656311,0.958908721799535,2.98318912527316,1.4174695485742,-0.608894974459421,-0.22365270074189,-0.223427366143755,0.385467608315666,0.000225334598135063
0.862,"payg",TRUE,3.28526416604897,0.821316041512241,0,2.12397086182532,4.23525500570634,-0.220334145973126,-0.232156252359949,0,0.410658020756121,0,2.94790728511504,0.960074666047186,3.01100197236667,1.43068489033051,-0.603620565130499,-0.220561023145409,-0.220334145973126,0.383286419157373,0.000226877172282897
0.864,"payg",TRUE,3.31589331695932,0.828973329239829,0,2.14377305147215,4.27734024432614,-0.21728388145191,-0.2289319391437,0,0.414486664619915,0,2.97720029848872,0.961208865539764,3.03907412399334,1.4440234412647,-0.598391844130331,-0.217512083554457,-0.21728388145191,0.381107962678421,0.000228202102546232
0.866,"payg",TRUE,3.34680802934603,0.836702007336507,0,2.16375986074906,4.31977048470176,-0.214275970612143,-0.225752833698004,0,0.418351003668253,0,3.00673344691637,0.962312109491394,3.0674079976993,1.45748635007966,-0.593208415694526,-0.214505291177444,-0.214275970612143,0.378932445082384,0.000229320565301033
0.868,"payg",TRUE,3.37801096555377,0.844502741388443,0,2.18393301090044,4.36254964072418,-0.211309820139415,-0.222618284593113,0,0.422251370694222,0,3.03650945462303,0.96338517172551,3.09600603356993,1.47107477618789,-0.588069887486913,-0.211540063389628,-0.211309820139415,0.376760067347498,0.000230243250213341
0.87,"payg",TRUE,3.40950481274878,0.852376203187194,0,2.20429423921816,4.40568166059618,-0.208384845240279,-0.21952765048392,0,0.426188101593597,0,3.06653106971612,0.964428810727364,3.12487069443999,1.48478988981129,-0.582975870569837,-0.20861582562022,-0.208384845240279,0.374591025329558,0.000230980379940043
0.872,"payg",TRUE,3.44129228315024,0.860323070787559,0,2.22484529919123,4.44917052669992,-0.205500469511953,-0.21648029992827,0,0.430161535393779,0,3.09680106409329,0.965443769713724,3.15400446610574,1.498632872082,-0.577925979374727,-0.205732011241042,-0.205500469511953,0.372425509862774,0.000231541729089402
0.874,"payg",TRUE,3.47337611426388,0.86834402856597,0,2.24558796065673,4.49302025548992,-0.202656124814278,-0.213475611209313,0,0.434172014282985,0,3.12732223336792,0.966430776718518,3.18340985753898,1.51260491514404,-0.572919831672907,-0.202888061456743,-0.202656124814278,0.370263706858629,0.00023193664246568
0.876,"payg",TRUE,3.50575906911775,0.876439767279438,0,2.26652400995232,4.5372348974109,-0.199851251143892,-0.210512972161801,0,0.438219883639719,0,3.15809739681191,0.967390544693234,3.21308940110315,1.52670722225604,-0.567957048546666,-0.200083425196513,-0.199851251143892,0.368105797402775,0.000232174052621242
0.878,"payg",TRUE,3.53844393650011,0.884610984125029,0,2.28765525006999,4.58181853683959,-0.197085296510565,-0.20759178000223,0,0.442305492062514,0,3.18912939731523,0.968323771620944,3.2430456527714,1.54094100789485,-0.563037254360583,-0.197317559007305,-0.197085296510565,0.365951957850018,0.000232262496739799
0.88,"payg",TRUE,3.57143353119966,0.892858382799914,0,2.3089835008114,4.62677529205008,-0.194357716815657,-0.204711441162724,0,0.446429191399957,0,3.22042110136176,0.969231140642852,3.2732811923467,1.55530749786011,-0.558160076733084,-0.19458992694853,-0.194357716815657,0.363802359917427,0.000232210132873195
0.882,"payg",TRUE,3.60473069424788,0.901182673561969,0,2.33051059894455,4.67210931520173,-0.191667975732657,-0.201871371128571,0,0.450591336780985,0,3.25197539902088,0.970113320196364,3.30379862368403,1.56980792937982,-0.553325146508268,-0.191900000488211,-0.191667975732657,0.361657170775612,0.000232024755553839
0.884,"payg",TRUE,3.63833829316376,0.909584573290939,0,2.352238398362,4.71782479234923,-0.189015544589759,-0.199070994279311,0,0.45479228664547,0,3.28379520395447,0.970970964163659,3.33460057491462,1.58444355121691,-0.548532097727958,-0.189247258400564,-0.189015544589759,0.359516553138198,0.000231713810804418
0.886,"payg",TRUE,3.67225922220072,0.91806480555018,0,2.3741687702405,4.76392594347395,-0.186399902254439,-0.196309743733286,0,0.45903240277509,0,3.31588345343878,0.971804712029857,3.36568969867225,1.59921562377677,-0.543780567604002,-0.186631186665004,-0.186399902254439,0.357380665349563,0.00023128441056558
0.888,"payg",TRUE,3.70649640259586,0.926624100648966,0,2.39630360320213,4.81041702253607,-0.183820535019983,-0.193587061195569,0,0.463312050324483,0,3.34824310840062,0.972615189049874,3.39706867232173,1.61412541921576,-0.539070196490818,-0.184051278366546,-0.183820535019983,0.355249661470835,0.000230743346562368
0.89,"payg",TRUE,3.74105278282154,0.935263195705386,0,2.41864480347699,4.85730231754671,-0.181276936493943,-0.190902396809167,0,0.467631597852693,0,3.38087715346767,0.973403006423134,3.42874019818947,1.62917422155084,-0.534400627858167,-0.181507033597572,-0.181276936493943,0.353123691364224,0.000230097103628868
0.892,"payg",TRUE,3.77593133883929,0.943982834709821,0,2.44119429506729,4.90458615065953,-0.178768607488462,-0.18825520900944,0,0.471991417354911,0,3.41378859703214,0.974168761475336,3.46070700379617,1.64436332677009,-0.52977150826417,-0.178997959360973,-0.178768607488462,0.351002900775708,0.000229351872510636
0.894,"payg",TRUE,3.81113507435609,0.952783768589024,0,2.46395401991311,4.95227287828116,-0.176295055912453,-0.18564496438162,0,0.476391884294512,0,3.44698047132771,0.97491303784652,3.49297184209173,1.65969404294432,-0.525182487328554,-0.176523569474617,-0.176295055912453,0.348887431416101,0.000228513562163385
0.896,"payg",TRUE,3.8466670210831,0.961666755270774,0,2.4869259380596,5.00036689119973,-0.173855796665574,-0.183071137521381,0,0.480833377635387,0,3.48045583251896,0.975636405684722,3.52553749169235,1.67516769033977,-0.520633217706136,-0.17408338447714,-0.173855796665574,0.346777421040561,0.000227587811566204
0.898,"payg",TRUE,3.88253023899666,0.970632559749165,0,2.5101120278258,5.0488726147312,-0.17145035153398,-0.180533210898357,0,0.485316279874582,0,3.51421776080322,0.976339421844539,3.5584067571198,1.69078560153176,-0.516123355060523,-0.171676931535047,-0.17145035153398,0.344673003526543,0.000226580001067206
0.9,"payg",TRUE,3.91872781660189,0.979681954150472,0,2.53351428597499,5.09779450888256,-0.169078249087806,-0.178030674722546,0,0.489840977075236,0,3.54826936052416,0.977022630089974,3.59158246904294,1.70654912151945,-0.511652558038061,-0.169303744351084,-0.169078249087806,0.342574308950255,0.000225495263277947
0.902,"payg",TRUE,3.95526287119862,0.988815717799655,0,2.55713472788666,5.14713706853156,-0.166739024580354,-0.175563026813517,0,0.494407858899828,0,3.5826137602969,0.977686561300968,3.62506748452149,1.72245960784172,-0.507220488241988,-0.166963363073889,-0.166739024580354,0.340481463661633,0.000224338493534121
0.904,"payg",TRUE,3.99213854914989,0.998034637287472,0,2.58097538773008,5.1969048236224,-0.164432219848946,-0.173129772472347,0,0.499017318643736,0,3.61725411314424,0.978331733683039,3.65886468725212,1.73851843069401,-0.502826810206825,-0.164655334208884,-0.164432219848946,0.338394590357879,0.000223114359937909
0.906,"payg",TRUE,4.02935802615286,1.00733950653821,0,2.60503831863946,5.24710233937681,-0.162157383217406,-0.17073042435623,0,0.503669753269107,0,3.65219359664352,0.978958652979532,3.69297698781673,1.75472697304639,-0.498471191372984,-0.162379210530404,-0.162157383217406,0.336313808155577,0.000221827312997802
0.908,"payg",TRUE,4.06692450751235,1.01673112687809,0,2.62932559289078,5.29773421651999,-0.159914069400155,-0.168364502355666,0,0.508365563439043,0,3.68743541308393,0.979567812685947,3.72740732393315,1.7710866307626,-0.494153302061596,-0.160134550995036,-0.159914069400155,0.334239232661441,0.000220481594881
0.91,"payg",TRUE,4.10484122841683,1.02621030710421,0,2.65383930208024,5.34880509152097,-0.157701839407868,-0.166031533474187,0,0.513105153552104,0,3.7229827896338,0.980159694265923,3.76215866070811,1.78759881272031,-0.489872815449558,-0.15792092065616,-0.157701839407868,0.33217097604169,0.000219081248292591
0.912,"payg",TRUE,4.1431114542171,1.03577786355427,0,2.67858155730442,5.40031963684686,-0.155520260454672,-0.163731051710542,0,0.517888931777137,0,3.75883897851758,0.980734767368408,3.79723399089263,1.8042649409324,-0.485629407544794,-0.155737890579668,-0.155520260454672,0.330109147090121,0.000217630124995954
0.914,"payg",TRUE,4.18173848070741,1.04543462017685,0,2.70355448934204,5.45228256123057,-0.153368905866863,-0.161462597943276,0,0.522717310088426,0,3.79500725720216,0.981293490045645,3.83263633513968,1.82108645066949,-0.481422757161734,-0.153585037760851,-0.153368905866863,0.328053851294871,0.000216131893988059
0.916,"payg",TRUE,4.22072563440934,1.05518140860233,0,2.72876024883748,5.50469860995152,-0.15124735499309,-0.159225719817646,0,0.527590704301167,0,3.83149092859225,0.981836308971567,3.86836874226439,1.83806479058345,-0.477252545897003,-0.151461945042432,-0.15124735499309,0.326005190903913,0.000214590049342295
0.918,"payg",TRUE,4.2600762728583,1.06501906821457,0,2.754201006486,5.55757256512893,-0.149155193116004,-0.157019971634822,0,0.532509534107287,0,3.86829332123456,0.982363659660277,3.90443428950658,1.85520142283226,-0.473118458105319,-0.149368201033736,-0.149155193116004,0.323963264989315,0.000213007917732072
0.92,"payg",TRUE,4.29979378489262,1.07494844622316,0,2.77987895322066,5.6109092460272,-0.147092011365326,-0.154844914243296,0,0.537474223111578,0,3.90541778953034,0.982875966684272,3.94083608279575,1.87249782320586,-0.469020180875603,-0.147303400030973,-0.147092011365326,0.321928169510277,0.000211388665647183
0.922,"payg",TRUE,4.33988159094545,1.08497039773636,0,2.80579630040103,5.66471350937316,-0.14505740663231,-0.152700114932457,0,0.542485198868181,0,3.94286771395616,0.983373643892118,3.97757725701861,1.88995548125327,-0.464957404007295,-0.145267141938625,-0.14505740663231,0.319899997374985,0.000209735306314934
0.924,"payg",TRUE,4.38034314333926,1.09508578583482,0,2.83195528000358,5.71899024968457,-0.143050981485584,-0.15058514732828,0,0.547542892917408,0,3.98064650129263,0.983857094625295,4.01466097628899,1.90757590041085,-0.460929819986874,-0.143259032191921,-0.143050981485584,0.31787883850129,0.000208050706337226
0.926,"payg",TRUE,4.42118192658324,1.10529548164581,0,2.85835814481397,5.7737443996097,-0.141072344088328,-0.148499591291058,0,0.552647740822905,0,4.01875758486071,0.984326711933951,4.05209043422038,1.92536059813179,-0.456937123964584,-0.141278681680383,-0.141072344088328,0.315864779876256,0.000206337592055128
0.928,"payg",TRUE,4.46240145767327,1.11560036441832,0,2.88500716862097,5.82898093027753,-0.139121108116773,-0.146443032815146,0,0.557800182209159,0,4.05720442476546,0.984782878791344,4.08986885420096,1.94331110601681,-0.452979013731355,-0.139325706672423,-0.139121108116773,0.313857905614582,0.000204598555650692
0.93,"payg",TRUE,4.50400528639491,1.12600132159873,0,2.91190464641236,5.88470485165828,-0.137196892679999,-0.144415063930654,0,0.563000660799364,0,4.09599050814701,0.985225968306727,4.12799948967114,1.96142896994601,-0.449055189695935,-0.137399728740996,-0.137196892679999,0.311858297015936,0.000202836060997441
0.932,"payg",TRUE,4.54599699562904,1.13649924890726,0,2.9390528945725,5.94092121293384,-0.135299322240997,-0.142415282607045,0,0.56824962445363,0,4.13511934943841,0.985656343936512,4.16648562440382,1.97971575021204,-0.44516535486221,-0.135500374690265,-0.135299322240997,0.309866032621213,0.000201052449268407
0.934,"payg",TRUE,4.58838020166041,1.1470950504151,0,2.96645425108187,5.99763510287806,-0.13342802653898,-0.140443292658587,0,0.573547525207551,0,4.17459449063027,0.9860743596935,4.20533057278711,1.99817302165447,-0.441309214806723,-0.133627276483291,-0.13342802653898,0.307881188267743,0.000199249944311697
0.936,"payg",TRUE,4.63115855448911,1.15778963862228,0,2.99411107571839,6.05485165024621,-0.131582640512914,-0.138498703651622,0,0.578894819311138,0,4.21441950154188,0.98648036035403,4.24453768010985,2.01680237379538,-0.437486477656392,-0.131780071170717,-0.131582640512914,0.305903837143479,0.000197430657802949
0.938,"payg",TRUE,4.67433573814487,1.16858393453622,0,3.02202575026062,6.11257602417369,-0.129762804226255,-0.136581130813592,0,0.584291967268109,0,4.25459798009872,0.986874681662897,4.2841103228496,2.03560541097629,-0.433696854066419,-0.129958400820439,-0.129762804226255,0.303934049840163,0.000195596594183167
0.94,"payg",TRUE,4.71791547100437,1.17947886775109,0,3.05020067869295,6.17081343458357,-0.127968162792861,-0.134690194943798,0,0.589739433875546,0,4.29513355261612,0.987257650535888,4.3240519089635,2.0545837524963,-0.429940057198383,-0.128161912448252,-0.127968162792861,0.301971894405522,0.000193749655390568
0.942,"payg",TRUE,4.76190150611139,1.19047537652785,0,3.07863828741252,6.22956913260254,-0.126198366304056,-0.132825522325835,0,0.595237688263924,0,4.3360298740888,0.987629585259838,4.36436587818172,2.07373903275154,-0.426215802698537,-0.126390257949451,-0.126198366304056,0.300017436394481,0.000191891645394876
0.944,"payg",TRUE,4.80629763150009,1.20157440787502,0,3.10734102543829,6.28884841098546,-0.124453069756837,-0.130986744641663,0,0.600787203937512,0,4.37729062848634,0.987990795690073,4.40505570230372,2.09307290137594,-0.42252380867628,-0.124643094031379,-0.124453069756837,0.298070738919443,0.000190024274541623
0.946,"payg",TRUE,4.85110767052119,1.2127769176303,0,3.13631136462186,6.3486566045478,-0.122731932983191,-0.129173498887293,0,0.606388458815149,0,4.41891952905417,0.988341583445167,4.44612488549717,2.11258702338327,-0.41886379568282,-0.122920082146905,-0.122731932983191,0.296131862699629,0.000188149163714332
0.948,"payg",TRUE,4.89633548217126,1.22408387054281,0,3.1655517998604,6.40899909060606,-0.121034620580509,-0.127385427290017,0,0.612041935271407,0,4.4609203186202,0.988682242098908,4.48757696459982,2.13228307931058,-0.415235486690029,-0.12122088842883,-0.121034620580509,0.29420086610952,0.000186267848321792
0.95,"payg",TRUE,4.94198496142501,1.23549624035625,0,3.19506484931148,6.46988128942589,-0.11936080184307,-0.12562217722718,0,0.617748120178126,0,4.50329676990659,0.989013057369407,4.52941550942401,2.15216276536284,-0.411638607069465,-0.119545183625188,-0.11936080184307,0.292277805226394,0.000184381782117563
0.952,"payg",TRUE,4.98806003957076,1.24701500989269,0,3.22485305460993,6.5313086646776,-0.117710150694589,-0.123883401146428,0,0.623507504946346,0,4.54605268584697,0.98933430730529,4.57164412306414,2.1722277935591,-0.408072884571592,-0.117892643035447,-0.117710150694589,0.290362733877004,0.000182492340858265
0.954,"payg",TRUE,5.03456468454903,1.25864117113726,0,3.25491898108675,6.59328672389914,-0.116082345621789,-0.122168756487419,0,0.629320585568628,0,4.58919189990853,0.989646262468908,4.61426644220694,2.19247989187988,-0.404538049305174,-0.116262946447597,-0.116082345621789,0.288455703683385,0.000180600825807481
0.956,"payg",TRUE,5.08150290129414,1.27037572532354,0,3.28526521799,6.65582101896599,-0.114477069609006,-0.120477905604949,0,0.635187862661768,0,4.6327182764192,0.989949186116526,4.65728613744469,2.21292080441602,-0.40103383371684,-0.114655778076097,-0.114477069609006,0.286556764107834,0.000178708467091296
0.958,"payg",TRUE,5.12887873207926,1.28221968301981,0,3.3158943787078,6.71891714656823,-0.112894010073778,-0.118810515693468,0,0.641109841509907,0,4.67663571089967,0.990243334375449,4.7007069135913,2.23355229151881,-0.39755997257084,-0.11307082650069,-0.112894010073778,0.284665962497061,0.000176816426911655
0.96,"payg",TRUE,5.17669625686438,1.2941740642161,0,3.3468091009934,6.78258074869424,-0.111332858803432,-0.117166258712946,0,0.647087032108048,0,4.72094813040005,0.990528956418054,4.74453251000137,2.25437612995168,-0.394116202928965,-0.111507784606056,-0.111332858803432,0.282783344125533,0.000174925802623321
0.962,"payg",TRUE,5.22495959364781,1.30623989841195,0,3.37801204719232,6.84681751312124,-0.109793311892623,-0.115544811316069,0,0.653119949205976,0,4.76565949384132,0.990806294632712,4.78876670089222,2.27539411304313,-0.390702264130648,-0.109966349522303,-0.109793311892623,0.280908952238025,0.000173037629679768
0.964,"payg",TRUE,5.27367289882071,1.31841822470518,0,3.40950590447165,6.91163317391219,-0.108275069681827,-0.11394585477672,0,0.659209112352589,0,4.81077379236118,0.991075584791569,4.83341329566895,2.29660805084124,-0.38731789777323,-0.108446222566281,-0.108275069681827,0.279042828091403,0.000171152884453865
0.966,"payg",TRUE,5.32284036752508,1.33071009188127,0,3.44129338505144,6.9770335119192,-0.106777836696768,-0.112369074919733,0,0.665355045940635,0,4.85629504966448,0.991337056215187,4.87847613925245,2.3180197702695,-0.383962847692406,-0.106947109183706,-0.106777836696768,0.277185010995638,0.000169272486937905
0.968,"payg",TRUE,5.37246623401505,1.34311655850376,0,3.47337722643833,7.04302435529323,-0.105301321588757,-0.110814162051876,0,0.671558279251882,0,4.90222732237795,0.991590931934037,4.92395911241056,2.33963111528415,-0.380636859942834,-0.105468718892085,-0.105301321588757,0.275335538354077,0.000167397303328459
0.97,"payg",TRUE,5.42255477202152,1.35563869300538,0,3.50576019166122,7.10961157999991,-0.103845237075928,-0.10928081089404,0,0.67781934650269,0,4.94857470040925,0.99183742884684,4.96986613209227,2.36144394703302,-0.377339682778913,-0.104010765224428,-0.103845237075928,0.273494445702986,0.000165528148500377
0.972,"payg",TRUE,5.47311029512018,1.36827757378004,0,3.53844506950927,7.17680111034145,-0.102409299885364,-0.107768720514616,0,0.684138786890022,0,4.99534130731023,0.992076757875765,5.01620115176503,2.38346014401574,-0.37407106663573,-0.102572965673739,-0.102409299885364,0.271661766750366,0.00016366578837472
0.974,"payg",TRUE,5.52413715710305,1.38103428927576,0,3.57143467477207,7.24459891948463,-0.100993230696091,-0.10627759426402,0,0.690517144637881,0,5.04253130064446,0.992309124118492,5.06296816175524,2.40568160224558,-0.370830764110168,-0.101155041638276,-0.100993230696091,0.269837533414077,0.000161810942185148
0.976,"payg",TRUE,5.57563975235336,1.39390993808834,0,3.60473184848204,7.3130110299945,-0.0995967540829214,-0.104807139710347,0,0.69695496904417,0,5.09014887235865,0.992534726997152,5.11017118959188,2.42811023541271,-0.367618529942181,-0.099756718367568,-0.0995967540829214,0.26802177585926,0.000159964284646555
0.978,"payg",TRUE,5.62762251622406,1.40690562905601,0,3.63833945815907,7.38204351437407,-0.0982195984611427,-0.103357068576133,0,0.703452814528007,0,5.13819824915838,0.992753760404169,5.15781430035334,2.450747975049,-0.364434120996233,-0.0983777249091731,-0.0982195984611427,0.266214522535091,0.000158126448030357
0.98,"payg",TRUE,5.68008992541971,1.42002248135493,0,3.67226039805751,7.45170249560964,-0.0968614960320287,-0.101927096676194,0,0.710011240677464,0,5.18668369288759,0.992966412845005,5.20590159701755,2.47359677069434,-0.36127729624289,-0.0970177940561789,-0.0968614960320287,0.264415800210861,0.000156298024150195
0.982,"payg",TRUE,5.73304649838209,1.43326162459552,0,3.70649758941539,7.52199414772187,-0.0955221827291627,-0.100516943856524,0,0.716630812297761,0,5.23560950091219,0.993172867577862,5.25443722081527,2.49665859006458,-0.358147816740579,-0.0956766622954245,-0.0955221827291627,0.262625634011416,0.000154479566261773
0.984,"payg",TRUE,5.78649679567925,1.44662419891981,0,3.74105398070602,7.59292469632242,-0.0942013981655604,-0.0991263339342236,0,0.723312099459906,0,5.2849800065075,0.993373302750337,5.30342535158677,2.51993541922097,-0.355045445617503,-0.0943540697564407,-0.0942013981655604,0.260844047451942,0.000152671590880352
0.986,"payg",TRUE,5.8404454203983,1.46011135509957,0,3.77593254789187,7.66450041917615,-0.0928988855815751,-0.0977549946384455,0,0.730055677549787,0,5.33479957924954,0.993567891533081,5.35287020814176,2.54342926274116,-0.351969948053709,-0.0930497601610946,-0.0928988855815751,0.259071062472134,0.000150874579519511
0.988,"payg",TRUE,5.89489701854183,1.47372425463546,0,3.81113629468091,7.7367276467689,-0.0916143917935761,-0.0964026575523263,0,0.736862127317729,0,5.38507262541026,0.993756802250483,5.40277604862273,2.5671421438919,-0.34892109126332,-0.0917634807739302,-0.0916143917935761,0.257306699469744,0.000149088980354192
0.99,"payg",TRUE,5.94985627942801,1.487464069857,0,3.84666825278523,7.80961276288064,-0.0903476671433855,-0.0950690580558906,0,0.743732034928501,0,5.43580358835648,0.993940198508416,5.45314717087166,2.59107610480322,-0.345898644476909,-0.0904949823531971,-0.0903476671433855,0.255550977333524,0.000147315209811538
0.992,"payg",TRUE,6.00532793609441,1.5013319840236,0,3.88253148218219,7.88316220516421,-0.0890984654484614,-0.0937539352699033,0,0.750665992011802,0,5.48699694895265,0.994118239319079,5.50398791280015,2.61523320664434,-0.342902378924036,-0.0892440191025536,-0.0890984654484614,0.253803913475575,0.00014555365409219
0.994,"payg",TRUE,6.06131676570564,1.51532919142641,0,3.91872907137788,7.95738246572922,-0.0878665439528151,-0.0924570320006531,0,0.757664595713205,0,5.53865722596737,0.994291079222977,5.55530265276295,2.63961552980115,-0.339932067815931,-0.0880103486234403,-0.0878665439528151,0.252065523863116,0.000143804670625233
0.996,"payg",TRUE,6.11782758996472,1.52945689749118,0,3.95526413767313,8.03228009173163,-0.0866516632786502,-0.0911780946856441,0,0.76472844874559,0,5.59078897648365,0.994458868408073,5.60709580993508,2.66422517405536,-0.336987486328328,-0.0867937318681097,-0.0866516632786502,0.250335823049678,0.000142068589459546
0.998,"payg",TRUE,6.17486527552834,1.54371631888208,0,3.99213982743198,8.10786168596839,-0.0854535873787126,-0.0899168733401823,0,0.771858159441042,0,5.64339679631291,0.994621752826151,5.65937184469238,2.68906425876539,-0.334068411584448,-0.0855939330933065,-0.0854535873787126,0.248614824205735,0.00014034571459394
1,"payg",TRUE,6.23243473442598,1.5581086836065,0,4.02935931635262,8.18413390747765,-0.0842720834893381,-0.0886731215048331,0,0.779054341803248,0,5.69648532041267,0.994779874306442,5.71213525899564,2.71413492304881,-0.33117462263813,-0.0844107198145873,-0.0842720834893381,0.246902539148792,0.000138636325249214
