"cohort","life_stage","policy","i","weight","choice","pension_class","formal","wage","solidarity_eligible","consumption_young","consumption_old","experienced_utility","baseline_utility","welfare_cev"
-1,"old_at_reform","Law 2381 pillars",0,0.000223648618482682,"informal","informal",FALSE,0.0982702368145369,TRUE,NA,0.177393902730137,-3.26365929791023,-8.22106346280976,0.851322688847445
-1,"old_at_reform","Law 2381 pillars",0.01,0.000530074028894635,"informal","informal",FALSE,0.10116179868178,TRUE,NA,0.180287745087243,-3.18539678659708,-7.87111378854188,0.827742885687787
-1,"old_at_reform","Law 2381 pillars",0.02,0.000625857596014926,"informal","informal",FALSE,0.104138443584366,TRUE,NA,0.183266737582182,-3.10804554812052,-7.53606057810428,0.804837076669614
-1,"old_at_reform","Law 2381 pillars",0.03,0.00073622950670148,"informal","informal",FALSE,0.107202675056107,TRUE,NA,0.186333385723229,-3.03163446073958,-7.21526972707863,0.782585996657434
-1,"old_at_reform","Law 2381 pillars",0.04,0.000862878406729994,"informal","informal",FALSE,0.110357070296282,TRUE,NA,0.189490268742224,-2.95619093147954,-6.90813412325213,0.760970931181439
-1,"old_at_reform","Law 2381 pillars",0.05,0.00100759191313581,"informal","informal",FALSE,0.113604282337214,TRUE,NA,0.192740041763858,-2.88174086308812,-6.61407249762825,0.739973700697533
-1,"old_at_reform","Law 2381 pillars",0.06,0.00117224512608808,"informal","informal",FALSE,0.116947042275625,TRUE,NA,0.19608543803879,-2.80830862588438,-6.33252832434703,0.719576645297265
-1,"old_at_reform","Law 2381 pillars",0.07,0.00135878545245099,"informal","informal",FALSE,0.120388161569651,TRUE,NA,0.199529271242471,-2.73591703452833,-6.06296876743297,0.699762609854809
-1,"old_at_reform","Law 2381 pillars",0.08,0.00156921348536889,"informal","informal",FALSE,0.123930534403444,TRUE,NA,0.20307443784161,-2.66458732971234,-5.80488367237711,0.680514929598482
-1,"old_at_reform","Law 2381 pillars",0.09,0.00180555975146526,"informal","informal",FALSE,0.127577140121352,TRUE,NA,0.206723919530275,-2.59433916474979,-5.55778460064497,0.661817416094697
-1,"old_at_reform","Law 2381 pillars",0.1,0.00206985722142662,"informal","informal",FALSE,0.13133104573372,TRUE,NA,0.210480785737674,-2.52519059701114,-5.32120390528296,0.643654343632534
-1,"old_at_reform","Law 2381 pillars",0.11,0.00236410958058029,"informal","informal",FALSE,0.135195408496429,TRUE,NA,0.214348196209723,-2.45715808413371,-5.09469384587389,0.626010435997488
-1,"old_at_reform","Law 2381 pillars",0.12,0.00269025537259384,"informal","informal",FALSE,0.139173478566336,TRUE,NA,0.218329403666581,-2.39025648490799,-4.87782574116657,0.608870853623277
-1,"old_at_reform","Law 2381 pillars",0.13,0.0030501282598838,"informal","informal",FALSE,0.143268601734844,TRUE,NA,0.222427756538378,-2.32449906472198,-4.67018915777577,0.592221181110887
-1,"old_at_reform","Law 2381 pillars",0.14,0.00344541378616971,"informal","informal",FALSE,0.147484222241911,TRUE,NA,0.226646701781444,-2.25989750542444,-4.4713911334172,0.576047415104374
-1,"old_at_reform","Law 2381 pillars",0.15,0.0038776031764757,"informal","informal",FALSE,0.151823885672859,TRUE,NA,0.2309897877774,-2.19646191944935,-4.28105543320733,0.560335952513217
-1,"old_at_reform","Law 2381 pillars",0.16,0.00434794486360459,"informal","informal",FALSE,0.156291241940422,TRUE,NA,0.235460667317557,-2.13420086802641,-4.09882183762071,0.545073579071315
-1,"old_at_reform","Law 2381 pillars",0.17,0.00485739458280167,"informal","informal",FALSE,0.160890048354533,TRUE,NA,0.240063100675131,-2.07312138328728,-3.92434546075702,0.530247458223014
-1,"old_at_reform","Law 2381 pillars",0.18,0.00540656502249209,"informal","informal",FALSE,0.16562417278245,TRUE,NA,0.24480095876785,-2.01322899406351,-3.75729609762789,0.515845120326804
-1,"old_at_reform","Law 2381 pillars",0.19,0.00599567615266305,"informal","informal",FALSE,0.170497596901852,TRUE,NA,0.249678226413628,-1.95452775515998,-3.59735759922789,0.501854452167613
-1,"old_at_reform","Law 2381 pillars",0.2,0.00662450746745946,"informal","informal",FALSE,0.175514419549674,TRUE,NA,0.25469900568203,-1.89702027987816,-3.44422727420731,0.488263686768887
-1,"old_at_reform","Law 2381 pillars",0.21,0.00729235346863131,"informal","informal",FALSE,0.180678860169461,TRUE,NA,0.259867519344353,-1.84070777555482,-3.29761531601408,0.475061393495861
-1,"old_at_reform","Law 2381 pillars",0.22,0.00799798377561329,"informal","informal",FALSE,0.185995262360176,TRUE,NA,0.26518811442523,-1.78559008187579,-3.15724425442085,0.462236468441727
-1,"old_at_reform","Law 2381 pillars",0.23,0.0087396092707509,"informal","informal",FALSE,0.19146809752942,TRUE,NA,0.270665265858728,-1.73166571171969,-3.02284843039918,0.449778125088591
-1,"old_at_reform","Law 2381 pillars",0.24,0.0095148556698428,"informal","informal",FALSE,0.197101968654148,TRUE,NA,0.276303580252035,-1.67893189428379,-2.89417349334696,0.437675885235377
-1,"old_at_reform","Law 2381 pillars",0.25,0.010320745845168,"informal","informal",FALSE,0.202901614152046,TRUE,NA,0.282107799759889,-1.62738462024297,-2.77097591971756,0.425919570185041
-1,"old_at_reform","Law 2381 pillars",0.26,0.0111536921182913,"informal","informal",FALSE,0.208871911866819,TRUE,NA,0.288082806073006,-1.57701868869325,-2.65302255213974,0.414499292183687
-1,"old_at_reform","Law 2381 pillars",0.27,0.0120094995825537,"informal","informal",FALSE,0.215017883170746,TRUE,NA,0.294233624523873,-1.52782775563346,-2.54009015815609,0.403405446104387
-1,"old_at_reform","Law 2381 pillars",0.28,0.0128833813113884,"informal","informal",FALSE,0.221344697187946,FALSE,NA,0.221519265245409,-2.33881351421974,-2.43196500774471,0.0263791428641944
-1,"old_at_reform","Law 2381 pillars",0.29,0.0137699860614464,"informal","informal",FALSE,0.227857675141922,FALSE,NA,0.228037379793684,-2.23925619646188,-2.32844246882488,0.0263791428641942
-1,"old_at_reform","Law 2381 pillars",0.3,0.0146634387938913,"informal","informal",FALSE,0.234562294831019,FALSE,NA,0.234747287219285,-2.14393677944252,-2.22932661998088,0.0263791428641942
-1,"old_at_reform","Law 2381 pillars",0.31,0.0155573940198842,"informal","informal",FALSE,0.241464195235578,FALSE,NA,0.24165463094985,-2.05267486655122,-2.13442987967128,0.0263791428641944
-1,"old_at_reform","Law 2381 pillars",0.32,0.0164451016357299,"informal","informal",FALSE,0.248569181260649,FALSE,NA,0.248765220468586,-1.96529774020047,-2.04357265122175,0.0263791428641944
-1,"old_at_reform","Law 2381 pillars",0.33,0.0173194845593781,"informal","informal",FALSE,0.255883228618258,FALSE,NA,0.256085036200391,-1.88164003494934,-1.95658298292969,0.0263791428641944
-1,"old_at_reform","Law 2381 pillars",0.34,0.0181732271241403,"informal","informal",FALSE,0.263412488853338,FALSE,NA,0.263620234541737,-1.80154342454136,-1.87329624263729,0.0263791428641944
-1,"old_at_reform","Law 2381 pillars",0.35,0.0189988728395791,"informal","informal",FALSE,0.271163294517532,FALSE,NA,0.271377153038566,-1.72485632226442,-1.79355480615723,0.0263791428641942
-1,"old_at_reform","Law 2381 pillars",0.36,0.0197889298058682,"informal","informal",FALSE,0.279142164495251,FALSE,NA,0.279362315716541,-1.65143359406558,-1.71720775896125,0.0263791428641944
-1,"old_at_reform","Law 2381 pillars",0.37,0.0205359817787106,"informal","informal",FALSE,0.287355809486434,FALSE,NA,0.287582438568134,-1.58113628387783,-1.64411061056709,0.0263791428641944
-1,"old_at_reform","Law 2381 pillars",0.38,0.0212328026386743,"informal","informal",FALSE,0.295811137650645,FALSE,NA,0.296044435201171,-1.51383135063905,-1.57412502108331,0.0263791428641944
-1,"old_at_reform","Law 2381 pillars",0.39,0.0218724718319488,"informal","informal",FALSE,0.304515260417243,FALSE,NA,0.304755422653584,-1.44939141650532,-1.50711853939429,0.0263791428641942
-1,"old_at_reform","Law 2381 pillars",0.4,0.0224484882277816,"informal","informal",FALSE,0.313475498466509,FALSE,NA,0.313722727379263,-1.38769452578222,-1.44296435249013,0.0263791428641942
-1,"old_at_reform","Law 2381 pillars",0.41,0.0229548797878943,"informal","informal",FALSE,0.322699387886776,FALSE,NA,0.32295389141003,-1.32862391411772,-1.38154104546684,0.0263791428641942
-1,"old_at_reform","Law 2381 pillars",0.42,0.0233863064692461,"informal","informal",FALSE,0.332194686512717,FALSE,NA,0.332456678698935,-1.27206778752007,-1.32273237174282,0.0263791428641944
-1,"old_at_reform","Law 2381 pillars",0.43,0.0237381538851594,"informal","informal",FALSE,0.341969380450147,FALSE,NA,0.3422390816502,-1.21791911078218,-1.26642703305653,0.0263791428641944
-1,"old_at_reform","Law 2381 pillars",0.44,0.0240066154297712,"informal","informal",FALSE,0.352031690792804,FALSE,NA,0.352309327841299,-1.16607540491239,-1.21251846882916,0.0263791428641944
-1,"old_at_reform","Law 2381 pillars",0.45,0.0241887608228689,"informal","informal",FALSE,0.362390080536777,FALSE,NA,0.362675886942835,-1.11643855318792,-1.16090465449357,0.0263791428641944
-1,"old_at_reform","Law 2381 pillars",0.46,0.0242825893494975,"informal","informal",FALSE,0.373053261698382,FALSE,NA,0.373347477842036,-1.06891461546434,-1.11148790840787,0.0263791428641946
-1,"old_at_reform","Law 2381 pillars",0.47,0.0242870664418367,"capitalization","funded_only",TRUE,0.482547399410297,FALSE,NA,0.630831277779403,-0.486679463367566,-0.506063188750111,0.0263791428641944
-1,"old_at_reform","Law 2381 pillars",0.48,0.0242021426680683,"capitalization","funded_only",TRUE,0.50546517963637,FALSE,NA,0.660791552358747,-0.453958470995625,-0.472038967501419,0.0263791428641942
-1,"old_at_reform","Law 2381 pillars",0.49,0.0240287546408929,"capitalization","funded_only",TRUE,0.529471401435503,FALSE,NA,0.692174739980751,-0.423437413945375,-0.440302301754321,0.0263791428641944
-1,"old_at_reform","Law 2381 pillars",0.5,0.0237688078223462,"capitalization","funded_only",TRUE,0.554617758516525,FALSE,NA,0.725048419516282,-0.394968383639823,-0.410699391951302,0.026379142864194
-1,"old_at_reform","Law 2381 pillars",0.51,0.0234251416663332,"capitalization","funded_only",TRUE,0.58095839969435,FALSE,NA,0.759483379381452,-0.368413415861213,-0.383086778963254,0.0263791428641942
-1,"old_at_reform","Law 2381 pillars",0.52,0.0230014779905107,"capitalization","funded_only",TRUE,0.608550045491129,FALSE,NA,0.795553769969589,-0.343643822160458,-0.357330648869921,0.0263791428641944
-1,"old_at_reform","Law 2381 pillars",0.53,0.0225023538900762,"capitalization","funded_only",TRUE,0.637452110275182,FALSE,NA,0.833337263322714,-0.320539566218011,-0.33330618448215,0.0263791428641944
-1,"old_at_reform","Law 2381 pillars",0.54,0.0219330408840984,"capitalization","funded_only",TRUE,0.667726830200698,FALSE,NA,0.872915220386344,-0.298988682133955,-0.310896960463333,0.0263791428641942
-1,"old_at_reform","Law 2381 pillars",0.55,0.0212994523083938,"capitalization","funded_only",TRUE,0.699439397223736,FALSE,NA,0.914372866207783,-0.278886731828291,-0.289994379118746,0.026379142864194
-1,"old_at_reform","Law 2381 pillars",0.56,0.0206080412279339,"capitalization","funded_only",TRUE,0.732658099483078,FALSE,NA,0.95779947345516,-0.260136298921905,-0.270497144118542,0.0263791428641944
-1,"old_at_reform","Law 2381 pillars",0.57,0.0198656913291574,"capitalization","funded_only",TRUE,0.767454468348241,FALSE,NA,1.0032885546524,-0.242646516645515,-0.252310769604008,0.0263791428641944
-1,"old_at_reform","Law 2381 pillars",0.58,0.0190796033639485,"capitalization","funded_only",TRUE,0.803903432451283,FALSE,NA,1.05093806354408,-0.226332627488784,-0.23534712229815,0.026379142864194
-1,"old_at_reform","Law 2381 pillars",0.59,0.0182571797508447,"capitalization","funded_only",TRUE,0.842083479034104,FALSE,NA,1.10085060602375,-0.211115572455605,-0.219523994401627,0.0263791428641942
-1,"old_at_reform","Law 2381 pillars",0.6,0.0174059098965294,"capitalization","funded_only",TRUE,0.882076822958648,FALSE,NA,1.15313366107994,-0.196921607935058,-0.204764705204234,0.026379142864194
-1,"old_at_reform","Law 2381 pillars",0.61,0.0165332586858387,"capitalization","funded_only",TRUE,0.923969583743979,FALSE,NA,1.20789981223569,-0.183681948331326,-0.190997729481303,0.0263791428641942
-1,"old_at_reform","Law 2381 pillars",0.62,0.0156465604078046,"capitalization","funded_only",TRUE,0.967851971011423,FALSE,NA,1.26526698997981,-0.171332432720733,-0.178156350874177,0.0263791428641942
-1,"old_at_reform","Law 2381 pillars",0.63,0.0147529201472209,"capitalization","funded_only",TRUE,1.01381847873713,FALSE,NA,1.32535872571208,-0.159813213920479,-0.166178338575013,0.0263791428641946
-1,"old_at_reform","Law 2381 pillars",0.64,0.0138591243861013,"capitalization","funded_only",TRUE,1.06196808873031,FALSE,NA,1.38830441774917,-0.149068468462259,-0.155005645749082,0.0263791428641944
-1,"old_at_reform","Law 2381 pillars",0.65,0.0129715622386452,"capitalization","funded_only",TRUE,1.11240448377537,FALSE,NA,1.45423960996395,-0.139046126065274,-0.14458412823308,0.0263791428641942
-1,"old_at_reform","Law 2381 pillars",0.66,0.0120961583990884,"capitalization","funded_only",TRUE,1.16523627089683,FALSE,NA,1.52330628365846,-0.129697617297618,-0.134863282146247,0.0263791428641942
-1,"old_at_reform","Law 2381 pillars",0.67,0.0112383185264294,"capitalization","funded_only",TRUE,1.22057721522789,FALSE,NA,1.59565316329877,-0.120977638203186,-0.125795999142712,0.0263791428641944
-1,"old_at_reform","Law 2381 pillars",0.68,0.0104028874355191,"capitalization","funded_only",TRUE,1.27854648498611,FALSE,NA,1.67143603677028,-0.112843930753459,-0.11733833811899,0.0263791428641942
-1,"old_at_reform","Law 2381 pillars",0.69,0.00959412012165592,"capitalization","funded_only",TRUE,1.3392689080839,FALSE,NA,1.75081809084301,-0.105257078060201,-0.109449312270312,0.0263791428641942
-1,"old_at_reform","Law 2381 pillars",0.7,0.00881566532576298,"capitalization","funded_only",TRUE,1.40287524092621,FALSE,NA,1.83397026256916,-0.0981803133566537,-0.102090690463814,0.0263791428641944
-1,"old_at_reform","Law 2381 pillars",0.71,0.00807056105809019,"capitalization","funded_only",TRUE,1.46950244997434,FALSE,NA,1.92107160736985,-0.0915793418215315,-0.0952268119660484,0.026379142864194
-1,"old_at_reform","Law 2381 pillars",0.72,0.00736124124713052,"capitalization","funded_only",TRUE,1.53929400668223,FALSE,NA,2.01230968460341,-0.0854221743823403,-0.0888244136269344,0.0263791428641944
-1,"old_at_reform","Law 2381 pillars",0.73,0.00668955247216793,"capitalization","funded_only",TRUE,1.6124001964401,FALSE,NA,2.10788096144564,-0.0796789726926315,-0.0828524686826826,0.0263791428641942
-1,"old_at_reform","Law 2381 pillars",0.74,0.00605677957576838,"capitalization","funded_only",TRUE,1.68897844219098,FALSE,NA,2.20799123595166,-0.0743219045319174,-0.0772820363965043,0.0263791428641944
-1,"old_at_reform","Law 2381 pillars",0.75,0.00546367883789977,"capitalization","funded_only",TRUE,1.76919364341683,FALSE,NA,2.31285608021043,-0.0693250089275094,-0.0720861218084497,0.0263791428641942
-1,"old_at_reform","Law 2381 pillars",0.76,0.0049105173257538,"capitalization","funded_only",TRUE,1.85321853122421,FALSE,NA,2.42270130454607,-0.0646640703446364,-0.0672395449147053,0.0263791428641944
-1,"old_at_reform","Law 2381 pillars",0.77,0.00439711701067287,"capitalization","funded_only",TRUE,1.94123404029417,FALSE,NA,2.53776344376567,-0.0603165013351597,-0.06271881864238,0.0263791428641942
-1,"old_at_reform","Law 2381 pillars",0.78,0.00392290226240524,"payg","payg_only",TRUE,2.03342969849729,FALSE,NA,2.71110605773327,-0.0546252058886473,-0.0579475448851369,0.0401467963281004
-1,"old_at_reform","Law 2381 pillars",0.79,0.00348694938664893,"payg","payg_only",TRUE,2.13000403501279,FALSE,NA,2.85797004035041,-0.0504691906504048,-0.053538758215256,0.0401467963281001
-1,"old_at_reform","Law 2381 pillars",0.8,0.00308803695908519,"payg","payg_only",TRUE,2.23116500783064,FALSE,NA,3.01024886230138,-0.0466884274744624,-0.0495280466714935,0.0401467963281001
-1,"old_at_reform","Law 2381 pillars",0.81,0.00272469582188591,"payg","payg_only",TRUE,2.33713045155711,FALSE,NA,3.16830689868393,-0.0432386358217736,-0.0458684365448779,0.0401467963281001
-1,"old_at_reform","Law 2381 pillars",0.82,0.0023952577407798,"payg","payg_only",TRUE,2.44812854648811,FALSE,NA,3.33252462288617,-0.0400823150732872,-0.0425201464053837,0.0401467963281001
-1,"old_at_reform","Law 2381 pillars",0.83,0.00209790186595431,"payg","payg_only",TRUE,2.56439830996037,FALSE,NA,3.50329771994697,-0.0371875252819638,-0.0394492936985271,0.0401467963281001
-1,"old_at_reform","Law 2381 pillars",0.84,0.00183069829236669,"payg","payg_only",TRUE,2.68619011103857,FALSE,NA,3.68103661821835,-0.0345269043267754,-0.0366268521220614,0.0401467963281001
-1,"old_at_reform","Law 2381 pillars",0.85,0.00159164816888775,"payg","payg_only",TRUE,2.81376620964664,FALSE,NA,3.86616637639858,-0.0320768740386242,-0.0340278094679797,0.0401467963281001
-1,"old_at_reform","Law 2381 pillars",0.86,0.00137871995615396,"payg","payg_only",TRUE,2.94740132130414,FALSE,NA,4.05912686823509,-0.0298169975638875,-0.0316304859005114,0.0401467963281001
-1,"old_at_reform","Law 2381 pillars",0.87,0.00118988157581876,"payg","payg_only",TRUE,3.08738320868397,FALSE,NA,4.26037321407344,-0.0277294579213214,-0.0294159807985316,0.0401467963281001
-1,"old_at_reform","Law 2381 pillars",0.88,0.0010231283256207,"payg","payg_only",TRUE,3.23401330126504,FALSE,NA,4.47037641586809,-0.0257986338089219,-0.0273677227627331,0.0401467963280999
-1,"old_at_reform","Law 2381 pillars",0.89,0.000876506552691064,"payg","payg_only",TRUE,3.38760734441431,FALSE,NA,4.6896241595799,-0.0240107535602523,-0.0254711025253608,0.0401467963281001
-1,"old_at_reform","Law 2381 pillars",0.9,0.000748133179985062,"payg","payg_only",TRUE,3.54849607929588,FALSE,NA,4.91862175565789,-0.0223536119970485,-0.0237131725816179,0.0401467963280999
-1,"old_at_reform","Law 2381 pillars",0.91,0.000636211266591,"payg","payg_only",TRUE,3.71702595507133,FALSE,NA,5.15789319433512,-0.0208163379840733,-0.0220824006070604,0.0401467963280999
-1,"old_at_reform","Law 2381 pillars",0.92,0.000539041851611795,"payg","payg_only",TRUE,3.89355987492467,FALSE,NA,5.40798229768913,-0.0193892029270216,-0.0205684663082271,0.0401467963281001
-1,"old_at_reform","Law 2381 pillars",0.93,0.000455032383605845,"payg","payg_only",TRUE,4.07847797751858,FALSE,NA,5.66945395483887,-0.0180634623941705,-0.019162093411619,0.0401467963281001
-1,"old_at_reform","Law 2381 pillars",0.94,0.00038270207402884,"payg","payg_only",TRUE,4.27217845556463,FALSE,NA,5.94289543033195,-0.0168312245895838,-0.0178549101373626,0.0401467963281001
-1,"old_at_reform","Law 2381 pillars",0.95,0.000320684534961157,"payg","payg_only",TRUE,4.47507841327002,FALSE,NA,6.22891773880185,-0.0156853406407966,-0.0166393328141235,0.0401467963280997
-1,"old_at_reform","Law 2381 pillars",0.96,0.000267728070175611,"payg","payg_only",TRUE,4.68761476450742,FALSE,NA,6.52815708143495,-0.0146193126509067,-0.0155084683388686,0.0401467963280999
-1,"old_at_reform","Law 2381 pillars",0.97,0.000222693986042829,"payg","payg_only",TRUE,4.91024517364187,FALSE,NA,6.8412763417723,-0.0136272162544825,-0.014456032022576,0.0401467963281001
-1,"old_at_reform","Law 2381 pillars",0.98,0.00018455327674269,"payg","payg_only",TRUE,5.14344904104055,FALSE,NA,7.16896663996192,-0.0127036350487836,-0.0134762780335219,0.0401467963281004
-1,"old_at_reform","Law 2381 pillars",0.99,0.000152382018630337,"payg","payg_only",TRUE,5.38772853538789,FALSE,NA,7.51194894584972,-0.01184360477833,-0.0125639401871204,0.0401467963281001
-1,"old_at_reform","Law 2381 pillars",1,6.26778916131105e-05,"payg","payg_only",TRUE,5.64360967502859,FALSE,NA,7.87097575231092,-0.0110425655571478,-0.0117141812622967,0.0401467963281001
0,"young_lifetime","Law 100",0,0.000223648618482682,"informal","informal",FALSE,0.0982702368145369,TRUE,0.0749177313590632,0.0958200878748886,-37.4437493418334,-37.4437493418334,0
0,"young_lifetime","Law 100",0.01,0.000530074028894635,"informal","informal",FALSE,0.10116179868178,FALSE,0.0771221552233004,0.0986395551031786,-35.8498645670935,-35.8498645670935,0
0,"young_lifetime","Law 100",0.02,0.000625857596014926,"informal","informal",FALSE,0.104138443584366,FALSE,0.0793914433657941,0.101541984011297,-34.3238273962876,-34.3238273962876,0
0,"young_lifetime","Law 100",0.03,0.00073622950670148,"informal","informal",FALSE,0.107202675056107,FALSE,0.0817275043916279,0.10452981571303,-32.8627497302052,-32.8627497302052,0
0,"young_lifetime","Law 100",0.04,0.000862878406729994,"informal","informal",FALSE,0.110357070296282,FALSE,0.0841323030658161,0.107605563150946,-31.4638664086426,-31.4638664086426,0
0,"young_lifetime","Law 100",0.05,0.00100759191313581,"informal","informal",FALSE,0.113604282337214,FALSE,0.0866078619657865,0.11077181320993,-30.1245299772036,-30.1245299772036,0
0,"young_lifetime","Law 100",0.06,0.00117224512608808,"informal","informal",FALSE,0.116947042275625,FALSE,0.0891562631824879,0.114031228892907,-28.842205676864,-28.842205676864,0
0,"young_lifetime","Law 100",0.07,0.00135878545245099,"informal","informal",FALSE,0.120388161569651,FALSE,0.0917796500715506,0.117386551560582,-27.6144666468168,-27.6144666468168,0
0,"young_lifetime","Law 100",0.08,0.00156921348536889,"informal","informal",FALSE,0.123930534403444,FALSE,0.0944802290559754,0.120840603237086,-26.4389893315217,-26.4389893315217,0
0,"young_lifetime","Law 100",0.09,0.00180555975146526,"informal","informal",FALSE,0.127577140121352,FALSE,0.097260271481865,0.124396288983468,-25.3135490832626,-25.3135490832626,0
0,"young_lifetime","Law 100",0.1,0.00206985722142662,"informal","informal",FALSE,0.13133104573372,FALSE,0.10012211552876,0.128056599341017,-24.2360159518952,-24.2360159518952,0
0,"young_lifetime","Law 100",0.11,0.00236410958058029,"informal","informal",FALSE,0.135195408496429,FALSE,0.103068168176186,0.131824612846491,-23.2043506538124,-23.2043506538124,0
0,"young_lifetime","Law 100",0.12,0.00269025537259384,"informal","informal",FALSE,0.139173478566336,FALSE,0.106100907228065,0.13570349862134,-22.216600712502,-22.216600712502,0
0,"young_lifetime","Law 100",0.13,0.0030501282598838,"informal","informal",FALSE,0.143268601734844,FALSE,0.109222883396694,0.13969651903713,-21.27089676339,-21.27089676339,0
0,"young_lifetime","Law 100",0.14,0.00344541378616971,"informal","informal",FALSE,0.147484222241911,FALSE,0.112436722448046,0.143807032459385,-20.3654490159778,-20.3654490159778,0
0,"young_lifetime","Law 100",0.15,0.0038776031764757,"informal","informal",FALSE,0.151823885672859,FALSE,0.115745127410193,0.148038496072174,-19.498543866577,-19.498543866577,0
0,"young_lifetime","Law 100",0.16,0.00434794486360459,"informal","informal",FALSE,0.156291241940422,FALSE,0.11915088084671,0.152394468785806,-18.6685406552316,-18.6685406552316,0
0,"young_lifetime","Law 100",0.17,0.00485739458280167,"informal","informal",FALSE,0.160890048354533,FALSE,0.122656847196979,0.156878614230081,-17.8738685606894,-17.8738685606894,0
0,"young_lifetime","Law 100",0.18,0.00540656502249209,"informal","informal",FALSE,0.16562417278245,FALSE,0.126265975185348,0.161494703835622,-17.1130236275471,-17.1130236275471,0
0,"young_lifetime","Law 100",0.19,0.00599567615266305,"informal","informal",FALSE,0.170497596901852,FALSE,0.129981300301184,0.166246620005866,-16.3845659199415,-16.3845659199415,0
0,"young_lifetime","Law 100",0.2,0.00662450746745946,"informal","informal",FALSE,0.175514419549674,FALSE,0.133805947351897,0.1711383593824,-15.6871167964014,-15.6871167964014,0
0,"young_lifetime","Law 100",0.21,0.00729235346863131,"informal","informal",FALSE,0.180678860169461,FALSE,0.137743133091087,0.176174036206366,-15.0193563007019,-15.0193563007019,0
0,"young_lifetime","Law 100",0.22,0.00799798377561329,"informal","informal",FALSE,0.185995262360176,FALSE,0.141796168924026,0.181357885778786,-14.3800206637833,-14.3800206637833,0
0,"young_lifetime","Law 100",0.23,0.0087396092707509,"informal","informal",FALSE,0.19146809752942,FALSE,0.145968463692743,0.186694268022694,-13.7678999120069,-13.7678999120069,0
0,"young_lifetime","Law 100",0.24,0.0095148556698428,"informal","informal",FALSE,0.197101968654148,FALSE,0.15026352654306,0.192187671150093,-13.1818355772215,-13.1818355772215,0
0,"young_lifetime","Law 100",0.25,0.010320745845168,"informal","informal",FALSE,0.202901614152046,FALSE,0.154684969875992,0.197842715436804,-12.6207185043064,-12.6207185043064,0
0,"young_lifetime","Law 100",0.26,0.0111536921182913,"informal","informal",FALSE,0.208871911866819,FALSE,0.159236512385991,0.203664157108391,-12.0834867520412,-12.0834867520412,0
0,"young_lifetime","Law 100",0.27,0.0120094995825537,"informal","informal",FALSE,0.215017883170746,FALSE,0.163921982188583,0.209656892340425,-11.5691235833312,-11.5691235833312,0
0,"young_lifetime","Law 100",0.28,0.0128833813113884,"informal","informal",FALSE,0.221344697187946,FALSE,0.168745320040042,0.215825961376458,-11.0766555409828,-11.0766555409828,0
0,"young_lifetime","Law 100",0.29,0.0137699860614464,"informal","informal",FALSE,0.227857675141922,FALSE,0.173710582651796,0.222176552767165,-10.605150605389,-10.605150605389,0
0,"young_lifetime","Law 100",0.3,0.0146634387938913,"informal","informal",FALSE,0.234562294831019,FALSE,0.178821946102364,0.228714007734222,-10.153716430637,-10.153716430637,0
0,"young_lifetime","Law 100",0.31,0.0155573940198842,"informal","informal",FALSE,0.241464195235578,FALSE,0.18408370934968,0.235443824662583,-9.72149865570018,-9.72149865570018,0
0,"young_lifetime","Law 100",0.32,0.0164451016357299,"informal","informal",FALSE,0.248569181260649,FALSE,0.189500297846772,0.242371663724953,-9.30767928751892,-9.30767928751892,0
0,"young_lifetime","Law 100",0.33,0.0173194845593781,"informal","informal",FALSE,0.255883228618258,FALSE,0.19507626726383,0.249503351642323,-8.91147515290884,-8.91147515290884,0
0,"young_lifetime","Law 100",0.34,0.0181732271241403,"informal","informal",FALSE,0.263412488853338,FALSE,0.20081630731979,0.256844886584584,-8.5321364163677,-8.5321364163677,0
0,"young_lifetime","Law 100",0.35,0.0189988728395791,"informal","informal",FALSE,0.271163294517532,FALSE,0.206725245726668,0.264402443215346,-8.16894516097547,-8.16894516097547,0
0,"young_lifetime","Law 100",0.36,0.0197889298058682,"informal","informal",FALSE,0.279142164495251,FALSE,0.212808052249947,0.272182377885192,-7.82121402970179,-7.82121402970179,0
0,"young_lifetime","Law 100",0.37,0.0205359817787106,"informal","informal",FALSE,0.287355809486434,FALSE,0.219069842888444,0.28019123397774,-7.48828492454949,-7.48828492454949,0
0,"young_lifetime","Law 100",0.38,0.0212328026386743,"informal","informal",FALSE,0.295811137650645,FALSE,0.225515884177167,0.288435747413022,-7.1695277610723,-7.1695277610723,0
0,"young_lifetime","Law 100",0.39,0.0218724718319488,"informal","informal",FALSE,0.304515260417243,FALSE,0.232151597616781,0.296922852312781,-6.86433927590955,-6.86433927590955,0
0,"young_lifetime","Law 100",0.4,0.0224484882277816,"informal","informal",FALSE,0.313475498466509,FALSE,0.238982564233409,0.305659686832484,-6.57214188508102,-6.57214188508102,0
0,"young_lifetime","Law 100",0.41,0.0229548797878943,"informal","informal",FALSE,0.322699387886776,FALSE,0.246014529272604,0.314653599164925,-6.29238259088134,-6.29238259088134,0
0,"young_lifetime","Law 100",0.42,0.0233863064692461,"informal","informal",FALSE,0.332194686512717,FALSE,0.25325340703144,0.323912153720494,-6.02453193530506,-6.02453193530506,0
0,"young_lifetime","Law 100",0.43,0.0237381538851594,"informal","informal",FALSE,0.341969380450147,FALSE,0.260705285832786,0.333443137489285,-5.76808299802172,-5.76808299802172,0
0,"young_lifetime","Law 100",0.44,0.0240066154297712,"informal","informal",FALSE,0.352031690792804,FALSE,0.268376433145938,0.343254566590423,-5.52255043700461,-5.52255043700461,0
0,"young_lifetime","Law 100",0.45,0.0241887608228689,"informal","informal",FALSE,0.362390080536777,FALSE,0.27627330085794,0.353354693014083,-5.28746956999751,-5.28746956999751,0
0,"young_lifetime","Law 100",0.46,0.0242825893494975,"informal","informal",FALSE,0.373053261698382,FALSE,0.28440253069999,0.363752011561907,-5.06239549508098,-5.06239549508098,0
0,"young_lifetime","Law 100",0.47,0.0242870664418367,"capitalization","funded_only",TRUE,0.482547399410297,FALSE,0.288424126722158,0.614618177079297,-4.60752987952515,-4.60752987952515,0
0,"young_lifetime","Law 100",0.48,0.0242021426680683,"capitalization","funded_only",TRUE,0.50546517963637,FALSE,0.302122347365753,0.643808437605966,-4.29775114138355,-4.29775114138355,0
0,"young_lifetime","Law 100",0.49,0.0240287546408929,"capitalization","funded_only",TRUE,0.529471401435503,FALSE,0.316471142047426,0.674385040648021,-4.00879980297973,-4.00879980297973,0
0,"young_lifetime","Law 100",0.5,0.0237688078223462,"capitalization","funded_only",TRUE,0.554617758516525,FALSE,0.331501408691078,0.706413828220413,-3.73927557266538,-3.73927557266538,0
0,"young_lifetime","Law 100",0.51,0.0234251416663332,"capitalization","funded_only",TRUE,0.58095839969435,FALSE,0.347245512665734,0.739963769394273,-3.48787230480781,-3.48787230480781,0
0,"young_lifetime","Law 100",0.52,0.0230014779905107,"capitalization","funded_only",TRUE,0.608550045491129,FALSE,0.363737356479396,0.775107108811206,-3.25337167005691,-3.25337167005691,0
0,"young_lifetime","Law 100",0.53,0.0225023538900762,"capitalization","funded_only",TRUE,0.637452110275182,FALSE,0.381012452782877,0.811919522251026,-3.03463725118002,-3.03463725118002,0
0,"young_lifetime","Law 100",0.54,0.0219330408840984,"capitalization","funded_only",TRUE,0.667726830200698,FALSE,0.399108000840842,0.850480279587915,-2.83060903585243,-2.83060903585243,0
0,"young_lifetime","Law 100",0.55,0.0212994523083938,"capitalization","funded_only",TRUE,0.699439397223736,FALSE,0.418062966634701,0.89087241548591,-2.64029827971492,-2.64029827971492,0
0,"young_lifetime","Law 100",0.56,0.0206080412279339,"capitalization","funded_only",TRUE,0.732658099483078,FALSE,0.437918166769865,0.933182908201294,-2.46278271480407,-2.46278271480407,0
0,"young_lifetime","Law 100",0.57,0.0198656913291574,"capitalization","funded_only",TRUE,0.767454468348241,FALSE,0.458716356368029,0.977502866876898,-2.2972020801349,-2.2972020801349,0
0,"young_lifetime","Law 100",0.58,0.0190796033639485,"capitalization","funded_only",TRUE,0.803903432451283,FALSE,0.480502321133759,1.02392772773164,-2.14275395277652,-2.14275395277652,0
0,"young_lifetime","Law 100",0.59,0.0182571797508447,"capitalization","funded_only",TRUE,0.842083479034104,FALSE,0.503322973793619,1.07255745956775,-1.99868985921768,-1.99868985921768,0
0,"young_lifetime","Law 100",0.6,0.0174059098965294,"capitalization","funded_only",TRUE,0.882076822958648,FALSE,0.527227455115521,1.12349677903823,-1.86431164817748,-1.86431164817748,0
0,"young_lifetime","Law 100",0.61,0.0165332586858387,"capitalization","funded_only",TRUE,0.923969583743979,FALSE,0.55226723972581,1.17685537613805,-1.73896810728337,-1.73896810728337,0
0,"young_lifetime","Law 100",0.62,0.0156465604078046,"capitalization","funded_only",TRUE,0.967851971011423,FALSE,0.578496246951968,1.23274815040471,-1.6220518072206,-1.6220518072206,0
0,"young_lifetime","Law 100",0.63,0.0147529201472209,"capitalization","funded_only",TRUE,1.01381847873713,FALSE,0.605970956929589,1.29129545833673,-1.51299615805943,-1.51299615805943,0
0,"young_lifetime","Law 100",0.64,0.0138591243861013,"capitalization","funded_only",TRUE,1.06196808873031,FALSE,0.634750532223677,1.35262337256289,-1.41127266349469,-1.41127266349469,0
0,"young_lifetime","Law 100",0.65,0.0129715622386452,"capitalization","funded_only",TRUE,1.11240448377537,FALSE,0.664896945226136,1.41686395332019,-1.3163883596915,-1.3163883596915,0
0,"young_lifetime","Law 100",0.66,0.0120961583990884,"capitalization","funded_only",TRUE,1.16523627089683,FALSE,0.696475111603784,1.48415553282538,-1.22788342632544,-1.22788342632544,0
0,"young_lifetime","Law 100",0.67,0.0112383185264294,"capitalization","funded_only",TRUE,1.22057721522789,FALSE,0.729553030084272,1.55464301315201,-1.14532895823998,-1.14532895823998,0
0,"young_lifetime","Law 100",0.68,0.0104028874355191,"capitalization","funded_only",TRUE,1.27854648498611,FALSE,0.764201928880887,1.62847817825488,-1.06832488692244,-1.06832488692244,0
0,"young_lifetime","Law 100",0.69,0.00959412012165592,"capitalization","funded_only",TRUE,1.3392689080839,FALSE,0.800496419071562,1.70582002081337,-0.996498041725683,-0.996498041725683,0
0,"young_lifetime","Law 100",0.7,0.00881566532576298,"capitalization","funded_only",TRUE,1.40287524092621,FALSE,0.838514655262369,1.7868350845978,-0.929500341439868,-0.929500341439868,0
0,"young_lifetime","Law 100",0.71,0.00807056105809019,"capitalization","funded_only",TRUE,1.46950244997434,FALSE,0.878338503881445,1.8716978230958,-0.867007107450661,-0.867007107450661,0
0,"young_lifetime","Law 100",0.72,0.00736124124713052,"capitalization","funded_only",TRUE,1.53929400668223,FALSE,0.920053719465763,1.96059097517112,-0.808715490309039,-0.808715490309039,0
0,"young_lifetime","Law 100",0.73,0.00668955247216793,"capitalization","funded_only",TRUE,1.6124001964401,FALSE,0.963750129320349,2.05370595856364,-0.754343002087797,-0.754343002087797,0
0,"young_lifetime","Law 100",0.74,0.00605677957576838,"capitalization","funded_only",TRUE,1.68897844219098,FALSE,1.00952182694758,2.15124328207809,-0.70362614741234,-0.70362614741234,0
0,"young_lifetime","Law 100",0.75,0.00546367883789977,"capitalization","funded_only",TRUE,1.76919364341683,FALSE,1.05746737466306,2.25341297734892,-0.656319146531578,-0.656319146531578,0
0,"young_lifetime","Law 100",0.76,0.0049105173257538,"capitalization","funded_only",TRUE,1.85321853122421,FALSE,1.10769001583445,2.36043505111115,-0.612192744240796,-0.612192744240796,0
0,"young_lifetime","Law 100",0.77,0.00439711701067287,"capitalization","funded_only",TRUE,1.94123404029417,FALSE,1.16029789720016,2.47253995895107,-0.571033098884377,-0.571033098884377,0
0,"young_lifetime","Law 100",0.78,0.00392290226240524,"payg","payg_only",TRUE,2.03342969849729,FALSE,1.21540430174675,2.60646484448536,-0.532308051968403,-0.532308051968403,0
0,"young_lifetime","Law 100",0.79,0.00348694938664893,"payg","payg_only",TRUE,2.13000403501279,FALSE,1.27312789264641,2.74766028260583,-0.496211631461385,-0.496211631461385,0
0,"young_lifetime","Law 100",0.8,0.00308803695908519,"payg","payg_only",TRUE,2.23116500783064,FALSE,1.33359296877988,2.89406156220265,-0.462603082047067,-0.462603082047067,0
0,"young_lifetime","Law 100",0.81,0.00272469582188591,"payg","payg_only",TRUE,2.33713045155711,FALSE,1.39692973239499,3.04601899450021,-0.431303010401089,-0.431303010401089,0
0,"young_lifetime","Law 100",0.82,0.0023952577407798,"payg","payg_only",TRUE,2.44812854648811,FALSE,1.46327456947715,3.20389836766364,-0.402146504830179,-0.402146504830179,0
0,"young_lifetime","Law 100",0.83,0.00209790186595431,"payg","payg_only",TRUE,2.56439830996037,FALSE,1.53277034343564,3.36808009438112,-0.374981675720207,-0.374981675720207,0
0,"young_lifetime","Law 100",0.84,0.00183069829236669,"payg","payg_only",TRUE,2.68619011103857,FALSE,1.60556670273802,3.53895876160274,-0.349668392406803,-0.349668392406803,0
0,"young_lifetime","Law 100",0.85,0.00159164816888775,"payg","payg_only",TRUE,2.81376620964664,FALSE,1.68182040315505,3.71694302193385,-0.326077183190032,-0.326077183190032,0
0,"young_lifetime","Law 100",0.86,0.00137871995615396,"payg","payg_only",TRUE,2.94740132130414,FALSE,1.7616956453102,3.90245577120895,-0.304088271593567,-0.304088271593567,0
0,"young_lifetime","Law 100",0.87,0.00118988157581876,"payg","payg_only",TRUE,3.08738320868397,FALSE,1.84536442826041,4.09593456338403,-0.283590727057264,-0.283590727057264,0
0,"young_lifetime","Law 100",0.88,0.0010231283256207,"payg","payg_only",TRUE,3.23401330126504,FALSE,1.93300691986966,4.29783222103774,-0.264481712315876,-0.264481712315876,0
0,"young_lifetime","Law 100",0.89,0.000876506552691064,"payg","payg_only",TRUE,3.38760734441431,FALSE,2.02481184477277,4.50861760679848,-0.246665812967756,-0.246665812967756,0
0,"young_lifetime","Law 100",0.9,0.000748133179985062,"payg","payg_only",TRUE,3.54849607929588,FALSE,2.12097689076485,4.7287765275262,-0.230054437343377,-0.230054437343377,0
0,"young_lifetime","Law 100",0.91,0.000636211266591,"payg","payg_only",TRUE,3.71702595507133,FALSE,2.22170913449164,4.95881274887678,-0.214565276877349,-0.214565276877349,0
0,"young_lifetime","Law 100",0.92,0.000539041851611795,"payg","payg_only",TRUE,3.89355987492467,FALSE,2.32722548735721,5.1992491028961,-0.200121818874138,-0.200121818874138,0
0,"young_lifetime","Law 100",0.93,0.000455032383605845,"payg","payg_only",TRUE,4.07847797751858,FALSE,2.43775316260931,5.45062867554179,-0.18665290492008,-0.18665290492008,0
0,"young_lifetime","Law 100",0.94,0.00038270207402884,"payg","payg_only",TRUE,4.27217845556463,FALSE,2.55353016460822,5.71351606457032,-0.174092329297998,-0.174092329297998,0
0,"young_lifetime","Law 100",0.95,0.000320684534961157,"payg","payg_only",TRUE,4.47507841327002,FALSE,2.67480580133252,5.98849870113624,-0.16237847265795,-0.16237847265795,0
0,"young_lifetime","Law 100",0.96,0.000267728070175611,"payg","payg_only",TRUE,4.68761476450742,FALSE,2.80184122122552,6.27618823081558,-0.151453966929389,-0.151453966929389,0
0,"young_lifetime","Law 100",0.97,0.000222693986042829,"payg","payg_only",TRUE,4.91024517364187,FALSE,2.9349099755383,6.57722195167374,-0.141265388059137,-0.141265388059137,0
0,"young_lifetime","Law 100",0.98,0.00018455327674269,"payg","payg_only",TRUE,5.14344904104055,FALSE,3.07429860738026,6.89226430852801,-0.131762973652016,-0.131762973652016,0
0,"young_lifetime","Law 100",0.99,0.000152382018630337,"payg","payg_only",TRUE,5.38772853538789,FALSE,3.22030726874568,7.22200844377756,-0.122900362997393,-0.122900362997393,0
0,"young_lifetime","Law 100",1,6.26778916131105e-05,"payg","payg_only",TRUE,5.64360967502859,FALSE,3.37325036684491,7.56717780614894,-0.114634357301959,-0.114634357301959,0
1,"young_lifetime","Law 2381 pillars",0,0.000223648618482682,"informal","informal",FALSE,0.0944772768242406,TRUE,0.0778144667342116,0.0708086763029415,-38.4775894083194,-37.4437493418334,-0.0179936060509199
1,"young_lifetime","Law 2381 pillars",0.01,0.000530074028894635,"informal","informal",FALSE,0.0972572323819085,TRUE,0.0798967352818563,0.0727034740925297,-36.9832287609051,-35.8498645670935,-0.0205360328449875
1,"young_lifetime","Law 2381 pillars",0.02,0.000625857596014926,"informal","informal",FALSE,0.10011898700452,TRUE,0.0820402737371037,0.0746540255386889,-35.543298034372,-34.3238273962876,-0.0230057880924462
1,"young_lifetime","Law 2381 pillars",0.03,0.00073622950670148,"informal","informal",FALSE,0.103064947596389,TRUE,0.0842468849421386,0.0766619711701541,-34.156046557441,-32.8627497302052,-0.0254049490030303
1,"young_lifetime","Law 2381 pillars",0.04,0.000862878406729994,"informal","informal",FALSE,0.106097591884013,TRUE,0.086518424787046,0.0787289997875534,-32.8197651230646,-31.4638664086426,-0.0277355334124764
1,"young_lifetime","Law 2381 pillars",0.05,0.00100759191313581,"informal","informal",FALSE,0.109219470499988,TRUE,0.0888568037707238,0.0808568498837881,-31.5327859888657,-30.1245299772036,-0.0299995014796416
1,"young_lifetime","Law 2381 pillars",0.06,0.00117224512608808,"informal","informal",FALSE,0.112433209128239,TRUE,0.0912639886077255,0.0830473111062084,-30.2934827976307,-28.842205676864,-0.0321987573351123
1,"young_lifetime","Law 2381 pillars",0.07,0.00135878545245099,"informal","informal",FALSE,0.115741510712375,TRUE,0.0937420038823827,0.0853022257618119,-29.1002704236085,-27.6144666468168,-0.0343351506826913
1,"young_lifetime","Law 2381 pillars",0.08,0.00156921348536889,"informal","informal",FALSE,0.119147157729025,TRUE,0.0962929337515999,0.0876234903667326,-27.951604750176,-26.4389893315217,-0.0364104783551065
1,"young_lifetime","Law 2381 pillars",0.09,0.00180555975146526,"informal","informal",FALSE,0.122653014528066,TRUE,0.0989189236977533,0.0900130572413225,-26.8459823842293,-25.3135490832626,-0.0384264858252535
1,"young_lifetime","Law 2381 pillars",0.1,0.00206985722142662,"informal","informal",FALSE,0.126262029741707,TRUE,0.101622182333168,0.0924729361521685,-25.7819403124537,-24.2360159518952,-0.0403848686742421
1,"young_lifetime","Law 2381 pillars",0.11,0.00236410958058029,"informal","informal",FALSE,0.129977238764464,TRUE,0.104404983257691,0.095005196002424,-24.7580555044182,-23.2043506538124,-0.0422872740174786
1,"young_lifetime","Law 2381 pillars",0.12,0.00269025537259384,"informal","informal",FALSE,0.133801766306105,TRUE,0.107269666970923,0.097611966571879,-23.7729444672243,-22.216600712502,-0.0441353018899883
1,"young_lifetime","Law 2381 pillars",0.13,0.0030501282598838,"informal","informal",FALSE,0.137738829019719,TRUE,0.110218642840717,0.10029544030823,-22.825262756232,-21.27089676339,-0.0459305065921368
1,"young_lifetime","Law 2381 pillars",0.14,0.00344541378616971,"informal","informal",FALSE,0.141791738207103,TRUE,0.113254391129596,0.103057874171058,-21.9137044461667,-20.3654490159778,-0.0476743979968918
1,"young_lifetime","Law 2381 pillars",0.15,0.0038776031764757,"informal","informal",FALSE,0.145963902603771,TRUE,0.116379465080805,0.105901591530063,-21.0370015667038,-19.498543866577,-0.0493684428197125
1,"young_lifetime","Law 2381 pillars",0.16,0.00434794486360459,"informal","informal",FALSE,0.150258831245895,TRUE,0.119596493065732,0.10882898411916,-20.1939235064155,-18.6685406552316,-0.0510140658521454
1,"young_lifetime","Law 2381 pillars",0.17,0.00485739458280167,"informal","informal",FALSE,0.154680136421612,TRUE,0.122908180794531,0.11184251404806,-19.3832763887585,-17.8738685606894,-0.052612651160156
1,"young_lifetime","Law 2381 pillars",0.18,0.00540656502249209,"informal","informal",FALSE,0.159231536709176,TRUE,0.126317313591778,0.114944715873056,-18.6039024235767,-17.1130236275471,-0.0541655432482115
1,"young_lifetime","Law 2381 pillars",0.19,0.00599567615266305,"informal","informal",FALSE,0.163916860104495,TRUE,0.129826758739096,0.118138198728733,-17.8546792373967,-16.3845659199415,-0.055674048190089
1,"young_lifetime","Law 2381 pillars",0.2,0.00662450746745946,"informal","informal",FALSE,0.168740047240707,TRUE,0.133439467886706,0.121425648522402,-17.1345191855961,-15.6871167964014,-0.0571394347273581
1,"young_lifetime","Law 2381 pillars",0.21,0.00729235346863131,"informal","informal",FALSE,0.173705154702479,TRUE,0.137158479535941,0.124809830193107,-16.4423686493371,-15.0193563007019,-0.0585629353364688
1,"young_lifetime","Law 2381 pillars",0.22,0.00799798377561329,"informal","informal",FALSE,0.178816358437839,TRUE,0.140986921594804,0.128293590037102,-15.7772073199758,-14.3800206637833,-0.0599457472653373
1,"young_lifetime","Law 2381 pillars",0.23,0.0087396092707509,"informal","informal",FALSE,0.184077957270393,TRUE,0.14492801400872,0.131879858101756,-15.1380474734763,-13.7678999120069,-0.0612890335403007
1,"young_lifetime","Law 2381 pillars",0.24,0.0095148556698428,"informal","informal",FALSE,0.189494376514884,TRUE,0.148985071468705,0.135571650649891,-14.5239332371905,-13.1818355772215,-0.0625939239442924
1,"young_lifetime","Law 2381 pillars",0.25,0.010320745845168,"informal","informal",FALSE,0.195070171699152,TRUE,0.153161506199212,0.139372072696642,-13.9339398511971,-12.6207185043064,-0.0638615159670544
1,"young_lifetime","Law 2381 pillars",0.26,0.0111536921182913,"informal","informal",FALSE,0.200810032395594,TRUE,0.157460830828016,0.143284320620952,-13.3671729262356,-12.0834867520412,-0.0650928757281919
1,"young_lifetime","Law 2381 pillars",0.27,0.0120094995825537,"informal","informal",FALSE,0.206718786165372,TRUE,0.161886661340539,0.147311684853921,-12.822767700119,-11.5691235833312,-0.0662890388738425
1,"young_lifetime","Law 2381 pillars",0.28,0.0128833813113884,"informal","informal",FALSE,0.21280140261868,FALSE,0.159394514903417,0.145043911292375,-13.1246676817971,-11.0766555409828,-0.106940853010537
1,"young_lifetime","Law 2381 pillars",0.29,0.0137699860614464,"informal","informal",FALSE,0.219062997594474,FALSE,0.16408463386601,0.14931176956324,-12.5659841001781,-10.605150605389,-0.106940853010537
1,"young_lifetime","Law 2381 pillars",0.3,0.0146634387938913,"informal","informal",FALSE,0.225508837463197,FALSE,0.168912757677118,0.153705207833002,-12.0310822517,-10.153716430637,-0.106940853010538
1,"young_lifetime","Law 2381 pillars",0.31,0.0155573940198842,"informal","informal",FALSE,0.23214434355611,FALSE,0.173882947073443,0.158227921242204,-11.5189498087237,-9.72149865570018,-0.106940853010537
1,"young_lifetime","Law 2381 pillars",0.32,0.0164451016357299,"informal","informal",FALSE,0.238975096724944,FALSE,0.17899938227722,0.162883713659399,-11.0286175358119,-9.30767928751892,-0.106940853010538
1,"young_lifetime","Law 2381 pillars",0.33,0.0173194845593781,"informal","informal",FALSE,0.246006842035731,FALSE,0.184266366512026,0.16767650088043,-10.5591574554049,-8.91147515290884,-0.106940853010537
1,"young_lifetime","Law 2381 pillars",0.34,0.0181732271241403,"informal","informal",FALSE,0.25324549360074,FALSE,0.189688329622048,0.172610313921846,-10.1096810915769,-8.5321364163677,-0.106940853010537
1,"young_lifetime","Law 2381 pillars",0.35,0.0189988728395791,"informal","informal",FALSE,0.260697139552596,FALSE,0.195269831797842,0.177689302411221,-9.67933778855367,-8.16894516097547,-0.106940853010537
1,"young_lifetime","Law 2381 pillars",0.36,0.0197889298058682,"informal","informal",FALSE,0.268368047164758,FALSE,0.20101556741172,0.18291773807724,-9.26731310080415,-7.82121402970179,-0.106940853010537
1,"young_lifetime","Law 2381 pillars",0.37,0.0205359817787106,"informal","informal",FALSE,0.276264668122663,FALSE,0.206930368965999,0.188300018342471,-8.8728272516636,-7.48828492454949,-0.106940853010538
1,"young_lifetime","Law 2381 pillars",0.38,0.0212328026386743,"informal","informal",FALSE,0.284393643949979,FALSE,0.213019211157412,0.193840670021858,-8.49513365756821,-7.1695277610723,-0.106940853010537
1,"young_lifetime","Law 2381 pillars",0.39,0.0218724718319488,"informal","informal",FALSE,0.292761811594512,FALSE,0.219287215061131,0.199544353130039,-8.13351751510967,-6.86433927590955,-0.106940853010537
1,"young_lifetime","Law 2381 pillars",0.4,0.0224484882277816,"informal","informal",FALSE,0.301376209178485,FALSE,0.225739652437886,0.205415864800692,-7.78729444823507,-6.57214188508102,-0.106940853010537
1,"young_lifetime","Law 2381 pillars",0.41,0.0229548797878943,"informal","informal",FALSE,0.310244081918015,FALSE,0.232381950167828,0.211460143321211,-7.4558092130321,-6.29238259088134,-0.106940853010537
1,"young_lifetime","Law 2381 pillars",0.42,0.0233863064692461,"informal","informal",FALSE,0.319372888216761,FALSE,0.239219694814856,0.217682272286091,-7.13843445764829,-6.02453193530506,-0.106940853010537
1,"young_lifetime","Law 2381 pillars",0.43,0.0237381538851594,"informal","informal",FALSE,0.328770305938891,FALSE,0.246258637325248,0.224087484872534,-6.83456953499717,-5.76808299802172,-0.106940853010537
1,"young_lifetime","Law 2381 pillars",0.44,0.0240066154297712,"informal","informal",FALSE,0.338444238866607,FALSE,0.253504697864542,0.23068116824186,-6.54363936600465,-5.52255043700461,-0.106940853010537
1,"young_lifetime","Law 2381 pillars",0.45,0.0241887608228689,"informal","informal",FALSE,0.348402823347702,FALSE,0.260963970796746,0.237468868070426,-6.26509335124403,-5.28746956999751,-0.106940853010537
1,"young_lifetime","Law 2381 pillars",0.46,0.0242825893494975,"informal","informal",FALSE,0.358654435138698,FALSE,0.26864272981006,0.244456293213867,-5.99840432889991,-5.06239549508098,-0.106940853010537
1,"young_lifetime","Law 2381 pillars",0.47,0.0242870664418367,"informal","informal",FALSE,0.369207696449362,FALSE,0.276547433193414,0.251649320508579,-5.74306757708895,-4.60752987952515,-0.136591826077209
1,"young_lifetime","Law 2381 pillars",0.48,0.0242021426680683,"pillars","payg_only",TRUE,0.510523770786086,FALSE,0.284880309569626,0.259231971534269,-5.49293835880795,-4.29775114138355,-0.150902245042419
1,"young_lifetime","Law 2381 pillars",0.49,0.0240287546408929,"pillars","payg_only",TRUE,0.534770241896198,FALSE,0.298690079988242,0.271798420993207,-5.1164316356083,-4.00879980297973,-0.150105937476139
1,"young_lifetime","Law 2381 pillars",0.5,0.0237688078223462,"pillars","payg_only",TRUE,0.560168258526685,FALSE,0.313165271824954,0.284970382663132,-4.76582379483401,-3.73927557266538,-0.149319794246741
1,"young_lifetime","Law 2381 pillars",0.51,0.0234251416663332,"pillars","payg_only",TRUE,0.58677251140262,FALSE,0.328332554588489,0.298772124944123,-4.43943248661691,-3.48787230480781,-0.14855732451855
1,"young_lifetime","Law 2381 pillars",0.52,0.0230014779905107,"pillars","payg_only",TRUE,0.614640288693431,FALSE,0.344218539416516,0.313227863120462,-4.13568057572413,-3.25337167005691,-0.147833491706345
1,"young_lifetime","Law 2381 pillars",0.53,0.0225023538900762,"pillars","payg_only",TRUE,0.643831599374165,FALSE,0.360849761489789,0.328361743358068,-3.85308633710271,-3.03463725118002,-0.147164317693085
1,"young_lifetime","Law 2381 pillars",0.54,0.0219330408840984,"pillars","payg_only",TRUE,0.674409302445593,FALSE,0.378252748427527,0.344197904942104,-3.59025450507619,-2.83060903585243,-0.146566338342851
1,"young_lifetime","Law 2381 pillars",0.55,0.0212994523083938,"pillars","payg_only",TRUE,0.70643924229141,FALSE,0.396454193184219,0.360760637607544,-3.34586836651965,-2.64029827971492,-0.146055928298964
1,"young_lifetime","Law 2381 pillars",0.56,0.0206080412279339,"pillars","payg_only",TRUE,0.73999039046399,FALSE,0.415481241614234,0.378074643213766,-3.11868307343874,-2.46278271480407,-0.145648533775109
1,"young_lifetime","Law 2381 pillars",0.57,0.0198656913291574,"pillars","payg_only",TRUE,0.775134994204026,FALSE,0.435932794161169,0.396684902012235,-2.90181059862976,-2.2972020801349,-0.144237157179296
1,"young_lifetime","Law 2381 pillars",0.58,0.0190796033639485,"pillars","payg_only",TRUE,0.811948732013856,FALSE,0.457486508262349,0.416298092579094,-2.69917434950034,-2.14275395277652,-0.142644553358923
1,"young_lifetime","Law 2381 pillars",0.59,0.0182571797508447,"pillars","payg_only",TRUE,0.850510876619489,FALSE,0.480108188709539,0.436883098368376,-2.51067041102288,-1.99868985921768,-0.141044885867479
1,"young_lifetime","Law 2381 pillars",0.6,0.0174059098965294,"pillars","payg_only",TRUE,0.890904465672234,FALSE,0.503840086357544,0.458478366306816,-2.33538936272724,-1.86431164817748,-0.139456536389706
1,"young_lifetime","Law 2381 pillars",0.61,0.0165332586858387,"pillars","payg_only",TRUE,0.933216480557517,FALSE,0.528725274311639,0.481123091542781,-2.17246739692464,-1.73896810728337,-0.13789750951
1,"young_lifetime","Law 2381 pillars",0.62,0.0156465604078046,"pillars","payg_only",TRUE,0.97753803369593,FALSE,0.554808090512857,0.504857620184731,-2.02108321825325,-1.6220518072206,-0.136384655600595
1,"young_lifetime","Law 2381 pillars",0.63,0.0147529201472209,"pillars","payg_only",TRUE,1.02396456473982,FALSE,0.58213464372554,0.529723909733705,-1.88045612972076,-1.51299615805943,-0.134932997973211
1,"young_lifetime","Law 2381 pillars",0.64,0.0138591243861013,"pillars","payg_only",TRUE,1.07259604608792,FALSE,0.610753344176345,0.555766011947855,-1.74984505236363,-1.41127266349469,-0.133555218698494
1,"young_lifetime","Law 2381 pillars",0.65,0.0129715622386452,"pillars","mixed",TRUE,1.12353719816052,FALSE,0.641703011845,0.583929219788357,-1.62479007618447,-1.3163883596915,-0.130923812854862
1,"young_lifetime","Law 2381 pillars",0.66,0.0120961583990884,"pillars","mixed",TRUE,1.17689771489882,FALSE,0.676463279899723,0.615559952121169,-1.50117745632642,-1.22788342632544,-0.125385373966701
1,"young_lifetime","Law 2381 pillars",0.67,0.0112383185264294,"pillars","mixed",TRUE,1.23279249997399,FALSE,0.712765383210663,0.648593705230861,-1.38796487461671,-1.14532895823998,-0.12023264271622
1,"young_lifetime","Law 2381 pillars",0.68,0.0104028874355191,"pillars","mixed",TRUE,1.2913419142145,FALSE,0.750684217345413,0.683098631688861,-1.28414021409983,-1.06832488692244,-0.115440062320012
1,"young_lifetime","Law 2381 pillars",0.69,0.00959412012165592,"pillars","mixed",TRUE,1.35267203478473,FALSE,0.790299917178871,0.719147651668696,-1.18880458030925,-0.996498041725683,-0.110981797325162
1,"young_lifetime","Law 2381 pillars",0.7,0.00881566532576298,"pillars","mixed",TRUE,1.41691492667273,FALSE,0.83169776745677,0.756818371561667,-1.10115909652729,-0.929500341439868,-0.106832342247083
1,"young_lifetime","Law 2381 pillars",0.71,0.00807056105809019,"pillars","mixed",TRUE,1.48420892707188,FALSE,0.87496810333956,0.796192993474959,-1.02049302915275,-0.867007107450661,-0.102967020607168
1,"young_lifetime","Law 2381 pillars",0.72,0.00736124124713052,"pillars","mixed",TRUE,1.5546989432688,FALSE,0.920206224425901,0.837358236995772,-0.946173160378666,-0.808715490309039,-0.0993623636970181
1,"young_lifetime","Law 2381 pillars",0.73,0.00668955247216793,"pillars","mixed",TRUE,1.62853676467885,FALSE,0.967512339389448,0.880405288812562,-0.877634334955173,-0.754343002087797,-0.0959963716426931
1,"young_lifetime","Law 2381 pillars",0.74,0.00605677957576838,"pillars","mixed",TRUE,1.70588138970138,FALSE,1.01699155206944,0.925429790057927,-0.814371105778693,-0.70362614741234,-0.0928486684645632
1,"young_lifetime","Law 2381 pillars",0.75,0.00546367883789977,"pillars","mixed",TRUE,1.78689936809832,FALSE,1.06875389441464,0.972531866286538,-0.755930396447504,-0.656319146531578,-0.0899005679950867
1,"young_lifetime","Law 2381 pillars",0.76,0.0049105173257538,"pillars","mixed",TRUE,1.87176515963348,FALSE,1.12291440746991,1.02181620117032,-0.701905092369857,-0.612192744240796,-0.0871350694245077
1,"young_lifetime","Law 2381 pillars",0.77,0.00439711701067287,"pillars","mixed",TRUE,1.96066150974483,FALSE,1.17959326868097,1.07339215234173,-0.651928467990761,-0.571033098884377,-0.0845368007962599
1,"young_lifetime","Law 2381 pillars",0.78,0.00392290226240524,"pillars","mixed",TRUE,2.05377984305875,FALSE,1.23891596204254,1.12737390622313,-0.6056693571099,-0.532308051968403,-0.08247419124505
1,"young_lifetime","Law 2381 pillars",0.79,0.00348694938664893,"pillars","mixed",TRUE,2.1513206755935,FALSE,1.30101348679578,1.18388066793473,-0.562827975967663,-0.496211631461385,-0.0805512871042943
1,"young_lifetime","Law 2381 pillars",0.8,0.00308803695908519,"pillars","mixed",TRUE,2.25349404653967,FALSE,1.36602260023728,1.2430368822431,-0.523132314114151,-0.462603082047067,-0.0787065511599241
1,"young_lifetime","Law 2381 pillars",0.81,0.00272469582188591,"pillars","mixed",TRUE,2.36051997054729,FALSE,1.4340860905012,1.3049724817841,-0.486335015196054,-0.431303010401089,-0.0769370910499081
1,"young_lifetime","Law 2381 pillars",0.82,0.0023952577407798,"pillars","mixed",TRUE,2.47262891149355,FALSE,1.50535307572735,1.36982315929631,-0.452210677878047,-0.402146504830179,-0.0752400978678792
1,"young_lifetime","Law 2381 pillars",0.83,0.00209790186595431,"pillars","mixed",TRUE,2.59006227875134,FALSE,1.57997932669346,1.43773066120608,-0.420553515479094,-0.374981675720207,-0.0736128579349774
1,"young_lifetime","Law 2381 pillars",0.84,0.00183069829236669,"pillars","mixed",TRUE,2.71307294702726,FALSE,1.65812761067247,1.50884310052666,-0.391175321048496,-0.349668392406803,-0.0720527562407133
1,"young_lifetime","Law 2381 pillars",0.85,0.00159164816888775,"pillars","mixed",TRUE,2.84192580088837,FALSE,1.73996805491926,1.5833152876195,-0.363903692201262,-0.326077183190032,-0.0705572749161676
1,"young_lifetime","Law 2381 pillars",0.86,0.00137871995615396,"pillars","mixed",TRUE,2.97689830515045,FALSE,1.82567852876395,1.66130907788693,-0.338580476890889,-0.304088271593567,-0.0691239890332028
1,"young_lifetime","Law 2381 pillars",0.87,0.00118988157581876,"pillars","mixed",TRUE,3.11828110235583,FALSE,1.91544504377943,1.74299373591184,-0.315060407341817,-0.283590727057264,-0.06775056123324
1,"young_lifetime","Law 2381 pillars",0.88,0.0010231283256207,"pillars","mixed",TRUE,3.26637863862738,FALSE,2.00946217189934,1.82854631593161,-0.29320989459116,-0.264481712315876,-0.066434736122252
1,"young_lifetime","Law 2381 pillars",0.89,0.000876506552691064,"pillars","mixed",TRUE,3.42150981924649,FALSE,2.10793348169506,1.91815205883631,-0.272905960545438,-0.246665812967756,-0.0651743349737834
1,"young_lifetime","Law 2381 pillars",0.9,0.000748133179985062,"pillars","mixed",TRUE,3.58400869536657,FALSE,2.21107199328841,2.01200480612462,-0.254035288214772,-0.230054437343377,-0.063967251015833
1,"young_lifetime","Law 2381 pillars",0.91,0.000636211266591,"pillars","mixed",TRUE,3.75422518334085,FALSE,2.31910065258937,2.11030743144506,-0.23649337392836,-0.214565276877349,-0.0628114454052625
1,"young_lifetime","Law 2381 pillars",0.92,0.000539041851611795,"pillars","mixed",TRUE,3.93252581821349,FALSE,2.43225282571832,2.21327229050436,-0.220183767946142,-0.200121818874138,-0.0617049438877627
1,"young_lifetime","Law 2381 pillars",0.93,0.000455032383605845,"pillars","mixed",TRUE,4.11929454299641,FALSE,2.55077281460778,2.32112169024858,-0.205017392043601,-0.18665290492008,-0.0606458340816391
1,"young_lifetime","Law 2381 pillars",0.94,0.00038270207402884,"pillars","mixed",TRUE,4.3149335354316,FALSE,2.67491639488892,2.43408837832268,-0.190911924432724,-0.174092329297998,-0.0596322632945463
1,"young_lifetime","Law 2381 pillars",0.95,0.000320684534961157,"pillars","mixed",TRUE,4.51986407401907,FALSE,2.80495137725982,2.55241605389758,-0.177791243856704,-0.16237847265795,-0.0586624367728114
1,"young_lifetime","Law 2381 pillars",0.96,0.000267728070175611,"pillars","mixed",TRUE,4.73452744517531,FALSE,2.94115819361011,2.67635990102493,-0.165584925913935,-0.151453966929389,-0.0577346162854943
1,"young_lifetime","Law 2381 pillars",0.97,0.000222693986042829,"pillars","mixed",TRUE,4.9593858934758,FALSE,3.08328837222392,2.80925388279057,-0.154209304996825,-0.141265388059137,-0.0567717678752037
1,"young_lifetime","Law 2381 pillars",0.98,0.00018455327674269,"pillars","mixed",TRUE,5.19492361702764,FALSE,3.22972398740822,2.96226973093408,-0.143554220843923,-0.131762973652016,-0.055537002933852
1,"young_lifetime","Law 2381 pillars",0.99,0.000152382018630337,"pillars","mixed",TRUE,5.44164781011576,FALSE,3.38311431678261,3.12253614020525,-0.133651268812558,-0.122900362997393,-0.0543725881868874
1,"young_lifetime","Law 2381 pillars",1,6.26778916131105e-05,"pillars","mixed",TRUE,5.70008975536783,FALSE,3.54378966284489,3.29039976666834,-0.124445216312418,-0.114634357301959,-0.0532738009061973
2,"young_lifetime","Law 2381 pillars",0,0.000223648618482682,"informal","informal",FALSE,0.161354407307104,TRUE,0.0798949433431166,0.124384667490744,-32.8560522326131,-37.4437493418334,0.0910449229223662
2,"young_lifetime","Law 2381 pillars",0.01,0.000530074028894635,"informal","informal",FALSE,0.166102195308891,TRUE,0.0821500684968868,0.127895565435775,-31.5124685388209,-35.8498645670935,0.089774720842092
2,"young_lifetime","Law 2381 pillars",0.02,0.000625857596014926,"informal","informal",FALSE,0.170989685047284,TRUE,0.0844715497937973,0.131509770129082,-30.2223775452241,-34.3238273962876,0.0885408256281142
2,"young_lifetime","Law 2381 pillars",0.03,0.00073622950670148,"informal","informal",FALSE,0.176020987189231,TRUE,0.086861339736451,0.13523032132984,-28.9837473000754,-32.8627497302052,0.0873421995018291
2,"young_lifetime","Law 2381 pillars",0.04,0.000862878406729994,"informal","informal",FALSE,0.181200333356386,TRUE,0.089321448279048,0.139060348240904,-27.7946164637726,-31.4638664086426,0.0861778343480162
2,"young_lifetime","Law 2381 pillars",0.05,0.00100759191313581,"informal","informal",FALSE,0.186532079684156,TRUE,0.0918539445178758,0.143003072140655,-26.6530922997304,-30.1245299772036,0.085046750866951
2,"young_lifetime","Law 2381 pillars",0.06,0.00117224512608808,"informal","informal",FALSE,0.192020710485465,TRUE,0.0944609584315409,0.147061809092284,-25.5573486912424,-28.842205676864,0.0839479977507585
2,"young_lifetime","Law 2381 pillars",0.07,0.00135878545245099,"informal","informal",FALSE,0.197670842022327,TRUE,0.0971446826724066,0.151239972732795,-24.5056241865091,-27.6144666468168,0.0828806508833047
2,"young_lifetime","Law 2381 pillars",0.08,0.00156921348536889,"informal","informal",FALSE,0.203487226388391,TRUE,0.0999073744107428,0.155541077144079,-23.4962200737532,-26.4389893315217,0.081843812562963
2,"young_lifetime","Law 2381 pillars",0.09,0.00180555975146526,"informal","informal",FALSE,0.209474755505739,TRUE,0.102751357233139,0.15996873980846,-22.5274984881186,-25.3135490832626,0.0808366107475937
2,"young_lifetime","Law 2381 pillars",0.1,0.00206985722142662,"informal","informal",FALSE,0.215638465239272,TRUE,0.105679023096779,0.164526684651214,-21.5978805518264,-24.2360159518952,0.0798581983211033
2,"young_lifetime","Law 2381 pillars",0.11,0.00236410958058029,"informal","informal",FALSE,0.221983539632178,TRUE,0.108692834341215,0.169218745172606,-20.7058445488624,-23.2043506538124,0.0789077523809714
2,"young_lifetime","Law 2381 pillars",0.12,0.00269025537259384,"informal","informal",FALSE,0.228515315266009,TRUE,0.111795325759344,0.174048867672092,-19.8499241352798,-22.216600712502,0.0779844735461421
2,"young_lifetime","Law 2381 pillars",0.13,0.0030501282598838,"informal","informal",FALSE,0.235239285749068,TRUE,0.114989106729313,0.179021114567391,-19.0287065860248,-21.27089676339,0.0770875852846955
2,"young_lifetime","Law 2381 pillars",0.14,0.00344541378616971,"informal","informal",FALSE,0.242161106336853,TRUE,0.118276863409166,0.184139667811214,-18.2408310790301,-20.3654490159778,0.0762163332607393
2,"young_lifetime","Law 2381 pillars",0.15,0.0038776031764757,"informal","informal",FALSE,0.249286598688464,TRUE,0.121661360996056,0.189408832408536,-17.4849870171695,-19.498543866577,0.0753699846999685
2,"young_lifetime","Law 2381 pillars",0.16,0.00434794486360459,"informal","informal",FALSE,0.256621755762957,TRUE,0.125145446051943,0.194833040037357,-16.7599123885253,-18.6685406552316,0.0745478277733578
2,"young_lifetime","Law 2381 pillars",0.17,0.00485739458280167,"informal","informal",FALSE,0.264172746859778,TRUE,0.128732048897716,0.200416852776005,-16.0643921652944,-17.8738685606894,0.073749170998473
2,"young_lifetime","Law 2381 pillars",0.18,0.00540656502249209,"informal","informal",FALSE,0.271945922807508,TRUE,0.13242418607777,0.206164966940113,-15.397256741536,-17.1130236275471,0.0729733426578925
2,"young_lifetime","Law 2381 pillars",0.19,0.00599567615266305,"informal","informal",FALSE,0.279947821305285,TRUE,0.136224962897093,0.212082217032496,-14.7573804098576,-16.3845659199415,0.0722196902342522
2,"young_lifetime","Law 2381 pillars",0.2,0.00662450746745946,"informal","informal",FALSE,0.288185172421389,TRUE,0.140137576033015,0.218173579809256,-14.1436798770353,-15.6871167964014,0.0714875798614429
2,"young_lifetime","Law 2381 pillars",0.21,0.00729235346863131,"informal","informal",FALSE,0.296664904253634,TRUE,0.1441653162238,0.224444178465523,-13.555112818471,-15.0193563007019,0.0707763957914898
2,"young_lifetime","Law 2381 pillars",0.22,0.00799798377561329,"informal","informal",FALSE,0.305394148756301,TRUE,0.148311571036349,0.230899286944366,-12.9906764713106,-14.3800206637833,0.0700855398766707
2,"young_lifetime","Law 2381 pillars",0.23,0.0087396092707509,"informal","informal",FALSE,0.314380247738533,TRUE,0.152579827715349,0.237544334372493,-12.4494062659665,-13.7678999120069,0.0694144310664409
2,"young_lifetime","Law 2381 pillars",0.24,0.0095148556698428,"informal","informal",FALSE,0.32363075903923,TRUE,0.156973676116244,0.24438490962646,-11.9303744957249,-13.1818355772215,0.0687625049187357
2,"young_lifetime","Law 2381 pillars",0.25,0.010320745845168,"informal","informal",FALSE,0.333153462883638,TRUE,0.16149681172452,0.251426766033252,-11.4326890240528,-12.6207185043064,0.0681292131252385
2,"young_lifetime","Law 2381 pillars",0.26,0.0111536921182913,"informal","informal",FALSE,0.342956368426975,TRUE,0.166153038763826,0.258675826209166,-10.9554920291674,-12.0834867520412,0.0675140230502231
2,"young_lifetime","Law 2381 pillars",0.27,0.0120094995825537,"informal","informal",FALSE,0.353047720490602,TRUE,0.170946273395548,0.266138187041082,-10.4979587853811,-11.5691235833312,0.0669164172825771
2,"young_lifetime","Law 2381 pillars",0.28,0.0128833813113884,"informal","informal",FALSE,0.363436006496407,FALSE,0.172626427238833,0.268753939282533,-10.3450691156352,-11.0766555409828,0.0466066805366347
2,"young_lifetime","Law 2381 pillars",0.29,0.0137699860614464,"informal","informal",FALSE,0.374129963605225,FALSE,0.177705889856026,0.276661914959515,-9.90470594563019,-10.605150605389,0.0466066805366345
2,"young_lifetime","Law 2381 pillars",0.3,0.0146634387938913,"informal","informal",FALSE,0.385138586065304,FALSE,0.182934813600882,0.284802579613912,-9.4830879110447,-10.153716430637,0.0466066805366347
2,"young_lifetime","Law 2381 pillars",0.31,0.0155573940198842,"informal","informal",FALSE,0.396471132777001,FALSE,0.188317596306471,0.293182780024523,-9.0794170793407,-9.72149865570018,0.0466066805366347
2,"young_lifetime","Law 2381 pillars",0.32,0.0164451016357299,"informal","informal",FALSE,0.40813713508006,FALSE,0.193858765210321,0.301809564433836,-8.69292948393031,-9.30767928751892,0.0466066805366347
2,"young_lifetime","Law 2381 pillars",0.33,0.0173194845593781,"informal","informal",FALSE,0.420146404770033,FALSE,0.199562980762084,0.310690188476017,-8.32289367833206,-8.91147515290884,0.0466066805366347
2,"young_lifetime","Law 2381 pillars",0.34,0.0181732271241403,"informal","informal",FALSE,0.432509042350575,FALSE,0.205435040543257,0.319832121279326,-7.96860935187303,-8.5321364163677,0.0466066805366347
2,"young_lifetime","Law 2381 pillars",0.35,0.0189988728395791,"informal","informal",FALSE,0.445235445528568,FALSE,0.211479883302224,0.329243051748091,-7.62940600431696,-8.16894516097547,0.0466066805366347
2,"young_lifetime","Law 2381 pillars",0.36,0.0197889298058682,"informal","informal",FALSE,0.4583363179592,FALSE,0.21770259310804,0.338930895029533,-7.30464167691015,-7.82121402970179,0.0466066805366347
2,"young_lifetime","Law 2381 pillars",0.37,0.0205359817787106,"informal","informal",FALSE,0.471822678248374,FALSE,0.224108403626429,0.34890379917087,-6.99370173744341,-7.48828492454949,0.0466066805366347
2,"young_lifetime","Law 2381 pillars",0.38,0.0212328026386743,"informal","informal",FALSE,0.485705869220003,FALSE,0.230702702521605,0.359170151972306,-6.69599771703087,-7.1695277610723,0.0466066805366347
2,"young_lifetime","Law 2381 pillars",0.39,0.0218724718319488,"informal","informal",FALSE,0.499997567455992,FALSE,0.23749103598762,0.369738588041662,-6.41096619640415,-6.86433927590955,0.0466066805366345
2,"young_lifetime","Law 2381 pillars",0.4,0.0224484882277816,"informal","informal",FALSE,0.514709793116937,FALSE,0.244479113413035,0.380617996056595,-6.13806773961408,-6.57214188508102,0.0466066805366347
2,"young_lifetime","Law 2381 pillars",0.41,0.0229548797878943,"informal","informal",FALSE,0.529854920051781,FALSE,0.251672812182853,0.391817526240497,-5.87678587312208,-6.29238259088134,0.0466066805366347
2,"young_lifetime","Law 2381 pillars",0.42,0.0233863064692461,"informal","informal",FALSE,0.545445686204958,FALSE,0.259078182621749,0.403346598058373,-5.62662610834898,-6.02453193530506,0.046606680536635
2,"young_lifetime","Law 2381 pillars",0.43,0.0237381538851594,"informal","informal",FALSE,0.561495204329748,FALSE,0.266701453082748,0.415214908139164,-5.38711500583148,-5.76808299802172,0.046606680536635
2,"young_lifetime","Law 2381 pillars",0.44,0.0240066154297712,"informal","informal",FALSE,0.578016973016882,FALSE,0.274549035185636,0.427432438431188,-5.15779927921501,-5.52255043700461,0.0466066805366345
2,"young_lifetime","Law 2381 pillars",0.45,0.0241887608228689,"informal","informal",FALSE,0.595024888047646,FALSE,0.282627529209511,0.440009464597542,-4.93824493738738,-5.28746956999751,0.0466066805366347
2,"young_lifetime","Law 2381 pillars",0.46,0.0242825893494975,"informal","informal",FALSE,0.612533254081058,FALSE,0.290943729644009,0.452956564658544,-4.72803646312958,-5.06239549508098,0.0466066805366347
2,"young_lifetime","Law 2381 pillars",0.47,0.0242870664418367,"informal","informal",FALSE,0.630556796684925,FALSE,0.299504630903867,0.46628462788847,-4.52677602672938,-4.60752987952515,0.0118576870342404
2,"young_lifetime","Law 2381 pillars",0.48,0.0242021426680683,"informal","informal",FALSE,0.649110674720917,FALSE,0.308317433211637,0.480004863974075,-4.33408273306927,-4.29775114138355,-0.00559634626739292
2,"young_lifetime","Law 2381 pillars",0.49,0.0240287546408929,"informal","informal",FALSE,0.668210493094058,FALSE,0.317389548653502,0.494128812442603,-4.14959190076407,-4.00879980297973,-0.0227493063228592
2,"young_lifetime","Law 2381 pillars",0.5,0.0237688078223462,"informal","informal",FALSE,0.687872315877378,FALSE,0.326728607413276,0.508668352367204,-3.97295437198373,-3.73927557266538,-0.0396063864933717
2,"young_lifetime","Law 2381 pillars",0.51,0.0234251416663332,"informal","informal",FALSE,0.708112679822739,FALSE,0.336342464189836,0.523635712357942,-3.80383585165526,-3.48787230480781,-0.0561726905572885
2,"young_lifetime","Law 2381 pillars",0.52,0.0230014779905107,"informal","informal",FALSE,0.728948608269221,FALSE,0.346239204803388,0.539043480846771,-3.64191627479308,-3.25337167005691,-0.072453234255373
2,"young_lifetime","Law 2381 pillars",0.53,0.0225023538900762,"informal","informal",FALSE,0.750397625460754,FALSE,0.35642715299612,0.55490461667515,-3.4868892007606,-3.03463725118002,-0.0884529468093989
2,"young_lifetime","Law 2381 pillars",0.54,0.0219330408840984,"informal","informal",FALSE,0.772477771285038,FALSE,0.366914877432956,0.571232459993194,-3.33846123331643,-2.83060903585243,-0.104176672414555
2,"young_lifetime","Law 2381 pillars",0.55,0.0212994523083938,"informal","informal",FALSE,0.795207616446153,FALSE,0.377711198908313,0.588040743479525,-3.19635146534783,-2.64029827971492,-0.119629171706116
2,"young_lifetime","Law 2381 pillars",0.56,0.0206080412279339,"informal","informal",FALSE,0.818606278083617,FALSE,0.388825197764906,0.605343603891265,-3.06029094724038,-2.46278271480407,-0.134815123200803
2,"young_lifetime","Law 2381 pillars",0.57,0.0198656913291574,"informal","informal",FALSE,0.842693435851023,FALSE,0.400266221530851,0.62315559395388,-2.93002217787782,-2.2972020801349,-0.149739124713292
2,"young_lifetime","Law 2381 pillars",0.58,0.0190796033639485,"informal","informal",FALSE,0.867489348467794,FALSE,0.412043892781489,0.641491694600882,-2.80529861730874,-2.14275395277652,-0.164405694748281
2,"young_lifetime","Law 2381 pillars",0.59,0.0182571797508447,"informal","informal",FALSE,0.893014870757954,FALSE,0.424168117232538,0.660367327573677,-2.68588422015776,-1.99868985921768,-0.178819273868549
2,"young_lifetime","Law 2381 pillars",0.6,0.0174059098965294,"informal","informal",FALSE,0.919291471190269,FALSE,0.436649092071385,0.679798368392159,-2.57155298889827,-1.86431164817748,-0.192984226039409
2,"young_lifetime","Law 2381 pillars",0.61,0.0165332586858387,"informal","informal",FALSE,0.946341249934489,FALSE,0.44949731453352,0.699801159706954,-2.46208854614113,-1.73896810728337,-0.206904839949984
2,"young_lifetime","Law 2381 pillars",0.62,0.0156465604078046,"informal","informal",FALSE,0.9741869574489,FALSE,0.462723590731329,0.720392525044557,-2.35728372513002,-1.6220518072206,-0.220585330311678
2,"young_lifetime","Law 2381 pillars",0.63,0.0147529201472209,"informal","informal",FALSE,1.00285201361479,FALSE,0.476339044742675,0.741589782956908,-2.2569401776683,-1.51299615805943,-0.234029839134253
2,"young_lifetime","Law 2381 pillars",0.64,0.0138591243861013,"pillars","mixed",TRUE,1.35133911463307,FALSE,0.491489999416148,0.765177589398349,-2.15338801572163,-1.41127266349469,-0.245500264791306
2,"young_lifetime","Law 2381 pillars",0.65,0.0129715622386452,"pillars","mixed",TRUE,1.41551870171178,FALSE,0.515286054157005,0.859606982290972,-1.98591294052509,-1.3163883596915,-0.239762622029521
2,"young_lifetime","Law 2381 pillars",0.66,0.0120961583990884,"pillars","mixed",TRUE,1.48274639074579,FALSE,0.539758701936606,0.967179026239084,-1.83497763445513,-1.22788342632544,-0.234959826181219
2,"young_lifetime","Law 2381 pillars",0.67,0.0112383185264294,"pillars","mixed",TRUE,1.55316694623037,FALSE,0.565393637118539,1.07869124915299,-1.69872363115264,-1.14532895823998,-0.231096787493218
2,"young_lifetime","Law 2381 pillars",0.68,0.0104028874355191,"pillars","mixed",TRUE,1.62693200800795,FALSE,0.592246060595565,1.19434866860029,-1.57479084052372,-1.06832488692244,-0.227935393680599
2,"young_lifetime","Law 2381 pillars",0.69,0.00959412012165592,"pillars","mixed",TRUE,1.70420041780117,FALSE,0.620373794934355,1.31438407006293,-1.46145010845491,-0.996498041725683,-0.225309368770028
2,"young_lifetime","Law 2381 pillars",0.7,0.00881566532576298,"pillars","mixed",TRUE,1.78513856125419,FALSE,0.649837408887502,1.43905570008408,-1.35738015575326,-0.929500341439868,-0.223099551893798
2,"young_lifetime","Law 2381 pillars",0.71,0.00807056105809019,"pillars","mixed",TRUE,1.86992072621851,FALSE,0.680700347819023,1.56864478798921,-1.26153505530167,-0.867007107450661,-0.221218625327894
2,"young_lifetime","Law 2381 pillars",0.72,0.00736124124713052,"pillars","mixed",TRUE,1.95872947805517,FALSE,0.713029070324195,1.70345314501064,-1.17306210458796,-0.808715490309039,-0.219601359190992
2,"young_lifetime","Law 2381 pillars",0.73,0.00668955247216793,"pillars","mixed",TRUE,2.05175605276111,FALSE,0.746893191337925,1.84380102127319,-1.09124900979959,-0.754343002087797,-0.218198194988377
2,"young_lifetime","Law 2381 pillars",0.74,0.00605677957576838,"pillars","mixed",TRUE,2.14920076876654,FALSE,0.782365632039815,1.99002533349489,-1.01548877970525,-0.70362614741234,-0.216970915154047
2,"young_lifetime","Law 2381 pillars",0.75,0.00546367883789977,"pillars","mixed",TRUE,2.25127345828987,FALSE,0.819522776878711,2.14247831778141,-0.945255682657143,-0.656319146531578,-0.215889653178078
2,"young_lifetime","Law 2381 pillars",0.76,0.0049105173257538,"pillars","mixed",TRUE,2.35819391917916,FALSE,0.858444638054876,2.30152661659944,-0.880088322171878,-0.612192744240796,-0.214930787289032
2,"young_lifetime","Law 2381 pillars",0.77,0.00439711701067287,"pillars","mixed",TRUE,2.47019238821299,FALSE,0.899215027813965,2.46755077761146,-0.819577416125272,-0.571033098884377,-0.214075429798697
2,"young_lifetime","Law 2381 pillars",0.78,0.00392290226240524,"pillars","mixed",TRUE,2.58751003687998,FALSE,0.941921738923809,2.6409451231099,-0.763356759522114,-0.532308051968403,-0.213635945366572
2,"young_lifetime","Law 2381 pillars",0.79,0.00348694938664893,"pillars","mixed",TRUE,2.7103994907045,FALSE,0.986656733722656,2.82211793981759,-0.711096390060832,-0.496211631461385,-0.213270121506472
2,"young_lifetime","Law 2381 pillars",0.8,0.00308803695908519,"pillars","mixed",TRUE,2.83912537323694,FALSE,1.03351634214592,3.01149193708307,-0.662497309357399,-0.462603082047067,-0.212924726900688
2,"young_lifetime","Law 2381 pillars",0.81,0.00272469582188591,"pillars","mixed",TRUE,2.97396487587984,FALSE,1.0826014691579,3.209504924494,-0.617287324093308,-0.431303010401089,-0.212597564612617
2,"young_lifetime","Law 2381 pillars",0.82,0.0023952577407798,"pillars","mixed",TRUE,3.11520835477698,FALSE,1.13401781203511,3.41661066562701,-0.575217708209491,-0.402146504830179,-0.212286961670848
2,"young_lifetime","Law 2381 pillars",0.83,0.00209790186595431,"pillars","mixed",TRUE,3.26315995605066,FALSE,1.1878760879691,3.63327987154846,-0.536060477610309,-0.374981675720207,-0.211991616870771
2,"young_lifetime","Law 2381 pillars",0.84,0.00183069829236669,"pillars","mixed",TRUE,3.4181382707337,FALSE,1.24429227247896,3.86000130476127,-0.499606129544579,-0.349668392406803,-0.211710492520355
2,"young_lifetime","Law 2381 pillars",0.85,0.00159164816888775,"pillars","mixed",TRUE,3.5804770208062,FALSE,1.30338784914671,4.09728297093555,-0.465661740283029,-0.326077183190032,-0.211442737504336
2,"young_lifetime","Law 2381 pillars",0.86,0.00137871995615396,"pillars","mixed",TRUE,3.75052577781456,FALSE,1.36529007121356,4.34565338163723,-0.434049343442098,-0.304088271593567,-0.211187632740211
2,"young_lifetime","Law 2381 pillars",0.87,0.00118988157581876,"pillars","mixed",TRUE,3.92865071562008,FALSE,1.43013223560021,4.60566287624986,-0.404604531492313,-0.283590727057264,-0.210944552672678
2,"young_lifetime","Law 2381 pillars",0.88,0.0010231283256207,"pillars","mixed",TRUE,4.11523539889807,FALSE,1.49805396994125,4.87788499537138,-0.377175237358563,-0.264481712315876,-0.210712938260114
2,"young_lifetime","Law 2381 pillars",0.89,0.000876506552691064,"pillars","mixed",TRUE,4.31068160908541,FALSE,1.56920153325185,5.16291790123187,-0.351620663371089,-0.246665812967756,-0.210492278186044
2,"young_lifetime","Law 2381 pillars",0.9,0.000748133179985062,"pillars","mixed",TRUE,4.51541020955518,FALSE,1.64372813087404,5.4613858432272,-0.327810332369658,-0.230054437343377,-0.210282095940932
2,"young_lifetime","Law 2381 pillars",0.91,0.000636211266591,"pillars","mixed",TRUE,4.72986205188116,FALSE,1.72179424438086,5.77394066861643,-0.305623241322124,-0.214565276877349,-0.210081941074165
2,"young_lifetime","Law 2381 pillars",0.92,0.000539041851611795,"pillars","mixed",TRUE,4.95449892514402,FALSE,1.80356797714879,6.10126337990056,-0.284947101959133,-0.200121818874138,-0.209891383388077
2,"young_lifetime","Law 2381 pillars",0.93,0.000455032383605845,"pillars","mixed",TRUE,5.18980455032307,FALSE,1.88922541634252,6.44406574149068,-0.265677656043664,-0.18665290492008,-0.209710009187481
2,"young_lifetime","Law 2381 pillars",0.94,0.00038270207402884,"pillars","mixed",TRUE,5.43628562191506,FALSE,1.97895101209158,6.80309193907179,-0.247718055265253,-0.174092329297998,-0.209537418946254
2,"young_lifetime","Law 2381 pillars",0.95,0.000320684534961157,"pillars","mixed",TRUE,5.6944728990229,FALSE,2.07293797467536,7.17912029564821,-0.230978297571257,-0.16237847265795,-0.209373225932889
2,"young_lifetime","Law 2381 pillars",0.96,0.000267728070175611,"pillars","mixed",TRUE,5.96492234826378,FALSE,2.17138869057176,7.57296504867531,-0.215374713163014,-0.151453966929389,-0.209217055468314
2,"young_lifetime","Law 2381 pillars",0.97,0.000222693986042829,"pillars","mixed",TRUE,6.24821634095788,FALSE,2.27451515826534,7.98547819298772,-0.200829494495397,-0.141265388059137,-0.209068544584838
2,"young_lifetime","Law 2381 pillars",0.98,0.00018455327674269,"pillars","mixed",TRUE,6.54496490717546,FALSE,2.38253944475346,8.41755139446029,-0.187270265498776,-0.131762973652016,-0.208927341924558
2,"young_lifetime","Law 2381 pillars",0.99,0.000152382018630337,"pillars","mixed",TRUE,6.85580704934287,FALSE,2.49569416373347,8.87011797951449,-0.174629685947532,-0.122900362997393,-0.208793107765912
2,"young_lifetime","Law 2381 pillars",1,6.26778916131105e-05,"pillars","mixed",TRUE,7.18141211823602,FALSE,2.61422297650054,9.34415500572733,-0.16284508746969,-0.114634357301959,-0.208665514103381
3,"young_lifetime","Law 2381 pillars",0,0.000223648618482682,"informal","informal",FALSE,0.0988567169923389,TRUE,0.0778787447685041,0.0729469210406305,-38.1006780201191,-37.4437493418334,-0.0115278976781512
3,"young_lifetime","Law 2381 pillars",0.01,0.000530074028894635,"informal","informal",FALSE,0.101765535800981,TRUE,0.0799733373125446,0.0749088694179008,-36.6136722276219,-35.8498645670935,-0.0139563211662571
3,"young_lifetime","Law 2381 pillars",0.02,0.000625857596014926,"informal","informal",FALSE,0.10475994542347,TRUE,0.0821295623927841,0.0769285473305534,-35.1812977613889,-34.3238273962876,-0.0163153317253004
3,"young_lifetime","Law 2381 pillars",0.03,0.00073622950670148,"informal","informal",FALSE,0.107842464334792,TRUE,0.0843492335216067,0.0790076534467561,-33.8017673293559,-32.8627497302052,-0.0186069134222061
3,"young_lifetime","Law 2381 pillars",0.04,0.000862878406729994,"informal","informal",FALSE,0.111015685115042,TRUE,0.0866342175732631,0.0811479364172989,-32.4733379749222,-31.4638664086426,-0.0208329936122502
3,"young_lifetime","Law 2381 pillars",0.05,0.00100759191313581,"informal","informal",FALSE,0.114282276629931,TRUE,0.0889864363540216,0.083351196346312,-31.1943109135803,-30.1245299772036,-0.0229954445600823
3,"young_lifetime","Law 2381 pillars",0.06,0.00117224512608808,"informal","informal",FALSE,0.117644986275461,TRUE,0.0914078682185207,0.0856192863052596,-29.9630312959256,-28.842205676864,-0.0250960850144075
3,"young_lifetime","Law 2381 pillars",0.07,0.00135878545245099,"informal","informal",FALSE,0.121106642288649,TRUE,0.0939005497336819,0.0879541138914822,-28.7778879027886,-27.6144666468168,-0.0271366817376639
3,"young_lifetime","Law 2381 pillars",0.08,0.00156921348536889,"informal","informal",FALSE,0.124670156126237,TRUE,0.0964665773915824,0.0903576428325989,-27.6373127780166,-26.4389893315217,-0.0291189509919717
3,"young_lifetime","Law 2381 pillars",0.09,0.00180555975146526,"informal","informal",FALSE,0.128338524913403,TRUE,0.0991081093727285,0.0928318946381172,-26.5397808042034,-25.3135490832626,-0.031044559982612
3,"young_lifetime","Law 2381 pillars",0.1,0.00206985722142662,"informal","informal",FALSE,0.132114833964517,TRUE,0.101827367361213,0.0953789502996422,-25.4838092264405,-24.2360159518952,-0.0329151282602448
3,"young_lifetime","Law 2381 pillars",0.11,0.00236410958058029,"informal","informal",FALSE,0.136002259378072,TRUE,0.104626638413282,0.0980009520411132,-24.4679571289364,-23.2043506538124,-0.0347322290830466
3,"young_lifetime","Law 2381 pillars",0.12,0.00269025537259384,"informal","informal",FALSE,0.140004070707973,TRUE,0.107508276880884,0.10070010512054,-23.4908248691199,-22.216600712502,-0.036497390739912
3,"young_lifetime","Law 2381 pillars",0.13,0.0030501282598838,"informal","informal",FALSE,0.144123633713423,TRUE,0.110474706391819,0.103478679684755,-22.5510534736182,-21.27089676339,-0.0382120978358362
3,"young_lifetime","Law 2381 pillars",0.14,0.00344541378616971,"informal","informal",FALSE,0.148364413189722,TRUE,0.113528421888152,0.106339012678741,-21.6473240002764,-20.3654490159778,-0.0398777925405546
3,"young_lifetime","Law 2381 pillars",0.15,0.0038776031764757,"informal","informal",FALSE,0.152729975882371,TRUE,0.116671991724608,0.10928350981114,-20.778356870161,-19.498543866577,-0.0414958758014929
3,"young_lifetime","Law 2381 pillars",0.16,0.00434794486360459,"informal","informal",FALSE,0.157223993486906,TRUE,0.119908059828705,0.112314647577592,-19.9429111732751,-18.6685406552316,-0.0430677085220463
3,"young_lifetime","Law 2381 pillars",0.17,0.00485739458280167,"informal","informal",FALSE,0.161850245737019,TRUE,0.12323934792446,0.11543497534362,-19.1397839514971,-17.8738685606894,-0.0445946127061791
3,"young_lifetime","Law 2381 pillars",0.18,0.00540656502249209,"informal","informal",FALSE,0.166612623583531,TRUE,0.126668657821511,0.118647117488793,-18.3678094620479,-17.1130236275471,-0.0460778725703086
3,"young_lifetime","Law 2381 pillars",0.19,0.00599567615266305,"informal","informal",FALSE,0.171515132466914,TRUE,0.130198873771613,0.121953775613984,-17.6258584245885,-16.3845659199415,-0.0475187356234068
3,"young_lifetime","Law 2381 pillars",0.2,0.00662450746745946,"informal","informal",FALSE,0.176561895686101,TRUE,0.133832964894457,0.125357730813577,-16.9128372548534,-15.6871167964014,-0.0489184137162278
3,"young_lifetime","Law 2381 pillars",0.21,0.00729235346863131,"informal","informal",FALSE,0.181757157866425,TRUE,0.137573987674876,0.12886184601453,-16.2276872875327,-15.0193563007019,-0.0502780840605472
3,"young_lifetime","Law 2381 pillars",0.22,0.00799798377561329,"informal","informal",FALSE,0.187105288529597,TRUE,0.141425088533531,0.132469068384264,-15.5693839909361,-14.3800206637833,-0.0515988902192661
3,"young_lifetime","Law 2381 pillars",0.23,0.0087396092707509,"informal","informal",FALSE,0.192610785768733,TRUE,0.145389506473234,0.13618243180941,-14.9369361757899,-13.7678999120069,-0.0528819430682147
3,"young_lifetime","Law 2381 pillars",0.24,0.0095148556698428,"informal","informal",FALSE,0.198278280031514,TRUE,0.149470575803144,0.140005059447479,-14.3293852003519,-13.1818355772215,-0.0541283217304641
3,"young_lifetime","Law 2381 pillars",0.25,0.010320745845168,"informal","informal",FALSE,0.204112538014668,TRUE,0.15367172894311,0.143940166353628,-13.7458041738634,-12.6207185043064,-0.0553390744839328
3,"young_lifetime","Law 2381 pillars",0.26,0.0111536921182913,"informal","informal",FALSE,0.210118466673039,TRUE,0.157996499310549,0.147991062184707,-13.1852971602025,-12.0834867520412,-0.056515219643051
3,"young_lifetime","Law 2381 pillars",0.27,0.0120094995825537,"informal","informal",FALSE,0.216301117346629,TRUE,0.162448524292247,0.152161153982876,-12.6469983834531,-11.5691235833312,-0.0576577464152209
3,"young_lifetime","Law 2381 pillars",0.28,0.0128833813113884,"informal","informal",FALSE,0.222665690009072,FALSE,0.160337898228975,0.150184187440318,-12.897538685704,-11.0766555409828,-0.0964867189992109
3,"young_lifetime","Law 2381 pillars",0.29,0.0137699860614464,"informal","informal",FALSE,0.229217537641114,FALSE,0.165055775863357,0.154603296252326,-12.3485234053406,-10.605150605389,-0.0964867189992111
3,"young_lifetime","Law 2381 pillars",0.3,0.0146634387938913,"informal","informal",FALSE,0.235962170732792,FALSE,0.169912475133915,0.159152435549069,-11.8228783032273,-10.153716430637,-0.0964867189992109
3,"young_lifetime","Law 2381 pillars",0.31,0.0155573940198842,"informal","informal",FALSE,0.242905261918076,FALSE,0.174912080810996,0.16383543142483,-11.3196085705656,-9.72149865570018,-0.0964867189992109
3,"young_lifetime","Law 2381 pillars",0.32,0.0164451016357299,"informal","informal",FALSE,0.25005265074589,FALSE,0.180058797857661,0.168656222555164,-10.8377617450266,-9.30767928751892,-0.0964867189992111
3,"young_lifetime","Law 2381 pillars",0.33,0.0173194845593781,"informal","informal",FALSE,0.25741034859152,FALSE,0.185356954966302,0.173618863509557,-10.3764259081702,-8.91147515290884,-0.0964867189992109
3,"young_lifetime","Law 2381 pillars",0.34,0.0181732271241403,"informal","informal",FALSE,0.264984543712527,FALSE,0.19081100819933,0.178727528161559,-9.93472795959511,-8.5321364163677,-0.0964867189992109
3,"young_lifetime","Law 2381 pillars",0.35,0.0189988728395791,"informal","informal",FALSE,0.272781606453446,FALSE,0.196425544736987,0.183986513199255,-9.51183196455409,-8.16894516097547,-0.096486718999211
3,"young_lifetime","Law 2381 pillars",0.36,0.0197889298058682,"informal","informal",FALSE,0.280808094603613,FALSE,0.202205286735429,0.189400241739036,-9.10693757190712,-7.82121402970179,-0.096486718999211
3,"young_lifetime","Law 2381 pillars",0.37,0.0205359817787106,"informal","informal",FALSE,0.289070758912659,FALSE,0.208155095298347,0.194973267045699,-8.71927849941802,-7.48828492454949,-0.096486718999211
3,"young_lifetime","Law 2381 pillars",0.38,0.0212328026386743,"informal","informal",FALSE,0.297576548768282,FALSE,0.214279974565433,0.20071027636201,-8.34812108352825,-7.1695277610723,-0.096486718999211
3,"young_lifetime","Law 2381 pillars",0.39,0.0218724718319488,"informal","informal",FALSE,0.306332618041098,FALSE,0.220585075921162,0.206616094850954,-7.9927628908631,-6.86433927590955,-0.0964867189992109
3,"young_lifetime","Law 2381 pillars",0.4,0.0224484882277816,"informal","informal",FALSE,0.315346331101462,FALSE,0.227075702327408,0.212695689653978,-7.65253138884256,-6.57214188508102,-0.0964867189992109
3,"young_lifetime","Law 2381 pillars",0.41,0.0229548797878943,"informal","informal",FALSE,0.324625269013343,FALSE,0.233757312783548,0.218954174068655,-7.32678267288083,-6.29238259088134,-0.096486718999211
3,"young_lifetime","Law 2381 pillars",0.42,0.0233863064692461,"informal","informal",FALSE,0.334177235910441,FALSE,0.2406355269178,0.225396811849262,-7.01490024776573,-6.02453193530506,-0.0964867189992107
3,"young_lifetime","Law 2381 pillars",0.43,0.0237381538851594,"informal","informal",FALSE,0.344010265559926,FALSE,0.247716129713665,0.232029021633914,-6.7162938609117,-5.76808299802172,-0.0964867189992109
3,"young_lifetime","Law 2381 pillars",0.44,0.0240066154297712,"informal","informal",FALSE,0.354132628119309,FALSE,0.255005076375439,0.238856381501953,-6.43039838527817,-5.52255043700461,-0.096486718999211
3,"young_lifetime","Law 2381 pillars",0.45,0.0241887608228689,"informal","informal",FALSE,0.364552837092132,FALSE,0.262508497336886,0.245884633665446,-6.15667274983931,-5.28746956999751,-0.0964867189992109
3,"young_lifetime","Law 2381 pillars",0.46,0.0242825893494975,"informal","informal",FALSE,0.375279656488326,FALSE,0.2702327034173,0.253119689298717,-5.89459891558091,-5.06239549508098,-0.0964867189992109
3,"young_lifetime","Law 2381 pillars",0.47,0.0242870664418367,"informal","informal",FALSE,0.386322108195262,FALSE,0.278184191129272,0.260567633510003,-5.64368089508647,-4.60752987952515,-0.126484785813313
3,"young_lifetime","Law 2381 pillars",0.48,0.0242021426680683,"informal","informal",FALSE,0.397689479565685,FALSE,0.286369648142643,0.26823473045938,-5.40344381385704,-4.29775114138355,-0.141552481432235
3,"young_lifetime","Law 2381 pillars",0.49,0.0240287546408929,"informal","informal",FALSE,0.409391331228931,FALSE,0.294795958909226,0.276127428627293,-5.17343301158818,-4.00879980297973,-0.156360266923001
3,"young_lifetime","Law 2381 pillars",0.5,0.0237688078223462,"informal","informal",FALSE,0.421437505131976,FALSE,0.303470210453038,0.284252366238112,-4.95321318170339,-3.73927557266538,-0.170912625603861
3,"young_lifetime","Law 2381 pillars",0.51,0.0234251416663332,"informal","informal",FALSE,0.433838132817095,FALSE,0.312399698330901,0.292616376843264,-4.74236754751532,-3.48787230480781,-0.185213963458088
3,"young_lifetime","Law 2381 pillars",0.52,0.0230014779905107,"pillars","payg_only",TRUE,0.607855330956267,FALSE,0.327180386908514,0.306461049427578,-4.42466328153588,-3.25337167005691,-0.185353924827717
3,"young_lifetime","Law 2381 pillars",0.53,0.0225023538900762,"pillars","payg_only",TRUE,0.636724401437481,FALSE,0.342991127049888,0.321270543547124,-4.12227338979749,-3.03463725118002,-0.184707721579036
3,"young_lifetime","Law 2381 pillars",0.54,0.0219330408840984,"pillars","payg_only",TRUE,0.666964560051028,FALSE,0.359535905961152,0.336767591996763,-3.84103014506902,-2.83060903585243,-0.184129089705141
3,"young_lifetime","Law 2381 pillars",0.55,0.0212994523083938,"pillars","payg_only",TRUE,0.698640924330493,FALSE,0.376840127375866,0.352975989768979,-3.57952504920395,-2.64029827971492,-0.183633720000907
3,"young_lifetime","Law 2381 pillars",0.56,0.0206080412279339,"pillars","payg_only",TRUE,0.731821704457613,FALSE,0.394929619127235,0.369919929098955,-3.33642647874801,-2.46278271480407,-0.183236430625452
3,"young_lifetime","Law 2381 pillars",0.57,0.0198656913291574,"pillars","payg_only",TRUE,0.766578350142422,FALSE,0.414222098136069,0.387990674167057,-3.10606988266042,-2.2972020801349,-0.18217825802166
3,"young_lifetime","Law 2381 pillars",0.58,0.0190796033639485,"pillars","payg_only",TRUE,0.802985704479216,FALSE,0.434693308607457,0.407165505223995,-2.8892604073317,-2.14275395277652,-0.18067335412092
3,"young_lifetime","Law 2381 pillars",0.59,0.0182571797508447,"pillars","payg_only",TRUE,0.841122165109658,FALSE,0.456178416331616,0.427290026508493,-2.68756526218866,-1.99868985921768,-0.179161735819335
3,"young_lifetime","Law 2381 pillars",0.6,0.0174059098965294,"pillars","payg_only",TRUE,0.881069853040044,FALSE,0.478717621313761,0.448401892281861,-2.50001145120825,-1.86431164817748,-0.177660767856194
3,"young_lifetime","Law 2381 pillars",0.61,0.0165332586858387,"pillars","payg_only",TRUE,0.92291478947627,FALSE,0.502351920190265,0.470539502988349,-2.3256749700426,-1.73896810728337,-0.176187459261233
3,"young_lifetime","Law 2381 pillars",0.62,0.0156465604078046,"pillars","payg_only",TRUE,0.966747081057279,FALSE,0.527123523093365,0.493742395721066,-2.16367747057899,-1.6220518072206,-0.174757729154071
3,"young_lifetime","Law 2381 pillars",0.63,0.0147529201472209,"pillars","payg_only",TRUE,1.01266111388585,FALSE,0.553076330148154,0.518051690543882,-2.0131841850883,-1.51299615805943,-0.173385771009522
3,"young_lifetime","Law 2381 pillars",0.64,0.0138591243861013,"pillars","payg_only",TRUE,1.06075575677459,FALSE,0.580256431206807,0.543510558578999,-1.87340284266136,-1.41127266349469,-0.17208356679469
3,"young_lifetime","Law 2381 pillars",0.65,0.0129715622386452,"pillars","mixed",TRUE,1.11113457414468,FALSE,0.60889156806003,0.570332319423102,-1.74281455727598,-1.3163883596915,-0.170616795602553
3,"young_lifetime","Law 2381 pillars",0.66,0.0120961583990884,"pillars","mixed",TRUE,1.16390604903597,FALSE,0.641938704746222,0.601286681587417,-1.60998109483607,-1.22788342632544,-0.165247796722099
3,"young_lifetime","Law 2381 pillars",0.67,0.0112383185264294,"pillars","mixed",TRUE,1.21918381670853,FALSE,0.676451799840624,0.6336141674785,-1.48835261150667,-1.14532895823998,-0.160250787788957
3,"young_lifetime","Law 2381 pillars",0.68,0.0104028874355191,"pillars","mixed",TRUE,1.27708690933872,FALSE,0.712502061324983,0.667381475693478,-1.37683510653866,-1.06832488692244,-0.155601195787652
3,"young_lifetime","Law 2381 pillars",0.69,0.00959412012165592,"pillars","mixed",TRUE,1.33774001233666,FALSE,0.750165676727311,0.702659969036239,-1.27445743315828,-0.996498041725683,-0.151274188883306
3,"young_lifetime","Law 2381 pillars",0.7,0.00881566532576298,"pillars","mixed",TRUE,1.40127373283712,FALSE,0.789523728364866,0.739525595127826,-1.18035688754424,-0.929500341439868,-0.147245257434495
3,"young_lifetime","Law 2381 pillars",0.71,0.00807056105809019,"pillars","mixed",TRUE,1.46782488094189,FALSE,0.830662099080089,0.778058798111822,-1.09376626921627,-0.867007107450661,-0.143490690335543
3,"young_lifetime","Law 2381 pillars",0.72,0.00736124124713052,"pillars","mixed",TRUE,1.53753676431935,FALSE,0.873671390787046,0.818344442359001,-1.01400231607617,-0.808715490309039,-0.139987936492924
3,"young_lifetime","Law 2381 pillars",0.73,0.00668955247216793,"pillars","mixed",TRUE,1.61055949679546,FALSE,0.918646872100577,0.860471763412965,-0.940455428935889,-0.754343002087797,-0.136715853893191
3,"young_lifetime","Law 2381 pillars",0.74,0.00605677957576838,"pillars","mixed",TRUE,1.68705032160081,FALSE,0.965688465343807,0.904534355820426,-0.872580599297546,-0.70362614741234,-0.133654857432914
3,"young_lifetime","Law 2381 pillars",0.75,0.00546367883789977,"pillars","mixed",TRUE,1.7671739499698,FALSE,1.01490077806238,0.950630202649742,-0.809889448014427,-0.656319146531578,-0.130786981616277
3,"young_lifetime","Law 2381 pillars",0.76,0.0049105173257538,"pillars","mixed",TRUE,1.85110291582092,FALSE,1.06639318017537,0.998861747756104,-0.751943276238042,-0.612192744240796,-0.128095876048085
3,"young_lifetime","Law 2381 pillars",0.77,0.00439711701067287,"pillars","mixed",TRUE,1.93901794728201,FALSE,1.12027992512576,1.0493360092599,-0.69834702642814,-0.571033098884377,-0.125566751221877
3,"young_lifetime","Law 2381 pillars",0.78,0.00392290226240524,"pillars","mixed",TRUE,2.03110835586058,FALSE,1.17668031173087,1.10216473114766,-0.648744051141543,-0.532308051968403,-0.123551440842025
3,"young_lifetime","Law 2381 pillars",0.79,0.00348694938664893,"pillars","mixed",TRUE,2.12757244409697,FALSE,1.2357188826553,1.15746456917636,-0.602811590695642,-0.496211631461385,-0.121671657103797
3,"young_lifetime","Law 2381 pillars",0.8,0.00308803695908519,"pillars","mixed",TRUE,2.22861793257841,FALSE,1.29752565529263,1.21535730713398,-0.560256866922166,-0.462603082047067,-0.119868518184485
3,"young_lifetime","Law 2381 pillars",0.81,0.00272469582188591,"pillars","mixed",TRUE,2.3344624072334,FALSE,1.36223638112588,1.27597009977556,-0.520813708184837,-0.431303010401089,-0.118139165105978
3,"young_lifetime","Law 2381 pillars",0.82,0.0023952577407798,"pillars","mixed",TRUE,2.44533378786956,FALSE,1.42999283016104,1.33943573924438,-0.484239629762041,-0.402146504830179,-0.116480824349857
3,"young_lifetime","Law 2381 pillars",0.83,0.00209790186595431,"pillars","mixed",TRUE,2.56147081896385,FALSE,1.50094309765935,1.40589294237978,-0.450313302873978,-0.374981675720207,-0.114890818560582
3,"young_lifetime","Law 2381 pillars",0.84,0.00183069829236669,"pillars","mixed",TRUE,2.68312358376219,FALSE,1.5752419310425,1.47548665692053,-0.418832354534593,-0.349668392406803,-0.113366569371279
3,"young_lifetime","Law 2381 pillars",0.85,0.00159164816888775,"pillars","mixed",TRUE,2.81055404279523,FALSE,1.65305107545628,1.54836838518494,-0.389611448685744,-0.326077183190032,-0.111905595550133
3,"young_lifetime","Law 2381 pillars",0.86,0.00137871995615396,"pillars","mixed",TRUE,2.94403659797012,FALSE,1.73453963702199,1.62469652431863,-0.362480606531294,-0.304088271593567,-0.110505508646508
3,"young_lifetime","Law 2381 pillars",0.87,0.00118988157581876,"pillars","mixed",TRUE,3.0838586834528,FALSE,1.81988446327086,1.7046367226373,-0.337283730554007,-0.283590727057264,-0.109164007563437
3,"young_lifetime","Law 2381 pillars",0.88,0.0010231283256207,"pillars","mixed",TRUE,3.23032138461337,FALSE,1.90927054064478,1.78836225195482,-0.313877302370359,-0.264481712315876,-0.107878872943486
3,"young_lifetime","Law 2381 pillars",0.89,0.000876506552691064,"pillars","mixed",TRUE,3.38374008636707,FALSE,2.00289140926237,1.87605439608353,-0.292129229409971,-0.246665812967756,-0.106647961879268
3,"young_lifetime","Law 2381 pillars",0.9,0.000748133179985062,"pillars","mixed",TRUE,3.54444515230729,FALSE,2.10094959540392,1.96790285593117,-0.271917819477575,-0.230054437343377,-0.105469203207025
3,"young_lifetime","Law 2381 pillars",0.91,0.000636211266591,"pillars","mixed",TRUE,3.71278263609275,FALSE,2.20365706237093,2.06410617180891,-0.253130865658326,-0.214565276877349,-0.104340593478206
3,"young_lifetime","Law 2381 pillars",0.92,0.000539041851611795,"pillars","mixed",TRUE,3.88911502662089,FALSE,2.31077794759349,2.16765561980938,-0.235632762164855,-0.200121818874138,-0.1031788437614
3,"young_lifetime","Law 2381 pillars",0.93,0.000455032383605845,"pillars","mixed",TRUE,4.07382202859197,FALSE,2.4205244745024,2.29105256841041,-0.219219237273612,-0.18665290492008,-0.101666916610592
3,"young_lifetime","Law 2381 pillars",0.94,0.00038270207402884,"pillars","mixed",TRUE,4.26730138014479,FALSE,2.53548322882636,2.42027461323235,-0.203983632687751,-0.174092329297998,-0.100247885007717
3,"young_lifetime","Law 2381 pillars",0.95,0.000320684534961157,"pillars","mixed",TRUE,4.46996970932466,FALSE,2.65590175657337,2.5556032569501,-0.189836446183727,-0.16237847265795,-0.0989147003438001
3,"young_lifetime","Law 2381 pillars",0.96,0.000267728070175611,"pillars","mixed",TRUE,4.68226343122782,FALSE,2.78203936053429,2.69733271841216,-0.176695735906564,-0.151453966929389,-0.0976610120439434
3,"young_lifetime","Law 2381 pillars",0.97,0.000222693986042829,"pillars","mixed",TRUE,4.90463968775432,FALSE,2.91416765865159,2.84577062190479,-0.164486359306268,-0.141265388059137,-0.0964810775529928
3,"young_lifetime","Law 2381 pillars",0.98,0.00018455327674269,"pillars","mixed",TRUE,5.13757733199277,FALSE,3.0525711689068,3.00123870870898,-0.153139308880122,-0.131762973652016,-0.0953696866222198
3,"young_lifetime","Law 2381 pillars",0.99,0.000152382018630337,"pillars","mixed",TRUE,5.38157795935695,FALSE,3.19754792198628,3.1640735730994,-0.142591129137304,-0.122900362997393,-0.0943220972784705
3,"young_lifetime","Law 2381 pillars",1,6.26778916131105e-05,"pillars","mixed",TRUE,5.63716698769436,FALSE,3.34941010304449,3.33462742497499,-0.132783402222575,-0.114634357301959,-0.0933339813830102
4,"young_lifetime","Law 2381 pillars",0,0.000223648618482682,"informal","informal",FALSE,0.158984377512123,TRUE,0.0798603205567322,0.122876689103482,-32.9368347922393,-37.4437493418334,0.0892602246292633
4,"young_lifetime","Law 2381 pillars",0.01,0.000530074028894635,"informal","informal",FALSE,0.163662428348298,TRUE,0.0821127565248861,0.12634238861802,-31.5909355586117,-35.8498645670935,0.0879694179025989
4,"young_lifetime","Law 2381 pillars",0.02,0.000625857596014926,"informal","informal",FALSE,0.168478128933262,TRUE,0.0844314695079841,0.129910064935346,-30.2985547418675,-34.3238273962876,0.0867155069958729
4,"young_lifetime","Law 2381 pillars",0.03,0.00073622950670148,"informal","informal",FALSE,0.173435529555052,TRUE,0.086818409680314,0.133582718681529,-29.0576638706241,-32.8627497302052,0.085497437296105
4,"young_lifetime","Law 2381 pillars",0.04,0.000862878406729994,"informal","informal",FALSE,0.178538799679789,TRUE,0.0892755845992511,0.13736343877484,-27.8663046641667,-31.4638664086426,0.0843141843348822
4,"young_lifetime","Law 2381 pillars",0.05,0.00100759191313581,"informal","informal",FALSE,0.183792231458444,TRUE,0.0918050608937324,0.141255405023721,-26.7225870562816,-30.1245299772036,0.0831647529267221
4,"young_lifetime","Law 2381 pillars",0.06,0.00117224512608808,"informal","informal",FALSE,0.189200243336788,TRUE,0.0944089660024133,0.145261890801186,-25.6246872429775,-28.842205676864,0.0820481763320597
4,"young_lifetime","Law 2381 pillars",0.07,0.00135878545245099,"informal","informal",FALSE,0.194767383771569,TRUE,0.0970894899629688,0.149386265797923,-24.5708457563752,-27.6144666468168,0.080963515444167
4,"young_lifetime","Law 2381 pillars",0.08,0.00156921348536889,"informal","informal",FALSE,0.200498335056029,TRUE,0.0998488872540446,0.153631998856403,-23.5593655667989,-26.4389893315217,0.0799098579993052
4,"young_lifetime","Law 2381 pillars",0.09,0.00180555975146526,"informal","informal",FALSE,0.206397917257992,TRUE,0.102689478691406,0.158002660888378,-22.5886102148633,-25.3135490832626,0.0788863178094583
4,"young_lifetime","Law 2381 pillars",0.1,0.00206985722142662,"informal","informal",FALSE,0.21247109227382,TRUE,0.105613653379881,0.162501927878232,-21.6570019751303,-24.2360159518952,0.077892034016998
4,"young_lifetime","Law 2381 pillars",0.11,0.00236410958058029,"informal","informal",FALSE,0.218722968001665,TRUE,0.108623870722739,0.167133583974697,-20.7630200527042,-23.2043506538124,0.0769261703706494
4,"young_lifetime","Law 2381 pillars",0.12,0.00269025537259384,"informal","informal",FALSE,0.225158802637511,TRUE,0.111722662490193,0.17190152467355,-19.9051988139376,-22.216600712502,0.0759879145221567
4,"young_lifetime","Law 2381 pillars",0.13,0.0030501282598838,"informal","informal",FALSE,0.231784009097626,TRUE,0.114912634948767,0.176809760093947,-19.0821260522444,-21.27089676339,0.0750764773430492
4,"young_lifetime","Law 2381 pillars",0.14,0.00344541378616971,"informal","informal",FALSE,0.238604159571144,TRUE,0.118196471053322,0.181862418351179,-18.292441289846,-20.3654490159778,0.0741910922609372
4,"young_lifetime","Law 2381 pillars",0.15,0.0038776031764757,"informal","informal",FALSE,0.245624990206604,TRUE,0.121576932703575,0.18706374902865,-17.5348341161225,-19.498543866577,0.0733310146147801
4,"young_lifetime","Law 2381 pillars",0.16,0.00434794486360459,"informal","informal",FALSE,0.252852405936391,TRUE,0.125056863067026,0.192418126752038,-16.8080425630975,-18.6685406552316,0.0724955210285834
4,"young_lifetime","Law 2381 pillars",0.17,0.00485739458280167,"informal","informal",FALSE,0.260292485443131,TRUE,0.128639188970224,0.197930054868603,-16.1108515184518,-17.8738685606894,0.0716839088029957
4,"young_lifetime","Law 2381 pillars",0.18,0.00540656502249209,"informal","informal",FALSE,0.267951486272219,TRUE,0.1323269233604,0.203604169234773,-15.4420911763379,-17.1130236275471,0.0708954953242977
4,"young_lifetime","Law 2381 pillars",0.19,0.00599567615266305,"informal","informal",FALSE,0.275835850094787,TRUE,0.13612316783954,0.209445242115174,-14.8006355261574,-16.3845659199415,0.070129617490283
4,"young_lifetime","Law 2381 pillars",0.2,0.00662450746745946,"informal","informal",FALSE,0.28395220812553,TRUE,0.140031115273007,0.215458186196381,-14.1854008793558,-15.6871167964014,0.0693856311525509
4,"young_lifetime","Law 2381 pillars",0.21,0.00729235346863131,"informal","informal",FALSE,0.292307386699941,TRUE,0.144054052474933,0.221648058718778,-13.5953444341996,-15.0193563007019,0.0686629105747398
4,"young_lifetime","Law 2381 pillars",0.22,0.00799798377561329,"informal","informal",FALSE,0.300908413015672,TRUE,0.148195362972625,0.22802006573,-13.0294628784109,-14.3800206637833,0.0679608479062452
4,"young_lifetime","Law 2381 pillars",0.23,0.0087396092707509,"informal","informal",FALSE,0.309762521042814,TRUE,0.152458529852308,0.234579566463519,-12.4867910294573,-13.7678999120069,0.0672788526709827
4,"young_lifetime","Law 2381 pillars",0.24,0.0095148556698428,"informal","informal",FALSE,0.318877157608093,TRUE,0.156847138688605,0.241332077846082,-11.966400512226,-13.1818355772215,0.0666163512707603
4,"young_lifetime","Law 2381 pillars",0.25,0.010320745845168,"informal","informal",FALSE,0.328259988658093,TRUE,0.16136488056022,0.248283279137765,-11.467398473743,-12.6207185043064,0.0659727865028521
4,"young_lifetime","Law 2381 pillars",0.26,0.0111536921182913,"informal","informal",FALSE,0.337918905706768,TRUE,0.16601555515435,0.255439016708572,-10.9889263345455,-12.0834867520412,0.0653476170913556
4,"young_lifetime","Law 2381 pillars",0.27,0.0120094995825537,"informal","informal",FALSE,0.34786203247267,TRUE,0.170803073962449,0.262805308955569,-10.5301585762607,-11.5691235833312,0.0647403172319472
4,"young_lifetime","Law 2381 pillars",0.28,0.0128833813113884,"informal","informal",FALSE,0.358097731711473,FALSE,0.172420574138245,0.265294067638738,-10.3823294267118,-11.0766555409828,0.0441011250785321
4,"young_lifetime","Law 2381 pillars",0.29,0.0137699860614464,"informal","informal",FALSE,0.368634612249547,FALSE,0.177493979611433,0.273100237995666,-9.94038018043046,-10.605150605389,0.0441011250785317
4,"young_lifetime","Law 2381 pillars",0.3,0.0146634387938913,"informal","informal",FALSE,0.379481536224487,FALSE,0.182716667983276,0.28113610174975,-9.51724358478477,-10.153716430637,0.0441011250785317
4,"young_lifetime","Law 2381 pillars",0.31,0.0155573940198842,"informal","informal",FALSE,0.390647626538693,FALSE,0.188093031842531,0.289408417536056,-9.11211883328635,-9.72149865570018,0.0441011250785319
4,"young_lifetime","Law 2381 pillars",0.32,0.0164451016357299,"informal","informal",FALSE,0.402142274532266,FALSE,0.193627593028095,0.297924142859743,-8.72423920773375,-9.30767928751892,0.0441011250785317
4,"young_lifetime","Law 2381 pillars",0.33,0.0173194845593781,"informal","informal",FALSE,0.413975147881685,FALSE,0.199325006432143,0.306690439947742,-8.35287062716108,-8.91147515290884,0.0441011250785317
4,"young_lifetime","Law 2381 pillars",0.34,0.0181732271241403,"informal","informal",FALSE,0.426156198730886,FALSE,0.205190063915161,0.315714681772604,-7.99731025855425,-8.5321364163677,0.0441011250785319
4,"young_lifetime","Law 2381 pillars",0.35,0.0189988728395791,"informal","informal",FALSE,0.438695672061605,FALSE,0.211227698336191,0.325004458253608,-7.65688518670548,-8.16894516097547,0.0441011250785321
4,"young_lifetime","Law 2381 pillars",0.36,0.0197889298058682,"informal","informal",FALSE,0.451604114310013,FALSE,0.217442987701649,0.33456758264033,-7.33095114068872,-7.82121402970179,0.0441011250785319
4,"young_lifetime","Law 2381 pillars",0.37,0.0205359817787106,"informal","informal",FALSE,0.464892382236886,FALSE,0.223841159436231,0.344412098084046,-7.01889127454569,-7.48828492454949,0.0441011250785317
4,"young_lifetime","Law 2381 pillars",0.38,0.0212328026386743,"informal","informal",FALSE,0.478571652058783,FALSE,0.230427594779485,0.354546284402498,-6.72011499987509,-7.1695277610723,0.0441011250785317
4,"young_lifetime","Law 2381 pillars",0.39,0.0218724718319488,"informal","informal",FALSE,0.492653428847907,FALSE,0.237207833311751,0.364978665043706,-6.43405686811542,-6.86433927590955,0.0441011250785317
4,"young_lifetime","Law 2381 pillars",0.4,0.0224484882277816,"informal","informal",FALSE,0.507149556208539,FALSE,0.244187577613274,0.375718014254692,-6.16017550040627,-6.57214188508102,0.0441011250785317
4,"young_lifetime","Law 2381 pillars",0.41,0.0229548797878943,"informal","informal",FALSE,0.522072226238218,FALSE,0.251372698060409,0.386773364461138,-5.89795256300258,-6.29238259088134,0.0441011250785319
4,"young_lifetime","Law 2381 pillars",0.42,0.0233863064692461,"informal","informal",FALSE,0.537433989782006,FALSE,0.258769237762956,0.398154013864189,-5.64689178630292,-6.02453193530506,0.0441011250785319
4,"young_lifetime","Law 2381 pillars",0.43,0.0237381538851594,"informal","informal",FALSE,0.553247766988493,FALSE,0.26638341764677,0.409869534260788,-5.40651802563531,-5.76808299802172,0.0441011250785317
4,"young_lifetime","Law 2381 pillars",0.44,0.0240066154297712,"informal","informal",FALSE,0.569526858176401,FALSE,0.274221641685925,0.421929779094122,-5.17637636202287,-5.52255043700461,0.0441011250785315
4,"young_lifetime","Law 2381 pillars",0.45,0.0241887608228689,"informal","informal",FALSE,0.586284955020937,FALSE,0.282290502288838,0.434344891740949,-4.95603124122766,-5.28746956999751,0.0441011250785321
4,"young_lifetime","Law 2381 pillars",0.46,0.0242825893494975,"informal","informal",FALSE,0.603536152069299,FALSE,0.290596785842868,0.447125314042771,-4.74506564944322,-5.06239549508098,0.0441011250785321
4,"young_lifetime","Law 2381 pillars",0.47,0.0242870664418367,"informal","informal",FALSE,0.621294958595019,FALSE,0.299147478422071,0.460281795088044,-4.54308032407574,-4.60752987952515,0.0094353199715036
4,"young_lifetime","Law 2381 pillars",0.48,0.0242021426680683,"informal","informal",FALSE,0.63957631080112,FALSE,0.307949771662899,0.473825400252796,-4.34969299812025,-4.29775114138355,-0.0079769287235355
4,"young_lifetime","Law 2381 pillars",0.49,0.0240287546408929,"informal","informal",FALSE,0.658395584382344,FALSE,0.317011068812789,0.487767520507251,-4.16453767670187,-4.00879980297973,-0.0250888249357366
4,"young_lifetime","Law 2381 pillars",0.5,0.0237688078223462,"informal","informal",FALSE,0.677768607457011,FALSE,0.326338990956733,0.502119881996316,-3.98726394441273,-3.73927557266538,-0.0419055495935106
4,"young_lifetime","Law 2381 pillars",0.51,0.0234251416663332,"informal","informal",FALSE,0.697711673879407,FALSE,0.335941383427058,0.516894555901959,-3.81753630213391,-3.48787230480781,-0.0584321942568714
4,"young_lifetime","Law 2381 pillars",0.52,0.0230014779905107,"informal","informal",FALSE,0.718241556943874,FALSE,0.345826322401813,0.532103968595777,-3.65503353208705,-3.25337167005691,-0.0746737626589999
4,"young_lifetime","Law 2381 pillars",0.53,0.0225023538900762,"informal","informal",FALSE,0.739375523492134,FALSE,0.356002121697313,0.547760912090315,-3.49944808991423,-3.03463725118002,-0.0906351722212111
4,"young_lifetime","Law 2381 pillars",0.54,0.0219330408840984,"informal","informal",FALSE,0.761131348435727,FALSE,0.366477339760542,0.5638785547979,-3.35048552263534,-2.83060903585243,-0.106321255541788
4,"young_lifetime","Law 2381 pillars",0.55,0.0212994523083938,"informal","informal",FALSE,0.783527329705758,FALSE,0.377260786867321,0.580470452606051,-3.20786391138156,-2.64029827971492,-0.121736761859138
4,"young_lifetime","Law 2381 pillars",0.56,0.0206080412279339,"informal","informal",FALSE,0.806582303642532,FALSE,0.388361532532261,0.59755056027878,-3.07131333785029,-2.46278271480407,-0.136886358489709
4,"young_lifetime","Law 2381 pillars",0.57,0.0198656913291574,"informal","informal",FALSE,0.830315660838031,FALSE,0.399788913136763,0.61513324319337,-2.94057537347165,-2.2972020801349,-0.151774632241099
4,"young_lifetime","Law 2381 pillars",0.58,0.0190796033639485,"informal","informal",FALSE,0.85474736244454,FALSE,0.411552539781465,0.633233289422507,-2.81540259031996,-2.14275395277652,-0.166406090800798
4,"young_lifetime","Law 2381 pillars",0.59,0.0182571797508447,"informal","informal",FALSE,0.879897956963158,FALSE,0.423662306369745,0.651865922171918,-2.69555809284437,-1.99868985921768,-0.180785164100964
4,"young_lifetime","Law 2381 pillars",0.6,0.0174059098965294,"informal","informal",FALSE,0.905788597526295,FALSE,0.436128397929073,0.671046812583984,-2.58081506953256,-1.86431164817748,-0.194916205659667
4,"young_lifetime","Law 2381 pillars",0.61,0.0165332586858387,"informal","informal",FALSE,0.932441059688704,FALSE,0.448961299177225,0.690792092918097,-2.47095636365901,-1.73896810728337,-0.208803493898992
4,"young_lifetime","Law 2381 pillars",0.62,0.0156465604078046,"informal","informal",FALSE,0.959877759742005,FALSE,0.462171803340543,0.711118370118838,-2.36577406230538,-1.6220518072206,-0.222451233440408
4,"young_lifetime","Law 2381 pillars",0.63,0.0147529201472209,"informal","informal",FALSE,0.988121773568111,FALSE,0.475771021231678,0.732042739783401,-2.2650691028752,-1.51299615805943,-0.23586355637779
4,"young_lifetime","Law 2381 pillars",0.64,0.0138591243861013,"pillars","mixed",TRUE,1.33852515309488,FALSE,0.493061059107857,0.758645971449487,-2.14697693442371,-1.41127266349469,-0.243999005079716
4,"young_lifetime","Law 2381 pillars",0.65,0.0129715622386452,"pillars","mixed",TRUE,1.40209616254014,FALSE,0.518008587459363,0.829386152746865,-1.98184703418561,-1.3163883596915,-0.238723188288257
4,"young_lifetime","Law 2381 pillars",0.66,0.0120961583990884,"pillars","mixed",TRUE,1.46868637056568,FALSE,0.542610537396551,0.934518675128848,-1.82987500418052,-1.22788342632544,-0.233538270017684
4,"young_lifetime","Law 2381 pillars",0.67,0.0112383185264294,"pillars","mixed",TRUE,1.5384391689494,FALSE,0.5683809157254,1.04348821154482,-1.69304120384204,-1.14532895823998,-0.229377279768213
4,"young_lifetime","Law 2381 pillars",0.68,0.0104028874355191,"pillars","mixed",TRUE,1.61150475962143,FALSE,0.595375214994668,1.15649468563334,-1.56882271462999,-1.06832488692244,-0.225978570829176
4,"young_lifetime","Law 2381 pillars",0.69,0.00959412012165592,"pillars","mixed",TRUE,1.68804047810091,FALSE,0.62365156327874,1.27376535115477,-1.4553891292425,-0.996498041725683,-0.223160055462023
4,"young_lifetime","Law 2381 pillars",0.7,0.00881566532576298,"pillars","mixed",TRUE,1.76821113229387,FALSE,0.653270849347498,1.39555250373034,-1.35135402039161,-0.929500341439868,-0.220791627385884
4,"young_lifetime","Law 2381 pillars",0.71,0.00807056105809019,"pillars","mixed",TRUE,1.85218935738166,FALSE,0.684296853780932,1.52213102271023,-1.25562837838689,-0.867007107450661,-0.218778194684729
4,"young_lifetime","Law 2381 pillars",0.72,0.00736124124713052,"pillars","mixed",TRUE,1.94015598756435,FALSE,0.716796386310813,1.65379598928276,-1.16733037937214,-0.808715490309039,-0.217048880990967
4,"young_lifetime","Law 2381 pillars",0.73,0.00668955247216793,"pillars","mixed",TRUE,2.03230044545934,FALSE,0.750839429685184,1.79086055930656,-1.0857277041545,-0.754343002087797,-0.215549945705115
4,"young_lifetime","Law 2381 pillars",0.74,0.00605677957576838,"pillars","mixed",TRUE,2.12882114999387,FALSE,0.786499290365448,1.93365420247783,-1.01019941134614,-0.70362614741234,-0.214240019794966
4,"young_lifetime","Law 2381 pillars",0.75,0.00546367883789977,"pillars","mixed",TRUE,2.22992594366967,FALSE,0.823852756380569,2.08252136160398,-0.94020996346324,-0.656319146531578,-0.213086825110371
4,"young_lifetime","Law 2381 pillars",0.76,0.0049105173257538,"pillars","mixed",TRUE,2.33583254011987,FALSE,0.862980262678288,2.23782054095244,-0.875291036579102,-0.612192744240796,-0.21206486869563
4,"young_lifetime","Law 2381 pillars",0.77,0.00439711701067287,"pillars","mixed",TRUE,2.44676899292181,FALSE,0.90396606432942,2.39992380158126,-0.815028450962466,-0.571033098884377,-0.211153792714037
4,"young_lifetime","Law 2381 pillars",0.78,0.00392290226240524,"pillars","mixed",TRUE,2.56297418667537,FALSE,0.946898417958197,2.56921662281849,-0.75905255387591,-0.532308051968403,-0.210666030810606
4,"young_lifetime","Law 2381 pillars",0.79,0.00348694938664893,"pillars","mixed",TRUE,2.68469835140428,FALSE,0.991869771789348,2.74609808018253,-0.707030981881999,-0.496211631461385,-0.210257221200846
4,"young_lifetime","Law 2381 pillars",0.8,0.00308803695908519,"pillars","mixed",TRUE,2.81220360138796,FALSE,1.03897696472114,2.93098128831557,-0.658663097396208,-0.462603082047067,-0.209873199138442
4,"young_lifetime","Law 2381 pillars",0.81,0.00272469582188591,"pillars","mixed",TRUE,2.94576449958436,FALSE,1.08832143485304,3.12429406046328,-0.613675626166217,-0.431303010401089,-0.209511159380238
4,"young_lifetime","Law 2381 pillars",0.82,0.0023952577407798,"pillars","mixed",TRUE,3.08566864885912,FALSE,1.14000943791713,3.32647974166588,-0.571819172014215,-0.402146504830179,-0.20916892881832
4,"young_lifetime","Law 2381 pillars",0.83,0.00209790186595431,"pillars","mixed",TRUE,3.23221731129405,FALSE,1.19415227608342,3.53799817964616,-0.532865383669519,-0.374981675720207,-0.208844791598945
4,"young_lifetime","Law 2381 pillars",0.84,0.00183069829236669,"pillars","mixed",TRUE,3.38572605690883,FALSE,1.250866537632,3.75932680438233,-0.496604614510108,-0.349668392406803,-0.208537363534582
4,"young_lifetime","Law 2381 pillars",0.85,0.00159164816888775,"pillars","mixed",TRUE,3.54652544319243,FALSE,1.310274348008,3.99096179392323,-0.462843960977407,-0.326077183190032,-0.20824550179953
4,"young_lifetime","Law 2381 pillars",0.86,0.00137871995615396,"pillars","mixed",TRUE,3.71496172690795,FALSE,1.37250363279993,4.23341930981409,-0.431405596503804,-0.304088271593567,-0.207968239986437
4,"young_lifetime","Law 2381 pillars",0.87,0.00118988157581876,"pillars","mixed",TRUE,3.89139760970329,FALSE,1.43768839320779,4.48723679042734,-0.402125339577787,-0.283590727057264,-0.207704741445263
4,"young_lifetime","Law 2381 pillars",0.88,0.0010231283256207,"pillars","mixed",TRUE,4.07621301913339,FALSE,1.50596899459405,4.75297429453335,-0.374851410043116,-0.264481712315876,-0.207454265824926
4,"young_lifetime","Law 2381 pillars",0.89,0.000876506552691064,"pillars","mixed",TRUE,4.26980592677587,FALSE,1.5774924687389,5.03121589067329,-0.349443338850606,-0.246665812967756,-0.207216145154564
4,"young_lifetime","Law 2381 pillars",0.9,0.000748133179985062,"pillars","mixed",TRUE,4.47259320520161,FALSE,1.65241283045056,5.32257109041625,-0.325771004569616,-0.230054437343377,-0.206989766813051
4,"young_lifetime","Law 2381 pillars",0.91,0.000636211266591,"pillars","mixed",TRUE,4.68501152564578,FALSE,1.73089140921254,5.62767632551269,-0.303713775914442,-0.214565276877349,-0.206774561462575
4,"young_lifetime","Law 2381 pillars",0.92,0.000539041851611795,"pillars","mixed",TRUE,4.90751829831222,FALSE,1.81309719658184,5.94719647040833,-0.283159743962424,-0.200121818874138,-0.206569994547582
4,"young_lifetime","Law 2381 pillars",0.93,0.000455032383605845,"pillars","mixed",TRUE,5.14059265733601,FALSE,1.89920721008632,6.28182641265975,-0.264005031062359,-0.18665290492008,-0.206375560341857
4,"young_lifetime","Law 2381 pillars",0.94,0.00038270207402884,"pillars","mixed",TRUE,5.38473649252518,FALSE,1.98940687440473,6.63229267458028,-0.246153165953401,-0.174092329297998,-0.206190777804414
4,"young_lifetime","Law 2381 pillars",0.95,0.000320684534961157,"pillars","mixed",TRUE,5.64047553010329,FALSE,2.08389042065027,6.9993550900165,-0.229514516548803,-0.16237847265795,-0.206015187707769
4,"young_lifetime","Law 2381 pillars",0.96,0.000267728070175611,"pillars","mixed",TRUE,5.90836046478,FALSE,2.18286130461741,7.38380854056793,-0.214005773337636,-0.151453966929389,-0.205848350650689
4,"young_lifetime","Law 2381 pillars",0.97,0.000222693986042829,"pillars","mixed",TRUE,6.18896814558757,FALSE,2.2865326448927,7.78648475586207,-0.199549477531029,-0.141265388059137,-0.205689845676153
4,"young_lifetime","Law 2381 pillars",0.98,0.00018455327674269,"pillars","mixed",TRUE,6.48290281803648,FALSE,2.39512768177287,8.20825418271899,-0.186073589007505,-0.131762973652016,-0.205539269294849
4,"young_lifetime","Law 2381 pillars",0.99,0.000152382018630337,"pillars","mixed",TRUE,6.79079742526536,FALSE,2.50888025797851,8.65002792821148,-0.173511089853424,-0.122900362997393,-0.205396234772651
4,"young_lifetime","Law 2381 pillars",1,6.26778916131105e-05,"pillars","mixed",TRUE,7.11331497098668,FALSE,2.62803532219842,9.11275978176714,-0.16179961989279,-0.114634357301959,-0.205260371582938
5,"young_lifetime","Law 2381 pillars",0,0.000223648618482682,"informal","informal",FALSE,0.0999423613171256,TRUE,0.0779155613466726,0.0736609546155356,-37.971225371491,-37.4437493418334,-0.00928255298650305
5,"young_lifetime","Law 2381 pillars",0.01,0.000530074028894635,"informal","informal",FALSE,0.102883124769769,TRUE,0.0800140208351483,0.0756448269828975,-36.4873040705335,-35.8498645670935,-0.0116809597055755
5,"young_lifetime","Law 2381 pillars",0.02,0.000625857596014926,"informal","informal",FALSE,0.105910418994454,TRUE,0.082174226643095,0.0776870739901595,-35.0580277174953,-34.3238273962876,-0.0140108114809697
5,"young_lifetime","Law 2381 pillars",0.03,0.00073622950670148,"informal","informal",FALSE,0.109026790124057,TRUE,0.0843979956309234,0.0797894132874282,-33.681600422399,-32.8627497302052,-0.0162740678553543
5,"young_lifetime","Law 2381 pillars",0.04,0.000862878406729994,"informal","informal",FALSE,0.112234859210382,TRUE,0.0866871981194249,0.0819536130659681,-32.3562713829754,-31.4638664086426,-0.0184726323607406
5,"young_lifetime","Law 2381 pillars",0.05,0.00100759191313581,"informal","informal",FALSE,0.115537324428621,TRUE,0.0890437594628221,0.0841814935453548,-31.0803346758944,-30.1245299772036,-0.0206083541194646
5,"young_lifetime","Law 2381 pillars",0.06,0.00117224512608808,"informal","informal",FALSE,0.118936963346675,TRUE,0.0914696616681045,0.0864749285043864,-29.8521289762616,-28.842205676864,-0.0226830293994089
5,"young_lifetime","Law 2381 pillars",0.07,0.00135878545245099,"informal","informal",FALSE,0.122436635261254,TRUE,0.0939669450620137,0.0888358468570427,-28.6700372111086,-27.6144666468168,-0.0246984031247686
5,"young_lifetime","Law 2381 pillars",0.08,0.00156921348536889,"informal","informal",FALSE,0.126039283602716,TRUE,0.0965377100070781,0.0912662342748148,-27.5324861523804,-26.4389893315217,-0.0266561703436364
5,"young_lifetime","Law 2381 pillars",0.09,0.00180555975146526,"informal","informal",FALSE,0.129747938410662,TRUE,0.0991841186681419,0.0937681348567722,-26.4379459546908,-25.3135490832626,-0.0285579776536374
5,"young_lifetime","Law 2381 pillars",0.1,0.00206985722142662,"informal","informal",FALSE,0.13356571888238,TRUE,0.101908396830873,0.0963436528487709,-25.3849296428868,-24.2360159518952,-0.0304054245868154
5,"young_lifetime","Law 2381 pillars",0.11,0.00236410958058029,"informal","informal",FALSE,0.137495835996274,TRUE,0.10471283577378,0.0989949544132475,-24.3719925542299,-23.2043506538124,-0.0322000649549329
5,"young_lifetime","Law 2381 pillars",0.12,0.00269025537259384,"informal","informal",FALSE,0.141541595212483,TRUE,0.107599794195312,0.10172426945109,-23.3977317397689,-22.216600712502,-0.0339434081563188
5,"young_lifetime","Law 2381 pillars",0.13,0.0030501282598838,"informal","informal",FALSE,0.145706399252974,TRUE,0.110571700197665,0.104533893477116,-22.4607853292514,-21.27089676339,-0.0356369204453607
5,"young_lifetime","Law 2381 pillars",0.14,0.00344541378616971,"informal","informal",FALSE,0.149993750963424,TRUE,0.113631053328954,0.107426189550736,-21.5598318636924,-20.3654490159778,-0.0372820261657124
5,"young_lifetime","Law 2381 pillars",0.15,0.0038776031764757,"informal","informal",FALSE,0.154407256259326,TRUE,0.116780426685489,0.110403590263423,-20.6935895994938,-19.498543866577,-0.0388801089482504
5,"young_lifetime","Law 2381 pillars",0.16,0.00434794486360459,"informal","informal",FALSE,0.158950627158775,TRUE,0.12002246907589,0.113468599784672,-19.8608157877909,-18.6685406552316,-0.0404325128747888
5,"young_lifetime","Law 2381 pillars",0.17,0.00485739458280167,"informal","informal",FALSE,0.163627684904489,TRUE,0.123359907248899,0.116623795968145,-19.0603059324865,-17.8738685606894,-0.0419405436085305
5,"young_lifetime","Law 2381 pillars",0.18,0.00540656502249209,"informal","informal",FALSE,0.168442363177708,TRUE,0.126795548186736,0.119871832519807,-18.2908930302243,-17.1130236275471,-0.0434054694922088
5,"young_lifetime","Law 2381 pillars",0.19,0.00599567615266305,"informal","informal",FALSE,0.173398711406645,TRUE,0.13033228146593,0.123215441229842,-17.5514467953491,-16.3845659199415,-0.0448285226148373
5,"young_lifetime","Law 2381 pillars",0.2,0.00662450746745946,"informal","informal",FALSE,0.178500898172296,TRUE,0.133973081687632,0.126657434270253,-16.8408728727063,-15.6871167964014,-0.0462108998479696
5,"young_lifetime","Law 2381 pillars",0.21,0.00729235346863131,"informal","informal",FALSE,0.183753214714462,TRUE,0.137721010979421,0.130200706560065,-16.1581120409403,-15.0193563007019,-0.0475537638523372
5,"young_lifetime","Law 2381 pillars",0.22,0.00799798377561329,"informal","informal",FALSE,0.189160078540937,TRUE,0.141579221570744,0.133848238200119,-15.5021394087708,-14.3800206637833,-0.0488582440557199
5,"young_lifetime","Law 2381 pillars",0.23,0.0087396092707509,"informal","informal",FALSE,0.194726037142888,TRUE,0.145550958444115,0.137603096979517,-14.8719636065462,-13.7678999120069,-0.0501254376028567
5,"young_lifetime","Law 2381 pillars",0.24,0.0095148556698428,"informal","informal",FALSE,0.200455771819567,TRUE,0.149639562064348,0.14146844095581,-14.2666259752064,-13.1818355772215,-0.0513564102782111
5,"young_lifetime","Law 2381 pillars",0.25,0.010320745845168,"informal","informal",FALSE,0.206354101615557,TRUE,0.153848471188075,0.145447521111113,-13.6851997546235,-12.6207185043064,-0.0525521974023588
5,"young_lifetime","Law 2381 pillars",0.26,0.0111536921182913,"informal","informal",FALSE,0.212425987373874,TRUE,0.158181225755951,0.149543684086369,-13.1267892731346,-12.0834867520412,-0.0537138047027534
5,"young_lifetime","Law 2381 pillars",0.27,0.0120094995825537,"informal","informal",FALSE,0.21867653590833,TRUE,0.162641469869947,0.153760374996076,-12.5905291399321,-11.5691235833312,-0.054842209159601
5,"young_lifetime","Law 2381 pillars",0.28,0.0128833813113884,"informal","informal",FALSE,0.225111004298659,FALSE,0.160633906989769,0.15186243579563,-12.827295055579,-11.0766555409828,-0.0931912323823814
5,"young_lifetime","Law 2381 pillars",0.29,0.0137699860614464,"informal","informal",FALSE,0.231734804312036,FALSE,0.165360494561899,0.156330926384923,-12.2812698671415,-10.605150605389,-0.0931912323823815
5,"young_lifetime","Law 2381 pillars",0.3,0.0146634387938913,"informal","informal",FALSE,0.238553506954692,FALSE,0.17022616005659,0.16093090049772,-11.7584875763777,-10.153716430637,-0.0931912323823815
5,"young_lifetime","Law 2381 pillars",0.31,0.0155573940198842,"informal","informal",FALSE,0.245572847157454,FALSE,0.175234995785314,0.165666226983383,-11.2579587924982,-9.72149865570018,-0.0931912323823815
5,"young_lifetime","Law 2381 pillars",0.32,0.0164451016357299,"informal","informal",FALSE,0.252798728599165,FALSE,0.180391214474148,0.170540888530594,-10.7787362405524,-9.30767928751892,-0.0931912323823815
5,"young_lifetime","Law 2381 pillars",0.33,0.0173194845593781,"informal","informal",FALSE,0.260237228672024,FALSE,0.185699152806926,0.175558985017036,-10.3199129686649,-8.91147515290884,-0.0931912323823816
5,"young_lifetime","Law 2381 pillars",0.34,0.0181732271241403,"informal","informal",FALSE,0.267894603593031,FALSE,0.191163275072645,0.180724736957628,-9.88062063158537,-8.5321364163677,-0.0931912323823814
5,"young_lifetime","Law 2381 pillars",0.35,0.0189988728395791,"informal","informal",FALSE,0.275777293665832,FALSE,0.196788176920196,0.18604248905423,-9.46002784730268,-8.16894516097547,-0.0931912323823815
5,"young_lifetime","Law 2381 pillars",0.36,0.0197889298058682,"informal","informal",FALSE,0.283891928697398,FALSE,0.202578589223573,0.191516713849795,-9.05733862361468,-7.82121402970179,-0.0931912323823814
5,"young_lifetime","Law 2381 pillars",0.37,0.0205359817787106,"informal","informal",FALSE,0.292245333574081,FALSE,0.208539382060821,0.197152015490035,-8.67179085167416,-7.48828492454949,-0.0931912323823815
5,"young_lifetime","Law 2381 pillars",0.38,0.0212328026386743,"informal","informal",FALSE,0.300844534001748,FALSE,0.214675568810055,0.202953133595784,-8.30265486366108,-7.1695277610723,-0.0931912323823816
5,"young_lifetime","Law 2381 pillars",0.39,0.0218724718319488,"informal","informal",FALSE,0.309696762414809,FALSE,0.220992310366009,0.208924947249297,-7.94923205185081,-6.86433927590955,-0.0931912323823816
5,"young_lifetime","Law 2381 pillars",0.4,0.0224484882277816,"informal","informal",FALSE,0.318809464059126,FALSE,0.227494919480651,0.215072479097846,-7.6108535464653,-6.57214188508102,-0.0931912323823815
5,"young_lifetime","Law 2381 pillars",0.41,0.0229548797878943,"informal","informal",FALSE,0.3281903032539,FALSE,0.234188865231521,0.221400899578061,-7.28687894980456,-6.29238259088134,-0.0931912323823811
5,"young_lifetime","Law 2381 pillars",0.42,0.0233863064692461,"informal","informal",FALSE,0.337847169837816,FALSE,0.24107977762155,0.227915531264574,-6.97669512426309,-6.02453193530506,-0.0931912323823814
5,"young_lifetime","Law 2381 pillars",0.43,0.0237381538851594,"informal","informal",FALSE,0.347788185804864,FALSE,0.248173452314219,0.234621853346618,-6.67971503193721,-5.76808299802172,-0.0931912323823815
5,"young_lifetime","Law 2381 pillars",0.44,0.0240066154297712,"informal","informal",FALSE,0.358021712135414,FALSE,0.255475855508058,0.241525506236346,-6.39537662362746,-5.52255043700461,-0.0931912323823814
5,"young_lifetime","Law 2381 pillars",0.45,0.0241887608228689,"informal","informal",FALSE,0.36855635582829,FALSE,0.26299312895457,0.248632296312751,-6.12314177513331,-5.28746956999751,-0.0931912323823814
5,"young_lifetime","Law 2381 pillars",0.46,0.0242825893494975,"informal","informal",FALSE,0.37940097713977,FALSE,0.270731595123804,0.255948200805175,-5.86249526882698,-5.06239549508098,-0.0931912323823814
5,"young_lifetime","Law 2381 pillars",0.47,0.0242870664418367,"informal","informal",FALSE,0.390564697035576,FALSE,0.278697762521927,0.263479372820506,-5.61294381857922,-4.60752987952515,-0.123298714552954
5,"young_lifetime","Law 2381 pillars",0.48,0.0242021426680683,"informal","informal",FALSE,0.40205690486215,FALSE,0.286898331165261,0.271232146518312,-5.37401513619141,-4.29775114138355,-0.138421368289595
5,"young_lifetime","Law 2381 pillars",0.49,0.0240287546408929,"informal","informal",FALSE,0.413887266243645,FALSE,0.29534019821539,0.279213042438232,-5.14525703756726,-4.00879980297973,-0.153283163898349
5,"young_lifetime","Law 2381 pillars",0.5,0.0237688078223462,"informal","informal",FALSE,0.426065731211285,FALSE,0.304030463780083,0.287428772984145,-4.92623658693254,-3.73927557266538,-0.167888601049979
5,"young_lifetime","Law 2381 pillars",0.51,0.0234251416663332,"informal","informal",FALSE,0.438602542571927,FALSE,0.312976436884898,0.295886248069688,-4.71653927748319,-3.48787230480781,-0.182242101798203
5,"young_lifetime","Law 2381 pillars",0.52,0.0230014779905107,"pillars","payg_only",TRUE,0.609533062427492,FALSE,0.325023704319706,0.307275670213593,-4.45675094092835,-3.25337167005691,-0.189268817702946
5,"young_lifetime","Law 2381 pillars",0.53,0.0225023538900762,"pillars","payg_only",TRUE,0.63848181395389,FALSE,0.340727452753044,0.322121909920384,-4.15221878208549,-3.03463725118002,-0.188632320028157
5,"young_lifetime","Law 2381 pillars",0.54,0.0219330408840984,"pillars","payg_only",TRUE,0.668805437930357,FALSE,0.357160316374782,0.337657451223339,-3.86897674981743,-2.83060903585243,-0.188062663736758
5,"young_lifetime","Law 2381 pillars",0.55,0.0212994523083938,"pillars","payg_only",TRUE,0.700569231620306,FALSE,0.37434759840198,0.353906215648418,-3.60560661168579,-2.64029827971492,-0.187575333368433
5,"young_lifetime","Law 2381 pillars",0.56,0.0206080412279339,"pillars","payg_only",TRUE,0.733841593471274,FALSE,0.392315034522251,0.370892533576926,-3.36076767050862,-2.46278271480407,-0.187184948154639
5,"young_lifetime","Law 2381 pillars",0.57,0.0198656913291574,"pillars","payg_only",TRUE,0.76869417040046,FALSE,0.411511563953258,0.389040829742075,-3.1283681273189,-2.2972020801349,-0.186069045182876
5,"young_lifetime","Law 2381 pillars",0.58,0.0190796033639485,"pillars","payg_only",TRUE,0.80520201207535,FALSE,0.43184486493549,0.408263823646619,-2.91004214479661,-2.14275395277652,-0.184578764214854
5,"young_lifetime","Law 2381 pillars",0.59,0.0182571797508447,"pillars","payg_only",TRUE,0.843443732521643,FALSE,0.453185029251536,0.428438700757216,-2.70693349693405,-1.99868985921768,-0.183081843808924
5,"young_lifetime","Law 2381 pillars",0.6,0.0174059098965294,"pillars","payg_only",TRUE,0.883501679406472,FALSE,0.475572013075382,0.449603235426868,-2.51806238182292,-1.86431164817748,-0.1815954811295
5,"young_lifetime","Law 2381 pillars",0.61,0.0165332586858387,"pillars","payg_only",TRUE,0.925462111361442,FALSE,0.499046570381148,0.471795956244552,-2.34249841337921,-1.73896810728337,-0.180136520934817
5,"young_lifetime","Law 2381 pillars",0.62,0.0156465604078046,"pillars","payg_only",TRUE,0.969415383727345,FALSE,0.523650665531402,0.495056536094005,-2.1793572552432,-1.6220518072206,-0.178720728481586
5,"young_lifetime","Law 2381 pillars",0.63,0.0147529201472209,"pillars","payg_only",TRUE,1.01545614312049,FALSE,0.549427944833265,0.519426237960339,-2.02779851875302,-1.51299615805943,-0.177362159952494
5,"young_lifetime","Law 2381 pillars",0.64,0.0138591243861013,"pillars","payg_only",TRUE,1.06368353123965,FALSE,0.576424231084256,0.544948382471041,-1.88702465719559,-1.41127266349469,-0.176072681313555
5,"young_lifetime","Law 2381 pillars",0.65,0.0129715622386452,"pillars","mixed",TRUE,1.11420139835246,FALSE,0.605056609061236,0.572017279341502,-1.75467587369354,-1.3163883596915,-0.174358680772839
5,"young_lifetime","Law 2381 pillars",0.66,0.0120961583990884,"pillars","mixed",TRUE,1.16711852692104,FALSE,0.637888755511292,0.60305661484507,-1.62096448050114,-1.22788342632544,-0.169022829315296
5,"young_lifetime","Law 2381 pillars",0.67,0.0112383185264294,"pillars","mixed",TRUE,1.22254886584824,FALSE,0.672178113394826,0.635473590237403,-1.49852629232651,-1.14532895823998,-0.164055875827283
5,"young_lifetime","Law 2381 pillars",0.68,0.0104028874355191,"pillars","mixed",TRUE,1.28061177584917,FALSE,0.707995452873298,0.669335111250312,-1.38626167169548,-1.06832488692244,-0.159433482746659
5,"young_lifetime","Law 2381 pillars",0.69,0.00959412012165592,"pillars","mixed",TRUE,1.34143228647611,FALSE,0.745416480281205,0.704712750247175,-1.28319433305783,-0.996498041725683,-0.155131059987033
5,"young_lifetime","Law 2381 pillars",0.7,0.00881566532576298,"pillars","mixed",TRUE,1.4051413653504,FALSE,0.784521755849426,0.741682668439028,-1.18845688479294,-0.929500341439868,-0.151124338628579
5,"young_lifetime","Law 2381 pillars",0.71,0.00807056105809019,"pillars","mixed",TRUE,1.47187620018117,FALSE,0.825396602116792,0.780325529297349,-1.10127784741187,-0.867007107450661,-0.147389841238446
5,"young_lifetime","Law 2381 pillars",0.72,0.00736124124713052,"pillars","mixed",TRUE,1.54178049417791,FALSE,0.868131025034908,0.820726423966984,-1.0209700506242,-0.808715490309039,-0.14390523875117
5,"young_lifetime","Law 2381 pillars",0.73,0.00668955247216793,"pillars","mixed",TRUE,1.61500477549328,FALSE,0.912819663811493,0.862974823848309,-0.946920323627957,-0.754343002087797,-0.140649596335834
5,"young_lifetime","Law 2381 pillars",0.74,0.00605677957576838,"pillars","mixed",TRUE,1.69170672136231,FALSE,0.959561779645532,0.907164569947499,-0.878580391985007,-0.70362614741234,-0.13760351928215
5,"young_lifetime","Law 2381 pillars",0.75,0.00546367883789977,"pillars","mixed",TRUE,1.77205149763617,FALSE,1.00846128841349,0.953393903777897,-0.815458888365054,-0.656319146531578,-0.13474921481177
5,"young_lifetime","Law 2381 pillars",0.76,0.0049105173257538,"pillars","mixed",TRUE,1.85621211444136,FALSE,1.05962683842399,1.0017655408689,-0.757114378260376,-0.612192744240796,-0.132070487520738
5,"young_lifetime","Law 2381 pillars",0.77,0.00439711701067287,"pillars","mixed",TRUE,1.94436979873046,FALSE,1.11317193163072,1.05238678535992,-0.70314929818031,-0.571033098884377,-0.129552685736257
5,"young_lifetime","Law 2381 pillars",0.78,0.00392290226240524,"pillars","mixed",TRUE,2.03671438452654,FALSE,1.16921508505428,1.10536968260784,-0.653204703802009,-0.532308051968403,-0.127546100556804
5,"young_lifetime","Law 2381 pillars",0.79,0.00348694938664893,"pillars","mixed",TRUE,2.1334447217015,FALSE,1.22788002839736,1.16083120601124,-0.606955728958608,-0.496211631461385,-0.125674221163363
5,"young_lifetime","Law 2381 pillars",0.8,0.00308803695908519,"pillars","mixed",TRUE,2.23476910416876,FALSE,1.28929593370295,1.21889347412811,-0.564107662487253,-0.462603082047067,-0.123878478649106
5,"young_lifetime","Law 2381 pillars",0.81,0.00272469582188591,"pillars","mixed",TRUE,2.34090571841214,FALSE,1.35359767318585,1.27968399442835,-0.524392557936679,-0.431303010401089,-0.122156064518239
5,"young_lifetime","Law 2381 pillars",0.82,0.0023952577407798,"pillars","mixed",TRUE,2.45208311331695,FALSE,1.42092610188427,1.3433359305111,-0.487566300078756,-0.402146504830179,-0.120504249172307
5,"young_lifetime","Law 2381 pillars",0.83,0.00209790186595431,"pillars","mixed",TRUE,2.56854069231486,FALSE,1.49142836240132,1.40998839020567,-0.453406061362375,-0.374981675720207,-0.118920393396691
5,"young_lifetime","Law 2381 pillars",0.84,0.00183069829236669,"pillars","mixed",TRUE,2.69052922890243,FALSE,1.5652582096457,1.47978673257971,-0.421708090362817,-0.349668392406803,-0.117401951932785
5,"young_lifetime","Law 2381 pillars",0.85,0.00159164816888775,"pillars","mixed",TRUE,2.81831140664324,FALSE,1.64257635408375,1.5528828924478,-0.392285782569669,-0.326077183190032,-0.115946472313373
5,"young_lifetime","Law 2381 pillars",0.86,0.00137871995615396,"pillars","mixed",TRUE,2.95216238481661,FALSE,1.72355082255138,1.62943572148118,-0.364967991327902,-0.304088271593567,-0.114551591129822
5,"young_lifetime","Law 2381 pillars",0.87,0.00118988157581876,"pillars","mixed",TRUE,3.0923703909308,FALSE,1.80835733613425,1.70961134545358,-0.339597543322267,-0.283590727057264,-0.113215029154237
5,"young_lifetime","Law 2381 pillars",0.88,0.0010231283256207,"pillars","mixed",TRUE,3.23923734137665,FALSE,1.89717970500696,1.79358353752015,-0.316029928676644,-0.264481712315876,-0.111934586204756
5,"young_lifetime","Law 2381 pillars",0.89,0.000876506552691064,"pillars","mixed",TRUE,3.39307949155813,FALSE,1.99021024043414,1.88153410772101,-0.294132140579892,-0.246665812967756,-0.110708136269346
5,"young_lifetime","Law 2381 pillars",0.9,0.000748133179985062,"pillars","mixed",TRUE,3.55422811689971,FALSE,2.0876501843869,1.97365330913842,-0.273781643428524,-0.230054437343377,-0.109533623152254
5,"young_lifetime","Law 2381 pillars",0.91,0.000636211266591,"pillars","mixed",TRUE,3.72303022619711,FALSE,2.18806674438884,2.08036804946394,-0.254735496439492,-0.214565276877349,-0.108105847464387
5,"young_lifetime","Law 2381 pillars",0.92,0.000539041851611795,"pillars","mixed",TRUE,3.8998493088474,FALSE,2.29198530830435,2.19998907441558,-0.236964814220651,-0.200121818874138,-0.106542871984065
5,"young_lifetime","Law 2381 pillars",0.93,0.000455032383605845,"pillars","mixed",TRUE,4.08506611756752,FALSE,2.40083931029732,2.32524997265281,-0.220473656436794,-0.18665290492008,-0.105077626574004
5,"young_lifetime","Law 2381 pillars",0.94,0.00038270207402884,"pillars","mixed",TRUE,4.27907948828675,FALSE,2.51486315072988,2.45642424007595,-0.205164089887329,-0.174092329297998,-0.103702485660117
5,"young_lifetime","Law 2381 pillars",0.95,0.000320684534961157,"pillars","mixed",TRUE,4.48230719897858,FALSE,2.63430236241667,2.59379760625141,-0.190946579915085,-0.16237847265795,-0.102410606506716
5,"young_lifetime","Law 2381 pillars",0.96,0.000267728070175611,"pillars","mixed",TRUE,4.69518686928138,FALSE,2.75941413934194,2.73766871301851,-0.177739122227051,-0.151453966929389,-0.101195824550334
5,"young_lifetime","Law 2381 pillars",0.97,0.000222693986042829,"pillars","mixed",TRUE,4.91817690284499,FALSE,2.8904678904873,2.88834981367429,-0.165466489165184,-0.141265388059137,-0.100052565867683
5,"young_lifetime","Law 2381 pillars",0.98,0.00018455327674269,"pillars","mixed",TRUE,5.15175747443255,FALSE,3.02774581996254,3.0461674948481,-0.154059571316393,-0.131762973652016,-0.0989757735677278
5,"young_lifetime","Law 2381 pillars",0.99,0.000152382018630337,"pillars","mixed",TRUE,5.39643156390305,FALSE,3.17154353468883,3.21146342324154,-0.143454799173867,-0.122900362997393,-0.0979608455542326
5,"young_lifetime","Law 2381 pillars",1,6.26778916131105e-05,"pillars","mixed",TRUE,5.65272603930114,FALSE,3.32217068094274,3.38459511945103,-0.133593632518666,-0.114634357301959,-0.097003581618831
6,"young_lifetime","Law 2381 pillars",0,0.000223648618482682,"informal","informal",FALSE,0.15786084485759,TRUE,0.0798429570291271,0.122137520828794,-32.9773531966966,-37.4437493418334,0.0883678116056408
6,"young_lifetime","Law 2381 pillars",0.01,0.000530074028894635,"informal","informal",FALSE,0.162505836201026,TRUE,0.0820940482283386,0.125581064360516,-31.6302924109293,-35.8498645670935,0.0870667402656187
6,"young_lifetime","Law 2381 pillars",0.02,0.000625857596014926,"informal","informal",FALSE,0.167287504531083,TRUE,0.0844113768732134,0.129125932764216,-30.3367629912675,-34.3238273962876,0.0858028581444754
6,"young_lifetime","Law 2381 pillars",0.03,0.00073622950670148,"informal","informal",FALSE,0.172209871512667,TRUE,0.0867968919737293,0.132775107483163,-29.094738203751,-32.8627497302052,0.084575102242852
6,"young_lifetime","Law 2381 pillars",0.04,0.000862878406729994,"informal","informal",FALSE,0.177277077146541,TRUE,0.0892525998886921,0.136531657688384,-27.9022612947057,-31.4638664086426,0.0833824399456686
6,"young_lifetime","Law 2381 pillars",0.05,0.00100759191313581,"informal","informal",FALSE,0.182493383251315,TRUE,0.0917805660132021,0.140398742860019,-26.7574435310009,-30.1245299772036,0.082223868153636
6,"young_lifetime","Law 2381 pillars",0.06,0.00117224512608808,"informal","informal",FALSE,0.187863177047879,TRUE,0.0943829165157727,0.14437961544463,-25.6584622631497,-28.842205676864,0.0810984124395895
6,"young_lifetime","Law 2381 pillars",0.07,0.00135878545245099,"informal","informal",FALSE,0.193390974849323,TRUE,0.0970618401265636,0.148477623590701,-24.6035590135871,-27.6144666468168,0.0800051262289363
6,"young_lifetime","Law 2381 pillars",0.08,0.00156921348536889,"informal","informal",FALSE,0.199081425859414,TRUE,0.0998195899782318,0.152696213964625,-23.5910375922107,-26.4389893315217,0.0789430900035335
6,"young_lifetime","Law 2381 pillars",0.09,0.00180555975146526,"informal","informal",FALSE,0.204939316082858,TRUE,0.102658485500949,0.157038934649559,-22.6192622410299,-25.3135490832626,0.0779114105283176
6,"young_lifetime","Law 2381 pillars",0.1,0.00206985722142662,"informal","informal",FALSE,0.210969572350607,TRUE,0.10558091437318,0.161509438129566,-21.6866558095446,-24.2360159518952,0.0769092201000403
6,"young_lifetime","Law 2381 pillars",0.11,0.00236410958058029,"informal","informal",FALSE,0.217177266463616,TRUE,0.108589334529858,0.166111484361571,-20.7916979622702,-23.2043506538124,0.075935675817481
6,"young_lifetime","Law 2381 pillars",0.12,0.00269025537259384,"informal","informal",FALSE,0.223567619458525,TRUE,0.111686276229658,0.17084894393771,-19.9329234196252,-22.216600712502,0.0749899588725156
6,"young_lifetime","Law 2381 pillars",0.13,0.0030501282598838,"informal","informal",FALSE,0.230146005998862,TRUE,0.114874344183087,0.175725801340718,-19.10892023322,-21.27089676339,0.0740712738614513
6,"young_lifetime","Law 2381 pillars",0.14,0.00344541378616971,"informal","informal",FALSE,0.23691795889545,TRUE,0.118156219743205,0.180746158295123,-18.3183280964157,-20.3654490159778,0.0731788481160445
6,"young_lifetime","Law 2381 pillars",0.15,0.0038776031764757,"informal","informal",FALSE,0.243889173759824,TRUE,0.121534663160798,0.185914237217032,-17.5598366908614,-19.498543866577,0.0723119310536426
6,"young_lifetime","Law 2381 pillars",0.16,0.00434794486360459,"informal","informal",FALSE,0.251065513794582,TRUE,0.12501251590591,0.191234384765433,-16.8321840695777,-18.6685406552316,0.0714697935458979
6,"young_lifetime","Law 2381 pillars",0.17,0.00485739458280167,"informal","informal",FALSE,0.258453014724678,TRUE,0.128592703057691,0.196711075497994,-16.1341550770165,-17.8738685606894,0.07065172730553
6,"young_lifetime","Law 2381 pillars",0.18,0.00540656502249209,"informal","informal",FALSE,0.266057889873826,TRUE,0.132278235764559,0.202348915634426,-15.4645798064031,-17.1130236275471,0.069857044290613
6,"young_lifetime","Law 2381 pillars",0.19,0.00599567615266305,"informal","informal",FALSE,0.273886535390273,TRUE,0.136072213776751,0.208152646930588,-14.8223320945531,-16.3845659199415,0.0690850761258901
6,"young_lifetime","Law 2381 pillars",0.2,0.00662450746745946,"informal","informal",FALSE,0.28194553562633,TRUE,0.139977828053399,0.214127150666583,-14.2063280542523,-15.6871167964014,0.0683351735406341
6,"young_lifetime","Law 2381 pillars",0.21,0.00729235346863131,"informal","informal",FALSE,0.290241668676208,TRUE,0.143998363446314,0.220277451752199,-13.6155246441905,-15.0193563007019,0.0676067058225707
6,"young_lifetime","Law 2381 pillars",0.22,0.00799798377561329,"informal","informal",FALSE,0.298781912076791,TRUE,0.148137201462739,0.22660872295316,-13.0489182763523,-14.3800206637833,0.0668990602874113
6,"young_lifetime","Law 2381 pillars",0.23,0.0087396092707509,"informal","informal",FALSE,0.307573448676155,TRUE,0.152397823109395,0.233126289241721,-12.5055434606907,-13.7678999120069,0.0662116417635514
6,"young_lifetime","Law 2381 pillars",0.24,0.0095148556698428,"informal","informal",FALSE,0.316623672674768,TRUE,0.156783811820215,0.239835632275287,-11.984471486833,-13.1818355772215,0.0655438720914945
6,"young_lifetime","Law 2381 pillars",0.25,0.010320745845168,"informal","informal",FALSE,0.32594019584445,TRUE,0.161298856470225,0.246742395006811,-11.4848091425077,-12.6207185043064,0.0648951896375869
6,"young_lifetime","Law 2381 pillars",0.26,0.0111536921182913,"informal","informal",FALSE,0.335530853930318,TRUE,0.165946754478097,0.253852386430846,-11.0056974683182,-12.0834867520412,0.0642650488216503
6,"young_lifetime","Law 2381 pillars",0.27,0.0120094995825537,"informal","informal",FALSE,0.345403713241112,TRUE,0.170731415000014,0.261171586469255,-10.5463105484395,-11.5691235833312,0.063652919658117
6,"young_lifetime","Law 2381 pillars",0.28,0.0128833813113884,"informal","informal",FALSE,0.355567077433436,FALSE,0.172317634105138,0.263598060590453,-10.4010247610748,-11.0766555409828,0.0428496027576759
6,"young_lifetime","Law 2381 pillars",0.29,0.0137699860614464,"informal","informal",FALSE,0.366029494495622,FALSE,0.177388010609596,0.271354326627758,-9.95827970215923,-10.605150605389,0.0428496027576757
6,"young_lifetime","Law 2381 pillars",0.3,0.0146634387938913,"informal","informal",FALSE,0.376799763937093,FALSE,0.182607580886533,0.279338817647852,-9.53438116959054,-10.153716430637,0.0428496027576757
6,"young_lifetime","Law 2381 pillars",0.31,0.0155573940198842,"informal","informal",FALSE,0.387886944189267,FALSE,0.187980734902204,0.287558249078303,-9.12852691487789,-9.72149865570018,0.0428496027576759
6,"young_lifetime","Law 2381 pillars",0.32,0.0164451016357299,"informal","informal",FALSE,0.399300360224233,FALSE,0.193511991795839,0.296019533945411,-8.73994883919968,-9.30767928751892,0.0428496027576757
6,"young_lifetime","Law 2381 pillars",0.33,0.0173194845593781,"informal","informal",FALSE,0.411049611397605,FALSE,0.199206003680506,0.304729788688472,-8.36791153973933,-8.91147515290884,0.0428496027576757
6,"young_lifetime","Law 2381 pillars",0.34,0.0181732271241403,"informal","informal",FALSE,0.42314457952214,FALSE,0.205067559555816,0.313696339145122,-8.0117109178999,-8.5321364163677,0.0428496027576759
6,"young_lifetime","Law 2381 pillars",0.35,0.0189988728395791,"informal","informal",FALSE,0.435595437178929,FALSE,0.211101589335751,0.322926726712801,-7.67067284676338,-8.16894516097547,0.0428496027576761
6,"young_lifetime","Law 2381 pillars",0.36,0.0197889298058682,"informal","informal",FALSE,0.448412656273136,FALSE,0.217313167995011,0.332428714691506,-7.3441518952729,-7.82121402970179,0.0428496027576757
6,"young_lifetime","Law 2381 pillars",0.37,0.0205359817787106,"informal","informal",FALSE,0.461607016841489,FALSE,0.22370751983737,0.342210294813193,-7.03153010672315,-7.48828492454949,0.0428496027576757
6,"young_lifetime","Law 2381 pillars",0.38,0.0212328026386743,"informal","informal",FALSE,0.475189616118925,FALSE,0.230290022889622,0.352279693963286,-6.73221582924747,-7.1695277610723,0.0428496027576757
6,"young_lifetime","Law 2381 pillars",0.39,0.0218724718319488,"informal","informal",FALSE,0.489171877872017,FALSE,0.237066213424818,0.362645381099979,-6.44564259608804,-6.86433927590955,0.0428496027576757
6,"young_lifetime","Law 2381 pillars",0.4,0.0224484882277816,"informal","informal",FALSE,0.50356556200704,FALSE,0.244041790618598,0.373316074377125,-6.1712680535301,-6.57214188508102,0.0428496027576759
6,"young_lifetime","Law 2381 pillars",0.41,0.0229548797878943,"informal","informal",FALSE,0.518382774460738,FALSE,0.251222621342535,0.38430074847672,-5.90857293447132,-6.29238259088134,0.0428496027576757
6,"young_lifetime","Law 2381 pillars",0.42,0.0233863064692461,"informal","informal",FALSE,0.533635977382139,FALSE,0.258614745098518,0.395608642157136,-5.65706007568363,-6.02453193530506,0.0428496027576759
6,"young_lifetime","Law 2381 pillars",0.43,0.0237381538851594,"informal","informal",FALSE,0.549337999613948,FALSE,0.266224379098331,0.407249266023467,-5.41625347690782,-5.76808299802172,0.0428496027576757
6,"young_lifetime","Law 2381 pillars",0.44,0.0240066154297712,"informal","informal",FALSE,0.565502047482368,FALSE,0.274057923492693,0.419232410526502,-5.18569739999993,-5.52255043700461,0.0428496027576757
6,"young_lifetime","Law 2381 pillars",0.45,0.0241887608228689,"informal","informal",FALSE,0.582141715904393,FALSE,0.282121966754162,0.431568154197076,-4.96495550642482,-5.28746956999751,0.0428496027576759
6,"young_lifetime","Law 2381 pillars",0.46,0.0242825893494975,"informal","informal",FALSE,0.599270999821936,FALSE,0.29042329121843,0.444266872122706,-4.75361003146433,-5.06239549508098,0.0428496027576761
6,"young_lifetime","Law 2381 pillars",0.47,0.0242870664418367,"informal","informal",FALSE,0.616904305972403,FALSE,0.298968878788665,0.457339244673651,-4.55126099357733,-4.60752987952515,0.00822535016679771
6,"young_lifetime","Law 2381 pillars",0.48,0.0242021426680683,"informal","informal",FALSE,0.635056465005603,FALSE,0.307765916807706,0.470796266485736,-4.35752543741534,-4.29775114138355,-0.00916602716111581
6,"young_lifetime","Law 2381 pillars",0.49,0.0240287546408929,"informal","informal",FALSE,0.653742743957203,FALSE,0.31682180410304,0.484649255707485,-4.17203670906093,-4.00879980297973,-0.0262574120267172
6,"young_lifetime","Law 2381 pillars",0.5,0.0237688078223462,"informal","informal",FALSE,0.672978859089203,FALSE,0.326144157209651,0.498909863519351,-3.99444376211747,-3.73927557266538,-0.0430539791482454
6,"young_lifetime","Law 2381 pillars",0.51,0.0234251416663332,"informal","informal",FALSE,0.692780989108239,FALSE,0.335740816775978,0.513590083933051,-3.82441049333686,-3.48787230480781,-0.0595608139826651
6,"young_lifetime","Law 2381 pillars",0.52,0.0230014779905107,"informal","informal",FALSE,0.713165788772829,FALSE,0.34561985415836,0.528702263879229,-3.66161510652781,-3.25337167005691,-0.0757829142653818
6,"young_lifetime","Law 2381 pillars",0.53,0.0225023538900762,"informal","informal",FALSE,0.734150402901006,FALSE,0.355789578209524,0.544259113591959,-3.50574950354099,-3.03463725118002,-0.091725191523394
6,"young_lifetime","Law 2381 pillars",0.54,0.0219330408840984,"informal","informal",FALSE,0.755752480790122,FALSE,0.366258542266817,0.560273717298797,-3.35651870117839,-2.83060903585243,-0.107392472562342
6,"young_lifetime","Law 2381 pillars",0.55,0.0212994523083938,"informal","informal",FALSE,0.777990191060946,FALSE,0.377035551346071,0.576759544225388,-3.21364027292332,-2.64029827971492,-0.122789500927912
6,"young_lifetime","Law 2381 pillars",0.56,0.0206080412279339,"informal","informal",FALSE,0.800882236938544,FALSE,0.388129669547136,0.593730459923882,-3.07684381443456,-2.46278271480407,-0.137920938342023
6,"young_lifetime","Law 2381 pillars",0.57,0.0198656913291574,"informal","informal",FALSE,0.824447871982796,FALSE,0.399550227677327,0.611200737934675,-2.94587043179308,-2.2972020801349,-0.152791366114254
6,"young_lifetime","Law 2381 pillars",0.58,0.0190796033639485,"informal","informal",FALSE,0.848706916281774,FALSE,0.411306831099179,0.629185071791303,-2.82047225153271,-2.14275395277652,-0.167405286528907
6,"young_lifetime","Law 2381 pillars",0.59,0.0182571797508447,"informal","informal",FALSE,0.873679773121604,FALSE,0.423409367809123,0.647698587378568,-2.70041195152766,-1.99868985921768,-0.181767124208158
6,"young_lifetime","Law 2381 pillars",0.6,0.0174059098965294,"informal","informal",FALSE,0.899387446146832,FALSE,0.435868016753878,0.666756855654298,-2.5854623118489,-1.86431164817748,-0.19588122745169
6,"young_lifetime","Law 2381 pillars",0.61,0.0165332586858387,"informal","informal",FALSE,0.925851557025726,FALSE,0.448693256391541,0.686375905745439,-2.47540578473943,-1.73896810728337,-0.209751869553212
6,"young_lifetime","Law 2381 pillars",0.62,0.0156465604078046,"informal","informal",FALSE,0.953094363635376,FALSE,0.461895873504588,0.706572238429499,-2.37003408289462,-1.6220518072206,-0.223383250094284
6,"young_lifetime","Law 2381 pillars",0.63,0.0147529201472209,"informal","informal",FALSE,0.98113877878188,FALSE,0.475486972272197,0.727362840012672,-2.26914778526844,-1.51299615805943,-0.236779496215802
6,"young_lifetime","Law 2381 pillars",0.64,0.0138591243861013,"pillars","mixed",TRUE,1.33315508112968,FALSE,0.494105519181802,0.755844039176479,-2.14210698599031,-1.41127266349469,-0.24285362430019
6,"young_lifetime","Law 2381 pillars",0.65,0.0129715622386452,"pillars","mixed",TRUE,1.39647104800452,FALSE,0.519602369659178,0.816044426752226,-1.97839577397704,-1.3163883596915,-0.237838093708318
6,"young_lifetime","Law 2381 pillars",0.66,0.0120961583990884,"pillars","mixed",TRUE,1.46279410064008,FALSE,0.544280013611562,0.920035773571798,-1.82604589218252,-1.22788342632544,-0.232467160371875
6,"young_lifetime","Law 2381 pillars",0.67,0.0112383185264294,"pillars","mixed",TRUE,1.53226705553619,FALSE,0.570129680916032,1.0278161858918,-1.68903982477145,-1.14532895823998,-0.228160676363945
6,"young_lifetime","Law 2381 pillars",0.68,0.0104028874355191,"pillars","mixed",TRUE,1.60503951202304,FALSE,0.597207034857971,1.13958321447865,-1.56477931359257,-1.06832488692244,-0.224645759777836
6,"young_lifetime","Law 2381 pillars",0.69,0.00959412012165592,"pillars","mixed",TRUE,1.68126817440037,FALSE,0.625570382357234,1.25556153110972,-1.45138729267621,-0.996498041725683,-0.221732749948551
6,"young_lifetime","Law 2381 pillars",0.7,0.00881566532576298,"pillars","mixed",TRUE,1.76111718937607,FALSE,0.655280799523141,1.37600064976804,-1.34744745510008,-0.929500341439868,-0.219286282658105
6,"young_lifetime","Law 2381 pillars",0.71,0.00807056105809019,"pillars","mixed",TRUE,1.8447584995309,FALSE,0.686402263172492,1.50117247874604,-1.2518511460268,-0.867007107450661,-0.217207521081735
6,"young_lifetime","Law 2381 pillars",0.72,0.00736124124713052,"pillars","mixed",TRUE,1.93237221357038,FALSE,0.719001788593809,1.63136894843317,-1.16370335992392,-0.808715490309039,-0.215422861905574
6,"young_lifetime","Law 2381 pillars",0.73,0.00668955247216793,"pillars","mixed",TRUE,2.02414699416125,FALSE,0.753149573854455,1.76689989229766,-1.08226279860505,-0.754343002087797,-0.213876540016727
6,"young_lifetime","Law 2381 pillars",0.74,0.00605677957576838,"pillars","mixed",TRUE,2.1202804641875,FALSE,0.788919150961389,1.90809129206386,-1.00690234219856,-0.70362614741234,-0.212525657458099
6,"young_lifetime","Law 2381 pillars",0.75,0.00546367883789977,"pillars","mixed",TRUE,2.22097963230086,FALSE,0.826387544201034,2.05528394055823,-0.937082179772343,-0.656319146531578,-0.2113367637241
6,"young_lifetime","Law 2381 pillars",0.76,0.0049105173257538,"pillars","mixed",TRUE,2.32646133868216,FALSE,0.865635435999245,2.20883253113646,-0.872331032408897,-0.612192744240796,-0.210283454545873
6,"young_lifetime","Law 2381 pillars",0.77,0.00439711701067287,"pillars","mixed",TRUE,2.43695272197327,FALSE,0.906747340658508,2.36910515170933,-0.812232691020314,-0.571033098884377,-0.20934465486527
6,"young_lifetime","Law 2381 pillars",0.78,0.00392290226240524,"pillars","mixed",TRUE,2.55269170838531,FALSE,0.949811786346502,2.53648314274647,-0.756416130948565,-0.532308051968403,-0.208832991130174
6,"young_lifetime","Law 2381 pillars",0.79,0.00348694938664893,"pillars","mixed",TRUE,2.67392752403614,FALSE,0.994921505727903,2.7113612698098,-0.704548088038856,-0.496211631461385,-0.208402890635663
6,"young_lifetime","Law 2381 pillars",0.8,0.00308803695908519,"pillars","mixed",TRUE,2.80092123162051,FALSE,1.04217363564992,2.89414815945726,-0.656327363946048,-0.462603082047067,-0.207999710605075
6,"young_lifetime","Law 2381 pillars",0.81,0.00272469582188591,"pillars","mixed",TRUE,2.93394629256844,FALSE,1.09166992631156,3.085266950302,-0.611480369912928,-0.431303010401089,-0.207620350357564
6,"young_lifetime","Law 2381 pillars",0.82,0.0023952577407798,"pillars","mixed",TRUE,3.0732891559024,FALSE,1.14351696036707,3.28515611661324,-0.569757573857514,-0.402146504830179,-0.207262393697759
6,"young_lifetime","Law 2381 pillars",0.83,0.00209790186595431,"pillars","mixed",TRUE,3.21924987506121,FALSE,1.19782638243525,3.49427042862825,-0.530930617878365,-0.374981675720207,-0.206923923080787
6,"young_lifetime","Law 2381 pillars",0.84,0.00183069829236669,"pillars","mixed",TRUE,3.37214275401906,FALSE,1.25471513950905,3.7130820207085,-0.494789941731991,-0.349668392406803,-0.206603385647287
6,"young_lifetime","Law 2381 pillars",0.85,0.00159164816888775,"pillars","mixed",TRUE,3.53229702409076,FALSE,1.31430573278286,3.94208154500695,-0.461142794402869,-0.326077183190032,-0.206299496454215
6,"young_lifetime","Law 2381 pillars",0.86,0.00137871995615396,"pillars","mixed",TRUE,3.70005755288079,FALSE,1.37672648144008,4.18177939409194,-0.429811548049624,-0.304088271593567,-0.206011168499758
6,"young_lifetime","Law 2381 pillars",0.87,0.00118988157581876,"pillars","mixed",TRUE,3.87578558690267,FALSE,1.44211179896871,4.43270698087229,-0.400632251137392,-0.283590727057264,-0.205737462114733
6,"young_lifetime","Law 2381 pillars",0.88,0.0010231283256207,"pillars","mixed",TRUE,4.05985952946783,FALSE,1.51060248260016,4.69541806818614,-0.373453373549553,-0.264481712315876,-0.205477548383648
6,"young_lifetime","Law 2381 pillars",0.89,0.000876506552691064,"pillars","mixed",TRUE,4.25267575551894,FALSE,1.58234601649445,4.97049014362513,-0.348134707951828,-0.246665812967756,-0.205230682741255
6,"young_lifetime","Law 2381 pillars",0.9,0.000748133179985062,"pillars","mixed",TRUE,4.45464946516246,FALSE,1.65749688932464,5.2585258376715,-0.324546400023158,-0.230054437343377,-0.20499618594995
6,"young_lifetime","Law 2381 pillars",0.91,0.000636211266591,"pillars","mixed",TRUE,4.66621557773823,FALSE,1.73621692694449,5.56015438514392,-0.302568086296655,-0.214565276877349,-0.204773430425521
6,"young_lifetime","Law 2381 pillars",0.92,0.000539041851611795,"pillars","mixed",TRUE,4.88782966835145,FALSE,1.81867564085555,5.87603313139199,-0.282088122905961,-0.200121818874138,-0.204561830430107
6,"young_lifetime","Law 2381 pillars",0.93,0.000455032383605845,"pillars","mixed",TRUE,5.11996894888358,FALSE,1.90505059322412,6.20684908574913,-0.263002891949193,-0.18665290492008,-0.204360835051851
6,"young_lifetime","Law 2381 pillars",0.94,0.00038270207402884,"pillars","mixed",TRUE,5.36313329559486,FALSE,1.99552777923407,6.55332052553655,-0.245216174774081,-0.174092329297998,-0.204169923183112
6,"young_lifetime","Law 2381 pillars",0.95,0.000320684534961157,"pillars","mixed",TRUE,5.61784632553095,FALSE,2.09030202759889,6.91619865447824,-0.22863858347387,-0.16237847265795,-0.203988599922872
6,"young_lifetime","Law 2381 pillars",0.96,0.000267728070175611,"pillars","mixed",TRUE,5.88465652405177,FALSE,2.18957742009539,7.29626931979619,-0.213187043420928,-0.151453966929389,-0.203816393985771
6,"young_lifetime","Law 2381 pillars",0.97,0.000222693986042829,"pillars","mixed",TRUE,6.16413842591044,FALSE,2.29356773102244,7.69435479255223,-0.198784320867551,-0.141265388059137,-0.203652855815211
6,"young_lifetime","Law 2381 pillars",0.98,0.00018455327674269,"pillars","mixed",TRUE,6.45689385242552,FALSE,2.40249688753105,8.11131561602253,-0.185358590593443,-0.131762973652016,-0.203497556182419
6,"young_lifetime","Law 2381 pillars",0.99,0.000152382018630337,"pillars","mixed",TRUE,6.76355320741077,FALSE,2.51659945181706,8.54805252706063,-0.172843039337612,-0.122900362997393,-0.203350085115275
6,"young_lifetime","Law 2381 pillars",1,6.26778916131105e-05,"pillars","mixed",TRUE,7.08477683465281,FALSE,2.63612112621481,9.00550845554363,-0.161175501363517,-0.114634357301959,-0.203210051046078
7,"young_lifetime","Law 2381 pillars",0,0.000223648618482682,"informal","informal",FALSE,0.10048557982854,TRUE,0.077934775699884,0.0740268682994675,-37.9056961189963,-37.4437493418334,-0.00814108368336608
7,"young_lifetime","Law 2381 pillars",0.01,0.000530074028894635,"informal","informal",FALSE,0.103442327265594,TRUE,0.080035184678325,0.0760219558252317,-36.4233581523396,-35.8498645670935,-0.0105245499401251
7,"young_lifetime","Law 2381 pillars",0.02,0.000625857596014926,"informal","informal",FALSE,0.106486075796948,TRUE,0.0821973973391886,0.078075747992384,-34.9956699277457,-34.3238273962876,-0.0128398883044412
7,"young_lifetime","Law 2381 pillars",0.03,0.00073622950670148,"informal","informal",FALSE,0.109619385394521,TRUE,0.0844232322307671,0.0801899721611909,-33.6208313439126,-32.8627497302052,-0.0150890461123492
7,"young_lifetime","Law 2381 pillars",0.04,0.000862878406729994,"informal","informal",FALSE,0.112844891356368,TRUE,0.0867145614113989,0.0823664065187945,-32.2970877607388,-31.4638664086426,-0.0172739150381347
7,"young_lifetime","Law 2381 pillars",0.05,0.00100759191313581,"informal","informal",FALSE,0.116165306523119,TRUE,0.0890733120239798,0.0846068815747723,-31.0227297678132,-30.1245299772036,-0.019396332685344
7,"young_lifetime","Law 2381 pillars",0.06,0.00117224512608808,"informal","informal",FALSE,0.119583423559641,TRUE,0.0915014679168039,0.0869132817007039,-29.7960928821294,-28.842205676864,-0.0214580841323179
7,"young_lifetime","Law 2381 pillars",0.07,0.00135878545245099,"informal","informal",FALSE,0.123102117303831,TRUE,0.0940010713120967,0.0892875467150384,-28.6155571807434,-27.6144666468168,-0.0234609034335461
7,"young_lifetime","Law 2381 pillars",0.08,0.00156921348536889,"informal","informal",FALSE,0.126724347184526,TRUE,0.0965742245236446,0.0917316735145962,-27.4795468738648,-26.4389893315217,-0.0254064750781108
7,"young_lifetime","Law 2381 pillars",0.09,0.00180555975146526,"informal","informal",FALSE,0.130453159710557,TRUE,0.0992230917249648,0.0942477177540768,-26.3865298236382,-25.3135490832626,-0.02729643540644
7,"young_lifetime","Law 2381 pillars",0.1,0.00206985722142662,"informal","informal",FALSE,0.134291691033039,TRUE,0.101949900769502,0.0968377955749856,-25.3350170136365,-24.2360159518952,-0.0291323739865675
7,"young_lifetime","Law 2381 pillars",0.11,0.00236410958058029,"informal","informal",FALSE,0.138243169583066,TRUE,0.104756945064386,0.0995040853854336,-24.3235619738542,-23.2043506538124,-0.0309158349510531
7,"young_lifetime","Law 2381 pillars",0.12,0.00269025537259384,"informal","informal",FALSE,0.142310918787005,TRUE,0.107646585499321,0.102248829692307,-23.3507601657543,-22.216600712502,-0.0326483182956883
7,"young_lifetime","Law 2381 pillars",0.13,0.0030501282598838,"informal","informal",FALSE,0.146498359861695,TRUE,0.110621252432233,0.105074336987349,-22.4152483316923,-21.27089676339,-0.0343312811410804
7,"young_lifetime","Law 2381 pillars",0.14,0.00344541378616971,"informal","informal",FALSE,0.150809014691898,TRUE,0.113683447733344,0.107982983688733,-21.5157038128099,-20.3654490159778,-0.0359661389581802
7,"young_lifetime","Law 2381 pillars",0.15,0.0038776031764757,"informal","informal",FALSE,0.155246508792401,TRUE,0.116835746889394,0.110977216139777,-20.6508438392687,-19.498543866577,-0.0375542667587727
7,"young_lifetime","Law 2381 pillars",0.16,0.00434794486360459,"informal","informal",FALSE,0.159814574357297,TRUE,0.120080801169775,0.114059552666458,-19.8194247964724,-18.6685406552316,-0.0390970002519457
7,"young_lifetime","Law 2381 pillars",0.17,0.00485739458280167,"informal","informal",FALSE,0.164517053398976,TRUE,0.123421339856406,0.117232585695472,-19.0202414707117,-17.8738685606894,-0.040595636967498
7,"young_lifetime","Law 2381 pillars",0.18,0.00540656502249209,"informal","informal",FALSE,0.169357900979484,TRUE,0.12686017253922,0.12049898393462,-18.2521262774559,-17.1130236275471,-0.0420514373472393
7,"young_lifetime","Law 2381 pillars",0.19,0.00599567615266305,"informal","informal",FALSE,0.174341188536965,TRUE,0.130400191479193,0.12386149461735,-17.5139484753123,-16.3845659199415,-0.0434656258050971
7,"young_lifetime","Law 2381 pillars",0.2,0.00662450746745946,"informal","informal",FALSE,0.179471107309978,TRUE,0.13404437404091,0.127322945813338,-16.8046133684778,-15.6871167964014,-0.0448393917569185
7,"young_lifetime","Law 2381 pillars",0.21,0.00729235346863131,"informal","informal",FALSE,0.184751971862576,TRUE,0.137795785196698,0.130886248807063,-16.1230615003154,-15.0193563007019,-0.0461738906208418
7,"young_lifetime","Law 2381 pillars",0.22,0.00799798377561329,"informal","informal",FALSE,0.190188223713114,TRUE,0.141657580104455,0.13455440054637,-15.4682678405069,-14.3800206637833,-0.0474702447890686
7,"young_lifetime","Law 2381 pillars",0.23,0.0087396092707509,"informal","informal",FALSE,0.195784435069817,TRUE,0.145633006761318,0.13833048616308,-14.8392409680548,-13.7678999120069,-0.048729544571864
7,"young_lifetime","Law 2381 pillars",0.24,0.0095148556698428,"informal","informal",FALSE,0.201545312676289,TRUE,0.149725408735426,0.142217681567765,-14.23502225224,-13.1818355772215,-0.0499528491145707
7,"young_lifetime","Law 2381 pillars",0.25,0.010320745845168,"informal","informal",FALSE,0.207475701770153,TRUE,0.15393822797805,0.146219256120878,-13.6546850334761,-12.6207185043064,-0.0511411872884129
7,"young_lifetime","Law 2381 pillars",0.26,0.0111536921182913,"informal","informal",FALSE,0.213580590158182,TRUE,0.158275007718486,0.150338575382479,-13.0973338058512,-12.0834867520412,-0.0522955585558375
7,"young_lifetime","Law 2381 pillars",0.27,0.0120094995825537,"informal","informal",FALSE,0.219865112411346,TRUE,0.162739395444113,0.154579103942866,-12.5621034029973,-11.5691235833312,-0.0534169338111207
7,"young_lifetime","Law 2381 pillars",0.28,0.0128833813113884,"informal","informal",FALSE,0.226334554183279,FALSE,0.16078313750457,0.152720939246171,-12.7920651499966,-11.0766555409828,-0.0915270683868429
7,"young_lifetime","Law 2381 pillars",0.29,0.0137699860614464,"informal","informal",FALSE,0.232994356655832,FALSE,0.165514116124081,0.157214690951351,-12.2475396086593,-10.605150605389,-0.0915270683868429
7,"young_lifetime","Law 2381 pillars",0.3,0.0146634387938913,"informal","informal",FALSE,0.239850121115423,FALSE,0.170384301870942,0.161840669478127,-11.7261931288489,-10.153716430637,-0.0915270683868429
7,"young_lifetime","Law 2381 pillars",0.31,0.0155573940198842,"informal","informal",FALSE,0.246907613664056,FALSE,0.175397790858423,0.166602765547105,-11.2270390371178,-9.72149865570018,-0.0915270683868429
7,"young_lifetime","Law 2381 pillars",0.32,0.0164451016357299,"informal","informal",FALSE,0.254172770068943,FALSE,0.180558799726266,0.171504984361764,-10.7491326601867,-9.30767928751892,-0.0915270683868428
7,"young_lifetime","Law 2381 pillars",0.33,0.0173194845593781,"informal","informal",FALSE,0.261651700754842,FALSE,0.185871669187127,0.176551448977072,-10.2915695371052,-8.91147515290884,-0.0915270683868428
7,"young_lifetime","Law 2381 pillars",0.34,0.0181732271241403,"informal","informal",FALSE,0.269350695943282,FALSE,0.191340867677374,0.18174640376722,-9.85348370751538,-8.5321364163677,-0.0915270683868429
7,"young_lifetime","Law 2381 pillars",0.35,0.0189988728395791,"informal","informal",FALSE,0.277276230943007,FALSE,0.196970995115301,0.187094217995383,-9.43404607278018,-8.16894516097547,-0.0915270683868428
7,"young_lifetime","Law 2381 pillars",0.36,0.0197889298058682,"informal","informal",FALSE,0.285434971596098,FALSE,0.202766786769931,0.192599389488539,-9.03246282687378,-7.82121402970179,-0.0915270683868429
7,"young_lifetime","Law 2381 pillars",0.37,0.0205359817787106,"informal","informal",FALSE,0.293833779884333,FALSE,0.208733117243662,0.198266548420397,-8.64797395406548,-7.48828492454949,-0.0915270683868429
7,"young_lifetime","Law 2381 pillars",0.38,0.0212328026386743,"informal","informal",FALSE,0.302479719700525,FALSE,0.214875004572086,0.204100461205651,-8.27985179055307,-7.1695277610723,-0.0915270683868429
7,"young_lifetime","Law 2381 pillars",0.39,0.0218724718319488,"informal","informal",FALSE,0.311380062789664,FALSE,0.221197614444462,0.210106034508815,-7.92739964732389,-6.86433927590955,-0.0915270683868429
7,"young_lifetime","Law 2381 pillars",0.4,0.0224484882277816,"informal","informal",FALSE,0.32054229486489,FALSE,0.227706264548357,0.216288319371014,-7.58995049163715,-6.57214188508102,-0.0915270683868429
7,"young_lifetime","Law 2381 pillars",0.41,0.0229548797878943,"informal","informal",FALSE,0.329974121903418,FALSE,0.234406429042139,0.222652515458214,-7.26686568463214,-6.29238259088134,-0.0915270683868427
7,"young_lifetime","Law 2381 pillars",0.42,0.0233863064692461,"informal","informal",FALSE,0.339683476627713,FALSE,0.241303743159067,0.22920397543444,-6.95753377267335,-6.02453193530506,-0.0915270683868427
7,"young_lifetime","Law 2381 pillars",0.43,0.0237381538851594,"informal","informal",FALSE,0.349678525177386,FALSE,0.248404007946854,0.235948209463686,-6.66136933014481,-5.76808299802172,-0.0915270683868429
7,"young_lifetime","Law 2381 pillars",0.44,0.0240066154297712,"informal","informal",FALSE,0.359967673977393,FALSE,0.255713195146687,0.242890889844288,-6.37781185150378,-5.52255043700461,-0.0915270683868429
7,"young_lifetime","Law 2381 pillars",0.45,0.0241887608228689,"informal","informal",FALSE,0.370559576808333,FALSE,0.263237452215819,0.25003785577966,-6.1063246904969,-5.28746956999751,-0.0915270683868429
7,"young_lifetime","Law 2381 pillars",0.46,0.0242825893494975,"informal","informal",FALSE,0.381463142084795,FALSE,0.270983107497936,0.257395118289408,-5.84639404453118,-5.06239549508098,-0.0915270683868429
7,"young_lifetime","Law 2381 pillars",0.47,0.0242870664418367,"informal","informal",FALSE,0.392687540347849,FALSE,0.278956675545673,0.264968865264952,-5.59752798227771,-4.60752987952515,-0.121689803428378
7,"young_lifetime","Law 2381 pillars",0.48,0.0242021426680683,"informal","informal",FALSE,0.404242211978021,FALSE,0.287164862599735,0.272765466673909,-5.3592555126678,-4.29775114138355,-0.136840210068127
7,"young_lifetime","Law 2381 pillars",0.49,0.0240287546408929,"informal","informal",FALSE,0.416136875135204,FALSE,0.295614572229239,0.280791479917609,-5.13112569351963,-4.00879980297973,-0.151729279856448
7,"young_lifetime","Law 2381 pillars",0.5,0.0237688078223462,"informal","informal",FALSE,0.428381533932206,FALSE,0.304312911138024,0.289053655346256,-4.91270677810828,-3.73927557266538,-0.166361520721843
7,"young_lifetime","Law 2381 pillars",0.51,0.0234251416663332,"informal","informal",FALSE,0.440986486848795,FALSE,0.313267195141807,0.297558941936374,-4.70358539806422,-3.48787230480781,-0.180741362833327
7,"young_lifetime","Law 2381 pillars",0.52,0.0230014779905107,"pillars","payg_only",TRUE,0.610457181672941,FALSE,0.324008171083383,0.307761329821555,-4.47164653753113,-3.25337167005691,-0.191070247982335
7,"young_lifetime","Law 2381 pillars",0.53,0.0225023538900762,"pillars","payg_only",TRUE,0.639449822694539,FALSE,0.33966138856745,0.322629643212463,-4.16612350336075,-3.03463725118002,-0.190438655728065
7,"young_lifetime","Law 2381 pillars",0.54,0.0219330408840984,"pillars","payg_only",TRUE,0.669819420624243,FALSE,0.356041396400012,0.338188303280142,-3.88195652998932,-2.83060903585243,-0.189873546082149
7,"young_lifetime","Law 2381 pillars",0.55,0.0212994523083938,"pillars","payg_only",TRUE,0.701631371723309,FALSE,0.373173453660296,0.35446130253005,-3.6177228967243,-2.64029827971492,-0.189390300389031
7,"young_lifetime","Law 2381 pillars",0.56,0.0206080412279339,"pillars","payg_only",TRUE,0.734954178138852,FALSE,0.391083256426606,0.371473048554143,-3.37207773171114,-2.46278271480407,-0.189003438181946
7,"young_lifetime","Law 2381 pillars",0.57,0.0198656913291574,"pillars","payg_only",TRUE,0.769859595412686,FALSE,0.41023684080612,0.389666208867904,-3.1386972204723,-2.2972020801349,-0.187855728423464
7,"young_lifetime","Law 2381 pillars",0.58,0.0190796033639485,"pillars","payg_only",TRUE,0.806422786995861,FALSE,0.430505127182716,0.408918176334058,-2.91967102006921,-2.14275395277652,-0.186372553383864
7,"young_lifetime","Law 2381 pillars",0.59,0.0182571797508447,"pillars","payg_only",TRUE,0.844722486101594,FALSE,0.451776952827771,0.429123362290833,-2.71590955886112,-1.99868985921768,-0.184882775893512
7,"young_lifetime","Law 2381 pillars",0.6,0.0174059098965294,"pillars","payg_only",TRUE,0.884841165245148,FALSE,0.474092159967062,0.45031961114304,-2.52642989213263,-1.86431164817748,-0.183403511751309
7,"young_lifetime","Law 2381 pillars",0.61,0.0165332586858387,"pillars","payg_only",TRUE,0.926865213835716,FALSE,0.497491389427713,0.472545525852321,-2.35029869155333,-1.73896810728337,-0.181951525946419
7,"young_lifetime","Law 2381 pillars",0.62,0.0156465604078046,"pillars","payg_only",TRUE,0.970885124202734,FALSE,0.522016491154169,0.495840857868502,-2.18662886451084,-1.6220518072206,-0.180542509014015
7,"young_lifetime","Law 2381 pillars",0.63,0.0147529201472209,"pillars","payg_only",TRUE,1.01699568645721,FALSE,0.547710993368407,0.520246952764553,-2.03457743933588,-1.51299615805943,-0.179190450456378
7,"young_lifetime","Law 2381 pillars",0.64,0.0138591243861013,"pillars","payg_only",TRUE,1.06529619260763,FALSE,0.574620594599541,0.545807217594202,-1.89334444847301,-1.41127266349469,-0.177907159893985
7,"young_lifetime","Law 2381 pillars",0.65,0.0129715622386452,"pillars","mixed",TRUE,1.1158906503701,FALSE,0.60326585250518,0.573016107532512,-1.76010386590362,-1.3163883596915,-0.176057020420795
7,"young_lifetime","Law 2381 pillars",0.66,0.0120961583990884,"pillars","mixed",TRUE,1.16888800713291,FALSE,0.63599687266751,0.604105886095481,-1.62599400931187,-1.22788342632544,-0.170737301077795
7,"young_lifetime","Law 2381 pillars",0.67,0.0112383185264294,"pillars","mixed",TRUE,1.22440238455801,FALSE,0.670181029204048,0.636575935969024,-1.50318770959016,-1.14532895823998,-0.1657849573332
7,"young_lifetime","Law 2381 pillars",0.68,0.0104028874355191,"pillars","mixed",TRUE,1.28255332432449,FALSE,0.705888887601408,0.670493284252883,-1.39058292934154,-1.06832488692244,-0.161175768065145
7,"young_lifetime","Law 2381 pillars",0.69,0.00959412012165592,"pillars","mixed",TRUE,1.34346604554319,FALSE,0.743195928571176,0.705929626806134,-1.28720117837475,-0.996498041725683,-0.156885262795014
7,"young_lifetime","Law 2381 pillars",0.7,0.00881566532576298,"pillars","mixed",TRUE,1.40727171439681,FALSE,0.782182467035946,0.742961251295533,-1.19217303931443,-0.929500341439868,-0.152889291732255
7,"young_lifetime","Law 2381 pillars",0.71,0.00807056105809019,"pillars","mixed",TRUE,1.47410772658614,FALSE,0.82293356190208,0.781668951492569,-1.10472517097154,-0.867007107450661,-0.149164493095998
7,"young_lifetime","Law 2381 pillars",0.72,0.00736124124713052,"pillars","mixed",TRUE,1.54411800319056,FALSE,0.865538938468874,0.822137953573293,-1.02416869192977,-0.808715490309039,-0.14568864770645
7,"young_lifetime","Law 2381 pillars",0.73,0.00668955247216793,"pillars","mixed",TRUE,1.61745330057997,FALSE,0.910092939406638,0.864457869554511,-0.949888858531266,-0.754343002087797,-0.142440923257578
7,"young_lifetime","Law 2381 pillars",0.74,0.00605677957576838,"pillars","mixed",TRUE,1.6942715350455,FALSE,0.956694514386259,0.908722687443366,-0.88133595048357,-0.70362614741234,-0.139402019234368
7,"young_lifetime","Law 2381 pillars",0.75,0.00546367883789977,"pillars","mixed",TRUE,1.77473812284789,FALSE,1.0054472533852,0.955030802873255,-0.818017271257538,-0.656319146531578,-0.136554228281769
7,"young_lifetime","Law 2381 pillars",0.76,0.0049105173257538,"pillars","mixed",TRUE,1.85902633641606,FALSE,1.05645946478122,1.00348509328169,-0.759490164287313,-0.612192744240796,-0.133881431620814
7,"young_lifetime","Law 2381 pillars",0.77,0.00439711701067287,"pillars","mixed",TRUE,1.94731767746262,FALSE,1.10984429663695,1.05419303311321,-0.705355942406653,-0.571033098884377,-0.131369045687299
7,"young_lifetime","Law 2381 pillars",0.78,0.00392290226240524,"pillars","mixed",TRUE,2.0398022678199,FALSE,1.16571989795125,1.10726684698516,-0.655254627935673,-0.532308051968403,-0.129366663173291
7,"young_lifetime","Law 2381 pillars",0.79,0.00348694938664893,"pillars","mixed",TRUE,2.13667925883814,FALSE,1.22420961589243,1.16282369703086,-0.6088604042455,-0.496211631461385,-0.127498586983184
7,"young_lifetime","Law 2381 pillars",0.8,0.00308803695908519,"pillars","mixed",TRUE,2.23815726022723,FALSE,1.28544222489486,1.2209859005087,-0.565877685775881,-0.462603082047067,-0.125706394354448
7,"young_lifetime","Law 2381 pillars",0.81,0.00272469582188591,"pillars","mixed",TRUE,2.34445478926574,FALSE,1.34955218377919,1.28188117402935,-0.526037721462538,-0.431303010401089,-0.123987302839568
7,"young_lifetime","Law 2381 pillars",0.82,0.0023952577407798,"pillars","mixed",TRUE,2.45580074134427,FALSE,1.41667991756915,1.34564290124142,-0.489095655479107,-0.402146504830179,-0.122338605453936
7,"young_lifetime","Law 2381 pillars",0.83,0.00209790186595431,"pillars","mixed",TRUE,2.57243488285645,FALSE,1.48697212129683,1.41241042140299,-0.454827978394983,-0.374981675720207,-0.120757682577821
7,"young_lifetime","Law 2381 pillars",0.84,0.00183069829236669,"pillars","mixed",TRUE,2.69460836749906,FALSE,1.56058208372345,1.48232933686978,-0.423030310767305,-0.349668392406803,-0.119242005921892
7,"young_lifetime","Law 2381 pillars",0.85,0.00159164816888775,"pillars","mixed",TRUE,2.82258427709292,FALSE,1.63767002950079,1.55555183809967,-0.393515469477084,-0.326077183190032,-0.117789137724147
7,"young_lifetime","Law 2381 pillars",0.86,0.00137871995615396,"pillars","mixed",TRUE,2.95663818808909,FALSE,1.71840347883197,1.63223704527876,-0.366111774592819,-0.304088271593567,-0.116396727342126
7,"young_lifetime","Law 2381 pillars",0.87,0.00118988157581876,"pillars","mixed",TRUE,3.0970587649805,FALSE,1.80295762414618,1.71255136610842,-0.34066156112224,-0.283590727057264,-0.115062506662215
7,"young_lifetime","Law 2381 pillars",0.88,0.0010231283256207,"pillars","mixed",TRUE,3.24414838189646,FALSE,1.89151572368218,1.79666886965328,-0.31701986569597,-0.264481712315876,-0.113784285215135
7,"young_lifetime","Law 2381 pillars",0.89,0.000876506552691064,"pillars","mixed",TRUE,3.39822377371897,FALSE,1.98426951218547,1.88477167644457,-0.295053263068631,-0.246665812967756,-0.112559945515303
7,"young_lifetime","Law 2381 pillars",0.9,0.000748133179985062,"pillars","mixed",TRUE,3.55961671812253,FALSE,2.08071742665267,1.98147227374405,-0.274575147063905,-0.230054437343377,-0.111250042341976
7,"young_lifetime","Law 2381 pillars",0.91,0.000636211266591,"pillars","mixed",TRUE,3.7286747500064,FALSE,2.17953761458625,2.09661644343725,-0.255380033959741,-0.214565276877349,-0.109607142917035
7,"young_lifetime","Law 2381 pillars",0.92,0.000539041851611795,"pillars","mixed",TRUE,3.9057619098576,FALSE,2.28305110177236,2.21718118337515,-0.237573206575511,-0.200121818874138,-0.108068871094779
7,"young_lifetime","Law 2381 pillars",0.93,0.000455032383605845,"pillars","mixed",TRUE,4.09125952765613,FALSE,2.39148078859536,2.34343046400976,-0.221047388529448,-0.18665290492008,-0.106626820936144
7,"young_lifetime","Law 2381 pillars",0.94,0.00038270207402884,"pillars","mixed",TRUE,4.28556704401045,FALSE,2.50506016171991,2.47563992349003,-0.205704679847313,-0.174092329297998,-0.10527348187067
7,"young_lifetime","Law 2381 pillars",0.95,0.000320684534961157,"pillars","mixed",TRUE,4.48910287029147,FALSE,2.6240337968686,2.61409753258083,-0.191455556459997,-0.16237847265795,-0.104002114623174
7,"young_lifetime","Law 2381 pillars",0.96,0.000267728070175611,"pillars","mixed",TRUE,4.70230528961711,FALSE,2.74865788547816,2.75910427832991,-0.178218007001482,-0.151453966929389,-0.102806648042727
7,"young_lifetime","Law 2381 pillars",0.97,0.000222693986042829,"pillars","mixed",TRUE,4.92563340062764,FALSE,2.87920078636838,2.91097486851014,-0.165916783072681,-0.141265388059137,-0.101681592832555
7,"young_lifetime","Law 2381 pillars",0.98,0.00018455327674269,"pillars","mixed",TRUE,5.15956810608401,FALSE,3.01594360361154,3.07003845896237,-0.154482744061418,-0.131762973652016,-0.100621969011806
7,"young_lifetime","Law 2381 pillars",0.99,0.000152382018630337,"pillars","mixed",TRUE,5.40461314841808,FALSE,3.15918079184686,3.23663940602847,-0.143852281387677,-0.122900362997393,-0.0996232445887234
7,"young_lifetime","Law 2381 pillars",1,6.26778916131105e-05,"pillars","mixed",TRUE,5.66129619446445,FALSE,3.3092207903433,3.41113804630642,-0.133966809966305,-0.114634357301959,-0.0986812834323093
8,"young_lifetime","Law 2381 pillars",0,0.000223648618482682,"informal","informal",FALSE,0.157279513732281,TRUE,0.0798337493697793,0.121750301235299,-32.9988304671394,-37.4437493418334,0.0878955179747609
8,"young_lifetime","Law 2381 pillars",0.01,0.000530074028894635,"informal","informal",FALSE,0.161907399643099,TRUE,0.0820841289804579,0.125182238200013,-31.6511538006102,-35.8498645670935,0.0865890280382908
8,"young_lifetime","Law 2381 pillars",0.02,0.000625857596014926,"informal","informal",FALSE,0.16667145922012,TRUE,0.0844007250985958,0.128715158518178,-30.3570153935755,-34.3238273962876,0.0853198822033439
8,"young_lifetime","Law 2381 pillars",0.03,0.00073622950670148,"informal","informal",FALSE,0.17157569931825,TRUE,0.0867854861180727,0.132352033584019,-29.1143894295253,-32.8627497302052,0.0840870130434674
8,"young_lifetime","Law 2381 pillars",0.04,0.000862878406729994,"informal","informal",FALSE,0.176624244692477,TRUE,0.0892404177634677,0.136095922223828,-27.9213199610837,-31.4638664086426,0.08288938364303
8,"young_lifetime","Law 2381 pillars",0.05,0.00100759191313581,"informal","informal",FALSE,0.181821341467029,TRUE,0.0917675847769926,0.139949973268624,-26.7759189589379,-30.1245299772036,0.0817259867251161
8,"young_lifetime","Law 2381 pillars",0.06,0.00117224512608808,"informal","informal",FALSE,0.187171360706621,TRUE,0.0943691126550614,0.1439174282025,-25.6763643830581,-28.842205676864,0.0805958438043446
8,"young_lifetime","Law 2381 pillars",0.07,0.00135878545245099,"informal","informal",FALSE,0.192678802092772,TRUE,0.0970471894359581,0.148001623888903,-24.6208982785734,-27.6144666468168,0.0794980043639066
8,"young_lifetime","Law 2381 pillars",0.08,0.00156921348536889,"informal","informal",FALSE,0.198348297708305,TRUE,0.099804067540106,0.152205995377135,-23.6078248984156,-26.4389893315217,0.0784315450561246
8,"young_lifetime","Law 2381 pillars",0.09,0.00180555975146526,"informal","informal",FALSE,0.204184615933205,TRUE,0.102642065664486,0.156534078791432,-22.6355088546024,-25.3135490832626,0.0773955689258614
8,"young_lifetime","Law 2381 pillars",0.1,0.00206985722142662,"informal","informal",FALSE,0.2101926654551,TRUE,0.105563570732797,0.160989514305049,-21.702373299809,-24.2360159518952,0.0763892046561294
8,"young_lifetime","Law 2381 pillars",0.11,0.00236410958058029,"informal","informal",FALSE,0.216377499397763,TRUE,0.108571039903,0.165576049201864,-20.8068981406656,-23.2043506538124,0.075411605835261
8,"young_lifetime","Law 2381 pillars",0.12,0.00269025537259384,"informal","informal",FALSE,0.222744319571085,TRUE,0.111667002633932,0.170297541028064,-19.9476182840251,-22.216600712502,0.0744619502450261
8,"young_lifetime","Law 2381 pillars",0.13,0.0030501282598838,"informal","informal",FALSE,0.229298480846103,TRUE,0.114854062812733,0.175157960836567,-19.1231219172581,-21.27089676339,0.0735394391690993
8,"young_lifetime","Law 2381 pillars",0.14,0.00344541378616971,"informal","informal",FALSE,0.236045495658763,TRUE,0.118134900944862,0.180161396526915,-18.3320488234682,-20.3654490159778,0.0726432967212911
8,"young_lifetime","Law 2381 pillars",0.15,0.0038776031764757,"informal","informal",FALSE,0.242991038646203,TRUE,0.121512276408568,0.185312056283433,-17.5730887323551,-19.498543866577,0.0717727691929828
8,"young_lifetime","Law 2381 pillars",0.16,0.00434794486360459,"informal","informal",FALSE,0.250140951419459,TRUE,0.124989029775684,0.190614272114567,-16.8449797073147,-18.6685406552316,0.0709271244192125
8,"young_lifetime","Law 2381 pillars",0.17,0.00485739458280167,"informal","informal",FALSE,0.2575012474766,TRUE,0.128568085200717,0.196072503496351,-16.146506569222,-17.8738685606894,0.0701056511628819
8,"young_lifetime","Law 2381 pillars",0.18,0.00540656502249209,"informal","informal",FALSE,0.265078117260439,TRUE,0.132252452880236,0.201691341123095,-15.4764993572236,-17.1130236275471,0.0693076585165642
8,"young_lifetime","Law 2381 pillars",0.19,0.00599567615266305,"informal","informal",FALSE,0.272877933365059,TRUE,0.136045231584622,0.207475510768428,-14.833831826748,-16.3845659199415,0.0685324753214067
8,"young_lifetime","Law 2381 pillars",0.2,0.00662450746745946,"informal","informal",FALSE,0.280907255895537,TRUE,0.139949611264318,0.213429877259951,-14.2174199848368,-15.6871167964014,0.0677794496026536
8,"young_lifetime","Law 2381 pillars",0.21,0.00729235346863131,"informal","informal",FALSE,0.289172837985385,TRUE,0.143968875732767,0.219559448570843,-13.6262206628056,-15.0193563007019,0.06704794802129
8,"young_lifetime","Law 2381 pillars",0.22,0.00799798377561329,"informal","informal",FALSE,0.297681631476328,TRUE,0.148106405428287,0.225869380031864,-13.0592301261491,-14.3800206637833,0.0663373553413698
8,"young_lifetime","Law 2381 pillars",0.23,0.0087396092707509,"informal","informal",FALSE,0.306440792765214,TRUE,0.152365680257228,0.232364978667291,-12.5154827215323,-13.7678999120069,0.0656470739125661
8,"young_lifetime","Law 2381 pillars",0.24,0.0095148556698428,"informal","informal",FALSE,0.315457688822968,TRUE,0.156750282520768,0.23905170765844,-11.9940495606289,-13.1818355772215,0.0649765231675106
8,"young_lifetime","Law 2381 pillars",0.25,0.010320745845168,"informal","informal",FALSE,0.324739903390646,TRUE,0.161263899927847,0.245935190938518,-11.4940372405084,-12.6207185043064,0.0643251391335034
8,"young_lifetime","Law 2381 pillars",0.26,0.0111536921182913,"informal","informal",FALSE,0.334295243357809,TRUE,0.165910328696746,0.253021217922688,-11.0145866002085,-12.0834867520412,0.0636923739581776
8,"young_lifetime","Law 2381 pillars",0.27,0.0120094995825537,"informal","informal",FALSE,0.344131745328578,TRUE,0.170693476747927,0.260315748377308,-10.554871513081,-11.5691235833312,0.0630776954487255
8,"young_lifetime","Law 2381 pillars",0.28,0.0128833813113884,"informal","informal",FALSE,0.35425768238089,FALSE,0.172263163076827,0.262709595401871,-10.4109344322807,-11.0766555409828,0.0421877385804437
8,"young_lifetime","Law 2381 pillars",0.29,0.0137699860614464,"informal","informal",FALSE,0.364681571024647,FALSE,0.177331936793366,0.270439718711297,-9.96776754397208,-10.605150605389,0.0421877385804434
8,"young_lifetime","Law 2381 pillars",0.3,0.0146634387938913,"informal","informal",FALSE,0.375412178364601,FALSE,0.182549857121,0.278397297764345,-9.54346513821023,-10.153716430637,0.0421877385804434
8,"young_lifetime","Law 2381 pillars",0.31,0.0155573940198842,"informal","informal",FALSE,0.386458529474005,FALSE,0.187921312638279,0.286589025354033,-9.13722420215472,-9.72149865570018,0.0421877385804437
8,"young_lifetime","Law 2381 pillars",0.32,0.0164451016357299,"informal","informal",FALSE,0.397829914985233,FALSE,0.193450821055895,0.295021791206099,-8.74827590517079,-9.30767928751892,0.0421877385804434
8,"young_lifetime","Law 2381 pillars",0.33,0.0173194845593781,"informal","informal",FALSE,0.409535898903749,FALSE,0.199143033016345,0.303702687773665,-8.37588414378014,-8.91147515290884,0.0421877385804434
8,"young_lifetime","Law 2381 pillars",0.34,0.0181732271241403,"informal","informal",FALSE,0.421586326652,FALSE,0.205002736005399,0.312639016202412,-8.01934414854945,-8.5321364163677,0.0421877385804437
8,"young_lifetime","Law 2381 pillars",0.35,0.0189988728395791,"informal","informal",FALSE,0.433991333349996,FALSE,0.21103485837865,0.321838292471272,-7.67798115028015,-8.16894516097547,0.0421877385804437
8,"young_lifetime","Law 2381 pillars",0.36,0.0197889298058682,"informal","informal",FALSE,0.446761352339541,FALSE,0.217244473506559,0.331308253713808,-7.35114910297503,-7.82121402970179,0.0421877385804434
8,"young_lifetime","Law 2381 pillars",0.37,0.0205359817787106,"informal","informal",FALSE,0.459907123959293,FALSE,0.223636804041452,0.3410568647256,-7.0382294611649,-7.48828492454949,0.0421877385804437
8,"young_lifetime","Law 2381 pillars",0.38,0.0212328026386743,"informal","informal",FALSE,0.473439704578018,FALSE,0.230217226310086,0.35109232466311,-6.7386300092814,-7.1695277610723,0.0421877385804437
8,"young_lifetime","Law 2381 pillars",0.39,0.0218724718319488,"informal","informal",FALSE,0.487370475893652,FALSE,0.23699127483545,0.361423073939653,-6.45178374086032,-6.86433927590955,0.0421877385804434
8,"young_lifetime","Law 2381 pillars",0.4,0.0224484882277816,"informal","informal",FALSE,0.501711154505975,FALSE,0.243964646991628,0.372057801324283,-6.17714778545447,-6.57214188508102,0.0421877385804437
8,"young_lifetime","Law 2381 pillars",0.41,0.0229548797878943,"informal","informal",FALSE,0.516473801770963,FALSE,0.251143207795625,0.383005451249559,-5.91420238122504,-6.29238259088134,0.0421877385804434
8,"young_lifetime","Law 2381 pillars",0.42,0.0233863064692461,"informal","informal",FALSE,0.531670833945102,FALSE,0.258532994840194,0.394275231334342,-5.66244989126717,-6.02453193530506,0.0421877385804437
8,"young_lifetime","Law 2381 pillars",0.43,0.0237381538851594,"informal","informal",FALSE,0.547315032628192,FALSE,0.266140223371808,0.405876620127943,-5.42141386180804,-5.76808299802172,0.0421877385804437
8,"young_lifetime","Law 2381 pillars",0.44,0.0240066154297712,"informal","informal",FALSE,0.563419555513419,FALSE,0.273971291518044,0.417819375082144,-5.19063812049504,-5.52255043700461,0.0421877385804437
8,"young_lifetime","Law 2381 pillars",0.45,0.0241887608228689,"informal","informal",FALSE,0.57999794745376,FALSE,0.282032785668791,0.430113540757789,-4.96968591306751,-5.28746956999751,0.0421877385804437
8,"young_lifetime","Law 2381 pillars",0.46,0.0242825893494975,"informal","informal",FALSE,0.597064151853995,FALSE,0.290331486015786,0.44276945727285,-4.75813907677812,-5.06239549508098,0.0421877385804437
8,"young_lifetime","Law 2381 pillars",0.47,0.0242870664418367,"informal","informal",FALSE,0.614632522397937,FALSE,0.298874372255163,0.455797768999077,-4.55559724899971,-4.60752987952515,0.0075854609247743
8,"young_lifetime","Law 2381 pillars",0.48,0.0242021426680683,"informal","informal",FALSE,0.632717835120723,FALSE,0.30766862945778,0.469209433514544,-4.36167710951958,-4.29775114138355,-0.0097948786373715
8,"young_lifetime","Law 2381 pillars",0.49,0.0240287546408929,"informal","informal",FALSE,0.651335300836333,FALSE,0.316721654112295,0.483015730819615,-4.17601165508743,-4.00879980297973,-0.0268754161330815
8,"young_lifetime","Law 2381 pillars",0.5,0.0237688078223462,"informal","informal",FALSE,0.670500577930779,FALSE,0.326041060346042,0.497228272824092,-3.99824950484401,-3.73927557266538,-0.0436613229963628
8,"young_lifetime","Law 2381 pillars",0.51,0.0234251416663332,"informal","informal",FALSE,0.690229785531733,FALSE,0.335634686328966,0.51185901311351,-3.82805423531574,-3.48787230480781,-0.0601576814565983
8,"young_lifetime","Law 2381 pillars",0.52,0.0230014779905107,"informal","informal",FALSE,0.710539517065661,FALSE,0.345510600865983,0.526920257002816,-3.6651037437171,-3.25337167005691,-0.0763694860772864
8,"young_lifetime","Law 2381 pillars",0.53,0.0225023538900762,"informal","informal",FALSE,0.731446854213873,FALSE,0.355677110183324,0.542424671885856,-3.50908963835542,-3.03463725118002,-0.0923016452682325
8,"young_lifetime","Law 2381 pillars",0.54,0.0219330408840984,"informal","informal",FALSE,0.752969381279227,FALSE,0.366142764914554,0.558385297889403,-3.35971665498478,-2.83060903585243,-0.107958982771653
8,"young_lifetime","Law 2381 pillars",0.55,0.0212994523083938,"informal","informal",FALSE,0.775125199975558,FALSE,0.376916367292168,0.574815558840673,-3.21670209800404,-2.64029827971492,-0.123346239122655
8,"young_lifetime","Law 2381 pillars",0.56,0.0206080412279339,"informal","informal",FALSE,0.797932944652294,FALSE,0.38800697855078,0.591729273557556,-3.07977530544178,-2.46278271480407,-0.138468073084506
8,"young_lifetime","Law 2381 pillars",0.57,0.0198656913291574,"informal","informal",FALSE,0.821411797967034,FALSE,0.399423926548157,0.609140667471051,-2.94867713671541,-2.2972020801349,-0.153329063059171
8,"young_lifetime","Law 2381 pillars",0.58,0.0190796033639485,"informal","informal",FALSE,0.845581507019302,FALSE,0.411176813610501,0.627064384589697,-2.82315948219507,-2.14275395277652,-0.167933708473493
8,"young_lifetime","Law 2381 pillars",0.59,0.0182571797508447,"informal","informal",FALSE,0.870462399959015,FALSE,0.423275524608567,0.645515499816046,-2.70298479364416,-1.99868985921768,-0.182286431141477
8,"young_lifetime","Law 2381 pillars",0.6,0.0174059098965294,"informal","informal",FALSE,0.896075403083659,FALSE,0.435730235271422,0.664509531625545,-2.58792563464777,-1.86431164817748,-0.196391576603075
8,"young_lifetime","Law 2381 pillars",0.61,0.0165332586858387,"informal","informal",FALSE,0.922442058438535,FALSE,0.448551420744837,0.684062455118486,-2.4777642501783,-1.73896810728337,-0.210253415439872
8,"young_lifetime","Law 2381 pillars",0.62,0.0156465604078046,"informal","informal",FALSE,0.949584541934894,FALSE,0.461749864401498,0.70419071545601,-2.3722921544835,-1.6220518072206,-0.223876144568081
8,"young_lifetime","Law 2381 pillars",0.63,0.0147529201472209,"informal","informal",FALSE,0.977525682001181,FALSE,0.475336666910458,0.724911241691455,-2.2713097365171,-1.51299615805943,-0.237263888509234
8,"young_lifetime","Law 2381 pillars",0.64,0.0138591243861013,"pillars","mixed",TRUE,1.33039325883619,FALSE,0.494657196622827,0.754375977233449,-2.13954704153872,-1.41127266349469,-0.242249799809941
8,"young_lifetime","Law 2381 pillars",0.65,0.0129715622386452,"pillars","mixed",TRUE,1.39357805758864,FALSE,0.520442496423473,0.809161360709517,-1.97662540453807,-1.3163883596915,-0.237383073482111
8,"young_lifetime","Law 2381 pillars",0.66,0.0120961583990884,"pillars","mixed",TRUE,1.4597637124916,FALSE,0.545160040788893,0.912557280410003,-1.824069560536,-1.22788342632544,-0.23191285926948
8,"young_lifetime","Law 2381 pillars",0.67,0.0112383185264294,"pillars","mixed",TRUE,1.52909274418002,FALSE,0.571051503509664,1.01971726971836,-1.68696756867308,-1.14532895823998,-0.22752872528376
8,"young_lifetime","Law 2381 pillars",0.68,0.0104028874355191,"pillars","mixed",TRUE,1.60171444206757,FALSE,0.598172637871172,1.13083764202556,-1.56268086310738,-1.06832488692244,-0.223951790590779
8,"young_lifetime","Law 2381 pillars",0.69,0.00959412012165592,"pillars","mixed",TRUE,1.67778518581853,FALSE,0.626581845067677,1.24614172232008,-1.44930744128646,-0.996498041725683,-0.220988351499949
8,"young_lifetime","Law 2381 pillars",0.7,0.00881566532576298,"pillars","mixed",TRUE,1.75746878208729,FALSE,0.656340299960309,1.36587757337016,-1.34541503825449,-0.929500341439868,-0.218500236994395
8,"young_lifetime","Law 2381 pillars",0.71,0.00807056105809019,"pillars","mixed",TRUE,1.84093681725084,FALSE,0.687512082807729,1.49031555322568,-1.24988451108074,-0.867007107450661,-0.216386611309822
8,"young_lifetime","Law 2381 pillars",0.72,0.00736124124713052,"pillars","mixed",TRUE,1.92836902689367,FALSE,0.720164317253117,1.61974594811232,-1.16181381740379,-0.808715490309039,-0.214572415656035
8,"young_lifetime","Law 2381 pillars",0.73,0.00668955247216793,"pillars","mixed",TRUE,2.01995368284068,FALSE,0.754367314864619,1.75447685771766,-1.08045686470724,-0.754343002087797,-0.213000804418898
8,"young_lifetime","Law 2381 pillars",0.74,0.00605677957576838,"pillars","mixed",TRUE,2.11588799857165,FALSE,0.790194726540503,1.89483244355038,-1.00518323233475,-0.70362614741234,-0.211628063677012
8,"young_lifetime","Law 2381 pillars",0.75,0.00546367883789977,"pillars","mixed",TRUE,2.21637855389018,FALSE,0.827723701105049,2.04115159368852,-0.935450824193297,-0.656319146531578,-0.21042011728006
8,"young_lifetime","Law 2381 pillars",0.76,0.0049105173257538,"pillars","mixed",TRUE,2.32164173976147,FALSE,0.867035051436683,2.1937870128001,-0.870786778971964,-0.612192744240796,-0.209350074639693
8,"young_lifetime","Law 2381 pillars",0.77,0.00439711701067287,"pillars","mixed",TRUE,2.43190422427709,FALSE,0.90821342848609,2.35310471551196,-0.810773798551389,-0.571033098884377,-0.208396477966235
8,"young_lifetime","Law 2381 pillars",0.78,0.00392290226240524,"pillars","mixed",TRUE,2.54740344074982,FALSE,0.951347503559023,2.51948388261748,-0.755040119693033,-0.532308051968403,-0.207872049425343
8,"young_lifetime","Law 2381 pillars",0.79,0.00348694938664893,"pillars","mixed",TRUE,2.6683880989898,FALSE,0.996530159256335,2.69331703081136,-0.703251990908663,-0.496211631461385,-0.207430577379521
8,"young_lifetime","Law 2381 pillars",0.8,0.00308803695908519,"pillars","mixed",TRUE,2.79511872086291,FALSE,1.04385868948238,2.87501044493335,-0.655107907869261,-0.462603082047067,-0.207017164914476
8,"young_lifetime","Law 2381 pillars",0.81,0.00272469582188591,"pillars","mixed",TRUE,2.92786820128452,FALSE,1.09343500895249,3.06498482463822,-0.610334107288328,-0.431303010401089,-0.206628553570337
8,"young_lifetime","Law 2381 pillars",0.82,0.0023952577407798,"pillars","mixed",TRUE,3.0669223958568,FALSE,1.14536587265063,3.26367610299476,-0.568680977985527,-0.402146504830179,-0.206262197328554
8,"young_lifetime","Law 2381 pillars",0.83,0.00209790186595431,"pillars","mixed",TRUE,3.21258073641477,FALSE,1.19976310570986,3.47153640127962,-0.529920152126383,-0.374981675720207,-0.20591607092805
8,"young_lifetime","Law 2381 pillars",0.84,0.00183069829236669,"pillars","mixed",TRUE,3.36515687580676,FALSE,1.2567438442106,3.68903509117559,-0.493842109387571,-0.349668392406803,-0.205588531427125
8,"young_lifetime","Law 2381 pillars",0.85,0.00159164816888775,"pillars","mixed",TRUE,3.52497936329761,FALSE,1.31643078741512,3.91665994209869,-0.460254174227855,-0.326077183190032,-0.205278217982089
8,"young_lifetime","Law 2381 pillars",0.86,0.00137871995615396,"pillars","mixed",TRUE,3.69239235204902,FALSE,1.37895246198156,4.15491833714041,-0.428978819187491,-0.304088271593567,-0.204983979185218
8,"young_lifetime","Law 2381 pillars",0.87,0.00118988157581876,"pillars","mixed",TRUE,3.86775634020045,FALSE,1.44444349872638,4.40433854599588,-0.399852210060157,-0.283590727057264,-0.204704820348023
8,"young_lifetime","Law 2381 pillars",0.88,0.0010231283256207,"pillars","mixed",TRUE,4.0514489471465,FALSE,1.51304492253106,4.66547104725537,-0.372722945037095,-0.264481712315876,-0.20443986525576
8,"young_lifetime","Law 2381 pillars",0.89,0.000876506552691064,"pillars","mixed",TRUE,4.24386572668221,FALSE,1.58490445601755,4.93888989563559,-0.347450951593382,-0.246665812967756,-0.204188328436969
8,"young_lifetime","Law 2381 pillars",0.9,0.000748133179985062,"pillars","mixed",TRUE,4.44542101876735,FALSE,1.66017683764622,5.22519413222606,-0.323906513362279,-0.230054437343377,-0.203949495076933
8,"young_lifetime","Law 2381 pillars",0.91,0.000636211266591,"pillars","mixed",TRUE,4.65654884174386,FALSE,1.73902415492134,5.52500923773822,-0.30196940546864,-0.214565276877349,-0.203722706484697
8,"young_lifetime","Law 2381 pillars",0.92,0.000539041851611795,"pillars","mixed",TRUE,4.87770382692765,FALSE,1.82161619342165,5.83898863018418,-0.28152812141386,-0.200121818874138,-0.203507349588489
8,"young_lifetime","Law 2381 pillars",0.93,0.000455032383605845,"pillars","mixed",TRUE,5.10936219758722,FALSE,1.90813080240745,6.16781520947881,-0.262479178072192,-0.18665290492008,-0.203302849345262
8,"young_lifetime","Law 2381 pillars",0.94,0.00038270207402884,"pillars","mixed",TRUE,5.35202279441731,FALSE,1.99875427779166,6.51220295223888,-0.244726487986895,-0.174092329297998,-0.203108663250124
8,"young_lifetime","Law 2381 pillars",0.95,0.000320684534961157,"pillars","mixed",TRUE,5.60620814971563,FALSE,2.09368176329947,6.87289856061816,-0.228180790168102,-0.16237847265795,-0.202924277351046
8,"young_lifetime","Law 2381 pillars",0.96,0.000267728070175611,"pillars","mixed",TRUE,5.87246561257589,FALSE,2.19311767068032,7.25068316942511,-0.212759132152296,-0.151453966929389,-0.202749203335449
8,"young_lifetime","Law 2381 pillars",0.97,0.000222693986042829,"pillars","mixed",TRUE,6.1513685275199,FALSE,2.29727611987721,7.64637411606567,-0.198384397301195,-0.141265388059137,-0.202582976373654
8,"young_lifetime","Law 2381 pillars",0.98,0.00018455327674269,"pillars","mixed",TRUE,6.44351746910691,FALSE,2.40638140010106,8.0608267780719,-0.184984872279635,-0.131762973652016,-0.20242515349125
8,"young_lifetime","Law 2381 pillars",0.99,0.000152382018630337,"pillars","mixed",TRUE,6.74954153517859,FALSE,2.52066845280308,8.49493648314631,-0.172493850419136,-0.122900362997393,-0.202275312306374
8,"young_lifetime","Law 2381 pillars",1,6.26778916131105e-05,"pillars","mixed",TRUE,7.07009970152455,FALSE,2.64038337758504,8.94964049678939,-0.160849267291861,-0.114634357301959,-0.202133050014798
9,"young_lifetime","Law 2381 pillars",0,0.000223648618482682,"informal","informal",FALSE,0.100773301472428,TRUE,0.0779450777347796,0.0742222505709782,-37.8709574768929,-37.4437493418334,-0.00753462834680718
9,"young_lifetime","Law 2381 pillars",0.01,0.000530074028894635,"informal","informal",FALSE,0.103738515002174,TRUE,0.0800465191650309,0.0762233225684567,-36.3894632867759,-35.8498645670935,-0.00991021582647755
9,"young_lifetime","Law 2381 pillars",0.02,0.000625857596014926,"informal","informal",FALSE,0.106790978737565,TRUE,0.0822097946571806,0.0782832752979765,-34.9626209654569,-34.3238273962876,-0.0122179006170099
9,"young_lifetime","Law 2381 pillars",0.03,0.00073622950670148,"informal","informal",FALSE,0.10993325998052,TRUE,0.0844367236534248,0.0804038413012003,-33.5886282060297,-32.8627497302052,-0.0144596236173322
9,"young_lifetime","Law 2381 pillars",0.04,0.000862878406729994,"informal","informal",FALSE,0.113168001574776,TRUE,0.0867291791323084,0.0825868040991268,-32.265728359493,-31.4638664086426,-0.0166372702486191
9,"young_lifetime","Law 2381 pillars",0.05,0.00100759191313581,"informal","informal",FALSE,0.116497924128675,TRUE,0.0890890891840104,0.0848339996921365,-30.9922101912157,-30.1245299772036,-0.0187526720400412
9,"young_lifetime","Law 2381 pillars",0.06,0.00117224512608808,"informal","informal",FALSE,0.119925828303356,TRUE,0.0915184386319816,0.0871473181041769,-29.7664075671368,-28.842205676864,-0.0208076081691906
9,"young_lifetime","Law 2381 pillars",0.07,0.00135878545245099,"informal","informal",FALSE,0.123454597168276,TRUE,0.0940192707022976,0.0895287049723834,-28.5866990754153,-27.6144666468168,-0.0228038069584741
9,"young_lifetime","Law 2381 pillars",0.08,0.00156921348536889,"informal","informal",FALSE,0.127087198626043,TRUE,0.0965936887421332,0.0919801631834753,-27.4515075890096,-26.4389893315217,-0.0247429473287321
9,"young_lifetime","Law 2381 pillars",0.09,0.00180555975146526,"informal","informal",FALSE,0.130826687908595,TRUE,0.0992438579888003,0.0945037545583012,-26.3592997744392,-25.3135490832626,-0.0266266602113122
9,"young_lifetime","Law 2381 pillars",0.1,0.00206985722142662,"informal","informal",FALSE,0.13467621014683,TRUE,0.101972007390841,0.0971016015859524,-25.3085855517357,-24.2360159518952,-0.028456529919779
9,"young_lifetime","Law 2381 pillars",0.11,0.00236410958058029,"informal","informal",FALSE,0.138639003015848,TRUE,0.104780431482705,0.0997758892089006,-24.2979175103646,-23.2043506538124,-0.0302340954824118
9,"young_lifetime","Law 2381 pillars",0.12,0.00269025537259384,"informal","informal",FALSE,0.142718399458026,TRUE,0.107671492314585,0.102528866660664,-23.3258902856566,-22.216600712502,-0.0319608519366227
9,"young_lifetime","Law 2381 pillars",0.13,0.0030501282598838,"informal","informal",FALSE,0.146917830486218,TRUE,0.110647621439047,0.105362849357545,-22.391139900061,-21.27089676339,-0.0336382515863665
9,"young_lifetime","Law 2381 pillars",0.14,0.00344541378616971,"informal","informal",FALSE,0.151240828069441,TRUE,0.113711321956102,0.108280220846031,-21.4923430732995,-20.3654490159778,-0.0352677052236186
9,"young_lifetime","Law 2381 pillars",0.15,0.0038776031764757,"informal","informal",FALSE,0.155691028103467,TRUE,0.116865170618464,0.111283434807498,-20.628216505278,-19.498543866577,-0.03685058331493
9,"young_lifetime","Law 2381 pillars",0.16,0.00434794486360459,"informal","informal",FALSE,0.160272173468828,TRUE,0.120111819998752,0.114375017121905,-19.7975161353902,-18.6685406552316,-0.0383882171540739
9,"young_lifetime","Law 2381 pillars",0.17,0.00485739458280167,"informal","informal",FALSE,0.164988117178796,TRUE,0.123454000720458,0.117557567992199,-18.9990363816329,-17.8738685606894,-0.039881899981739
9,"young_lifetime","Law 2381 pillars",0.18,0.00540656502249209,"informal","informal",FALSE,0.169842825619997,TRUE,0.126894523754563,0.120833764131248,-18.2316093627426,-17.1130236275471,-0.0413328880732234
9,"young_lifetime","Law 2381 pillars",0.19,0.00599567615266305,"informal","informal",FALSE,0.174840381888376,TRUE,0.130436282783729,0.124206361013109,-17.4941041063596,-16.3845659199415,-0.0427424017950372
9,"young_lifetime","Law 2381 pillars",0.2,0.00662450746745946,"informal","informal",FALSE,0.179984989223319,TRUE,0.134082256636056,0.127678195190547,-16.7854257460303,-15.6871167964014,-0.0441116266312982
9,"young_lifetime","Law 2381 pillars",0.21,0.00729235346863131,"informal","informal",FALSE,0.185280974542826,TRUE,0.137835511790455,0.131252186680742,-16.104514709664,-15.0193563007019,-0.0454417141807988
9,"young_lifetime","Law 2381 pillars",0.22,0.00799798377561329,"informal","informal",FALSE,0.190732792082705,TRUE,0.141699204955735,0.134931341421193,-15.4503459018839,-14.3800206637833,-0.0467337831255659
9,"young_lifetime","Law 2381 pillars",0.23,0.0087396092707509,"informal","informal",FALSE,0.196345027142848,TRUE,0.145676585725578,0.138718753797892,-14.821927882528,-13.7678999120069,-0.0479889201717384
9,"young_lifetime","Law 2381 pillars",0.24,0.0095148556698428,"informal","informal",FALSE,0.202122399943735,TRUE,0.149770999311648,0.142617609247887,-14.2183020433949,-13.1818355772215,-0.0492081809635525
9,"young_lifetime","Law 2381 pillars",0.25,0.010320745845168,"informal","informal",FALSE,0.20806976959642,TRUE,0.153985889357101,0.146631186938414,-13.6385417851604,-12.6207185043064,-0.0503925909711992
9,"young_lifetime","Law 2381 pillars",0.26,0.0111536921182913,"informal","informal",FALSE,0.214192138189328,TRUE,0.158324800832899,0.15076286252488,-13.0817516962425,-12.0834867520412,-0.0515431463533061
9,"young_lifetime","Law 2381 pillars",0.27,0.0120094995825537,"informal","informal",FALSE,0.220494654995311,TRUE,0.162791383019336,0.155016110989981,-12.5470667352421,-11.5691235833312,-0.0526608147947657
9,"young_lifetime","Law 2381 pillars",0.28,0.0128833813113884,"informal","informal",FALSE,0.226982620802481,FALSE,0.160862170132541,0.153179041524533,-12.7734567590174,-11.0766555409828,-0.0906449726530538
9,"young_lifetime","Law 2381 pillars",0.29,0.0137699860614464,"informal","informal",FALSE,0.233661492372497,FALSE,0.16559547425508,0.157686272703482,-12.2297233293565,-10.605150605389,-0.0906449726530539
9,"young_lifetime","Law 2381 pillars",0.3,0.0146634387938913,"informal","informal",FALSE,0.240536887030011,FALSE,0.170468053931953,0.162326127332077,-11.7091352430517,-10.153716430637,-0.0906449726530539
9,"young_lifetime","Law 2381 pillars",0.31,0.0155573940198842,"informal","informal",FALSE,0.24761458738718,FALSE,0.175484007289865,0.167102507801542,-11.2107072619516,-9.72149865570018,-0.0906449726530539
9,"young_lifetime","Law 2381 pillars",0.32,0.0164451016357299,"informal","informal",FALSE,0.254900546207174,FALSE,0.180647553041241,0.172019431329379,-10.7334960869764,-9.30767928751892,-0.090644972653054
9,"young_lifetime","Law 2381 pillars",0.33,0.0173194845593781,"informal","informal",FALSE,0.26240089141081,FALSE,0.185963034032404,0.177081033338089,-10.2765985728792,-8.91147515290884,-0.0906449726530538
9,"young_lifetime","Law 2381 pillars",0.34,0.0181732271241403,"informal","informal",FALSE,0.270121931230486,FALSE,0.191434920896172,0.182291570933299,-9.83915001899935,-8.5321364163677,-0.0906449726530538
9,"young_lifetime","Law 2381 pillars",0.35,0.0189988728395791,"informal","informal",FALSE,0.278070159515782,FALSE,0.197067815811921,0.187655426484246,-9.42032253277473,-8.16894516097547,-0.0906449726530537
9,"young_lifetime","Law 2381 pillars",0.36,0.0197889298058682,"informal","informal",FALSE,0.286252261195169,FALSE,0.202866456376286,0.193177111309603,-9.0193234629152,-7.82121402970179,-0.0906449726530537
9,"young_lifetime","Law 2381 pillars",0.37,0.0205359817787106,"informal","informal",FALSE,0.294675117898426,FALSE,0.208835719587765,0.198861269471765,-8.63539389927148,-7.48828492454949,-0.0906449726530538
9,"young_lifetime","Law 2381 pillars",0.38,0.0212328026386743,"informal","informal",FALSE,0.303345813744498,FALSE,0.214980625948558,0.204712681682781,-8.26780723656105,-7.1695277610723,-0.0906449726530539
9,"young_lifetime","Law 2381 pillars",0.39,0.0218724718319488,"informal","informal",FALSE,0.312271641299659,FALSE,0.221306343687104,0.210736269325214,-7.91586779923243,-6.86433927590955,-0.090644972653054
9,"young_lifetime","Law 2381 pillars",0.4,0.0224484882277816,"informal","informal",FALSE,0.321460107710985,FALSE,0.227818193104871,0.21693709859131,-7.57890952486555,-6.57214188508102,-0.0906449726530538
9,"young_lifetime","Law 2381 pillars",0.41,0.0229548797878943,"informal","informal",FALSE,0.330918941020312,FALSE,0.234521651051038,0.223320384743971,-7.25629470361637,-6.29238259088134,-0.0906449726530538
9,"young_lifetime","Law 2381 pillars",0.42,0.0233863064692461,"informal","informal",FALSE,0.340656096663975,FALSE,0.241422355528853,0.229891496503093,-6.94741277132018,-6.02453193530506,-0.0906449726530536
9,"young_lifetime","Law 2381 pillars",0.43,0.0237381538851594,"informal","informal",FALSE,0.350679764163793,FALSE,0.248526110437521,0.236655960560977,-6.65167915396928,-5.76808299802172,-0.0906449726530538
9,"young_lifetime","Law 2381 pillars",0.44,0.0240066154297712,"informal","informal",FALSE,0.360998374014947,FALSE,0.255838890453626,0.243619466230606,-6.36853416137845,-5.52255043700461,-0.0906449726530539
9,"young_lifetime","Law 2381 pillars",0.45,0.0241887608228689,"informal","informal",FALSE,0.371620604776519,FALSE,0.263366846056192,0.25078787023069,-6.09744192794415,-5.28746956999751,-0.0906449726530538
9,"young_lifetime","Law 2381 pillars",0.46,0.0242825893494975,"informal","informal",FALSE,0.382555390370671,FALSE,0.271116308699589,0.258167201611509,-5.83788939849291,-5.06239549508098,-0.0906449726530535
9,"young_lifetime","Law 2381 pillars",0.47,0.0242870664418367,"informal","informal",FALSE,0.393811927596603,FALSE,0.279093796138669,0.265763666825707,-5.58938535729965,-4.60752987952515,-0.120836994665035
9,"young_lifetime","Law 2381 pillars",0.48,0.0242021426680683,"informal","informal",FALSE,0.405399683865603,FALSE,0.287306017910574,0.273583654948278,-5.35145949843806,-4.29775114138355,-0.1360021118246
9,"young_lifetime","Law 2381 pillars",0.49,0.0240287546408929,"informal","informal",FALSE,0.417328405163694,FALSE,0.295759880977858,0.281633743050155,-5.12366153570391,-4.00879980297973,-0.15090563838371
9,"young_lifetime","Law 2381 pillars",0.5,0.0237688078223462,"informal","informal",FALSE,0.429608124248589,FALSE,0.304462495537644,0.289920701729919,-4.90556035042664,-3.73927557266538,-0.16555208664791
9,"young_lifetime","Law 2381 pillars",0.51,0.0234251416663332,"informal","informal",FALSE,0.442249169087825,FALSE,0.313421181001726,0.298451500808267,-4.69674317555636,-3.48787230480781,-0.179945891087756
9,"young_lifetime","Law 2381 pillars",0.52,0.0230014779905107,"pillars","payg_only",TRUE,0.610959837768527,FALSE,0.323481686430081,0.30803149452275,-4.47934774427712,-3.25337167005691,-0.191997692792542
9,"young_lifetime","Law 2381 pillars",0.53,0.0225023538900762,"pillars","payg_only",TRUE,0.639976351599183,FALSE,0.339108683136559,0.322912111733329,-4.17331303267436,-3.03463725118002,-0.191368698184779
9,"young_lifetime","Law 2381 pillars",0.54,0.0219330408840984,"pillars","payg_only",TRUE,0.670370956137013,FALSE,0.355461263929195,0.338483657549257,-3.88866835498656,-2.83060903585243,-0.19080599764852
9,"young_lifetime","Law 2381 pillars",0.55,0.0212994523083938,"pillars","payg_only",TRUE,0.702209101491159,FALSE,0.372564665518112,0.354770163320258,-3.62398867530959,-2.64029827971492,-0.190324918031374
9,"young_lifetime","Law 2381 pillars",0.56,0.0206080412279339,"pillars","payg_only",TRUE,0.735559346214039,FALSE,0.390444564053601,0.371796078847604,-3.377926969906,-2.46278271480407,-0.189939926192134
9,"young_lifetime","Law 2381 pillars",0.57,0.0198656913291574,"pillars","payg_only",TRUE,0.770493504931645,FALSE,0.409576230023632,0.390013974662651,-3.144033833001,-2.2972020801349,-0.188774998921483
9,"young_lifetime","Law 2381 pillars",0.58,0.0190796033639485,"pillars","payg_only",TRUE,0.807086802985306,FALSE,0.429810797302716,0.409282094811222,-2.92464626133558,-2.14275395277652,-0.187295546242265
9,"young_lifetime","Law 2381 pillars",0.59,0.0182571797508447,"pillars","payg_only",TRUE,0.845418038417897,FALSE,0.451047178536103,0.429504180091432,-2.72054786589922,-1.99868985921768,-0.185809510574226
9,"young_lifetime","Law 2381 pillars",0.6,0.0174059098965294,"pillars","payg_only",TRUE,0.885569751653316,FALSE,0.47332515701662,0.450718113659144,-2.53075407995074,-1.86431164817748,-0.184333965104154
9,"young_lifetime","Law 2381 pillars",0.61,0.0165332586858387,"pillars","payg_only",TRUE,0.927628403234592,FALSE,0.496685315095133,0.472962539563506,-2.35433005748061,-1.73896810728337,-0.182885633044028
9,"young_lifetime","Law 2381 pillars",0.62,0.0156465604078046,"pillars","payg_only",TRUE,0.971684560003384,FALSE,0.521169443612462,0.496277252623499,-2.19038728495396,-1.6220518072206,-0.1814801657943
9,"young_lifetime","Law 2381 pillars",0.63,0.0147529201472209,"pillars","payg_only",TRUE,1.01783309012175,FALSE,0.546821009806032,0.520703643986345,-2.03808145983926,-1.51299615805943,-0.180131517933033
9,"young_lifetime","Law 2381 pillars",0.64,0.0138591243861013,"pillars","payg_only",TRUE,1.06617336735616,FALSE,0.573685648022896,0.546285168403005,-1.89661136791212,-1.41127266349469,-0.178851469568524
9,"young_lifetime","Law 2381 pillars",0.65,0.0129715622386452,"pillars","mixed",TRUE,1.1168094850636,FALSE,0.602339961187396,0.573570888982713,-1.76289648636435,-1.3163883596915,-0.176927394060411
9,"young_lifetime","Law 2381 pillars",0.66,0.0120961583990884,"pillars","mixed",TRUE,1.16985048034066,FALSE,0.635018572107953,0.604688698067594,-1.62858221021683,-1.22788342632544,-0.171616129853696
9,"young_lifetime","Law 2381 pillars",0.67,0.0112383185264294,"pillars","mixed",TRUE,1.22541056881814,FALSE,0.669148213787443,0.637188233512955,-1.50558695298817,-1.14532895823998,-0.16667144079075
9,"young_lifetime","Law 2381 pillars",0.68,0.0104028874355191,"pillars","mixed",TRUE,1.28360939060684,FALSE,0.704799345841641,0.671136589629418,-1.39280747415749,-1.06832488692244,-0.162069167046892
9,"young_lifetime","Law 2381 pillars",0.69,0.00959412012165592,"pillars","mixed",TRUE,1.34457226792418,FALSE,0.742047332167198,0.706605530769318,-1.28926417516001,-0.996498041725683,-0.157784901115907
9,"young_lifetime","Law 2381 pillars",0.7,0.00881566532576298,"pillars","mixed",TRUE,1.40843047495631,FALSE,0.780972360597479,0.74367141481995,-1.19408661745357,-0.929500341439868,-0.153794555931941
9,"young_lifetime","Law 2381 pillars",0.71,0.00807056105809019,"pillars","mixed",TRUE,1.47532152053691,FALSE,0.821659353397231,0.782415107973202,-1.10650051904157,-0.867007107450661,-0.150074830609507
9,"young_lifetime","Law 2381 pillars",0.72,0.00736124124713052,"pillars","mixed",TRUE,1.54538944425131,FALSE,0.864197890363927,0.822921911499759,-1.0258161318065,-0.808715490309039,-0.146603563827588
9,"young_lifetime","Law 2381 pillars",0.73,0.00668955247216793,"pillars","mixed",TRUE,1.6187851266036,FALSE,0.908682160408882,0.865281515642799,-0.951417913755285,-0.754343002087797,-0.143359977261278
9,"young_lifetime","Law 2381 pillars",0.74,0.00605677957576838,"pillars","mixed",TRUE,1.69566661391464,FALSE,0.955210951663473,0.909587990196766,-0.882755409333056,-0.70362614741234,-0.140324819987962
9,"young_lifetime","Law 2381 pillars",0.75,0.00546367883789977,"pillars","mixed",TRUE,1.77619945865046,FALSE,1.00388768511733,0.955939816538934,-0.819335244924749,-0.656319146531578,-0.137480429622801
9,"young_lifetime","Law 2381 pillars",0.76,0.0049105173257538,"pillars","mixed",TRUE,1.86055707591411,FALSE,1.05482049289663,1.00443996216893,-0.760714140516908,-0.612192744240796,-0.134810727720803
9,"young_lifetime","Law 2381 pillars",0.77,0.00439711701067287,"pillars","mixed",TRUE,1.94892111686837,FALSE,1.10812233959252,1.0551959962423,-0.706492834923881,-0.571033098884377,-0.132301166564014
9,"young_lifetime","Law 2381 pillars",0.78,0.00392290226240524,"pillars","mixed",TRUE,2.04148185989367,FALSE,1.16391118342919,1.1083202430408,-0.656310821968559,-0.532308051968403,-0.130300981202751
9,"young_lifetime","Law 2381 pillars",0.79,0.00348694938664893,"pillars","mixed",TRUE,2.13843862032328,FALSE,1.22231017330256,1.16392996960009,-0.609841798425315,-0.496211631461385,-0.128434892797651
9,"young_lifetime","Law 2381 pillars",0.8,0.00308803695908519,"pillars","mixed",TRUE,2.2400001796383,FALSE,1.28344787758811,1.22214760358921,-0.566789730682985,-0.462603082047067,-0.126644554185545
9,"young_lifetime","Law 2381 pillars",0.81,0.00272469582188591,"pillars","mixed",TRUE,2.34638523504643,FALSE,1.34745854089363,1.28310097780025,-0.526885455069045,-0.431303010401089,-0.124927196801954
9,"young_lifetime","Law 2381 pillars",0.82,0.0023952577407798,"pillars","mixed",TRUE,2.45782287041284,FALSE,1.41448236544401,1.34692359809361,-0.489883735725071,-0.402146504830179,-0.123280125708057
9,"young_lifetime","Law 2381 pillars",0.83,0.00209790186595431,"pillars","mixed",TRUE,2.57455304955705,FALSE,1.48466581440139,1.4137549322309,-0.45556071312059,-0.374981675720207,-0.121700731715724
9,"young_lifetime","Law 2381 pillars",0.84,0.00183069829236669,"pillars","mixed",TRUE,2.69682713297812,FALSE,1.55816193505694,1.48374071763036,-0.423711685209672,-0.349668392406803,-0.120186495563836
9,"young_lifetime","Law 2381 pillars",0.85,0.00159164816888775,"pillars","mixed",TRUE,2.82490841912086,FALSE,1.63513070042666,1.55703328664735,-0.394149171526643,-0.326077183190032,-0.118734987308764
9,"young_lifetime","Law 2381 pillars",0.86,0.00137871995615396,"pillars","mixed",TRUE,2.95907271134855,FALSE,1.71573936831493,1.63379190848815,-0.366701217990983,-0.304088271593567,-0.117343863090436
9,"young_lifetime","Law 2381 pillars",0.87,0.00118988157581876,"pillars","mixed",TRUE,3.09960891184311,FALSE,1.80016285736383,1.71418314729844,-0.3412099067691,-0.283590727057264,-0.116010860695161
9,"young_lifetime","Law 2381 pillars",0.88,0.0010231283256207,"pillars","mixed",TRUE,3.24681964371154,FALSE,1.88858413998537,1.79838123632818,-0.31753004122431,-0.264481712315876,-0.114733794804846
9,"young_lifetime","Law 2381 pillars",0.89,0.000876506552691064,"pillars","mixed",TRUE,3.40102190263825,FALSE,1.98119465238227,1.88656846836891,-0.295527980828606,-0.246665812967756,-0.113510552451571
9,"young_lifetime","Law 2381 pillars",0.9,0.000748133179985062,"pillars","mixed",TRUE,3.56254773948656,FALSE,2.07648508239467,1.98976914079383,-0.274926849520025,-0.230054437343377,-0.112008164549377
9,"young_lifetime","Law 2381 pillars",0.91,0.000636211266591,"pillars","mixed",TRUE,3.73174497531919,FALSE,2.17510426222902,2.10540001488134,-0.255712524048836,-0.214565276877349,-0.110379132202977
9,"young_lifetime","Law 2381 pillars",0.92,0.000539041851611795,"pillars","mixed",TRUE,3.90897795037746,FALSE,2.27840719477301,2.22647447938398,-0.237887185943279,-0.200121818874138,-0.10885386395132
9,"young_lifetime","Law 2381 pillars",0.93,0.000455032383605845,"pillars","mixed",TRUE,4.09462830863199,FALSE,2.38661632701395,2.35325761098414,-0.221343596083562,-0.18665290492008,-0.107424021744146
9,"young_lifetime","Law 2381 pillars",0.94,0.00038270207402884,"pillars","mixed",TRUE,4.28909581959436,FALSE,2.4999646706861,2.48602620487914,-0.205983876032032,-0.174092329297998,-0.106082155834151
9,"young_lifetime","Law 2381 pillars",0.95,0.000320684534961157,"pillars","mixed",TRUE,4.49279923915927,FALSE,2.61869630402564,2.62506944233306,-0.191718510881548,-0.16237847265795,-0.104821581648845
9,"young_lifetime","Law 2381 pillars",0.96,0.000267728070175611,"pillars","mixed",TRUE,4.70617721133102,FALSE,2.7430668973556,2.77068957707614,-0.178465488736549,-0.151453966929389,-0.103636277413722
9,"young_lifetime","Law 2381 pillars",0.97,0.000222693986042829,"pillars","mixed",TRUE,4.92968921277594,FALSE,2.87334426363265,2.92320264258611,-0.166149553131507,-0.141265388059137,-0.102520798552334
9,"young_lifetime","Law 2381 pillars",0.98,0.00018455327674269,"pillars","mixed",TRUE,5.16381654223477,FALSE,3.00980893514109,3.08293918238406,-0.154701549584885,-0.131762973652016,-0.101470205715982
9,"young_lifetime","Law 2381 pillars",0.99,0.000152382018630337,"pillars","mixed",TRUE,5.40906335692556,FALSE,3.15275476757606,3.25024500554208,-0.144057851241929,-0.122900362997393,-0.100480003940264
9,"young_lifetime","Law 2381 pillars",1,6.26778916131105e-05,"pillars","mixed",TRUE,5.66595775816866,FALSE,3.30248957281656,3.42548196964225,-0.13415985146463,-0.114634357301959,-0.0995460909299439
10,"young_lifetime","Law 2381 pillars",0,0.000223648618482682,"informal","informal",FALSE,0.156968777220291,TRUE,0.0798287167228656,0.121540353441981,-33.010552828283,-37.4437493418334,0.0876379547019599
10,"young_lifetime","Law 2381 pillars",0.01,0.000530074028894635,"informal","informal",FALSE,0.161587519835255,TRUE,0.0820787084690625,0.124965997787783,-31.6625397647194,-35.8498645670935,0.0863285181870135
10,"young_lifetime","Law 2381 pillars",0.02,0.000625857596014926,"informal","informal",FALSE,0.16634216707865,TRUE,0.0843949053099636,0.128492440329276,-30.3680687523417,-34.3238273962876,0.0850565099972209
10,"young_lifetime","Law 2381 pillars",0.03,0.00073622950670148,"informal","informal",FALSE,0.171236717889054,TRUE,0.0867792553036327,0.132122647012493,-29.1251144727176,-32.8627497302052,0.08382086029872
10,"young_lifetime","Law 2381 pillars",0.04,0.000862878406729994,"informal","informal",FALSE,0.176275288872191,TRUE,0.0892337638289524,0.135859671055224,-27.9317214161037,-31.4638664086426,0.0826205298372831
10,"young_lifetime","Law 2381 pillars",0.05,0.00100759191313581,"informal","informal",FALSE,0.181462117763242,TRUE,0.0917604952722654,0.139706655514956,-26.7860019350898,-30.1245299772036,0.0814545090642422
10,"young_lifetime","Law 2381 pillars",0.06,0.00117224512608808,"informal","informal",FALSE,0.186801566991024,TRUE,0.0943615747636454,0.143666835932368,-25.6861343202336,-28.842205676864,0.0803218172874005
10,"young_lifetime","Law 2381 pillars",0.07,0.00135878545245099,"informal","informal",FALSE,0.192298127347054,TRUE,0.0970391899642568,0.14774354305261,-24.6303609000699,-27.6144666468168,0.0792215018462104
10,"young_lifetime","Law 2381 pillars",0.08,0.00156921348536889,"informal","informal",FALSE,0.197956421762568,TRUE,0.0997955929063067,0.15194020562666,-23.616986167616,-26.4389893315217,0.0781526373105317
10,"young_lifetime","Law 2381 pillars",0.09,0.00180555975146526,"informal","informal",FALSE,0.20378120919668,TRUE,0.102633101887136,0.1562603532951,-22.6443749352646,-25.3135490832626,0.0771143247022885
10,"young_lifetime","Law 2381 pillars",0.1,0.00206985722142662,"informal","informal",FALSE,0.209777388638944,TRUE,0.105554103419047,0.160707619556756,-21.710950519722,-24.2360159518952,0.0761056907393785
10,"young_lifetime","Law 2381 pillars",0.11,0.00236410958058029,"informal","informal",FALSE,0.215950003229697,TRUE,0.108561054236495,0.165285744824685,-20.8151929584472,-23.2043506538124,0.0751258871011868
10,"young_lifetime","Law 2381 pillars",0.12,0.00269025537259384,"informal","informal",FALSE,0.222304244501634,TRUE,0.111656483362353,0.169998579572079,-19.9556372588444,-22.216600712502,0.0741740897151033
10,"young_lifetime","Law 2381 pillars",0.13,0.0030501282598838,"informal","informal",FALSE,0.228845456746194,TRUE,0.114842994234965,0.174850087570743,-19.1308716812827,-21.27089676339,0.0732494980634257
10,"young_lifetime","Law 2381 pillars",0.14,0.00344541378616971,"informal","informal",FALSE,0.235579141508427,TRUE,0.118123266897796,0.179844349224861,-18.3395360568429,-20.3654490159778,0.0723513345100779
10,"young_lifetime","Law 2381 pillars",0.15,0.0038776031764757,"informal","informal",FALSE,0.242510962214112,TRUE,0.121500060253497,0.184985565002854,-17.5803201405353,-19.498543866577,0.0714788436465719
10,"young_lifetime","Law 2381 pillars",0.16,0.00434794486360459,"informal","informal",FALSE,0.249646748933036,TRUE,0.124976214384317,0.190278058970223,-16.8519620005835,-18.6685406552316,0.0706312916566647
10,"young_lifetime","Law 2381 pillars",0.17,0.00485739458280167,"informal","informal",FALSE,0.256992503282426,TRUE,0.128554652940769,0.195726282426345,-16.1532464442338,-17.8738685606894,0.0698079656991781
10,"young_lifetime","Law 2381 pillars",0.18,0.00540656502249209,"informal","informal",FALSE,0.26455440347466,TRUE,0.132238385600599,0.201334817648272,-15.4830034804242,-17.1130236275471,0.0690081733084531
10,"young_lifetime","Law 2381 pillars",0.19,0.00599567615266305,"informal","informal",FALSE,0.272338809513512,TRUE,0.136030510600099,0.207108381744705,-14.8401068195318,-16.3845659199415,0.0682312418119473
10,"young_lifetime","Law 2381 pillars",0.2,0.00662450746745946,"informal","informal",FALSE,0.280352268543287,TRUE,0.139934217339908,0.213051830623351,-14.2234724103109,-15.6871167964014,0.0674765177644789
10,"young_lifetime","Law 2381 pillars",0.21,0.00729235346863131,"informal","informal",FALSE,0.288601520355356,TRUE,0.143952789067486,0.219170163075035,-13.6320570140356,-15.0193563007019,0.0667433663986394
10,"young_lifetime","Law 2381 pillars",0.22,0.00799798377561329,"informal","informal",FALSE,0.297093503056718,TRUE,0.148089605638517,0.225468524977973,-13.0648568157747,-14.3800206637833,0.0660311710909167
10,"young_lifetime","Law 2381 pillars",0.23,0.0087396092707509,"informal","informal",FALSE,0.305835358905358,TRUE,0.152348146359569,0.231952213625764,-12.5209060726425,-13.7678999120069,0.0653393328430791
10,"young_lifetime","Law 2381 pillars",0.24,0.0095148556698428,"informal","informal",FALSE,0.314834440317305,TRUE,0.156731992914394,0.238626682182718,-11.9992757987984,-13.1818355772215,0.0646672697783819
10,"young_lifetime","Law 2381 pillars",0.25,0.010320745845168,"informal","informal",FALSE,0.324098316050446,TRUE,0.161244832376335,0.245497544270298,-11.4990724868993,-12.6207185043064,0.0640144166521752
10,"young_lifetime","Law 2381 pillars",0.26,0.0111536921182913,"informal","informal",FALSE,0.333634777570303,TRUE,0.165890460309376,0.2525705786885,-11.0194368656517,-12.0834867520412,0.0633802243764989
10,"young_lifetime","Law 2381 pillars",0.27,0.0120094995825537,"informal","informal",FALSE,0.34345184560311,TRUE,0.170672783960428,0.259851734276165,-10.5595426930542,-11.5691235833312,0.0627641595582702
10,"young_lifetime","Law 2381 pillars",0.28,0.0128833813113884,"informal","informal",FALSE,0.353557776881717,FALSE,0.172233472636088,0.262227904920509,-10.4163408381588,-11.0766555409828,0.0418270887432517
10,"young_lifetime","Law 2381 pillars",0.29,0.0137699860614464,"informal","informal",FALSE,0.36396107108999,FALSE,0.177301372723448,0.269943854682858,-9.97294381296043,-10.605150605389,0.0418270887432517
10,"young_lifetime","Law 2381 pillars",0.3,0.0146634387938913,"informal","informal",FALSE,0.374670478011547,FALSE,0.18251839371572,0.277886843137955,-9.54842106664841,-10.153716430637,0.0418270887432519
10,"young_lifetime","Law 2381 pillars",0.31,0.0155573940198842,"informal","informal",FALSE,0.38569500488884,FALSE,0.187888923435057,0.286063550807264,-9.14196916937718,-9.72149865570018,0.0418270887432517
10,"young_lifetime","Law 2381 pillars",0.32,0.0164451016357299,"informal","informal",FALSE,0.397043923998778,FALSE,0.193417478813502,0.294480854783884,-8.75281889125767,-9.30767928751892,0.0418270887432517
10,"young_lifetime","Law 2381 pillars",0.33,0.0173194845593781,"informal","informal",FALSE,0.408726780451257,FALSE,0.199108709691992,0.303145834516589,-8.3802337465525,-8.91147515290884,0.0418270887432517
10,"young_lifetime","Law 2381 pillars",0.34,0.0181732271241403,"informal","informal",FALSE,0.420753400217161,FALSE,0.204967402731145,0.312065777764065,-8.02350859984107,-8.5321364163677,0.0418270887432519
10,"young_lifetime","Law 2381 pillars",0.35,0.0189988728395791,"informal","informal",FALSE,0.433133898392583,FALSE,0.21099848543713,0.321248186724339,-7.68196833151667,-8.16894516097547,0.0418270887432519
10,"young_lifetime","Law 2381 pillars",0.36,0.0197889298058682,"informal","informal",FALSE,0.445878687706218,FALSE,0.217207030305984,0.330700784344574,-7.35496656008993,-7.82121402970179,0.0418270887432517
10,"young_lifetime","Law 2381 pillars",0.37,0.0205359817787106,"informal","informal",FALSE,0.458998487277077,FALSE,0.223598259089885,0.34043152081652,-7.04188441888056,-7.48828492454949,0.0418270887432517
10,"young_lifetime","Law 2381 pillars",0.38,0.0212328026386743,"informal","informal",FALSE,0.472504331629903,FALSE,0.230177547188951,0.350448580263099,-6.7421293847822,-7.1695277610723,0.0418270887432517
10,"young_lifetime","Law 2381 pillars",0.39,0.0218724718319488,"informal","informal",FALSE,0.486407579975856,FALSE,0.236950428172266,0.360760387621726,-6.45513415688378,-6.86433927590955,0.0418270887432517
10,"young_lifetime","Law 2381 pillars",0.4,0.0224484882277816,"informal","informal",FALSE,0.500719925766275,FALSE,0.243922598431943,0.371375615730186,-6.18035558282508,-6.57214188508102,0.0418270887432517
10,"young_lifetime","Law 2381 pillars",0.41,0.0229548797878943,"informal","informal",FALSE,0.515453406527565,FALSE,0.251099921974123,0.382303192620999,-5.91727363085457,-6.29238259088134,0.0418270887432521
10,"young_lifetime","Law 2381 pillars",0.42,0.0233863064692461,"informal","informal",FALSE,0.530620413985464,FALSE,0.258488435350949,0.393552309030419,-5.66539040564423,-6.02453193530506,0.0418270887432519
10,"young_lifetime","Law 2381 pillars",0.43,0.0237381538851594,"informal","informal",FALSE,0.546233704487212,FALSE,0.266094352737662,0.405132426128391,-5.42422920599841,-5.76808299802172,0.0418270887432517
10,"young_lifetime","Law 2381 pillars",0.44,0.0240066154297712,"informal","informal",FALSE,0.562306409730397,FALSE,0.27392407115909,0.417053283475945,-5.19333362267388,-5.52255043700461,0.0418270887432517
10,"young_lifetime","Law 2381 pillars",0.45,0.0241887608228689,"informal","informal",FALSE,0.57885204780748,FALSE,0.281984175869923,0.429324907216746,-4.97226667460314,-5.28746956999751,0.0418270887432519
10,"young_lifetime","Law 2381 pillars",0.46,0.0242825893494975,"informal","informal",FALSE,0.595884534575314,FALSE,0.290281445893299,0.441957618509672,-4.76060998188669,-5.06239549508098,0.0418270887432519
10,"young_lifetime","Law 2381 pillars",0.47,0.0242870664418367,"informal","informal",FALSE,0.613418195359195,FALSE,0.298822859722364,0.454962042209514,-4.55796297398872,-4.60752987952515,0.00723678523133908
10,"young_lifetime","Law 2381 pillars",0.48,0.0242021426680683,"informal","informal",FALSE,0.631467777001306,FALSE,0.307615601189594,0.468349115803106,-4.36394213163808,-4.29775114138355,-0.010137539851456
10,"young_lifetime","Law 2381 pillars",0.49,0.0240287546408929,"informal","informal",FALSE,0.650048460263682,FALSE,0.316667065508821,0.482130098608398,-4.17818026099943,-4.00879980297973,-0.027212166614542
10,"young_lifetime","Law 2381 pillars",0.5,0.0237688078223462,"informal","informal",FALSE,0.669175872596124,FALSE,0.325984865495048,0.496316581244205,-4.00032579874114,-3.73927557266538,-0.0439922647023469
10,"young_lifetime","Law 2381 pillars",0.51,0.0234251416663332,"informal","informal",FALSE,0.688866101279806,FALSE,0.33557683796727,0.5109204953786,-3.83004214668472,-3.48787230480781,-0.0604829145855453
10,"young_lifetime","Law 2381 pillars",0.52,0.0230014779905107,"informal","informal",FALSE,0.709135706957629,FALSE,0.345451050339703,0.525954123764148,-3.6670070347764,-3.25337167005691,-0.0766891090992626
10,"young_lifetime","Law 2381 pillars",0.53,0.0225023538900762,"informal","informal",FALSE,0.730001737562693,FALSE,0.355615807406957,0.54143011056843,-3.51091191117551,-3.03463725118002,-0.0926157549547457
10,"young_lifetime","Law 2381 pillars",0.54,0.0219330408840984,"informal","informal",FALSE,0.751481742656616,FALSE,0.366079658328853,0.557361472008532,-3.36146135830517,-2.83060903585243,-0.108267674224952
10,"young_lifetime","Law 2381 pillars",0.55,0.0212994523083938,"informal","informal",FALSE,0.773593788189751,FALSE,0.376851403820774,0.573761607298445,-3.21837253376021,-2.64029827971492,-0.12364960580452
10,"young_lifetime","Law 2381 pillars",0.56,0.0206080412279339,"informal","informal",FALSE,0.796356471695715,FALSE,0.387940103555584,0.590644309918601,-3.08137463501425,-2.46278271480407,-0.138766206844553
10,"young_lifetime","Law 2381 pillars",0.57,0.0198656913291574,"informal","informal",FALSE,0.819788937933007,FALSE,0.399355083783347,0.608023779216999,-2.95020838691282,-2.2972020801349,-0.153622054162654
10,"young_lifetime","Law 2381 pillars",0.58,0.0190796033639485,"informal","informal",FALSE,0.843910894986884,FALSE,0.411105945175254,0.625914632351696,-2.82462555098253,-2.14275395277652,-0.168221645628636
10,"young_lifetime","Law 2381 pillars",0.59,0.0182571797508447,"informal","informal",FALSE,0.868742630845018,FALSE,0.423202570898351,0.644331916584695,-2.70438845562781,-1.99868985921768,-0.182569401526333
10,"young_lifetime","Law 2381 pillars",0.6,0.0174059098965294,"informal","informal",FALSE,0.894305030460891,FALSE,0.435655134927868,0.663291121937584,-2.58926954632586,-1.86431164817748,-0.196669665891919
10,"young_lifetime","Law 2381 pillars",0.61,0.0165332586858387,"informal","informal",FALSE,0.920619593319272,FALSE,0.448474110604129,0.682808194219552,-2.47905095496873,-1.73896810728337,-0.210526707829142
10,"young_lifetime","Law 2381 pillars",0.62,0.0156465604078046,"informal","informal",FALSE,0.947708451518552,FALSE,0.461670279441251,0.702899548438758,-2.37352408753736,-1.6220518072206,-0.224144722801868
10,"young_lifetime","Law 2381 pillars",0.63,0.0147529201472209,"informal","informal",FALSE,0.975594388385139,FALSE,0.47525474019503,0.723582082608321,-2.27248922932733,-1.51299615805943,-0.237527833904335
10,"young_lifetime","Law 2381 pillars",0.64,0.0138591243861013,"pillars","mixed",TRUE,1.32892027359996,FALSE,0.494954341185784,0.753575004521301,-2.13817778336964,-1.41127266349469,-0.241926332805455
10,"young_lifetime","Law 2381 pillars",0.65,0.0129715622386452,"pillars","mixed",TRUE,1.39203511538661,FALSE,0.520895403717729,0.805467232127278,-1.97569452329981,-1.3163883596915,-0.23714354588144
10,"young_lifetime","Law 2381 pillars",0.66,0.0120961583990884,"pillars","mixed",TRUE,1.45814749083489,FALSE,0.545634458156243,0.908540263943498,-1.82302424040831,-1.22788342632544,-0.231619273764787
10,"young_lifetime","Law 2381 pillars",0.67,0.0112383185264294,"pillars","mixed",TRUE,1.5273997627837,FALSE,0.571548452534989,1.01536381555184,-1.68586791422156,-1.14532895823998,-0.22719285114277
10,"young_lifetime","Law 2381 pillars",0.68,0.0104028874355191,"pillars","mixed",TRUE,1.59994105535643,FALSE,0.598693188657816,1.12613352949912,-1.56156499791823,-1.06832488692244,-0.223582134900441
10,"young_lifetime","Law 2381 pillars",0.69,0.00959412012165592,"pillars","mixed",TRUE,1.67592757507685,FALSE,0.627127118541749,1.24107200052831,-1.44819989222121,-0.996498041725683,-0.220591222304786
10,"young_lifetime","Law 2381 pillars",0.7,0.00881566532576298,"pillars","mixed",TRUE,1.75552294723587,FALSE,0.656911470284426,1.3604265044775,-1.34433163049342,-0.929500341439868,-0.218080415374363
10,"young_lifetime","Law 2381 pillars",0.71,0.00807056105809019,"pillars","mixed",TRUE,1.8388985682334,FALSE,0.688110379909393,1.48446655872198,-1.24883534936649,-0.867007107450661,-0.215947790667854
10,"young_lifetime","Law 2381 pillars",0.72,0.00736124124713052,"pillars","mixed",TRUE,1.92623397465423,FALSE,0.720791029473177,1.61348155785024,-1.16080516672726,-0.808715490309039,-0.214117497293469
10,"young_lifetime","Law 2381 pillars",0.73,0.00668955247216793,"pillars","mixed",TRUE,2.01771722987241,FALSE,0.755023791731513,1.74777866129602,-1.07949237222678,-0.754343002087797,-0.212532101512039
10,"young_lifetime","Law 2381 pillars",0.74,0.00605677957576838,"pillars","mixed",TRUE,2.11354532901684,FALSE,0.790882381676262,1.88768104343315,-1.0042647412259,-0.70362614741234,-0.211147445203064
10,"young_lifetime","Law 2381 pillars",0.75,0.00546367883789977,"pillars","mixed",TRUE,2.21392462317001,FALSE,0.828444015269314,2.03352655936409,-0.934578927145513,-0.656319146531578,-0.209929111580519
10,"young_lifetime","Law 2381 pillars",0.76,0.0049105173257538,"pillars","mixed",TRUE,2.31907126371331,FALSE,0.867789575715292,2.18566683526924,-0.869961201269863,-0.612192744240796,-0.208849945246281
10,"young_lifetime","Law 2381 pillars",0.77,0.00439711701067287,"pillars","mixed",TRUE,2.42921166777586,FALSE,0.909003787631105,2.34446676142482,-0.809993667095262,-0.571033098884377,-0.207888279985107
10,"young_lifetime","Law 2381 pillars",0.78,0.00392290226240524,"pillars","mixed",TRUE,2.54458300578895,FALSE,0.952175399487383,2.51030434744059,-0.754304154175955,-0.532308051968403,-0.207356886681258
10,"young_lifetime","Law 2381 pillars",0.79,0.00348694938664893,"pillars","mixed",TRUE,2.6654337121961,FALSE,0.997397374714671,2.68357089047964,-0.702558640953776,-0.496211631461385,-0.206909209156292
10,"young_lifetime","Law 2381 pillars",0.8,0.00308803695908519,"pillars","mixed",TRUE,2.79202402041852,FALSE,1.04476709188589,2.86467140551911,-0.654455452087005,-0.462603082047067,-0.206490212514748
10,"young_lifetime","Law 2381 pillars",0.81,0.00272469582188591,"pillars","mixed",TRUE,2.9246265232277,FALSE,1.09438655440612,3.05402526964104,-0.609720725146409,-0.431303010401089,-0.206096552278768
10,"young_lifetime","Law 2381 pillars",0.82,0.0023952577407798,"pillars","mixed",TRUE,3.06352675973211,FALSE,1.14636261016126,3.25206703791931,-0.568104802045649,-0.402146504830179,-0.205725611646184
10,"young_lifetime","Law 2381 pillars",0.83,0.00209790186595431,"pillars","mixed",TRUE,3.20902383024173,FALSE,1.20080718159853,3.45924739522117,-0.529379305961907,-0.374981675720207,-0.205375306620821
10,"young_lifetime","Law 2381 pillars",0.84,0.00183069829236669,"pillars","mixed",TRUE,3.36143104033464,FALSE,1.25783750673425,3.67603421517446,-0.493334734969208,-0.349668392406803,-0.205043945137562
10,"young_lifetime","Law 2381 pillars",0.85,0.00159164816888775,"pillars","mixed",TRUE,3.52107657551239,FALSE,1.3175763916079,3.90291370405615,-0.459778451507874,-0.326077183190032,-0.20473012496007
10,"young_lifetime","Law 2381 pillars",0.86,0.00137871995615396,"pillars","mixed",TRUE,3.68830420789706,FALSE,1.38015247472602,4.14039161311072,-0.428532979872016,-0.304088271593567,-0.204432659554579
10,"young_lifetime","Law 2381 pillars",0.87,0.00118988157581876,"pillars","mixed",TRUE,3.86347403649169,FALSE,1.44570050406551,4.38899450768365,-0.39943454703313,-0.283590727057264,-0.204150524224277
10,"young_lifetime","Law 2381 pillars",0.88,0.0010231283256207,"pillars","mixed",TRUE,4.0469632625981,FALSE,1.51436162723265,4.64927108555514,-0.372331818521844,-0.264481712315876,-0.203882816955481
10,"young_lifetime","Law 2381 pillars",0.89,0.000876506552691064,"pillars","mixed",TRUE,4.23916700206195,FALSE,1.5862836954028,4.92179354005358,-0.347084792863785,-0.246665812967756,-0.203628729963849
10,"young_lifetime","Law 2381 pillars",0.9,0.000748133179985062,"pillars","mixed",TRUE,4.44049913609397,FALSE,1.66162158169516,5.20715896602264,-0.323563826614829,-0.230054437343377,-0.203387529027825
10,"young_lifetime","Law 2381 pillars",0.91,0.000636211266591,"pillars","mixed",TRUE,4.65139320249953,FALSE,1.74053751466822,5.50599080862511,-0.301648768318432,-0.214565276877349,-0.203158538487521
10,"young_lifetime","Law 2381 pillars",0.92,0.000539041851611795,"pillars","mixed",TRUE,4.87230332923569,FALSE,1.82320142765407,5.81894035640364,-0.281228184367001,-0.200121818874138,-0.202941130359816
10,"young_lifetime","Law 2381 pillars",0.93,0.000455032383605845,"pillars","mixed",TRUE,5.10370521230592,FALSE,1.90979132468367,6.14668828108317,-0.262198663244158,-0.18665290492008,-0.202734716437046
10,"young_lifetime","Law 2381 pillars",0.94,0.00038270207402884,"pillars","mixed",TRUE,5.34609714009836,FALSE,2.00049366379119,6.48994622737846,-0.244464187273614,-0.174092329297998,-0.202538742540815
10,"young_lifetime","Law 2381 pillars",0.95,0.000320684534961157,"pillars","mixed",TRUE,5.60000106637325,FALSE,2.0955037585227,6.84945845663435,-0.227935563028783,-0.16237847265795,-0.202352684325295
10,"young_lifetime","Law 2381 pillars",0.96,0.000267728070175611,"pillars","mixed",TRUE,5.86596373421014,FALSE,2.19502619851392,7.22600354853314,-0.212529903126445,-0.151453966929389,-0.202176044187966
10,"young_lifetime","Law 2381 pillars",0.97,0.000222693986042829,"pillars","mixed",TRUE,6.14455785333508,FALSE,2.29927529004253,7.62039616539834,-0.198170153354111,-0.141265388059137,-0.202008348966012
10,"young_lifetime","Law 2381 pillars",0.98,0.00018455327674269,"pillars","mixed",TRUE,6.43638333336297,FALSE,2.40847551750377,8.03348888384236,-0.184784660048909,-0.131762973652016,-0.20184914818506
10,"young_lifetime","Law 2381 pillars",0.99,0.000152382018630337,"pillars","mixed",TRUE,6.74206857561075,FALSE,2.52286202680313,8.46617409867335,-0.172306773417746,-0.122900362997393,-0.201698012691979
10,"young_lifetime","Law 2381 pillars",1,6.26778916131105e-05,"pillars","mixed",TRUE,7.06227182626299,FALSE,2.64268113170689,8.91938600411429,-0.160674483110271,-0.114634357301959,-0.201554533551266
11,"young_lifetime","Law 2381 pillars",0,0.000223648618482682,"informal","informal",FALSE,0.100930452884531,TRUE,0.0779509921627713,0.0743320580587973,-37.8514439957571,-37.4437493418334,-0.00719356182194386
11,"young_lifetime","Law 2381 pillars",0.01,0.000530074028894635,"informal","informal",FALSE,0.103900290530849,TRUE,0.0800530106838212,0.0763364887711234,-36.3704285465928,-35.8498645670935,-0.00956479860961656
11,"young_lifetime","Law 2381 pillars",0.02,0.000625857596014926,"informal","informal",FALSE,0.106957514445568,TRUE,0.0822168802474321,0.0783998990443131,-34.9440656864035,-34.3238273962876,-0.0118682570663109
11,"young_lifetime","Law 2381 pillars",0.03,0.00073622950670148,"informal","informal",FALSE,0.110104695934197,TRUE,0.0844444207954494,0.0805240243280272,-33.5705519032905,-32.8627497302052,-0.0141058745363587
11,"young_lifetime","Law 2381 pillars",0.04,0.000862878406729994,"informal","informal",FALSE,0.113344481961868,TRUE,0.086737505820769,0.082710651136829,-32.2481294517632,-31.4638664086426,-0.016279532987941
11,"young_lifetime","Law 2381 pillars",0.05,0.00100759191313581,"informal","informal",FALSE,0.11667959737959,TRUE,0.0890980639430556,0.0849616185527483,-30.9750861025426,-30.1245299772036,-0.0183910605959351
11,"young_lifetime","Law 2381 pillars",0.06,0.00117224512608808,"informal","informal",FALSE,0.120112847216006,TRUE,0.0915280805308255,0.0872788197720577,-29.7497548223827,-28.842205676864,-0.0204422332795166
11,"young_lifetime","Law 2381 pillars",0.07,0.00135878545245099,"informal","informal",FALSE,0.12364711903659,TRUE,0.0940295993712583,0.0896642036975625,-28.5705133896231,-27.6144666468168,-0.0224347761958117
11,"young_lifetime","Law 2381 pillars",0.08,0.00156921348536889,"informal","informal",FALSE,0.12728538537226,TRUE,0.0966047243891428,0.0921197765777429,-27.4357839509496,-26.4389893315217,-0.024370365190857
11,"young_lifetime","Law 2381 pillars",0.09,0.00180555975146526,"informal","informal",FALSE,0.131030706219449,TRUE,0.0992556214164013,0.0946476036941266,-26.3440325246074,-25.3135490832626,-0.0262506282090844
11,"young_lifetime","Law 2381 pillars",0.1,0.00206985722142662,"informal","informal",FALSE,0.134886231613747,TRUE,0.101984520013682,0.0972498110983133,-25.2937684550729,-24.2360159518952,-0.0280771466625179
11,"young_lifetime","Law 2381 pillars",0.11,0.00236410958058029,"informal","informal",FALSE,0.13885520427926,TRUE,0.104793715345552,0.0999285874001082,-24.2835438239548,-23.2043506538124,-0.0298514567608357
11,"young_lifetime","Law 2381 pillars",0.12,0.00269025537259384,"informal","informal",FALSE,0.142940962355938,TRUE,0.107685570110863,0.102686185608273,-23.3119528216603,-22.216600712502,-0.0315750508034108
11,"young_lifetime","Law 2381 pillars",0.13,0.0030501282598838,"informal","informal",FALSE,0.147146942207147,TRUE,0.110662516529925,0.105524925025439,-22.3776310841293,-21.27089676339,-0.0332493784344247
11,"young_lifetime","Law 2381 pillars",0.14,0.00344541378616971,"informal","informal",FALSE,0.151476681309848,TRUE,0.113727058390142,0.108447193198775,-21.4792549987086,-20.3654490159778,-0.034875847862103
11,"young_lifetime","Law 2381 pillars",0.15,0.0038776031764757,"informal","informal",FALSE,0.155933821229829,TRUE,0.116881773151847,0.111455447928059,-20.6155409830166,-19.498543866577,-0.0364558270431015
11,"young_lifetime","Law 2381 pillars",0.16,0.00434794486360459,"informal","informal",FALSE,0.160522110684474,TRUE,0.120129314116101,0.11455221933283,-19.7852447404231,-18.6685406552316,-0.0379906448330377
11,"young_lifetime","Law 2381 pillars",0.17,0.00485739458280167,"informal","informal",FALSE,0.165245408695656,TRUE,0.123472412656269,0.117740111980369,-18.9871604955565,-17.8738685606894,-0.0394815921041383
11,"young_lifetime","Law 2381 pillars",0.18,0.00540656502249209,"informal","informal",FALSE,0.170107687835403,TRUE,0.126913880515272,0.121021807076292,-18.2201202130403,-17.1130236275471,-0.0409299228309363
11,"young_lifetime","Law 2381 pillars",0.19,0.00599567615266305,"informal","informal",FALSE,0.175113037567062,TRUE,0.130456612170425,0.124400064719603,-17.4829928024576,-16.3845659199415,-0.0423368551449413
11,"young_lifetime","Law 2381 pillars",0.2,0.00662450746745946,"informal","informal",FALSE,0.180265667684781,TRUE,0.134103587267865,0.127877726224102,-16.7746833123431,-15.6871167964014,-0.0437035723591558
11,"young_lifetime","Law 2381 pillars",0.21,0.00729235346863131,"informal","informal",FALSE,0.185569911854195,TRUE,0.137857873128609,0.131457716508092,-16.0941321158158,-15.0193563007019,-0.0450312239633136
11,"young_lifetime","Law 2381 pillars",0.22,0.00799798377561329,"informal","informal",FALSE,0.19103023125729,TRUE,0.141722627328348,0.135143046554413,-15.4403140902785,-14.3800206637833,-0.0463209265906681
11,"young_lifetime","Law 2381 pillars",0.23,0.0087396092707509,"informal","informal",FALSE,0.196651218344527,TRUE,0.145701100353161,0.138936815942854,-14.8122377934365,-13.7678999120069,-0.0475737649571459
11,"young_lifetime","Law 2381 pillars",0.24,0.0095148556698428,"informal","informal",FALSE,0.202437600697355,TRUE,0.14979663833336,0.142842215457083,-14.2089446377201,-13.1818355772215,-0.0487907927736581
11,"young_lifetime","Law 2381 pillars",0.25,0.010320745845168,"informal","informal",FALSE,0.208394245004393,TRUE,0.154012685857783,0.146862529768281,-13.6295080650297,-12.6207185043064,-0.0499730336323316
11,"young_lifetime","Law 2381 pillars",0.26,0.0111536921182913,"informal","informal",FALSE,0.214526161154598,TRUE,0.1583527888709,0.151001140197748,-13.0730327235745,-12.0834867520412,-0.0511214818674124
11,"young_lifetime","Law 2381 pillars",0.27,0.0120094995825537,"informal","informal",FALSE,0.220838506450879,TRUE,0.162820597655158,0.155261527560794,-12.5386536484236,-11.5691235833312,-0.0522371033915573
11,"young_lifetime","Law 2381 pillars",0.28,0.0128833813113884,"informal","informal",FALSE,0.227336589947689,FALSE,0.160906345562262,0.15343614607737,-12.763070430818,-11.0766555409828,-0.0901516964061855
11,"young_lifetime","Law 2381 pillars",0.29,0.0137699860614464,"informal","informal",FALSE,0.234025876916259,FALSE,0.165640949528906,0.157950942453524,-12.219779120621,-10.605150605389,-0.0901516964061857
11,"young_lifetime","Law 2381 pillars",0.3,0.0146634387938913,"informal","informal",FALSE,0.240911993441207,FALSE,0.17051486729727,0.162598584882184,-11.6996143338836,-10.153716430637,-0.0901516964061856
11,"young_lifetime","Law 2381 pillars",0.31,0.0155573940198842,"informal","informal",FALSE,0.24800073115241,FALSE,0.175532198119473,0.167382982304572,-11.2015916335695,-9.72149865570018,-0.0901516964061855
11,"young_lifetime","Law 2381 pillars",0.32,0.0164451016357299,"informal","informal",FALSE,0.255298052096106,FALSE,0.180697161866467,0.172308158680922,-10.7247684876124,-9.30767928751892,-0.0901516964061857
11,"young_lifetime","Law 2381 pillars",0.33,0.0173194845593781,"informal","informal",FALSE,0.262810093749324,FALSE,0.186014102577195,0.177378256374865,-10.2682424851291,-8.91147515290884,-0.0901516964061857
11,"young_lifetime","Law 2381 pillars",0.34,0.0181732271241403,"informal","informal",FALSE,0.270543174181869,FALSE,0.191487492112184,0.182597539637401,-9.83114962856251,-8.5321364163677,-0.0901516964061855
11,"young_lifetime","Law 2381 pillars",0.35,0.0189988728395791,"informal","informal",FALSE,0.278503797370185,FALSE,0.197121933914645,0.187970398193388,-9.41266269852507,-8.16894516097547,-0.0901516964061856
11,"young_lifetime","Law 2381 pillars",0.36,0.0197889298058682,"informal","informal",FALSE,0.286698658667587,FALSE,0.202922166882237,0.193501350933557,-9.01198968824563,-7.82121402970179,-0.0901516964061855
11,"young_lifetime","Law 2381 pillars",0.37,0.0205359817787106,"informal","informal",FALSE,0.295134650435445,FALSE,0.208893069352761,0.199195049715167,-8.62837230465847,-7.48828492454949,-0.0901516964061857
11,"young_lifetime","Law 2381 pillars",0.38,0.0212328026386743,"informal","informal",FALSE,0.303818867840067,FALSE,0.215039663207132,0.20505628327449,-8.26108453329692,-7.1695277610723,-0.0901516964061856
11,"young_lifetime","Law 2381 pillars",0.39,0.0218724718319488,"informal","informal",FALSE,0.312758614820155,FALSE,0.22136711809307,0.211089981254419,-7.90943126427585,-6.86433927590955,-0.0901516964061855
11,"young_lifetime","Law 2381 pillars",0.4,0.0224484882277816,"informal","informal",FALSE,0.321961410229841,FALSE,0.227880755773087,0.217301218350593,-7.57274697676258,-6.57214188508102,-0.0901516964061856
11,"young_lifetime","Law 2381 pillars",0.41,0.0229548797878943,"informal","informal",FALSE,0.331434994162496,FALSE,0.234586054600397,0.223695218579511,-7.25039447944644,-6.29238259088134,-0.0901516964061855
11,"young_lifetime","Law 2381 pillars",0.42,0.0233863064692461,"informal","informal",FALSE,0.341187334460594,FALSE,0.241488654126534,0.230277359672239,-6.94176370462345,-6.02453193530506,-0.0901516964061855
11,"young_lifetime","Law 2381 pillars",0.43,0.0237381538851594,"informal","informal",FALSE,0.351226633417148,FALSE,0.248594359844553,0.237053177597399,-6.64627055361361,-5.76808299802172,-0.0901516964061856
11,"young_lifetime","Law 2381 pillars",0.44,0.0240066154297712,"informal","informal",FALSE,0.361561334674313,FALSE,0.255909148071784,0.244028371217243,-6.36335579132586,-5.52255043700461,-0.0901516964061856
11,"young_lifetime","Law 2381 pillars",0.45,0.0241887608228689,"informal","informal",FALSE,0.372200130324992,FALSE,0.263439170976272,0.251208807080737,-6.09248398787866,-5.28746956999751,-0.0901516964061855
11,"young_lifetime","Law 2381 pillars",0.46,0.0242825893494975,"informal","informal",FALSE,0.383151968223396,FALSE,0.271190761751113,0.258600524357669,-5.83314250527298,-5.06239549508098,-0.0901516964061854
11,"young_lifetime","Law 2381 pillars",0.47,0.0242870664418367,"informal","informal",FALSE,0.394426059510717,FALSE,0.279170439941042,0.26620973991795,-5.5848405272001,-4.60752987952515,-0.12036009596803
11,"young_lifetime","Law 2381 pillars",0.48,0.0242021426680683,"informal","informal",FALSE,0.406031886362244,FALSE,0.287384916925751,0.274042853560366,-5.34710813014793,-4.29775114138355,-0.135533439388901
11,"young_lifetime","Law 2381 pillars",0.49,0.0240287546408929,"informal","informal",FALSE,0.417979209962425,FALSE,0.29584110156456,0.282106453395187,-5.11949539404811,-4.00879980297973,-0.150445050310472
11,"young_lifetime","Law 2381 pillars",0.5,0.0237688078223462,"informal","informal",FALSE,0.430278078714605,FALSE,0.304546106007173,0.290407321385158,-4.90157155078042,-3.73927557266538,-0.165099443485969
11,"young_lifetime","Law 2381 pillars",0.51,0.0234251416663332,"informal","informal",FALSE,0.442938836692321,FALSE,0.313507251675415,0.298952439049525,-4.69292416892332,-3.48787230480781,-0.179501055791411
11,"young_lifetime","Law 2381 pillars",0.52,0.0230014779905107,"pillars","payg_only",TRUE,0.611243531456654,FALSE,0.323201681165596,0.308196797276632,-4.48336922388303,-3.25337167005691,-0.192480938107851
11,"young_lifetime","Law 2381 pillars",0.53,0.0225023538900762,"pillars","payg_only",TRUE,0.6402735188437,FALSE,0.338814705506473,0.323084975086558,-4.17706800115837,-3.03463725118002,-0.191853382682786
11,"young_lifetime","Law 2381 pillars",0.54,0.0219330408840984,"pillars","payg_only",TRUE,0.670682236841903,FALSE,0.355152671718563,0.338664438789905,-3.89217441779115,-2.83060903585243,-0.191292017509475
11,"young_lifetime","Law 2381 pillars",0.55,0.0212994523083938,"pillars","payg_only",TRUE,0.702535165951577,FALSE,0.372240805309043,0.354959242780491,-3.62726223556634,-2.64029827971492,-0.190812139308122
11,"young_lifetime","Law 2381 pillars",0.56,0.0206080412279339,"pillars","payg_only",TRUE,0.735900896559683,FALSE,0.390104772634629,0.371993861834898,-3.38098331514533,-2.46278271480407,-0.190428185806878
11,"young_lifetime","Law 2381 pillars",0.57,0.0198656913291574,"pillars","payg_only",TRUE,0.770851276638687,FALSE,0.409225041046436,0.390226457242003,-3.14681797014022,-2.2972020801349,-0.189253555323275
11,"young_lifetime","Law 2381 pillars",0.58,0.0190796033639485,"pillars","payg_only",TRUE,0.807461566460126,FALSE,0.429441638759974,0.409504484029092,-2.92724245869478,-2.14275395277652,-0.18777614717119
11,"young_lifetime","Law 2381 pillars",0.59,0.0182571797508447,"pillars","payg_only",TRUE,0.845810600656038,FALSE,0.450659128789166,0.42973693594476,-2.72296879124828,-1.99868985921768,-0.186292166757428
11,"young_lifetime","Law 2381 pillars",0.6,0.0174059098965294,"pillars","payg_only",TRUE,0.885980957977218,FALSE,0.472917263314943,0.4509617196447,-2.53301155747411,-1.86431164817748,-0.184818663868309
11,"young_lifetime","Law 2381 pillars",0.61,0.0165332586858387,"pillars","payg_only",TRUE,0.928059139113871,FALSE,0.496256593890462,0.47321750404537,-2.35643512328527,-1.73896810728337,-0.183372338773334
11,"young_lifetime","Law 2381 pillars",0.62,0.0156465604078046,"pillars","payg_only",TRUE,0.972135752961552,FALSE,0.520718880279404,0.496544110181657,-2.19235023851936,-1.6220518072206,-0.181968821381167
11,"young_lifetime","Law 2381 pillars",0.63,0.0147529201472209,"pillars","payg_only",TRUE,1.01830571173349,FALSE,0.546347557675859,0.520982956735727,-2.03991191180782,-1.51299615805943,-0.180622047089959
11,"young_lifetime","Law 2381 pillars",0.64,0.0138591243861013,"pillars","payg_only",TRUE,1.06666843533947,FALSE,0.573188226696019,0.546577527280479,-1.8983182846067,-1.41127266349469,-0.179343779799928
11,"young_lifetime","Law 2381 pillars",0.65,0.0129715622386452,"pillars","mixed",TRUE,1.11732806547129,FALSE,0.601849076029655,0.573907774883149,-1.76434505991696,-1.3163883596915,-0.177377965189049
11,"young_lifetime","Law 2381 pillars",0.66,0.0120961583990884,"pillars","mixed",TRUE,1.17039368985594,FALSE,0.634499845567628,0.605042707609767,-1.62992507812363,-1.22788342632544,-0.172071186728789
11,"young_lifetime","Law 2381 pillars",0.67,0.0112383185264294,"pillars","mixed",TRUE,1.2259795771592,FALSE,0.668600535513235,0.637560247086223,-1.50683202862398,-1.14532895823998,-0.167130549704961
11,"young_lifetime","Law 2381 pillars",0.68,0.0104028874355191,"pillars","mixed",TRUE,1.28420542304568,FALSE,0.704221549504905,0.671527528408482,-1.3939620715169,-1.06832488692244,-0.162531927764796
11,"young_lifetime","Law 2381 pillars",0.69,0.00959412012165592,"pillars","mixed",TRUE,1.34519660792505,FALSE,0.741438189533927,0.707016357615609,-1.29033505336358,-0.996498041725683,-0.158250947816132
11,"young_lifetime","Law 2381 pillars",0.7,0.00881566532576298,"pillars","mixed",TRUE,1.40908446693944,FALSE,0.780330575976166,0.744103135434075,-1.19508002203106,-0.929500341439868,-0.154263557086687
11,"young_lifetime","Law 2381 pillars",0.71,0.00807056105809019,"pillars","mixed",TRUE,1.47600657277351,FALSE,0.820983558491677,0.782868772313927,-1.10742222028832,-0.867007107450661,-0.150546487989956
11,"young_lifetime","Law 2381 pillars",0.72,0.00736124124713052,"pillars","mixed",TRUE,1.54610703189608,FALSE,0.863486639514859,0.82339861547097,-1.02667146045553,-0.808715490309039,-0.147077610841932
11,"young_lifetime","Law 2381 pillars",0.73,0.00668955247216793,"pillars","mixed",TRUE,1.61953679487124,FALSE,0.907933926175406,0.865782403039817,-0.952211794164659,-0.754343002087797,-0.143836176827649
11,"young_lifetime","Law 2381 pillars",0.74,0.00605677957576838,"pillars","mixed",TRUE,1.69645398140723,FALSE,0.954424120674828,0.910114254897198,-0.883492390355195,-0.70362614741234,-0.140802962124504
11,"young_lifetime","Law 2381 pillars",0.75,0.00546367883789977,"pillars","mixed",TRUE,1.77702422084288,FALSE,1.00306055411545,0.956492704920408,-0.820019528601445,-0.656319146531578,-0.137960328908205
11,"young_lifetime","Law 2381 pillars",0.76,0.0049105173257538,"pillars","mixed",TRUE,1.86142100880496,FALSE,1.05395126488819,1.0050207757359,-0.761349608727822,-0.612192744240796,-0.135292220746499
11,"young_lifetime","Law 2381 pillars",0.77,0.00439711701067287,"pillars","mixed",TRUE,1.94982608080435,FALSE,1.10720912003325,1.05580609444568,-0.707083074106335,-0.571033098884377,-0.132784109467809
11,"young_lifetime","Law 2381 pillars",0.78,0.00392290226240524,"pillars","mixed",TRUE,2.04242980357552,FALSE,1.16295197637032,1.10896104627693,-0.656859146020025,-0.532308051968403,-0.130785045672152
11,"young_lifetime","Law 2381 pillars",0.79,0.00348694938664893,"pillars","mixed",TRUE,2.13943158500202,FALSE,1.22130287743849,1.16460296237885,-0.610351269895984,-0.496211631461385,-0.128919967951554
11,"young_lifetime","Law 2381 pillars",0.8,0.00308803695908519,"pillars","mixed",TRUE,2.24104030351074,FALSE,1.28239028215353,1.22285433786434,-0.567263180362901,-0.462603082047067,-0.127130568919461
11,"young_lifetime","Law 2381 pillars",0.81,0.00272469582188591,"pillars","mixed",TRUE,2.34747475785947,FALSE,1.34634832136712,1.28384307645825,-0.527325500071805,-0.431303010401089,-0.125414087713349
11,"young_lifetime","Law 2381 pillars",0.82,0.0023952577407798,"pillars","mixed",TRUE,2.45896413828639,FALSE,1.41331707902283,1.34770275860053,-0.490292796167502,-0.402146504830179,-0.123767836058261
11,"young_lifetime","Law 2381 pillars",0.83,0.00209790186595431,"pillars","mixed",TRUE,2.57574852003606,FALSE,1.4834428952186,1.41457293043875,-0.455941027494841,-0.374981675720207,-0.122189210519077
11,"young_lifetime","Law 2381 pillars",0.84,0.00183069829236669,"pillars","mixed",TRUE,2.69807938032451,FALSE,1.55687868911711,1.48459941174716,-0.424065324540716,-0.349668392406803,-0.120675696796706
11,"young_lifetime","Law 2381 pillars",0.85,0.00159164816888775,"pillars","mixed",TRUE,2.82622013985682,FALSE,1.63378430024049,1.55793462137647,-0.394478052404299,-0.326077183190032,-0.119224869228405
11,"young_lifetime","Law 2381 pillars",0.86,0.00137871995615396,"pillars","mixed",TRUE,2.96044673006308,FALSE,1.7143268472157,1.6347379193443,-0.367007114561257,-0.304088271593567,-0.117834387652371
11,"young_lifetime","Law 2381 pillars",0.87,0.00118988157581876,"pillars","mixed",TRUE,3.10104818727432,FALSE,1.79868110349091,1.71517596510852,-0.341494461765047,-0.283590727057264,-0.116501993057473
11,"young_lifetime","Law 2381 pillars",0.88,0.0010231283256207,"pillars","mixed",TRUE,3.24832727511784,FALSE,1.88702988992088,1.79942309192666,-0.317794776111867,-0.264481712315876,-0.115225502908136
11,"young_lifetime","Law 2381 pillars",0.89,0.000876506552691064,"pillars","mixed",TRUE,3.40260113647216,FALSE,1.97956448442779,1.88766169749786,-0.295774305137959,-0.246665812967756,-0.114002806664064
11,"young_lifetime","Law 2381 pillars",0.9,0.000748133179985062,"pillars","mixed",TRUE,3.5642019763854,FALSE,2.07421463546737,1.99452019882737,-0.275106625060061,-0.230054437343377,-0.112395060850672
11,"young_lifetime","Law 2381 pillars",0.91,0.000636211266591,"pillars","mixed",TRUE,3.73347777742786,FALSE,2.17272598422904,2.11042999704697,-0.255882724071752,-0.214565276877349,-0.110773662634864
11,"young_lifetime","Law 2381 pillars",0.92,0.000539041851611795,"pillars","mixed",TRUE,3.91079304901897,FALSE,2.27591596444423,2.23179657828978,-0.23804812016119,-0.200121818874138,-0.109255553242198
11,"young_lifetime","Law 2381 pillars",0.93,0.000455032383605845,"pillars","mixed",TRUE,4.09652961234228,FALSE,2.38400677987476,2.35888565320132,-0.221495601165808,-0.18665290492008,-0.107832431985972
11,"young_lifetime","Law 2381 pillars",0.94,0.00038270207402884,"pillars","mixed",TRUE,4.29108742253873,FALSE,2.49723118747784,2.49197468006576,-0.206127306316301,-0.174092329297998,-0.106496882592946
11,"young_lifetime","Law 2381 pillars",0.95,0.000320684534961157,"pillars","mixed",TRUE,4.49488542994855,FALSE,2.61583299861236,2.63135353386647,-0.191853731005776,-0.16237847265795,-0.105242250595662
11,"young_lifetime","Law 2381 pillars",0.96,0.000267728070175611,"pillars","mixed",TRUE,4.70836248225642,FALSE,2.74006760404919,2.77732519425138,-0.178592867812577,-0.151453966929389,-0.104062541392923
11,"young_lifetime","Law 2381 pillars",0.97,0.000222693986042829,"pillars","mixed",TRUE,4.93197826948252,FALSE,2.87020252391597,2.93020645444122,-0.166269460160178,-0.141265388059137,-0.102952335018872
11,"young_lifetime","Law 2381 pillars",0.98,0.00018455327674269,"pillars","mixed",TRUE,5.16621431385432,FALSE,3.00651798376056,3.09032865321778,-0.154814349873304,-0.131762973652016,-0.101906714485367
11,"young_lifetime","Law 2381 pillars",0.99,0.000152382018630337,"pillars","mixed",TRUE,5.4115750066907,FALSE,3.1493075179737,3.25803843219339,-0.144163903631269,-0.122900362997393,-0.100921205204663
11,"young_lifetime","Law 2381 pillars",1,6.26778916131105e-05,"pillars","mixed",TRUE,5.66858869453112,FALSE,3.29887860187021,3.4336985206061,-0.134259506214331,-0.114634357301959,-0.0999917235017499
12,"young_lifetime","Law 2381 pillars",0,0.000223648618482682,"informal","informal",FALSE,0.156791379775172,TRUE,0.0798258985822063,0.121423317628594,-33.0171114741431,-37.4437493418334,0.0874939148785676
12,"young_lifetime","Law 2381 pillars",0.01,0.000530074028894635,"informal","informal",FALSE,0.161404902542253,TRUE,0.0820756734853036,0.124845454272258,-31.6689101140256,-35.8498645670935,0.0861828332628791
12,"young_lifetime","Law 2381 pillars",0.02,0.000625857596014926,"informal","informal",FALSE,0.166154176345857,TRUE,0.0843916471025848,0.128368285898901,-30.374252936259,-34.3238273962876,0.0849092269951397
12,"young_lifetime","Law 2381 pillars",0.03,0.00073622950670148,"informal","informal",FALSE,0.171043195605183,TRUE,0.0867757673043696,0.131994775417562,-29.1311149002067,-32.8627497302052,0.0836720248974097
12,"young_lifetime","Law 2381 pillars",0.04,0.000862878406729994,"informal","informal",FALSE,0.176076072273596,TRUE,0.0892300392762718,0.135727972919678,-27.9375407401742,-31.4638664086426,0.0824701864098021
12,"young_lifetime","Law 2381 pillars",0.05,0.00100759191313581,"informal","informal",FALSE,0.18125703929702,TRUE,0.091756527205679,0.139571018244389,-26.7916430216854,-30.1245299772036,0.0813027007153102
12,"young_lifetime","Law 2381 pillars",0.06,0.00117224512608808,"informal","informal",FALSE,0.186590454174098,TRUE,0.0943573560178554,0.143527143619329,-25.6916002195836,-28.842205676864,0.0801685858896521
12,"young_lifetime","Law 2381 pillars",0.07,0.00135878545245099,"informal","informal",FALSE,0.192080802621101,TRUE,0.0970347131631292,0.14759967637912,-24.6356548203463,-27.6144666468168,0.0790668880754117
12,"young_lifetime","Law 2381 pillars",0.08,0.00156921348536889,"informal","informal",FALSE,0.197732702344685,TRUE,0.0997908504566678,0.151792041763854,-23.6221114507489,-26.4389893315217,0.0779966806797918
12,"young_lifetime","Law 2381 pillars",0.09,0.00180555975146526,"informal","informal",FALSE,0.203550906925649,TRUE,0.102628085972387,0.156107765799926,-22.6493350347715,-25.3135490832626,0.076957063595293
12,"young_lifetime","Law 2381 pillars",0.1,0.00206985722142662,"informal","informal",FALSE,0.209540309816981,TRUE,0.105548805992586,0.160550478265626,-21.715748980418,-24.2360159518952,0.07594716244267
12,"young_lifetime","Law 2381 pillars",0.11,0.00236410958058029,"informal","informal",FALSE,0.215705948459539,TRUE,0.108555467014955,0.165123915743998,-20.8198333979085,-23.2043506538124,0.074966127835528
12,"young_lifetime","Law 2381 pillars",0.12,0.00269025537259384,"informal","informal",FALSE,0.222053008518835,TRUE,0.111650597818631,0.169831924765529,-19.9601233505058,-22.216600712502,0.0740131346659387
12,"young_lifetime","Law 2381 pillars",0.13,0.0030501282598838,"informal","informal",FALSE,0.228586828246484,TRUE,0.114836801591053,0.174678465043304,-19.1352071390558,-21.27089676339,0.0730873814104755
12,"young_lifetime","Law 2381 pillars",0.14,0.00344541378616971,"informal","informal",FALSE,0.235312902969993,TRUE,0.118116758117394,0.17966761280336,-18.3437246211485,-20.3654490159778,0.0721880894560853
12,"young_lifetime","Law 2381 pillars",0.15,0.0038776031764757,"informal","informal",FALSE,0.242236889714651,TRUE,0.121493226034418,0.184803564213031,-17.5843655656507,-19.498543866577,0.0713145024452282
12,"young_lifetime","Law 2381 pillars",0.16,0.00434794486360459,"informal","informal",FALSE,0.249364611961422,TRUE,0.124969045150659,0.190090638910177,-16.8558680432089,-18.6685406552316,0.0704658856397369
12,"young_lifetime","Law 2381 pillars",0.17,0.00485739458280167,"informal","informal",FALSE,0.256702064544835,TRUE,0.128547138834865,0.195533283636245,-16.15701685319,-17.8738685606894,0.0696415253028602
12,"young_lifetime","Law 2381 pillars",0.18,0.00540656502249209,"informal","informal",FALSE,0.264255418694996,TRUE,0.132230516474722,0.201136075976251,-15.4866419873994,-17.1130236275471,0.0688407280989649
12,"young_lifetime","Law 2381 pillars",0.19,0.00599567615266305,"informal","informal",FALSE,0.272031027227952,TRUE,0.13602227600793,0.206903728208789,-14.8436171307977,-16.3845659199415,0.0680628205104021
12,"young_lifetime","Law 2381 pillars",0.2,0.00662450746745946,"informal","informal",FALSE,0.280035429888787,TRUE,0.139925606527751,0.212841091269344,-14.2268581993355,-15.6871167964014,0.0673071482710383
12,"young_lifetime","Law 2381 pillars",0.21,0.00729235346863131,"informal","informal",FALSE,0.288275358851934,TRUE,0.14394379096522,0.218953158830206,-13.635321914925,-15.0193563007019,0.0665730758159806
12,"young_lifetime","Law 2381 pillars",0.22,0.00799798377561329,"informal","informal",FALSE,0.296757744383325,TRUE,0.148080208850287,0.225245071500452,-13.0680044174785,-14.3800206637833,0.0658599857470257
12,"young_lifetime","Law 2381 pillars",0.23,0.0087396092707509,"informal","informal",FALSE,0.305489720669159,TRUE,0.152338339154203,0.231722121149493,-12.5239399138634,-13.7678999120069,0.0651672783133952
12,"young_lifetime","Law 2381 pillars",0.24,0.0095148556698428,"informal","informal",FALSE,0.31447863181617,TRUE,0.156721763215533,0.238389755357852,-12.0021993635496,-13.1818355772215,0.0644943709073085
12,"young_lifetime","Law 2381 pillars",0.25,0.010320745845168,"informal","informal",FALSE,0.323732038028455,TRUE,0.16123416775228,0.245253581998901,-11.5018892006578,-12.6207185043064,0.063840697573974
12,"young_lifetime","Law 2381 pillars",0.26,0.0111536921182913,"informal","informal",FALSE,0.333257721966049,TRUE,0.165879347962629,0.25231937395541,-11.0221500920578,-12.0834867520412,0.0632057085355902
12,"young_lifetime","Law 2381 pillars",0.27,0.0120094995825537,"informal","informal",FALSE,0.343063695290606,TRUE,0.170661210716932,0.259593073974885,-10.562155731112,-11.5691235833312,0.0625888697289485
12,"young_lifetime","Law 2381 pillars",0.28,0.0128833813113884,"informal","informal",FALSE,0.353158205403672,FALSE,0.172216873624057,0.261959395615478,-10.4193649188177,-11.0766555409828,0.0416254947820784
12,"young_lifetime","Law 2381 pillars",0.29,0.0137699860614464,"informal","informal",FALSE,0.36354974238324,FALSE,0.17728428529222,0.269667444600414,-9.97583916622943,-10.605150605389,0.0416254947820784
12,"young_lifetime","Law 2381 pillars",0.3,0.0146634387938913,"informal","informal",FALSE,0.374247046124405,FALSE,0.182500803493757,0.277602299800926,-9.55119317212374,-10.153716430637,0.0416254947820782
12,"young_lifetime","Law 2381 pillars",0.31,0.0155573940198842,"informal","informal",FALSE,0.385259113690132,FALSE,0.187870815627946,0.285770634897932,-9.14462327340264,-9.72149865570018,0.0416254947820784
12,"young_lifetime","Law 2381 pillars",0.32,0.0164451016357299,"informal","informal",FALSE,0.396595206878312,FALSE,0.19339883819151,0.294179319942704,-8.75536001685359,-9.30767928751892,0.0416254947820782
12,"young_lifetime","Law 2381 pillars",0.33,0.0173194845593781,"informal","informal",FALSE,0.408264860011487,FALSE,0.199089520577257,0.302835427134988,-8.38266670292206,-8.91147515290884,0.0416254947820782
12,"young_lifetime","Law 2381 pillars",0.34,0.0181732271241403,"informal","informal",FALSE,0.420277887955771,FALSE,0.204947648984491,0.311746236771138,-8.02583799147197,-8.5321364163677,0.0416254947820782
12,"young_lifetime","Law 2381 pillars",0.35,0.0189988728395791,"informal","informal",FALSE,0.432644394375734,FALSE,0.210978150444491,0.320919243367277,-7.68419856689533,-8.16894516097547,0.0416254947820784
12,"young_lifetime","Law 2381 pillars",0.36,0.0197889298058682,"informal","informal",FALSE,0.445374780232179,FALSE,0.217186096964433,0.330362161962625,-7.35710186004474,-7.82121402970179,0.0416254947820782
12,"young_lifetime","Law 2381 pillars",0.37,0.0205359817787106,"informal","informal",FALSE,0.458479752529961,FALSE,0.223576709793248,0.340082934608303,-7.04392882457004,-7.48828492454949,0.0416254947820782
12,"young_lifetime","Law 2381 pillars",0.38,0.0212328026386743,"informal","informal",FALSE,0.471970333323213,FALSE,0.230155363812998,0.350089737047065,-6.74408676534308,-7.1695277610723,0.0416254947820782
12,"young_lifetime","Law 2381 pillars",0.39,0.0218724718319488,"informal","informal",FALSE,0.485857868985541,FALSE,0.236927592059472,0.36039098558958,-6.45700821675351,-6.86433927590955,0.0416254947820782
12,"young_lifetime","Law 2381 pillars",0.4,0.0224484882277816,"informal","informal",FALSE,0.500154039752992,FALSE,0.243899090375791,0.370995344193046,-6.18214986875267,-6.57214188508102,0.0416254947820782
12,"young_lifetime","Law 2381 pillars",0.41,0.0229548797878943,"informal","informal",FALSE,0.514870869547822,FALSE,0.251075722202952,0.381911731748088,-5.91899153861301,-6.29238259088134,0.0416254947820782
12,"young_lifetime","Law 2381 pillars",0.42,0.0233863064692461,"informal","informal",FALSE,0.530020736091325,FALSE,0.258463523511325,0.39314932958007,-5.66703518645707,-6.02453193530506,0.0416254947820782
12,"young_lifetime","Law 2381 pillars",0.43,0.0237381538851594,"informal","informal",FALSE,0.545616381314223,FALSE,0.266068707877259,0.404717589171133,-5.42580397269297,-5.76808299802172,0.0416254947820787
12,"young_lifetime","Law 2381 pillars",0.44,0.0240066154297712,"informal","informal",FALSE,0.561670922073382,FALSE,0.273897671709069,0.416626240109446,-5.19484135557235,-5.52255043700461,0.0416254947820782
12,"young_lifetime","Law 2381 pillars",0.45,0.0241887608228689,"informal","informal",FALSE,0.578197861183864,FALSE,0.281956999626791,0.428885298272365,-4.97371022716302,-5.28746956999751,0.0416254947820784
12,"young_lifetime","Law 2381 pillars",0.46,0.0242825893494975,"informal","informal",FALSE,0.595211098775587,FALSE,0.290253470000234,0.441505074250375,-4.76199208610105,-5.06239549508098,0.0416254947820784
12,"young_lifetime","Law 2381 pillars",0.47,0.0242870664418367,"informal","informal",FALSE,0.612724943984156,FALSE,0.298794060649991,0.454496182018905,-4.5592862455567,-4.60752987952515,0.00704188450782328
12,"young_lifetime","Law 2381 pillars",0.48,0.0242021426680683,"informal","informal",FALSE,0.630754126985687,FALSE,0.307585954716194,0.467869547865307,-4.36520907491517,-4.29775114138355,-0.0103290786360724
12,"young_lifetime","Law 2381 pillars",0.49,0.0240287546408929,"informal","informal",FALSE,0.649313811385756,FALSE,0.316636546699964,0.481636419578506,-4.17939327373709,-4.00879980297973,-0.0274004014520045
12,"young_lifetime","Law 2381 pillars",0.5,0.0237688078223462,"informal","informal",FALSE,0.668419606972883,FALSE,0.325953448682616,0.495808375909057,-4.00148717662471,-3.73927557266538,-0.0441772525840728
12,"young_lifetime","Law 2381 pillars",0.51,0.0234251416663332,"informal","informal",FALSE,0.688087582847287,FALSE,0.335544496727873,0.510397336307555,-3.83115408767805,-3.48787230480781,-0.0606647115198787
12,"young_lifetime","Law 2381 pillars",0.52,0.0230014779905107,"informal","informal",FALSE,0.708334280935941,FALSE,0.345417757472452,0.525415570949591,-3.66807164328164,-3.25337167005691,-0.0768677701284319
12,"young_lifetime","Law 2381 pillars",0.53,0.0225023538900762,"informal","informal",FALSE,0.729176729905315,FALSE,0.355581534910588,0.540875711055703,-3.5119312020158,-3.03463725118002,-0.092791334171529
12,"young_lifetime","Law 2381 pillars",0.54,0.0219330408840984,"informal","informal",FALSE,0.750632459483481,FALSE,0.366044377378177,0.556790759514965,-3.36243726053774,-2.83060903585243,-0.108440224789053
12,"young_lifetime","Law 2381 pillars",0.55,0.0212994523083938,"informal","informal",FALSE,0.772719515203652,FALSE,0.376815084742432,0.573174101821192,-3.21930689432728,-2.64029827971492,-0.123819179958668
12,"young_lifetime","Law 2381 pillars",0.56,0.0206080412279339,"informal","informal",FALSE,0.795456473581539,FALSE,0.38790271580309,0.590039517330929,-3.08226922223843,-2.46278271480407,-0.138932855930313
12,"young_lifetime","Law 2381 pillars",0.57,0.0198656913291574,"informal","informal",FALSE,0.818862457739294,FALSE,0.399316595911398,0.607401190852693,-2.95106489384372,-2.2972020801349,-0.153785828635976
12,"young_lifetime","Law 2381 pillars",0.58,0.0190796033639485,"informal","informal",FALSE,0.842957153489181,FALSE,0.41106632481328,0.625273724577245,-2.82544559860098,-2.14275395277652,-0.16838259507513
12,"young_lifetime","Law 2381 pillars",0.59,0.0182571797508447,"informal","informal",FALSE,0.867760825890511,FALSE,0.423161784723293,0.643672150358885,-2.70517359591362,-1.99868985921768,-0.182727574676284
12,"young_lifetime","Law 2381 pillars",0.6,0.0174059098965294,"informal","informal",FALSE,0.893294336293744,FALSE,0.435613148636149,0.66261194235813,-2.59002126519502,-1.86431164817748,-0.196825110635038
12,"young_lifetime","Law 2381 pillars",0.61,0.0165332586858387,"informal","informal",FALSE,0.919579159886118,FALSE,0.448430888882802,0.682109030056397,-2.47977067508559,-1.73896810728337,-0.210679471229066
12,"young_lifetime","Law 2381 pillars",0.62,0.0156465604078046,"informal","informal",FALSE,0.946637403753549,FALSE,0.461625785938301,0.702179811653632,-2.37421317100707,-1.6220518072206,-0.224294851110411
12,"young_lifetime","Law 2381 pillars",0.63,0.0147529201472209,"informal","informal",FALSE,0.974491825473988,FALSE,0.475208937488799,0.722841167860164,-2.27314898027372,-1.51299615805943,-0.237675372575491
12,"young_lifetime","Law 2381 pillars",0.64,0.0138591243861013,"pillars","mixed",TRUE,1.3280749214353,FALSE,0.495123128433313,0.753132679453761,-2.13739593622215,-1.41127266349469,-0.241741478080797
12,"young_lifetime","Law 2381 pillars",0.65,0.0129715622386452,"pillars","mixed",TRUE,1.39114961463727,FALSE,0.521153030348497,0.803386618771133,-1.9751665048329,-1.3163883596915,-0.237007596380557
12,"young_lifetime","Law 2381 pillars",0.66,0.0120961583990884,"pillars","mixed",TRUE,1.45721993471112,FALSE,0.545904320332185,0.906280708992256,-1.82243009940259,-1.22788342632544,-0.231452279999924
12,"young_lifetime","Law 2381 pillars",0.67,0.0112383185264294,"pillars","mixed",TRUE,1.52642815393596,FALSE,0.571831131362823,1.01291781732622,-1.68524228600416,-1.14532895823998,-0.22700159870277
12,"young_lifetime","Law 2381 pillars",0.68,0.0104028874355191,"pillars","mixed",TRUE,1.5989233015744,FALSE,0.59898929284295,1.12349321478565,-1.56092982362974,-1.06832488692244,-0.223371522303845
12,"young_lifetime","Law 2381 pillars",0.69,0.00959412012165592,"pillars","mixed",TRUE,1.67486148478419,FALSE,0.627437285699032,1.23822909155531,-1.44756927348232,-0.996498041725683,-0.220364877765467
12,"young_lifetime","Law 2381 pillars",0.7,0.00881566532576298,"pillars","mixed",TRUE,1.75440622477099,FALSE,0.657236368311159,1.35737228741491,-1.34371465883227,-0.929500341439868,-0.217841086132989
12,"young_lifetime","Law 2381 pillars",0.71,0.00807056105809019,"pillars","mixed",TRUE,1.83772880890613,FALSE,0.688450708423538,1.48119185383027,-1.24823782676264,-0.867007107450661,-0.215697597134473
12,"young_lifetime","Law 2381 pillars",0.72,0.00736124124713052,"pillars","mixed",TRUE,1.92500865956764,FALSE,0.72114752131988,1.60997669119025,-1.16023068948706,-0.808715490309039,-0.213858103843194
12,"young_lifetime","Law 2381 pillars",0.73,0.00668955247216793,"pillars","mixed",TRUE,2.0164337204988,FALSE,0.755397214561173,1.74403343775674,-1.07894303431571,-0.754343002087797,-0.212264834222471
12,"young_lifetime","Law 2381 pillars",0.74,0.00605677957576838,"pillars","mixed",TRUE,2.11220086151605,FALSE,0.791273539597547,1.88368472073696,-1.00374160218814,-0.70362614741234,-0.210873374847032
12,"young_lifetime","Law 2381 pillars",0.75,0.00546367883789977,"pillars","mixed",TRUE,2.21251630243792,FALSE,0.828853750580684,2.02926782266161,-0.934082330010252,-0.656319146531578,-0.209649113290016
12,"young_lifetime","Law 2381 pillars",0.76,0.0049105173257538,"pillars","mixed",TRUE,2.3175960571477,FALSE,0.868218770718764,2.18113377192685,-0.869490992375422,-0.612192744240796,-0.208564742160321
12,"young_lifetime","Law 2381 pillars",0.77,0.00439711701067287,"pillars","mixed",TRUE,2.42766639874613,FALSE,0.90945336653215,2.33964683562581,-0.809549350333302,-0.571033098884377,-0.207598475681778
12,"young_lifetime","Law 2381 pillars",0.78,0.00392290226240524,"pillars","mixed",TRUE,2.54296434679575,FALSE,0.952646330385062,2.50518437425456,-0.753885000521323,-0.532308051968403,-0.207063112009075
12,"young_lifetime","Law 2381 pillars",0.79,0.00348694938664893,"pillars","mixed",TRUE,2.66373817770609,FALSE,0.997890671686291,2.6781370090966,-0.702163766979907,-0.496211631461385,-0.206611898109657
12,"young_lifetime","Law 2381 pillars",0.8,0.00308803695908519,"pillars","mixed",TRUE,2.79024795935877,FALSE,1.04528381717066,2.85890905138711,-0.654083876643746,-0.462603082047067,-0.206189720124248
12,"young_lifetime","Law 2381 pillars",0.81,0.00272469582188591,"pillars","mixed",TRUE,2.92276611112372,FALSE,1.09492782069251,3.04791914528685,-0.609371410458226,-0.431303010401089,-0.205793184314092
12,"young_lifetime","Law 2381 pillars",0.82,0.0023952577407798,"pillars","mixed",TRUE,3.06157799047237,FALSE,1.14692958298304,3.24560108226683,-0.567776683566459,-0.402146504830179,-0.205419633355008
12,"young_lifetime","Law 2381 pillars",0.83,0.00209790186595431,"pillars","mixed",TRUE,3.20698250745116,FALSE,1.20140108184451,3.4524047512515,-0.529071314034847,-0.374981675720207,-0.20506694963745
12,"young_lifetime","Law 2381 pillars",0.84,0.00183069829236669,"pillars","mixed",TRUE,3.35929276833837,FALSE,1.25845961327733,3.66879719579497,-0.493045810462136,-0.349668392406803,-0.204733412992292
12,"young_lifetime","Law 2381 pillars",0.85,0.00159164816888775,"pillars","mixed",TRUE,3.51883674987034,FALSE,1.3182280440589,3.8952637560634,-0.459507556988785,-0.326077183190032,-0.204417597508976
12,"young_lifetime","Law 2381 pillars",0.86,0.00137871995615396,"pillars","mixed",TRUE,3.68595800548897,FALSE,1.38083507631834,4.1323092791443,-0.428279107463444,-0.304088271593567,-0.204118296569254
12,"young_lifetime","Law 2381 pillars",0.87,0.00118988157581876,"pillars","mixed",TRUE,3.86101640513129,FALSE,1.44641552467675,4.3804593860763,-0.399196723782996,-0.283590727057264,-0.203834468322647
12,"young_lifetime","Law 2381 pillars",0.88,0.0010231283256207,"pillars","mixed",TRUE,4.04438891015401,FALSE,1.51511060654981,4.64026178798876,-0.372109109911836,-0.264481712315876,-0.203565196011828
12,"young_lifetime","Law 2381 pillars",0.89,0.000876506552691064,"pillars","mixed",TRUE,4.23647038506185,FALSE,1.58706824623772,4.91228764693259,-0.346876304919445,-0.246665812967756,-0.203309659104226
12,"young_lifetime","Law 2381 pillars",0.9,0.000748133179985062,"pillars","mixed",TRUE,4.43767444778764,FALSE,1.66244339345746,5.19713297947525,-0.32336870696665,-0.230054437343377,-0.203067112293116
12,"young_lifetime","Law 2381 pillars",0.91,0.000636211266591,"pillars","mixed",TRUE,4.64843436035486,FALSE,1.74139835700323,5.49542010304066,-0.301466206478431,-0.214565276877349,-0.202836870228285
12,"young_lifetime","Law 2381 pillars",0.92,0.000539041851611795,"pillars","mixed",TRUE,4.86920396184091,FALSE,1.82410315425343,5.80779912641048,-0.281057411422024,-0.200121818874138,-0.202618296413306
12,"young_lifetime","Law 2381 pillars",0.93,0.000455032383605845,"pillars","mixed",TRUE,5.10045864564972,FALSE,1.91073587727703,6.13494948686643,-0.262038951119745,-0.18665290492008,-0.202410795126204
12,"young_lifetime","Law 2381 pillars",0.94,0.00038270207402884,"pillars","mixed",TRUE,5.34269638319846,FALSE,2.00148307632736,6.47758153723163,-0.244314847686387,-0.174092329297998,-0.202213805526916
12,"young_lifetime","Law 2381 pillars",0.95,0.000320684534961157,"pillars","mixed",TRUE,5.59643879622236,FALSE,2.09654016154952,6.83643818663215,-0.227795946218049,-0.16237847265795,-0.202026797339555
12,"young_lifetime","Law 2381 pillars",0.96,0.000267728070175611,"pillars","mixed",TRUE,5.86223228000702,FALSE,2.19611182376601,7.21229659920622,-0.212399396434814,-0.151453966929389,-0.201849267662505
12,"young_lifetime","Law 2381 pillars",0.97,0.000222693986042829,"pillars","mixed",TRUE,6.14064917996664,FALSE,2.30041247524699,7.60596995528356,-0.198048179710861,-0.141265388059137,-0.201680738580659
12,"young_lifetime","Law 2381 pillars",0.98,0.00018455327674269,"pillars","mixed",TRUE,6.43228902410188,FALSE,2.40966671141416,8.01830927977429,-0.18467067639741,-0.131762973652016,-0.201520755343412
12,"young_lifetime","Law 2381 pillars",0.99,0.000152382018630337,"pillars","mixed",TRUE,6.73777981399133,FALSE,2.52410979447245,8.4502053426753,-0.172200269118594,-0.122900362997393,-0.20136888493769
12,"young_lifetime","Law 2381 pillars",1,6.26778916131105e-05,"pillars","mixed",TRUE,7.05777937709628,FALSE,2.64398816001103,8.90259063673859,-0.160574978344266,-0.114634357301959,-0.201224714933584
13,"young_lifetime","Law 2381 pillars",0,0.000223648618482682,"informal","informal",FALSE,0.101018419189466,TRUE,0.077953956165391,0.0743916519302676,-37.8410237086871,-37.4437493418334,-0.00701131070334382
13,"young_lifetime","Law 2381 pillars",0.01,0.000530074028894635,"informal","informal",FALSE,0.103990845208635,TRUE,0.0800562884262945,0.076397912773054,-36.3602566830989,-35.8498645670935,-0.00938008957261127
13,"young_lifetime","Law 2381 pillars",0.02,0.000625857596014926,"informal","informal",FALSE,0.107050733658025,TRUE,0.0822204809614271,0.0784632070275506,-34.934143367317,-34.3238273962876,-0.0116811603668984
13,"young_lifetime","Law 2381 pillars",0.03,0.00073622950670148,"informal","informal",FALSE,0.110200658084177,TRUE,0.0844483539842721,0.0805892717279577,-33.5608795512379,-32.8627497302052,-0.0139164584223723
13,"young_lifetime","Law 2381 pillars",0.04,0.000862878406729994,"informal","informal",FALSE,0.113443267759197,TRUE,0.0867417812673564,0.0827778950200021,-32.2387068525291,-31.4638664086426,-0.0160878637564498
13,"young_lifetime","Law 2381 pillars",0.05,0.00100759191313581,"informal","informal",FALSE,0.116781289908945,TRUE,0.0891026917182036,0.0850309176648738,-30.9659124626947,-30.1245299772036,-0.018197202649003
13,"young_lifetime","Law 2381 pillars",0.06,0.00117224512608808,"informal","informal",FALSE,0.120217532006798,TRUE,0.0915330710016592,0.0873502345874141,-29.7408288233191,-28.842205676864,-0.0202462491783693
13,"young_lifetime","Law 2381 pillars",0.07,0.00135878545245099,"informal","informal",FALSE,0.123754884134899,TRUE,0.0940349632099511,0.0897377964698595,-28.5618332381979,-27.6144666468168,-0.0222367267134537
13,"young_lifetime","Law 2381 pillars",0.08,0.00156921348536889,"informal","informal",FALSE,0.127396321414886,TRUE,0.0966104725818926,0.0921956113924801,-27.4273474268326,-26.4389893315217,-0.0241703093631856
13,"young_lifetime","Law 2381 pillars",0.09,0.00180555975146526,"informal","informal",FALSE,0.131144906510142,TRUE,0.0992617652726703,0.0947257465224937,-26.335837024529,-25.3135490832626,-0.0260486233845421
13,"young_lifetime","Law 2381 pillars",0.1,0.00206985722142662,"informal","informal",FALSE,0.135003792201682,TRUE,0.101991071175709,0.0973303298526753,-25.2858110341043,-24.2360159518952,-0.0278732485503262
13,"young_lifetime","Law 2381 pillars",0.11,0.00236410958058029,"informal","informal",FALSE,0.138976224039821,TRUE,0.104800685798143,0.100011551991124,-24.2758212339682,-23.2043506538124,-0.0296457194778492
13,"young_lifetime","Law 2381 pillars",0.12,0.00269025537259384,"informal","informal",FALSE,0.143065543073878,TRUE,0.107692972191474,0.102771668003695,-23.3044615471116,-22.216600712502,-0.0313675269196334
13,"young_lifetime","Law 2381 pillars",0.13,0.0030501282598838,"informal","informal",FALSE,0.147275188662191,TRUE,0.110670362939034,0.105612999310639,-22.3703673753007,-21.27089676339,-0.0330401190172235
13,"young_lifetime","Law 2381 pillars",0.14,0.00344541378616971,"informal","informal",FALSE,0.151608701364824,TRUE,0.113735362201936,0.10853793563906,-21.4722149025462,-20.3654490159778,-0.0346649025191592
13,"young_lifetime","Law 2381 pillars",0.15,0.0038776031764757,"informal","informal",FALSE,0.156069725921386,TRUE,0.116890547825215,0.111548937032811,-20.6087203716912,-19.498543866577,-0.0362432439641335
13,"young_lifetime","Law 2381 pillars",0.16,0.00434794486360459,"informal","informal",FALSE,0.160662014316467,TRUE,0.120138573505952,0.114648535921536,-19.7786393377397,-18.6685406552316,-0.0377764708303318
13,"young_lifetime","Law 2381 pillars",0.17,0.00485739458280167,"informal","informal",FALSE,0.165389428935287,TRUE,0.12348217102519,0.117839339250598,-18.980765901334,-17.8738685606894,-0.0392658726519191
13,"young_lifetime","Law 2381 pillars",0.18,0.00540656502249209,"informal","informal",FALSE,0.170255945812181,TRUE,0.12692415254552,0.121124030673667,-18.2139319255772,-17.1130236275471,-0.040712702103615
13,"young_lifetime","Law 2381 pillars",0.19,0.00599567615266305,"informal","informal",FALSE,0.175265657974684,TRUE,0.130467412976277,0.124505372809836,-17.4770062391949,-16.3845659199415,-0.0421181760542684
13,"young_lifetime","Law 2381 pillars",0.2,0.00662450746745946,"informal","informal",FALSE,0.180422778886007,TRUE,0.134114932408328,0.127986209567144,-16.768893828832,-15.6871167964014,-0.0434834765903119
13,"young_lifetime","Law 2381 pillars",0.21,0.00729235346863131,"informal","informal",FALSE,0.185731645988803,TRUE,0.137869778620507,0.131569468534469,-16.088535023093,-15.0193563007019,-0.0448097520099694
13,"young_lifetime","Law 2381 pillars",0.22,0.00799798377561329,"informal","informal",FALSE,0.191196724353223,TRUE,0.141735109659796,0.135258163443808,-15.4349046707468,-14.3800206637833,-0.0460981177890422
13,"young_lifetime","Law 2381 pillars",0.23,0.0087396092707509,"informal","informal",FALSE,0.19682261043229,TRUE,0.145714176497429,0.139055396704996,-14.807011315345,-13.7678999120069,-0.0473496575190886
13,"young_lifetime","Law 2381 pillars",0.24,0.0095148556698428,"informal","informal",FALSE,0.202614035927796,TRUE,0.149810325763148,0.142964362015022,-14.2038963683324,-13.1818355772215,-0.0485654238187899
13,"young_lifetime","Law 2381 pillars",0.25,0.010320745845168,"informal","informal",FALSE,0.208575871769941,TRUE,0.154027002559921,0.146988347044113,-13.6246332825666,-12.6207185043064,-0.0497464392192634
13,"young_lifetime","Law 2381 pillars",0.26,0.0111536921182913,"informal","informal",FALSE,0.214713132214069,TRUE,0.158367753361471,0.151130736200859,-13.0683267280111,-12.0834867520412,-0.0508936970240721
13,"young_lifetime","Law 2381 pillars",0.27,0.0120094995825537,"informal","informal",FALSE,0.221030979057953,TRUE,0.162836228995075,0.155395013478701,-12.5341117712181,-11.5691235833312,-0.052008162144651
13,"young_lifetime","Law 2381 pillars",0.28,0.0128833813113884,"informal","informal",FALSE,0.227534725983174,FALSE,0.160930361874587,0.1535762398022,-12.7574282901847,-11.0766555409828,-0.0898834545814191
13,"young_lifetime","Law 2381 pillars",0.29,0.0137699860614464,"informal","informal",FALSE,0.234229843024239,FALSE,0.165665672511483,0.158095158379395,-12.2143771515039,-10.605150605389,-0.0898834545814191
13,"young_lifetime","Law 2381 pillars",0.3,0.0146634387938913,"informal","informal",FALSE,0.241121961169201,FALSE,0.170540317743583,0.162747044303191,-11.6944423127947,-10.153716430637,-0.0898834545814192
13,"young_lifetime","Law 2381 pillars",0.31,0.0155573940198842,"informal","informal",FALSE,0.248216877095653,FALSE,0.175558397434848,0.167535810083838,-11.1966397722085,-9.72149865570018,-0.0898834545814191
13,"young_lifetime","Law 2381 pillars",0.32,0.0164451016357299,"informal","informal",FALSE,0.255520558046076,FALSE,0.180724132086072,0.172465483355618,-10.7200274143421,-9.30767928751892,-0.0898834545814193
13,"young_lifetime","Law 2381 pillars",0.33,0.0173194845593781,"informal","informal",FALSE,0.263039146846641,FALSE,0.186041866384575,0.177540210264314,-10.2637032272387,-8.91147515290884,-0.0898834545814192
13,"young_lifetime","Law 2381 pillars",0.34,0.0181732271241403,"informal","informal",FALSE,0.270778967073688,FALSE,0.191516072858337,0.182764258954371,-9.82680359528687,-8.5321364163677,-0.0898834545814192
13,"young_lifetime","Law 2381 pillars",0.35,0.0189988728395791,"informal","informal",FALSE,0.278746528372226,FALSE,0.197151355637664,0.188142023158651,-9.4085016647858,-8.16894516097547,-0.089883454581419
13,"young_lifetime","Law 2381 pillars",0.36,0.0197889298058682,"informal","informal",FALSE,0.286948531930929,FALSE,0.202952454327524,0.193678025893825,-9.00800577908498,-7.82121402970179,-0.0898834545814192
13,"young_lifetime","Law 2381 pillars",0.37,0.0205359817787106,"informal","informal",FALSE,0.295391876118231,FALSE,0.208924247993844,0.199376923264495,-8.62455798033553,-7.48828492454949,-0.0898834545814193
13,"young_lifetime","Law 2381 pillars",0.38,0.0212328026386743,"informal","informal",FALSE,0.304083662284258,FALSE,0.215071759267085,0.205243508379252,-8.25743257501828,-7.1695277610723,-0.0898834545814193
13,"young_lifetime","Law 2381 pillars",0.39,0.0218724718319488,"informal","informal",FALSE,0.313031200733485,FALSE,0.221400158566571,0.211282715381964,-7.9059347605337,-6.86433927590955,-0.0898834545814193
13,"young_lifetime","Law 2381 pillars",0.4,0.0224484882277816,"informal","informal",FALSE,0.322242016873131,FALSE,0.227914768449123,0.217499623601683,-7.56939931025433,-6.57214188508102,-0.0898834545814192
13,"young_lifetime","Law 2381 pillars",0.41,0.0229548797878943,"informal","informal",FALSE,0.331723857542471,FALSE,0.234621068085631,0.223899461824656,-7.24718931455121,-6.29238259088134,-0.089883454581419
13,"young_lifetime","Law 2381 pillars",0.42,0.0233863064692461,"informal","informal",FALSE,0.341484697528384,FALSE,0.241524697869373,0.230487612692047,-6.93869497541153,-6.02453193530506,-0.089883454581419
13,"young_lifetime","Law 2381 pillars",0.43,0.0237381538851594,"informal","informal",FALSE,0.351532746272619,FALSE,0.248631464159908,0.237269617227051,-6.64333245236642,-5.76808299802172,-0.0898834545814191
13,"young_lifetime","Law 2381 pillars",0.44,0.0240066154297712,"informal","informal",FALSE,0.36187645477642,FALSE,0.255947344166571,0.244251179495227,-6.36054275754459,-5.52255043700461,-0.0898834545814191
13,"young_lifetime","Law 2381 pillars",0.45,0.0241887608228689,"informal","informal",FALSE,0.372524522708314,FALSE,0.263478490975659,0.251438171401946,-6.08979069776071,-5.28746956999751,-0.089883454581419
13,"young_lifetime","Law 2381 pillars",0.46,0.0242825893494975,"informal","informal",FALSE,0.383485905721048,FALSE,0.271231238725537,0.258836637631017,-5.83056386163645,-5.06239549508098,-0.089883454581419
13,"young_lifetime","Law 2381 pillars",0.47,0.0242870664418367,"informal","informal",FALSE,0.394769822983818,FALSE,0.279212107934024,0.266452800728616,-5.58237164983708,-4.60752987952515,-0.120100760195173
13,"young_lifetime","Law 2381 pillars",0.48,0.0242021426680683,"informal","informal",FALSE,0.406385764936136,FALSE,0.287427810982529,0.274293066336819,-5.34474434658852,-4.29775114138355,-0.135278577026954
13,"young_lifetime","Law 2381 pillars",0.49,0.0240287546408929,"informal","informal",FALSE,0.418343501269848,FALSE,0.295885257761564,0.28236402858112,-5.1172322307175,-4.00879980297973,-0.150194584195358
13,"young_lifetime","Law 2381 pillars",0.5,0.0237688078223462,"informal","informal",FALSE,0.43065308914602,FALSE,0.304591561482368,0.290672475616483,-4.89940472453248,-3.73927557266538,-0.164853297784654
13,"young_lifetime","Law 2381 pillars",0.51,0.0234251416663332,"informal","informal",FALSE,0.443324881653604,FALSE,0.313554044659533,0.299225395336581,-4.69084957893448,-3.48787230480781,-0.179259155978943
13,"young_lifetime","Law 2381 pillars",0.52,0.0230014779905107,"pillars","payg_only",TRUE,0.611388934999806,FALSE,0.323036985277779,0.308274988871656,-4.48581898593959,-3.25337167005691,-0.192774962404372
13,"young_lifetime","Law 2381 pillars",0.53,0.0225023538900762,"pillars","payg_only",TRUE,0.640425828084509,FALSE,0.338641815048926,0.323166716269087,-4.1793548128602,-3.03463725118002,-0.192148204539296
13,"young_lifetime","Law 2381 pillars",0.54,0.0219330408840984,"pillars","payg_only",TRUE,0.670841779754911,FALSE,0.354971210208502,0.33874989819722,-3.89430911189114,-2.83060903585243,-0.191587577323502
13,"young_lifetime","Law 2381 pillars",0.55,0.0212994523083938,"pillars","payg_only",TRUE,0.702702286087924,FALSE,0.372050389231983,0.355048600709173,-3.62925490769922,-2.64029827971492,-0.191108360567812
13,"young_lifetime","Law 2381 pillars",0.56,0.0206080412279339,"pillars","payg_only",TRUE,0.736075953786895,FALSE,0.389905012183686,0.372087311267379,-3.38284337555274,-2.46278271480407,-0.190724975685334
13,"young_lifetime","Law 2381 pillars",0.57,0.0198656913291574,"pillars","payg_only",TRUE,0.771034647915597,FALSE,0.409018151093738,0.390327026697277,-3.14851847331401,-2.2972020801349,-0.189545502376437
13,"young_lifetime","Law 2381 pillars",0.58,0.0190796033639485,"pillars","payg_only",TRUE,0.807653646648595,FALSE,0.429224179649154,0.409609689401379,-2.92882787131988,-2.14275395277652,-0.188069285179729
13,"young_lifetime","Law 2381 pillars",0.59,0.0182571797508447,"pillars","payg_only",TRUE,0.846011803371227,FALSE,0.450430559329909,0.429846989642624,-2.72444689146879,-1.99868985921768,-0.186586501853993
13,"young_lifetime","Law 2381 pillars",0.6,0.0174059098965294,"pillars","payg_only",TRUE,0.886191716478249,FALSE,0.472677023918673,0.451076845467454,-2.53438960688548,-1.86431164817748,-0.185114188540772
13,"young_lifetime","Law 2381 pillars",0.61,0.0165332586858387,"pillars","payg_only",TRUE,0.928279907236783,FALSE,0.49600410672901,0.473337937916608,-2.35771990029951,-1.73896810728337,-0.183669032133398
13,"young_lifetime","Law 2381 pillars",0.62,0.0156465604078046,"pillars","payg_only",TRUE,0.972367006096564,FALSE,0.520453549100442,0.496670100852968,-2.19354806929996,-1.6220518072206,-0.182266650011581
13,"young_lifetime","Law 2381 pillars",0.63,0.0147529201472209,"pillars","payg_only",TRUE,1.01854794784869,FALSE,0.546068767221412,0.521114766451852,-2.04102869905205,-1.51299615805943,-0.180920966393557
13,"young_lifetime","Law 2381 pillars",0.64,0.0138591243861013,"pillars","payg_only",TRUE,1.06692217605309,FALSE,0.572895341704153,0.546715432403524,-1.89935953443483,-1.41127266349469,-0.179643735733107
13,"young_lifetime","Law 2381 pillars",0.65,0.0129715622386452,"pillars","mixed",TRUE,1.11759385717496,FALSE,0.601557601243805,0.574067897115962,-1.76524215171523,-1.3163883596915,-0.177656691821334
13,"young_lifetime","Law 2381 pillars",0.66,0.0120961583990884,"pillars","mixed",TRUE,1.17067210489124,FALSE,0.634191984223158,0.605210968987879,-1.6307560365886,-1.22788342632544,-0.17235246031408
13,"young_lifetime","Law 2381 pillars",0.67,0.0112383185264294,"pillars","mixed",TRUE,1.22627121505011,FALSE,0.668275628464407,0.637737074443394,-1.50760192430868,-1.14532895823998,-0.167414124643362
13,"young_lifetime","Law 2381 pillars",0.68,0.0104028874355191,"pillars","mixed",TRUE,1.28451091178959,FALSE,0.703878904478316,0.671713368233854,-1.3946755696141,-1.06832488692244,-0.162817577392511
13,"young_lifetime","Law 2381 pillars",0.69,0.00959412012165592,"pillars","mixed",TRUE,1.345516605345,FALSE,0.741077077717682,0.707211676365818,-1.2909964474249,-0.996498041725683,-0.158538464936538
13,"young_lifetime","Law 2381 pillars",0.7,0.00881566532576298,"pillars","mixed",TRUE,1.40941966210069,FALSE,0.779950228816541,0.744308419985135,-1.19569326470954,-0.929500341439868,-0.154552753901134
13,"young_lifetime","Law 2381 pillars",0.71,0.00807056105809019,"pillars","mixed",TRUE,1.47635768746733,FALSE,0.820583164713431,0.783084530561654,-1.10799095141657,-0.867007107450661,-0.150837195534794
13,"young_lifetime","Law 2381 pillars",0.72,0.00736124124713052,"pillars","mixed",TRUE,1.54647482219398,FALSE,0.863065342355927,0.823625377080275,-1.02719903272562,-0.808715490309039,-0.14736967804855
13,"young_lifetime","Law 2381 pillars",0.73,0.00668955247216793,"pillars","mixed",TRUE,1.61992205275311,FALSE,0.907490820808265,0.866020720337135,-0.952701296638416,-0.754343002087797,-0.144129469319806
13,"young_lifetime","Law 2381 pillars",0.74,0.00605677957576838,"pillars","mixed",TRUE,1.6968575364667,FALSE,0.953958251775243,0.910364703896545,-0.883946670003028,-0.70362614741234,-0.141097360855893
13,"young_lifetime","Law 2381 pillars",0.75,0.00546367883789977,"pillars","mixed",TRUE,1.77744694207374,FALSE,1.0025709135337,0.956755886471892,-0.820441210043293,-0.656319146531578,-0.138255728726895
13,"young_lifetime","Law 2381 pillars",0.76,0.0049105173257538,"pillars","mixed",TRUE,1.86186380647242,FALSE,1.05343678937692,1.0052973167853,-0.761741112330194,-0.612192744240796,-0.135588528954691
13,"young_lifetime","Law 2381 pillars",0.77,0.00439711701067287,"pillars","mixed",TRUE,1.95028990840512,FALSE,1.10666868898814,1.05609664939471,-0.707446632573431,-0.571033098884377,-0.133081244427653
13,"young_lifetime","Law 2381 pillars",0.78,0.00392290226240524,"pillars","mixed",TRUE,2.04291565989104,FALSE,1.16238440954413,1.10926629843537,-0.657196819603832,-0.532308051968403,-0.131082811435738
13,"young_lifetime","Law 2381 pillars",0.79,0.00348694938664893,"pillars","mixed",TRUE,2.13994051624919,FALSE,1.22070693259379,1.16492362550162,-0.610664960339226,-0.496211631461385,-0.129218301624457
13,"young_lifetime","Law 2381 pillars",0.8,0.00308803695908519,"pillars","mixed",TRUE,2.24157340559478,FALSE,1.2817646526249,1.22319115776866,-0.567554643679251,-0.462603082047067,-0.127429431418931
13,"young_lifetime","Law 2381 pillars",0.81,0.00272469582188591,"pillars","mixed",TRUE,2.34803317873378,FALSE,1.34569163350831,1.28419683271788,-0.527596358259435,-0.431303010401089,-0.125713444124862
13,"young_lifetime","Law 2381 pillars",0.82,0.0023952577407798,"pillars","mixed",TRUE,2.45954908042449,FALSE,1.41262788951875,1.34807426631572,-0.490544547944546,-0.402146504830179,-0.124067655076375
13,"young_lifetime","Law 2381 pillars",0.83,0.00209790186595431,"pillars","mixed",TRUE,2.57636124302094,FALSE,1.48271968824561,1.41496304208218,-0.456175058138483,-0.374981675720207,-0.122489463956178
13,"young_lifetime","Law 2381 pillars",0.84,0.00183069829236669,"pillars","mixed",TRUE,2.69872120356094,FALSE,1.55611987333797,1.48500901908716,-0.4242829149053,-0.349668392406803,-0.120976359156087
13,"young_lifetime","Law 2381 pillars",0.85,0.00159164816888775,"pillars","mixed",TRUE,2.82689244541249,FALSE,1.63298820562253,1.55836465748017,-0.394680387187908,-0.326077183190032,-0.119525917336484
13,"young_lifetime","Law 2381 pillars",0.86,0.00137871995615396,"pillars","mixed",TRUE,2.96115096564466,FALSE,1.71349172166232,1.63518936066378,-0.367195289884706,-0.304088271593567,-0.118135800344089
13,"young_lifetime","Law 2381 pillars",0.87,0.00118988157581876,"pillars","mixed",TRUE,3.1017858693449,FALSE,1.79780510927761,1.71564983365416,-0.341669492122059,-0.283590727057264,-0.116803750908683
13,"young_lifetime","Law 2381 pillars",0.88,0.0010231283256207,"pillars","mixed",TRUE,3.24909999216238,FALSE,1.88611109992774,1.79992045753198,-0.317957600744355,-0.264481712315876,-0.115527588008916
13,"young_lifetime","Law 2381 pillars",0.89,0.000876506552691064,"pillars","mixed",TRUE,3.40341055241804,FALSE,1.97860087816055,1.88818368018106,-0.295925793885832,-0.246665812967756,-0.1143052024273
13,"young_lifetime","Law 2381 pillars",0.9,0.000748133179985062,"pillars","mixed",TRUE,3.56504983418545,FALSE,2.07290140801219,1.99702401166686,-0.275221077626008,-0.230054437343377,-0.112641155629137
13,"young_lifetime","Law 2381 pillars",0.91,0.000636211266591,"pillars","mixed",TRUE,3.73436590281354,FALSE,2.17135038723619,2.11308152208262,-0.255990775035636,-0.214565276877349,-0.111023902181707
13,"young_lifetime","Law 2381 pillars",0.92,0.000539041851611795,"pillars","mixed",TRUE,3.91172335443178,FALSE,2.27447503577702,2.23460280308947,-0.238150028308314,-0.200121818874138,-0.109509680418394
13,"young_lifetime","Law 2381 pillars",0.93,0.000455032383605845,"pillars","mixed",TRUE,4.09750410105195,FALSE,2.38249741671479,2.36185390097338,-0.22159163235523,-0.18665290492008,-0.108090209776682
13,"young_lifetime","Law 2381 pillars",0.94,0.00038270207402884,"pillars","mixed",TRUE,4.29210819295691,FALSE,2.49565013964352,2.49511262509682,-0.20621772918717,-0.174092329297998,-0.106758092020705
13,"young_lifetime","Law 2381 pillars",0.95,0.000320684534961157,"pillars","mixed",TRUE,4.49595468014744,FALSE,2.6141768615602,2.63466921775662,-0.191938813632569,-0.16237847265795,-0.105506688912198
13,"young_lifetime","Law 2381 pillars",0.96,0.000267728070175611,"pillars","mixed",TRUE,4.70948251470197,FALSE,2.7383328115426,2.78082704297698,-0.178672875118438,-0.151453966929389,-0.104330020505138
13,"young_lifetime","Law 2381 pillars",0.97,0.000222693986042829,"pillars","mixed",TRUE,4.93315149599245,FALSE,2.86838534034592,2.93390329627809,-0.166344651937389,-0.141265388059137,-0.103222680112459
13,"young_lifetime","Law 2381 pillars",0.98,0.00018455327674269,"pillars","mixed",TRUE,5.1674432607916,FALSE,3.00461449610154,3.09422973755934,-0.154884979290801,-0.131762973652016,-0.102179762815926
13,"young_lifetime","Law 2381 pillars",0.99,0.000152382018630337,"pillars","mixed",TRUE,5.41286232040366,FALSE,3.14731362735762,3.26215344930088,-0.144230216133242,-0.122900362997393,-0.101196805031403
13,"young_lifetime","Law 2381 pillars",1,6.26778916131105e-05,"pillars","mixed",TRUE,5.66993714705199,FALSE,3.29679001476009,3.43803762233028,-0.134321738732866,-0.114634357301959,-0.100269733143102
14,"young_lifetime","Law 2381 pillars",0,0.000223648618482682,"informal","informal",FALSE,0.156701002811882,TRUE,0.0798294130501929,0.121299846460132,-33.0204405129627,-37.4437493418334,0.0874208213595848
14,"young_lifetime","Law 2381 pillars",0.01,0.000530074028894635,"informal","informal",FALSE,0.161311866273468,TRUE,0.082078939644472,0.124717975443774,-31.6723042720306,-35.8498645670935,0.0861052314570689
14,"young_lifetime","Law 2381 pillars",0.02,0.000625857596014926,"informal","informal",FALSE,0.166058402522592,TRUE,0.0843946576465487,0.128236681486624,-30.377696109814,-34.3238273962876,0.0848272457652792
14,"young_lifetime","Law 2381 pillars",0.03,0.00073622950670148,"informal","informal",FALSE,0.170944603676007,TRUE,0.0867785147117553,0.131858924027862,-29.1345925004863,-32.8627497302052,0.0835857894229222
14,"young_lifetime","Law 2381 pillars",0.04,0.000862878406729994,"informal","informal",FALSE,0.175974579316886,TRUE,0.0892325158043923,0.135587749586966,-27.9410395798943,-31.4638664086426,0.0823798182920397
14,"young_lifetime","Law 2381 pillars",0.05,0.00100759191313581,"informal","informal",FALSE,0.181152559951217,TRUE,0.0917587248840217,0.139426294326016,-26.7951512092636,-30.1245299772036,0.0812083180798293
14,"young_lifetime","Law 2381 pillars",0.06,0.00117224512608808,"informal","informal",FALSE,0.186482900565913,TRUE,0.0943592666413785,0.143377786687387,-25.6951070602971,-28.842205676864,0.0800703034855617
14,"young_lifetime","Law 2381 pillars",0.07,0.00135878545245099,"informal","informal",FALSE,0.191970084291611,TRUE,0.0970363282853612,0.147445550109062,-24.6391507240792,-27.6144666468168,0.0789648173718869
14,"young_lifetime","Law 2381 pillars",0.08,0.00156921348536889,"informal","informal",FALSE,0.197618726173248,TRUE,0.0997921613826031,0.151633005819842,-23.6255878459384,-26.4389893315217,0.0778909299598241
14,"young_lifetime","Law 2381 pillars",0.09,0.00180555975146526,"informal","informal",FALSE,0.203433577051588,TRUE,0.102629083751172,0.155943675716793,-22.6527842881826,-25.3135490832626,0.0768477380467631
14,"young_lifetime","Law 2381 pillars",0.1,0.00206985722142662,"informal","informal",FALSE,0.209419527558956,TRUE,0.105549481409994,0.160381185327378,-21.7191643223971,-24.2360159518952,0.0758343642468169
14,"young_lifetime","Law 2381 pillars",0.11,0.00236410958058029,"informal","informal",FALSE,0.215581612232552,TRUE,0.108555810585633,0.164949266858735,-20.8232088527816,-23.2043506538124,0.0748499562528904
14,"young_lifetime","Law 2381 pillars",0.12,0.00269025537259384,"informal","informal",FALSE,0.22192501374879,TRUE,0.111650599778124,0.169651762336681,-19.9634536718062,-22.216600712502,0.0738936861198372
14,"young_lifetime","Law 2381 pillars",0.13,0.0030501282598838,"informal","informal",FALSE,0.228455067282236,TRUE,0.11483645188759,0.174492626837086,-19.1384877492824,-21.27089676339,0.0729647495681121
14,"young_lifetime","Law 2381 pillars",0.14,0.00344541378616971,"informal","informal",FALSE,0.235177264992805,TRUE,0.118116046403434,0.179475931812325,-18.3469515557725,-20.3654490159778,0.0720623653073214
14,"young_lifetime","Law 2381 pillars",0.15,0.0038776031764757,"informal","informal",FALSE,0.242097260644988,TRUE,0.121492141657951,0.184605868515607,-17.5875354211026,-19.498543866577,0.0711857743791136
14,"young_lifetime","Law 2381 pillars",0.16,0.00434794486360459,"informal","informal",FALSE,0.249220874363007,TRUE,0.12496757714624,0.189886751526065,-16.8589779285942,-18.6685406552316,0.0703342395188504
14,"young_lifetime","Law 2381 pillars",0.17,0.00485739458280167,"informal","informal",FALSE,0.256554097525876,TRUE,0.128545275914397,0.195323022377577,-16.160064345495,-17.8738685606894,0.0695070445355237
14,"young_lifetime","Law 2381 pillars",0.18,0.00540656502249209,"informal","informal",FALSE,0.264103097806508,TRUE,0.132228247017962,0.200919253294352,-15.4896250899613,-17.1130236275471,0.0687034937093962
14,"young_lifetime","Law 2381 pillars",0.19,0.00599567615266305,"informal","informal",FALSE,0.27187422435909,TRUE,0.136019588052712,0.206680151036442,-14.8465342348288,-16.3845659199415,0.0679229112068596
14,"young_lifetime","Law 2381 pillars",0.2,0.00662450746745946,"informal","informal",FALSE,0.279874013159097,TRUE,0.139922487759927,0.212610560858405,-14.2297080482998,-15.6871167964014,0.0671646405120212
14,"young_lifetime","Law 2381 pillars",0.21,0.00729235346863131,"informal","informal",FALSE,0.288109192500431,TRUE,0.143940228708304,0.218715470584451,-13.6381035715806,-15.0193563007019,0.0664280438745328
14,"young_lifetime","Law 2381 pillars",0.22,0.00799798377561329,"informal","informal",FALSE,0.296586688654314,TRUE,0.148076190054793,0.225000014803494,-13.0707172334075,-14.3800206637833,0.0657125017732056
14,"young_lifetime","Law 2381 pillars",0.23,0.0087396092707509,"informal","informal",FALSE,0.305313631694689,TRUE,0.152333850386667,0.231469479187643,-12.5265835013238,-13.7678999120069,0.0650174123949581
14,"young_lifetime","Law 2381 pillars",0.24,0.0095148556698428,"informal","informal",FALSE,0.314297361495035,TRUE,0.156716790647219,0.238129304937766,-12.0047735694923,-13.1818355772215,0.0643421911286517
14,"young_lifetime","Law 2381 pillars",0.25,0.010320745845168,"informal","informal",FALSE,0.323545433901629,TRUE,0.161228697147547,0.244985093359862,-11.5043940827612,-12.6207185043064,0.0636862700734042
14,"young_lifetime","Law 2381 pillars",0.26,0.0111536921182913,"informal","informal",FALSE,0.333065627088465,TRUE,0.165873364666956,0.252042610576086,-11.0245858966424,-12.0834867520412,0.0630490975609461
14,"young_lifetime","Law 2381 pillars",0.27,0.0120094995825537,"informal","informal",FALSE,0.342865948099148,TRUE,0.170654699644597,0.259307792374398,-10.564522872806,-11.5691235833312,0.062430137691639
14,"young_lifetime","Law 2381 pillars",0.28,0.0128833813113884,"informal","informal",FALSE,0.352954639581297,FALSE,0.172197865958756,0.261652615288883,-10.422829162941,-11.0766555409828,0.0413946780583614
14,"young_lifetime","Law 2381 pillars",0.29,0.0137699860614464,"informal","informal",FALSE,0.363340186719093,FALSE,0.177264718334075,0.269351637387115,-9.97915594632846,-10.605150605389,0.0413946780583612
14,"young_lifetime","Law 2381 pillars",0.3,0.0146634387938913,"informal","informal",FALSE,0.37403132436982,FALSE,0.182480660785804,0.277277200088444,-9.55436876536532,-10.153716430637,0.0413946780583614
14,"young_lifetime","Law 2381 pillars",0.31,0.0155573940198842,"informal","informal",FALSE,0.385037044410398,FALSE,0.18785008022898,0.285435969258246,-9.14766368975068,-9.72149865570018,0.0413946780583612
14,"young_lifetime","Law 2381 pillars",0.32,0.0164451016357299,"informal","informal",FALSE,0.396366603300077,FALSE,0.193377492661838,0.293834806902286,-8.75827101044318,-9.30767928751892,0.0413946780583614
14,"young_lifetime","Law 2381 pillars",0.33,0.0173194845593781,"informal","informal",FALSE,0.408029529865667,FALSE,0.199067546964031,0.302480776938064,-8.38545378294949,-8.91147515290884,0.0413946780583614
14,"young_lifetime","Law 2381 pillars",0.34,0.0181732271241403,"informal","informal",FALSE,0.420035633315843,FALSE,0.204925028806606,0.311381151135989,-8.02850643262109,-8.5321364163677,0.0413946780583614
14,"young_lifetime","Law 2381 pillars",0.35,0.0189988728395791,"informal","informal",FALSE,0.432395011491266,FALSE,0.210954864677045,0.320543415235365,-7.68675341932017,-8.16894516097547,0.0413946780583614
14,"young_lifetime","Law 2381 pillars",0.36,0.0197889298058682,"informal","informal",FALSE,0.445118059357466,FALSE,0.217162126022723,0.329975275240339,-7.35954795892718,-7.82121402970179,0.0413946780583612
14,"young_lifetime","Law 2381 pillars",0.37,0.0205359817787106,"informal","informal",FALSE,0.458215477747617,FALSE,0.223552033516299,0.339684663901106,-7.04627079927062,-7.48828492454949,0.0413946780583612
14,"young_lifetime","Law 2381 pillars",0.38,0.0212328026386743,"informal","informal",FALSE,0.471698282362569,FALSE,0.230129961446607,0.349679747385817,-6.74632904816227,-7.1695277610723,0.0413946780583612
14,"young_lifetime","Law 2381 pillars",0.39,0.0218724718319488,"informal","informal",FALSE,0.485577813035703,FALSE,0.236901442238751,0.359968932148811,-6.45915505132008,-6.86433927590955,0.0413946780583614
14,"young_lifetime","Law 2381 pillars",0.4,0.0224484882277816,"informal","informal",FALSE,0.4998657432704,FALSE,0.2438721711072,0.370560872000935,-6.18420531805495,-6.57214188508102,0.0413946780583614
14,"young_lifetime","Law 2381 pillars",0.41,0.0229548797878943,"informal","informal",FALSE,0.514574090058141,FALSE,0.251048010845799,0.381464475387914,-5.92095949268829,-6.29238259088134,0.0413946780583614
14,"young_lifetime","Law 2381 pillars",0.42,0.0233863064692461,"informal","informal",FALSE,0.529715223985511,FALSE,0.258434996758725,0.392688912882872,-5.66891936975371,-6.02453193530506,0.0413946780583614
14,"young_lifetime","Law 2381 pillars",0.43,0.0237381538851594,"informal","informal",FALSE,0.545301879638588,FALSE,0.266039341736532,0.40424362489933,-5.42760795111905,-5.76808299802172,0.0413946780583614
14,"young_lifetime","Law 2381 pillars",0.44,0.0240066154297712,"informal","informal",FALSE,0.56134716631348,FALSE,0.27386744148156,0.41613832963115,-5.19656854324435,-5.52255043700461,0.0413946780583612
14,"young_lifetime","Law 2381 pillars",0.45,0.0241887608228689,"informal","informal",FALSE,0.577864579042018,FALSE,0.281925879887097,0.428383031226105,-4.97536389286722,-5.28746956999751,0.0413946780583612
14,"young_lifetime","Law 2381 pillars",0.46,0.0242825893494975,"informal","informal",FALSE,0.594868009941872,FALSE,0.290221434574819,0.44098802819996,-4.76357535947983,-5.06239549508098,0.0413946780583614
14,"young_lifetime","Law 2381 pillars",0.47,0.0242870664418367,"informal","informal",FALSE,0.612371759900639,FALSE,0.298761082595174,0.453963922098131,-4.56080212303157,-4.60752987952515,0.00681873126359833
14,"young_lifetime","Law 2381 pillars",0.48,0.0242021426680683,"informal","informal",FALSE,0.630390550603738,FALSE,0.307552006295488,0.467321626412209,-4.36666042535762,-4.29775114138355,-0.0105483825997056
14,"young_lifetime","Law 2381 pillars",0.49,0.0240287546408929,"informal","informal",FALSE,0.648939536916207,FALSE,0.316601599360745,0.481072375758847,-4.1807828438981,-4.00879980297973,-0.0276159225331896
14,"young_lifetime","Law 2381 pillars",0.5,0.0237688078223462,"informal","informal",FALSE,0.668034319628846,FALSE,0.325917473032113,0.495227735328738,-4.00281759633305,-3.73927557266538,-0.0443890560356186
14,"young_lifetime","Law 2381 pillars",0.51,0.0234251416663332,"informal","informal",FALSE,0.687690958579394,FALSE,0.335507462508443,0.509799610613624,-3.83242787481742,-3.48787230480781,-0.0608728614690158
14,"young_lifetime","Law 2381 pillars",0.52,0.0230014779905107,"informal","informal",FALSE,0.707925986159807,FALSE,0.345379633536134,0.52480025741951,-3.66929120855586,-3.25337167005691,-0.077072329596229
14,"young_lifetime","Law 2381 pillars",0.53,0.0225023538900762,"informal","informal",FALSE,0.728756421220966,FALSE,0.355542289192904,0.540242292174523,-3.51309885351117,-3.03463725118002,-0.0929923650919732
14,"young_lifetime","Law 2381 pillars",0.54,0.0219330408840984,"informal","informal",FALSE,0.750199783386541,FALSE,0.366003976871165,0.556138702540073,-3.36355520809124,-2.83060903585243,-0.108637788027802
14,"young_lifetime","Law 2381 pillars",0.55,0.0212994523083938,"informal","informal",FALSE,0.772274107788021,FALSE,0.376773495466884,0.57250285833424,-3.22037725370877,-2.64029827971492,-0.124013335331476
14,"young_lifetime","Law 2381 pillars",0.56,0.0206080412279339,"informal","informal",FALSE,0.794997960233327,FALSE,0.387859902779974,0.589348522776579,-3.08329401915484,-2.46278271480407,-0.139123662221144
14,"young_lifetime","Law 2381 pillars",0.57,0.0198656913291574,"informal","informal",FALSE,0.818390452821749,FALSE,0.399272523132439,0.606689864063797,-2.95204606777282,-2.2972020801349,-0.1539733436148
14,"young_lifetime","Law 2381 pillars",0.58,0.0190796033639485,"informal","informal",FALSE,0.842471260018347,FALSE,0.411020955210673,0.624541467286046,-2.82638500646193,-2.14275395277652,-0.168566875515415
14,"young_lifetime","Law 2381 pillars",0.59,0.0182571797508447,"informal","informal",FALSE,0.86726063520134,FALSE,0.423115080138528,0.642918346693841,-2.70607301558126,-1.99868985921768,-0.182908676372183
14,"young_lifetime","Law 2381 pillars",0.6,0.0174059098965294,"informal","informal",FALSE,0.892779427696384,FALSE,0.435565069787917,0.661835958325929,-2.59088239886461,-1.86431164817748,-0.197003088418285
14,"young_lifetime","Law 2381 pillars",0.61,0.0165332586858387,"informal","informal",FALSE,0.919049100312089,FALSE,0.448381395333958,0.681310213008729,-2.48059515249428,-1.73896810728337,-0.210854378985573
14,"young_lifetime","Law 2381 pillars",0.62,0.0156465604078046,"informal","informal",FALSE,0.946091747391506,FALSE,0.461574836061853,0.701357489738276,-2.37500255251827,-1.6220518072206,-0.224466741796588
14,"young_lifetime","Law 2381 pillars",0.63,0.0147529201472209,"informal","informal",FALSE,0.973930113394769,FALSE,0.475156488432898,0.721994649455921,-2.27390475983013,-1.51299615805943,-0.237844298234274
14,"young_lifetime","Law 2381 pillars",0.64,0.0138591243861013,"pillars","mixed",TRUE,1.32759861697593,FALSE,0.495212442637714,0.752469434033454,-2.13717430775808,-1.41127266349469,-0.241689057222543
14,"young_lifetime","Law 2381 pillars",0.65,0.0129715622386452,"pillars","mixed",TRUE,1.39065068889565,FALSE,0.521266588666285,0.802257504972348,-1.97501657969589,-1.3163883596915,-0.23696898394742
14,"young_lifetime","Law 2381 pillars",0.66,0.0120961583990884,"pillars","mixed",TRUE,1.45669731332735,FALSE,0.546023271912009,0.904933950565207,-1.8222687165208,-1.22788342632544,-0.231406904835045
14,"young_lifetime","Law 2381 pillars",0.67,0.0112383185264294,"pillars","mixed",TRUE,1.52588071152522,FALSE,0.571955732348628,1.01134193235278,-1.68507408940153,-1.14532895823998,-0.226950161383024
14,"young_lifetime","Law 2381 pillars",0.68,0.0104028874355191,"pillars","mixed",TRUE,1.5983498593036,FALSE,0.599119811543806,1.12167619355861,-1.560758575894,-1.06832488692244,-0.223314715125415
14,"young_lifetime","Law 2381 pillars",0.69,0.00959412012165592,"pillars","mixed",TRUE,1.67426080783355,FALSE,0.627574003166902,1.23615838917999,-1.44739788377368,-0.996498041725683,-0.2203033333894
14,"young_lifetime","Law 2381 pillars",0.7,0.00881566532576298,"pillars","mixed",TRUE,1.75377701967501,FALSE,0.657379578946094,1.35503481250667,-1.34354531093474,-0.929500341439868,-0.217775362417252
14,"young_lifetime","Law 2381 pillars",0.71,0.00807056105809019,"pillars","mixed",TRUE,1.83706972076835,FALSE,0.68860072060763,1.47857395306197,-1.24807212029792,-0.867007107450661,-0.215628177480153
14,"young_lifetime","Law 2381 pillars",0.72,0.00736124124713052,"pillars","mixed",TRUE,1.92431826914306,FALSE,0.72130465808131,1.6070641296837,-1.16006976595017,-0.808715490309039,-0.213785403727239
14,"young_lifetime","Law 2381 pillars",0.73,0.00668955247216793,"pillars","mixed",TRUE,2.01571054113775,FALSE,0.755561814269804,1.74081137548517,-1.07878768112675,-0.754343002087797,-0.212189209682574
14,"young_lifetime","Law 2381 pillars",0.74,0.00605677957576838,"pillars","mixed",TRUE,2.11144333596294,FALSE,0.791445956693552,1.88013768521203,-1.00359233557788,-0.70362614741234,-0.210795131033913
14,"young_lifetime","Law 2381 pillars",0.75,0.00546367883789977,"pillars","mixed",TRUE,2.2117227994779,FALSE,0.829034356337779,2.02537967822752,-0.933939459871349,-0.656319146531578,-0.209568512303855
14,"young_lifetime","Law 2381 pillars",0.76,0.0049105173257538,"pillars","mixed",TRUE,2.31676486809411,FALSE,0.868407954043687,2.17688768598854,-0.869354672535095,-0.612192744240796,-0.208482009905391
14,"young_lifetime","Law 2381 pillars",0.77,0.00439711701067287,"pillars","mixed",TRUE,2.4267957337611,FALSE,0.909651534802113,2.33502524211174,-0.809419617341938,-0.571033098884377,-0.207513807711483
14,"young_lifetime","Law 2381 pillars",0.78,0.00392290226240524,"pillars","mixed",TRUE,2.54205233103605,FALSE,0.952853910324976,2.50016893456918,-0.753761803514751,-0.532308051968403,-0.206976714432117
14,"young_lifetime","Law 2381 pillars",0.79,0.00348694938664893,"pillars","mixed",TRUE,2.66278284728597,FALSE,0.99810811028765,2.67270857076318,-0.702046990650291,-0.496211631461385,-0.206523920729764
14,"young_lifetime","Law 2381 pillars",0.8,0.00308803695908519,"pillars","mixed",TRUE,2.78924725712101,FALSE,1.04551158265407,2.8530476045256,-0.653973358906425,-0.462603082047067,-0.20610028972773
14,"young_lifetime","Law 2381 pillars",0.81,0.00272469582188591,"pillars","mixed",TRUE,2.92171788220985,FALSE,1.09516640351594,3.04160377701743,-0.609266956039521,-0.431303010401089,-0.20570241289314
14,"young_lifetime","Law 2381 pillars",0.82,0.0023952577407798,"pillars","mixed",TRUE,3.06047997768254,FALSE,1.14717949689791,3.23880992908181,-0.567678074452779,-0.402146504830179,-0.205327620409632
14,"young_lifetime","Law 2381 pillars",0.83,0.00209790186595431,"pillars","mixed",TRUE,3.20583234638361,FALSE,1.20166286500205,3.44511494935621,-0.528978317503024,-0.374981675720207,-0.204973784066063
14,"young_lifetime","Law 2381 pillars",0.84,0.00183069829236669,"pillars","mixed",TRUE,3.35808798229801,FALSE,1.25873382938732,3.6609848293833,-0.492958185241976,-0.349668392406803,-0.204639174647071
14,"young_lifetime","Law 2381 pillars",0.85,0.00159164816888775,"pillars","mixed",TRUE,3.51757474453561,FALSE,1.31851528360358,3.88690380346433,-0.459425057979821,-0.326077183190032,-0.20432235847861
14,"young_lifetime","Law 2381 pillars",0.86,0.00137871995615396,"pillars","mixed",TRUE,3.68463606332536,FALSE,1.38113595782392,4.12337555675264,-0.428201489329647,-0.304088271593567,-0.204022122240175
14,"young_lifetime","Law 2381 pillars",0.87,0.00118988157581876,"pillars","mixed",TRUE,3.85963167953954,FALSE,1.44673069604532,4.37092448996145,-0.399123743674465,-0.283590727057264,-0.203737418260287
14,"young_lifetime","Law 2381 pillars",0.88,0.0010231283256207,"pillars","mixed",TRUE,4.04293841934038,FALSE,1.51544074645446,4.63009703306031,-0.372040529505538,-0.264481712315876,-0.20346732469551
14,"young_lifetime","Law 2381 pillars",0.89,0.000876506552691064,"pillars","mixed",TRUE,4.23495100561733,FALSE,1.58741406558398,4.90146300352873,-0.346811891927676,-0.246665812967756,-0.203211016542881
14,"young_lifetime","Law 2381 pillars",0.9,0.000748133179985062,"pillars","mixed",TRUE,4.43608290796213,FALSE,1.66280563691415,5.18561700722976,-0.323308236228707,-0.230054437343377,-0.20296774454375
14,"young_lifetime","Law 2381 pillars",0.91,0.000636211266591,"pillars","mixed",TRUE,4.64676723301196,FALSE,1.74177780460595,5.48317988187535,-0.301409460725561,-0.214565276877349,-0.202736819834898
14,"young_lifetime","Law 2381 pillars",0.92,0.000539041851611795,"pillars","mixed",TRUE,4.86745765707813,FALSE,1.82450062308429,5.79480018449187,-0.281004181786153,-0.200121818874138,-0.202517602780536
14,"young_lifetime","Law 2381 pillars",0.93,0.000455032383605845,"pillars","mixed",TRUE,5.09862940306818,FALSE,1.91115222322404,6.12115572535838,-0.261989037441413,-0.18665290492008,-0.202309494839237
14,"young_lifetime","Law 2381 pillars",0.94,0.00038270207402884,"pillars","mixed",TRUE,5.3407802638054,FALSE,2.00191919592754,6.46295515166865,-0.244268058665626,-0.174092329297998,-0.202111932626982
14,"young_lifetime","Law 2381 pillars",0.95,0.000320684534961157,"pillars","mixed",TRUE,5.59443167394919,FALSE,2.09699699391939,6.82093958473111,-0.227752099442824,-0.16237847265795,-0.201924383562558
14,"young_lifetime","Law 2381 pillars",0.96,0.000267728070175611,"pillars","mixed",TRUE,5.86012983282442,FALSE,2.19659035262386,7.19588431492744,-0.212358318314554,-0.151453966929389,-0.201746342646918
14,"young_lifetime","Law 2381 pillars",0.97,0.000222693986042829,"pillars","mixed",TRUE,6.13844688057775,FALSE,2.30091373103118,7.58860055894476,-0.19800970533701,-0.141265388059137,-0.20157733004967
14,"young_lifetime","Law 2381 pillars",0.98,0.00018455327674269,"pillars","mixed",TRUE,6.42998213019348,FALSE,2.41019177350196,7.99993728401364,-0.184634649348512,-0.131762973652016,-0.201416889265378
14,"young_lifetime","Law 2381 pillars",0.99,0.000152382018630337,"pillars","mixed",TRUE,6.73536335802195,FALSE,2.52465979350437,8.43078310405156,-0.172166541223948,-0.122900362997393,-0.201264585668245
14,"young_lifetime","Law 2381 pillars",1,6.26778916131105e-05,"pillars","mixed",TRUE,7.05524815559941,FALSE,2.64456428032544,8.88206825274814,-0.160543409417386,-0.114634357301959,-0.201120005342113
15,"young_lifetime","Law 2381 pillars",0,0.000223648618482682,"informal","informal",FALSE,0.100917370628271,TRUE,0.0790871141075951,0.0876371503126708,-35.6137606044395,-37.4437493418334,0.0339693445173375
15,"young_lifetime","Law 2381 pillars",0.01,0.000530074028894635,"informal","informal",FALSE,0.103886823334504,TRUE,0.0812459179216217,0.0900293404498407,-34.2037798967504,-35.8498645670935,0.0318318853632904
15,"young_lifetime","Law 2381 pillars",0.02,0.000625857596014926,"informal","informal",FALSE,0.106943650982432,TRUE,0.0834682436624275,0.0924919198117043,-32.8469095731718,-34.3238273962876,0.0297555223489245
15,"young_lifetime","Law 2381 pillars",0.03,0.00073622950670148,"informal","informal",FALSE,0.11009042454428,TRUE,0.0857559604369482,0.0950269595726536,-31.5413265545343,-32.8627497302052,0.0277385091305593
15,"young_lifetime","Law 2381 pillars",0.04,0.000862878406729994,"informal","informal",FALSE,0.11332979064209,TRUE,0.088110992349833,0.0976365918505471,-30.285258775541,-31.4638664086426,0.025779149281193
15,"young_lifetime","Law 2381 pillars",0.05,0.00100759191313581,"informal","informal",FALSE,0.116664473773685,TRUE,0.0905353201217305,0.100323011499947,-29.0769845264505,-30.1245299772036,0.0238757948637036
15,"young_lifetime","Law 2381 pillars",0.06,0.00117224512608808,"informal","informal",FALSE,0.12009727860413,TRUE,0.0930309827551909,0.10308847795812,-27.9148317457687,-28.842205676864,0.0220268450448391
15,"young_lifetime","Law 2381 pillars",0.07,0.00135878545245099,"informal","informal",FALSE,0.123631092324624,TRUE,0.0956000792495875,0.10593531714536,-26.7971772691406,-27.6144666468168,0.0202307447488215
15,"young_lifetime","Law 2381 pillars",0.08,0.00156921348536889,"informal","informal",FALSE,0.127268887080793,TRUE,0.0982447703664993,0.10886592342122,-25.7224460393612,-26.4389893315217,0.0184859833494366
15,"young_lifetime","Law 2381 pillars",0.09,0.00180555975146526,"informal","informal",FALSE,0.131013722472447,TRUE,0.100967280447038,0.111882761598313,-24.6891102821598,-25.3135490832626,0.016791093399509
15,"young_lifetime","Law 2381 pillars",0.1,0.00206985722142662,"informal","informal",FALSE,0.134868748126876,TRUE,0.103769899282651,0.114988369015365,-23.6956886521497,-24.2360159518952,0.01514464939669
15,"young_lifetime","Law 2381 pillars",0.11,0.00236410958058029,"informal","informal",FALSE,0.138837206347878,TRUE,0.106654984040971,0.118185357671262,-22.7407453530783,-23.2043506538124,0.013545266584529
15,"young_lifetime","Law 2381 pillars",0.12,0.00269025537259384,"informal","informal",FALSE,0.142922434842724,TRUE,0.10962496124833,0.121476416421901,-21.822889236268,-22.216600712502,0.0119915997878108
15,"young_lifetime","Law 2381 pillars",0.13,0.0030501282598838,"informal","informal",FALSE,0.147127869529369,TRUE,0.112682328830617,0.124864313241671,-20.9407728808891,-21.27089676339,0.0104823422811844
15,"young_lifetime","Law 2381 pillars",0.14,0.00344541378616971,"informal","informal",FALSE,0.151457047426261,TRUE,0.115829658214173,0.128351897551487,-20.0930916594785,-20.3654490159778,0.00901622469012731
15,"young_lifetime","Law 2381 pillars",0.15,0.0038776031764757,"informal","informal",FALSE,0.155913609627179,TRUE,0.11906959648852,0.131942102615316,-19.278582791885,-19.498543866577,0.00759201392333009
15,"young_lifetime","Law 2381 pillars",0.16,0.00434794486360459,"informal","informal",FALSE,0.160501304363613,TRUE,0.122404868632715,0.135637948007231,-18.4960243906061,-18.6685406552316,0.00620851213559281
15,"young_lifetime","Law 2381 pillars",0.17,0.00485739458280167,"informal","informal",FALSE,0.165223990157242,TRUE,0.125838279807217,0.139442542151047,-17.7442345002707,-17.8738685606894,0.0048645557203657
15,"young_lifetime","Law 2381 pillars",0.18,0.00540656502249209,"informal","informal",FALSE,0.170085639065182,TRUE,0.129372717713194,0.143359084934686,-17.0220701338177,-17.1130236275471,0.00355901433108929
15,"young_lifetime","Law 2381 pillars",0.19,0.00599567615266305,"informal","informal",FALSE,0.175090340020718,TRUE,0.133011155021253,0.147390870401478,-16.3284263077297,-16.3845659199415,0.00229078993050269
15,"young_lifetime","Law 2381 pillars",0.2,0.00662450746745946,"informal","informal",FALSE,0.180242302272341,TRUE,0.136756651871624,0.151541289520642,-15.6622350784922,-15.6871167964014,0.00105881586713497
15,"young_lifetime","Law 2381 pillars",0.21,0.00729235346863131,"informal","informal",FALSE,0.185545858923968,TRUE,0.140612358447926,0.155813833039289,-15.0224645822766,-15.0193563007019,-0.000137944021816439
15,"young_lifetime","Law 2381 pillars",0.22,0.00799798377561329,"informal","informal",FALSE,0.191005470579346,TRUE,0.14458151762665,0.160212094418349,-14.4081180796726,-14.3800206637833,-0.00130049628195683
15,"young_lifetime","Law 2381 pillars",0.23,0.0087396092707509,"informal","informal",FALSE,0.196625729093675,TRUE,0.148667467704615,0.164739772854884,-13.8182330071397,-13.7678999120069,-0.00242981868825998
15,"young_lifetime","Law 2381 pillars",0.24,0.0095148556698428,"informal","informal",FALSE,0.202411361435633,TRUE,0.152873645206671,0.169400676393328,-13.2518800366927,-13.1818355772215,-0.00352686106743416
15,"young_lifetime","Law 2381 pillars",0.25,0.010320745845168,"informal","informal",FALSE,0.208367233663035,TRUE,0.157203587776014,0.174198725128278,-12.7081621451958,-12.6207185043064,-0.0045925460967815
15,"young_lifetime","Law 2381 pillars",0.26,0.0111536921182913,"informal","informal",FALSE,0.214498355015475,TRUE,0.161660937149561,0.179137954501526,-12.1862136945018,-12.0834867520412,-0.00562777008022519
15,"young_lifetime","Law 2381 pillars",0.27,0.0120094995825537,"informal","informal",FALSE,0.220809882127388,TRUE,0.166249442220859,0.184222518696101,-11.6851995235475,-11.5691235833312,-0.00663340370215282
15,"young_lifetime","Law 2381 pillars",0.28,0.0128833813113884,"informal","informal",FALSE,0.227307123365088,FALSE,0.165253174043117,0.183118544868889,-11.7910291477797,-11.0766555409828,-0.0408100385841643
15,"young_lifetime","Law 2381 pillars",0.29,0.0137699860614464,"informal","informal",FALSE,0.233995543291414,FALSE,0.170115681675064,0.188506733792532,-11.2891151523197,-10.605150605389,-0.0408100385841648
15,"young_lifetime","Law 2381 pillars",0.3,0.0146634387938913,"informal","informal",FALSE,0.240880767261752,FALSE,0.175121266622213,0.194053467990208,-10.8085663537125,-10.153716430637,-0.0408100385841644
15,"young_lifetime","Law 2381 pillars",0.31,0.0155573940198842,"informal","informal",FALSE,0.247968586155287,FALSE,0.180274138876543,0.199763412592313,-10.3484732900966,-9.72149865570018,-0.0408100385841645
15,"young_lifetime","Law 2381 pillars",0.32,0.0164451016357299,"informal","informal",FALSE,0.255264961245478,FALSE,0.185578632307338,0.20564136999881,-9.90796521307938,-9.30767928751892,-0.0408100385841649
15,"young_lifetime","Law 2381 pillars",0.33,0.0173194845593781,"informal","informal",FALSE,0.262776029213836,FALSE,0.191039208306231,0.211692283918335,-9.48620843980305,-8.91147515290884,-0.0408100385841648
15,"young_lifetime","Law 2381 pillars",0.34,0.0181732271241403,"informal","informal",FALSE,0.270508107311239,FALSE,0.196660459539492,0.217921243526147,-9.08240477515992,-8.5321364163677,-0.0408100385841648
15,"young_lifetime","Law 2381 pillars",0.35,0.0189988728395791,"informal","informal",FALSE,0.278467698671107,FALSE,0.202447113810734,0.22433348774442,-8.69579000116935,-8.16894516097547,-0.0408100385841645
15,"young_lifetime","Law 2381 pillars",0.36,0.0197889298058682,"informal","informal",FALSE,0.286661497778927,FALSE,0.208404038037276,0.230934409648491,-8.32563243065827,-7.82121402970179,-0.0408100385841648
15,"young_lifetime","Law 2381 pillars",0.37,0.0205359817787106,"informal","informal",FALSE,0.295096396102706,FALSE,0.214536242343503,0.237729561002752,-7.97123152250773,-7.48828492454949,-0.0408100385841645
15,"young_lifetime","Law 2381 pillars",0.38,0.0212328026386743,"informal","informal",FALSE,0.303779487889101,FALSE,0.220848884274679,0.244724656930008,-7.631916555845,-7.1695277610723,-0.0408100385841644
15,"young_lifetime","Law 2381 pillars",0.39,0.0218724718319488,"informal","informal",FALSE,0.3127180761301,FALSE,0.227347273134746,0.25192558071824,-7.30704536067181,-6.86433927590955,-0.0408100385841645
15,"young_lifetime","Law 2381 pillars",0.4,0.0224484882277816,"informal","informal",FALSE,0.321919678705272,FALSE,0.234036874451763,0.259338388768786,-6.99600310252657,-6.57214188508102,-0.0408100385841645
15,"young_lifetime","Law 2381 pillars",0.41,0.0229548797878943,"informal","informal",FALSE,0.331392034704739,FALSE,0.240923314574733,0.266969315690141,-6.69820111888034,-6.29238259088134,-0.0408100385841644
15,"young_lifetime","Law 2381 pillars",0.42,0.0233863064692461,"informal","informal",FALSE,0.341143110938214,FALSE,0.248012385405699,0.274824779541626,-6.41307580506457,-6.02453193530506,-0.0408100385841643
15,"young_lifetime","Law 2381 pillars",0.43,0.0237381538851594,"informal","informal",FALSE,0.351181108635556,FALSE,0.255310049271071,0.282911387231356,-6.14008754762196,-5.76808299802172,-0.0408100385841645
15,"young_lifetime","Law 2381 pillars",0.44,0.0240066154297712,"informal","informal",FALSE,0.361514470344484,FALSE,0.262822443936298,0.291235940073035,-5.87871970306183,-5.52255043700461,-0.0408100385841645
15,"young_lifetime","Law 2381 pillars",0.45,0.0241887608228689,"informal","informal",FALSE,0.372151887031262,FALSE,0.270555887768087,0.299805439506268,-5.62847762008738,-5.28746956999751,-0.0408100385841644
15,"young_lifetime","Law 2381 pillars",0.46,0.0242825893494975,"informal","informal",FALSE,0.383102305390311,FALSE,0.278516885048522,0.308627092985178,-5.38888770344411,-5.06239549508098,-0.0408100385841645
15,"young_lifetime","Law 2381 pillars",0.47,0.0242870664418367,"informal","informal",FALSE,0.394374935368909,FALSE,0.286712131445551,0.317708320040306,-5.1594965176179,-4.60752987952515,-0.0726566590545316
15,"young_lifetime","Law 2381 pillars",0.48,0.0242021426680683,"informal","informal",FALSE,0.405979257913295,FALSE,0.295148519644437,0.327056758518867,-4.93986992868636,-4.29775114138355,-0.0886528626336645
15,"young_lifetime","Law 2381 pillars",0.49,0.0240287546408929,"informal","informal",FALSE,0.417925032942708,FALSE,0.30383314514491,0.336680271008635,-4.72959228269934,-4.00879980297973,-0.104373139791969
15,"young_lifetime","Law 2381 pillars",0.5,0.0237688078223462,"informal","informal",FALSE,0.430222307558053,FALSE,0.312773312228902,0.346586951450841,-4.52826561903376,-3.73927557266538,-0.119822250120643
15,"young_lifetime","Law 2381 pillars",0.51,0.0234251416663332,"informal","informal",FALSE,0.442881424492104,FALSE,0.321976540103881,0.356785131947654,-4.3355089172338,-3.48787230480781,-0.13500487111034
15,"young_lifetime","Law 2381 pillars",0.52,0.0230014779905107,"informal","informal",FALSE,0.455913030808352,FALSE,0.331450569226943,0.36728338976997,-4.15095737591132,-3.25337167005691,-0.149925599567363
15,"young_lifetime","Law 2381 pillars",0.53,0.0225023538900762,"pillars","payg_only",TRUE,0.641900775809333,FALSE,0.3466677202204,0.384145653161322,-3.88066649479692,-3.03463725118002,-0.151209892905951
15,"young_lifetime","Law 2381 pillars",0.54,0.0219330408840984,"pillars","payg_only",TRUE,0.672386777650648,FALSE,0.363347966489316,0.402629185731908,-3.61653212080182,-2.83060903585243,-0.150705376728054
15,"young_lifetime","Law 2381 pillars",0.55,0.0212994523083938,"pillars","payg_only",TRUE,0.704320661070072,FALSE,0.38079771239076,0.421965407842659,-3.37081510638769,-2.64029827971492,-0.150274390491267
15,"young_lifetime","Law 2381 pillars",0.56,0.0206080412279339,"pillars","payg_only",TRUE,0.737771190777231,FALSE,0.399044757741781,0.442185124723642,-3.14227371724149,-2.46278271480407,-0.14992993551363
15,"young_lifetime","Law 2381 pillars",0.57,0.0198656913291574,"pillars","payg_only",TRUE,0.772810397346416,FALSE,0.418546093913779,0.463794732669105,-2.92523989520518,-2.2972020801349,-0.148812686568718
15,"young_lifetime","Law 2381 pillars",0.58,0.0190796033639485,"pillars","payg_only",TRUE,0.80951373232336,FALSE,0.439111880386611,0.486583867672386,-2.72215999125765,-2.14275395277652,-0.147477652468567
15,"young_lifetime","Law 2381 pillars",0.59,0.0182571797508447,"pillars","payg_only",TRUE,0.847960230698539,FALSE,0.460690262693795,0.510495069327643,-2.53316149650199,-1.99868985921768,-0.146136687524098
15,"young_lifetime","Law 2381 pillars",0.6,0.0174059098965294,"pillars","payg_only",TRUE,0.888232681096879,FALSE,0.483322479553379,0.535574034633342,-2.35733299733938,-1.86431164817748,-0.144805199436261
15,"young_lifetime","Law 2381 pillars",0.61,0.0165332586858387,"pillars","payg_only",TRUE,0.930417804050335,FALSE,0.507050769924269,0.561867568963946,-2.19381124324176,-1.73896810728337,-0.14349827994427
15,"young_lifetime","Law 2381 pillars",0.62,0.0156465604078046,"pillars","payg_only",TRUE,0.974606438737226,FALSE,0.531918747012481,0.589424000509631,-2.04177782256597,-1.6220518072206,-0.142230053423511
15,"young_lifetime","Law 2381 pillars",0.63,0.0147529201472209,"pillars","payg_only",TRUE,1.02089373859044,FALSE,0.557971824337924,0.61829365240477,-1.90045689648927,-1.51299615805943,-0.141013112871
15,"young_lifetime","Law 2381 pillars",0.64,0.0138591243861013,"pillars","payg_only",TRUE,1.06937937619575,FALSE,0.585257662544127,0.648529337841857,-1.7691137786113,-1.41127266349469,-0.139858088883352
15,"young_lifetime","Law 2381 pillars",0.65,0.0129715622386452,"pillars","mixed",TRUE,1.12016775792136,FALSE,0.614638132662448,0.681086103948068,-1.64379318862921,-1.3163883596915,-0.137634769710417
15,"young_lifetime","Law 2381 pillars",0.66,0.0120961583990884,"pillars","mixed",TRUE,1.17336824874101,FALSE,0.648133466515708,0.71820258797703,-1.5180279128997,-1.22788342632544,-0.131869688807807
15,"young_lifetime","Law 2381 pillars",0.67,0.0112383185264294,"pillars","mixed",TRUE,1.22909540773463,FALSE,0.683131112134834,0.756983797334857,-1.4028793742681,-1.14532895823998,-0.126479152680837
15,"young_lifetime","Law 2381 pillars",0.68,0.0104028874355191,"pillars","mixed",TRUE,1.28746923477372,FALSE,0.719703773478418,0.797510295939188,-1.29731595130648,-1.06832488692244,-0.121439395901103
15,"young_lifetime","Law 2381 pillars",0.69,0.00959412012165592,"pillars","mixed",TRUE,1.34861542892259,FALSE,0.757928972658559,0.839867986747381,-1.20042122169401,-0.996498041725683,-0.116726522107518
15,"young_lifetime","Law 2381 pillars",0.7,0.00881566532576298,"pillars","mixed",TRUE,1.41266565911202,FALSE,0.797889004257891,0.884148061134789,-1.11138033374947,-0.929500341439868,-0.112317011012092
15,"young_lifetime","Law 2381 pillars",0.71,0.00807056105809019,"pillars","mixed",TRUE,1.47975784766803,FALSE,0.839670882792847,0.930446940678329,-1.02946784813981,-0.867007107450661,-0.108188133475521
15,"young_lifetime","Law 2381 pillars",0.72,0.00736124124713052,"pillars","mixed",TRUE,1.55003646730645,FALSE,0.883366302454034,0.978866232544422,-0.954036927711454,-0.808715490309039,-0.104318265669806
15,"young_lifetime","Law 2381 pillars",0.73,0.00668955247216793,"pillars","mixed",TRUE,1.62365285223265,FALSE,0.929071623091684,1.02951271395935,-0.88450977014048,-0.754343002087797,-0.100687104482228
15,"young_lifetime","Law 2381 pillars",0.74,0.00605677957576838,"pillars","mixed",TRUE,1.70076552401656,FALSE,0.976887891310068,1.08249835558416,-0.820369183209117,-0.70362614741234,-0.0972757939845595
15,"young_lifetime","Law 2381 pillars",0.75,0.00546367883789977,"pillars","mixed",TRUE,1.78154053294444,FALSE,1.02692090112247,1.137940388727,-0.761151202464485,-0.656319146531578,-0.0940669771355827
15,"young_lifetime","Law 2381 pillars",0.76,0.0049105173257538,"pillars","mixed",TRUE,1.8661518155827,FALSE,1.07928129520491,1.19596141754329,-0.706438650062368,-0.612192744240796,-0.0910447884891149
15,"young_lifetime","Law 2381 pillars",0.77,0.00439711701067287,"pillars","mixed",TRUE,1.95478156932353,FALSE,1.13408470542566,1.25668957475773,-0.655855534080889,-0.571033098884377,-0.0881948033033551
15,"young_lifetime","Law 2381 pillars",0.78,0.00392290226240524,"pillars","mixed",TRUE,2.04762064471899,FALSE,1.19145192991085,1.32025871787236,-0.609062190409887,-0.532308051968403,-0.0858848002792135
15,"young_lifetime","Law 2381 pillars",0.79,0.00348694938664893,"pillars","mixed",TRUE,2.14486895644833,FALSE,1.24838472631442,1.41573060250838,-0.564808636401719,-0.496211631461385,-0.0827020825034424
15,"young_lifetime","Law 2381 pillars",0.8,0.00308803695908519,"pillars","mixed",TRUE,2.24673591380357,FALSE,1.30767466722017,1.51863033802554,-0.52399787611495,-0.462603082047067,-0.0797213851742665
15,"young_lifetime","Law 2381 pillars",0.81,0.00272469582188591,"pillars","mixed",TRUE,2.35344087162015,FALSE,1.36978048452885,1.62613852314509,-0.486400760583884,-0.431303010401089,-0.0770202714244622
15,"young_lifetime","Law 2381 pillars",0.82,0.0023952577407798,"pillars","mixed",TRUE,2.4652136026239,FALSE,1.43483591357221,1.738508141708,-0.451713344236517,-0.402146504830179,-0.0745614523463115
15,"young_lifetime","Law 2381 pillars",0.83,0.00209790186595431,"pillars","mixed",TRUE,2.5822947922113,FALSE,1.50298104121752,1.85600058011474,-0.419670734020165,-0.374981675720207,-0.0723142033997448
15,"young_lifetime","Law 2381 pillars",0.84,0.00183069829236669,"pillars","mixed",TRUE,2.70493655672843,FALSE,1.57436260752307,1.97888626107894,-0.390040035455744,-0.349668392406803,-0.0702529841839321
15,"young_lifetime","Law 2381 pillars",0.85,0.00159164816888775,"pillars","mixed",TRUE,2.83340298636483,FALSE,1.64913432172038,2.10744533522456,-0.362614938759442,-0.326077183190032,-0.0683563835936996
15,"young_lifetime","Law 2381 pillars",0.86,0.00137871995615396,"pillars","mixed",TRUE,2.96797071383111,FALSE,1.72745719320336,2.24196841682899,-0.337211499981189,-0.304088271593567,-0.066606306861604
15,"young_lifetime","Law 2381 pillars",0.87,0.00118988157581876,"pillars","mixed",TRUE,3.10892951004497,FALSE,1.80949987823734,2.38275735389844,-0.313664805662832,-0.283590727057264,-0.0649873440243811
15,"young_lifetime","Law 2381 pillars",0.88,0.0010231283256207,"pillars","mixed",TRUE,3.25658290810832,FALSE,1.89543904313436,2.53012602594313,-0.2918262998201,-0.264481712315876,-0.0634862755946982
15,"young_lifetime","Law 2381 pillars",0.89,0.000876506552691064,"pillars","mixed",TRUE,3.41124885691919,FALSE,1.98545974467696,2.68440116535366,-0.271561614039238,-0.246665812967756,-0.0620916828001898
15,"young_lifetime","Law 2381 pillars",0.9,0.000748133179985062,"pillars","mixed",TRUE,3.57326040582579,FALSE,2.07975582860949,2.84592320025221,-0.252748784627552,-0.230054437343377,-0.060793638095461
15,"young_lifetime","Law 2381 pillars",0.91,0.000636211266591,"pillars","mixed",TRUE,3.74296642179711,FALSE,2.17853034705517,3.01504711819427,-0.235276771183997,-0.214565276877349,-0.05958345772167
15,"young_lifetime","Law 2381 pillars",0.92,0.000539041851611795,"pillars","mixed",TRUE,3.9207323406543,FALSE,2.28199599575757,3.19214335121893,-0.219044212673237,-0.200121818874138,-0.0584535025415994
15,"young_lifetime","Law 2381 pillars",0.93,0.000455032383605845,"pillars","mixed",TRUE,4.10694095398053,FALSE,2.39037557208823,3.37759868356843,-0.203958372765162,-0.18665290492008,-0.0573970166723868
15,"young_lifetime","Law 2381 pillars",0.94,0.00038270207402884,"pillars","mixed",TRUE,4.30199323340388,FALSE,2.50390245480657,3.57181718398973,-0.189934237643528,-0.174092329297998,-0.05640799589335
15,"young_lifetime","Law 2381 pillars",0.95,0.000320684534961157,"pillars","mixed",TRUE,4.50630919402803,FALSE,2.62282110660514,3.77522116494945,-0.176893737923439,-0.16237847265795,-0.0554810796489399
15,"young_lifetime","Law 2381 pillars",0.96,0.000267728070175611,"pillars","mixed",TRUE,4.72032879887032,FALSE,2.7473876005225,3.98825217138472,-0.164765072599059,-0.151453966929389,-0.0546114618587322
15,"young_lifetime","Law 2381 pillars",0.97,0.000222693986042829,"pillars","mixed",TRUE,4.94451290625441,FALSE,2.87787017135712,4.21137200181194,-0.153482117664858,-0.141265388059137,-0.0537948168041078
15,"young_lifetime","Law 2381 pillars",0.98,0.00018455327674269,"pillars","mixed",TRUE,5.17934426219789,FALSE,3.01454979326977,4.44506376475217,-0.142983905636059,-0.131762973652016,-0.0530272371697242
15,"young_lifetime","Law 2381 pillars",0.99,0.000152382018630337,"pillars","mixed",TRUE,5.4253285399316,FALSE,3.15772078481824,4.68983297352611,-0.133214164935922,-0.122900362997393,-0.0523051819391661
15,"young_lifetime","Law 2381 pillars",1,6.26778916131105e-05,"pillars","mixed",TRUE,5.68299542878924,FALSE,3.30769144272709,4.94620868253982,-0.12412091023465,-0.114634357301959,-0.0516254323240329
16,"young_lifetime","Law 2381 pillars",0,0.000223648618482682,"informal","informal",FALSE,0.125969352011313,TRUE,0.0790017426766253,0.0956618504998531,-34.9678576334577,-37.4437493418334,0.0466629936962641
16,"young_lifetime","Law 2381 pillars",0.01,0.000530074028894635,"informal","informal",FALSE,0.129675949110541,TRUE,0.0811896854670523,0.0983111927678685,-33.5639251554642,-35.8498645670935,0.0449043012251298
16,"young_lifetime","Law 2381 pillars",0.02,0.000625857596014926,"informal","informal",FALSE,0.133491611326296,TRUE,0.0834420075868224,0.101038490857746,-32.2141677292927,-34.3238273962876,0.0431958784027366
16,"young_lifetime","Law 2381 pillars",0.03,0.00073622950670148,"informal","informal",FALSE,0.137419547855404,TRUE,0.0857606033715941,0.103846038587931,-30.9166401156504,-32.8627497302052,0.0415362883447932
16,"young_lifetime","Law 2381 pillars",0.04,0.000862878406729994,"informal","informal",FALSE,0.141463062324006,TRUE,0.0881474228970845,0.106736197271546,-29.6694573276247,-31.4638664086426,0.0399241352382416
16,"young_lifetime","Law 2381 pillars",0.05,0.00100759191313581,"informal","informal",FALSE,0.1456255555661,TRUE,0.0906044736191977,0.109711397702396,-28.4707934064481,-30.1245299772036,0.0383580631672966
16,"young_lifetime","Law 2381 pillars",0.06,0.00117224512608808,"informal","informal",FALSE,0.149910528483848,TRUE,0.093133822062414,0.112774142199405,-27.31888017591,-28.842205676864,0.0368367549730391
16,"young_lifetime","Law 2381 pillars",0.07,0.00135878545245099,"informal","informal",FALSE,0.154321584992037,TRUE,0.0957375955578582,0.11592700671122,-26.2120059797877,-27.6144666468168,0.0353589311456097
16,"young_lifetime","Law 2381 pillars",0.08,0.00156921348536889,"informal","informal",FALSE,0.158862435049188,TRUE,0.0984179840325109,0.11917264298273,-25.1485144063703,-26.4389893315217,0.0339233487480635
16,"young_lifetime","Law 2381 pillars",0.09,0.00180555975146526,"informal","informal",FALSE,0.163536897777842,TRUE,0.101177241851066,0.122513780785343,-24.1268030038638,-25.3135490832626,0.0325288003709887
16,"young_lifetime","Law 2381 pillars",0.1,0.00206985722142662,"informal","informal",FALSE,0.168348904676676,TRUE,0.104017689711985,0.125953230212884,-23.145321990191,-24.2360159518952,0.0311741131170036
16,"young_lifetime","Law 2381 pillars",0.11,0.00236410958058029,"informal","informal",FALSE,0.173302502927119,TRUE,0.106941716599338,0.129493884045047,-22.2025729604345,-23.2043506538124,0.0298581476142787
16,"young_lifetime","Law 2381 pillars",0.12,0.00269025537259384,"informal","informal",FALSE,0.178401858797275,TRUE,0.109951781792087,0.133138720180399,-21.2971075949215,-22.216600712502,0.0285797970582617
16,"young_lifetime","Law 2381 pillars",0.13,0.0030501282598838,"informal","informal",FALSE,0.183651261145994,TRUE,0.113050416932476,0.136890804140962,-20.4275263707053,-21.27089676339,0.0273379862807874
16,"young_lifetime","Law 2381 pillars",0.14,0.00344541378616971,"informal","informal",FALSE,0.189055125030062,TRUE,0.116240228155297,0.140753291650501,-19.5924772789733,-20.3654490159778,0.0261316708457966
16,"young_lifetime","Law 2381 pillars",0.15,0.0038776031764757,"informal","informal",FALSE,0.194617995417516,TRUE,0.119523898279802,0.144729431288673,-18.7906545506883,-19.498543866577,0.0249598361709058
16,"young_lifetime","Law 2381 pillars",0.16,0.00434794486360459,"informal","informal",FALSE,0.20034455101024,TRUE,0.122904189066111,0.148822567223275,-18.0207973925676,-18.6685406552316,0.0238214966740842
16,"young_lifetime","Law 2381 pillars",0.17,0.00485739458280167,"informal","informal",FALSE,0.206239608179018,TRUE,0.126383943538015,0.153036142022885,-17.2816887353045,-17.8738685606894,0.0227156949447189
16,"young_lifetime","Law 2381 pillars",0.18,0.00540656502249209,"informal","informal",FALSE,0.212308125014395,TRUE,0.129966088374127,0.157373699552263,-16.5721539957562,-17.1130236275471,0.0216415009383788
16,"young_lifetime","Law 2381 pillars",0.19,0.00599567615266305,"informal","informal",FALSE,0.218555205496719,TRUE,0.133653636369393,0.161838887952956,-15.8910598546417,-16.3845659199415,0.0205980111945876
16,"young_lifetime","Law 2381 pillars",0.2,0.00662450746745946,"informal","informal",FALSE,0.224986103788889,TRUE,0.137449688969028,0.166435462711595,-15.2373130511339,-15.6871167964014,0.0195843480769673
16,"young_lifetime","Law 2381 pillars",0.21,0.00729235346863131,"informal","informal",FALSE,0.231606228655417,TRUE,0.141357438877013,0.171167289818481,-14.6098591955719,-15.0193563007019,0.0185996590350879
16,"young_lifetime","Law 2381 pillars",0.22,0.00799798377561329,"informal","informal",FALSE,0.238421148011517,TRUE,0.145380172741351,0.176038349019114,-14.0076816013764,-14.3800206637833,0.0176431158874268
16,"young_lifetime","Law 2381 pillars",0.23,0.0087396092707509,"informal","informal",FALSE,0.245436593606051,TRUE,0.149521273918329,0.181052737161389,-13.4298001371126,-13.7678999120069,0.0167139141248163
16,"young_lifetime","Law 2381 pillars",0.24,0.0095148556698428,"informal","informal",FALSE,0.252658465842267,TRUE,0.153784225318119,0.186214671641292,-12.8752700995214,-13.1818355772215,0.0158112722338046
16,"young_lifetime","Law 2381 pillars",0.25,0.010320745845168,"informal","informal",FALSE,0.260092838740384,TRUE,0.158172612334116,0.191528493949973,-12.343181108218,-12.6207185043064,0.0149344310393591
16,"young_lifetime","Law 2381 pillars",0.26,0.0111536921182913,"informal","informal",FALSE,0.267745965046206,TRUE,0.162690125858458,0.196998673325201,-11.8326560226474,-12.0834867520412,0.0140826530663516
16,"young_lifetime","Law 2381 pillars",0.27,0.0120094995825537,"informal","informal",FALSE,0.275624281490043,TRUE,0.167340565386289,0.20262981051025,-11.3428498817846,-11.5691235833312,0.0132552219193023
16,"young_lifetime","Law 2381 pillars",0.28,0.0128833813113884,"informal","informal",FALSE,0.283734414200386,FALSE,0.167483718711991,0.202803152408515,-11.3283103819803,-11.0766555409828,-0.0148651706233558
16,"young_lifetime","Law 2381 pillars",0.29,0.0137699860614464,"informal","informal",FALSE,0.292083184276872,FALSE,0.172411859216278,0.208770552926413,-10.8460931425546,-10.605150605389,-0.014865170623356
16,"young_lifetime","Law 2381 pillars",0.3,0.0146634387938913,"informal","informal",FALSE,0.300677613527223,FALSE,0.17748500825642,0.214913541784622,-10.3844026593846,-10.153716430637,-0.014865170623356
16,"young_lifetime","Law 2381 pillars",0.31,0.0155573940198842,"informal","informal",FALSE,0.309524930373012,FALSE,0.182707432649781,0.221237285598849,-9.94236516088364,-9.72149865570018,-0.014865170623356
16,"young_lifetime","Law 2381 pillars",0.32,0.0164451016357299,"informal","informal",FALSE,0.318632575929181,FALSE,0.188083524763093,0.227747103010373,-9.51914406968987,-9.30767928751892,-0.0148651706233561
16,"young_lifetime","Law 2381 pillars",0.33,0.0173194845593781,"informal","informal",FALSE,0.328008210262464,FALSE,0.1936178062067,0.234448469159339,-9.11393841940306,-8.91147515290884,-0.0148651706233561
16,"young_lifetime","Law 2381 pillars",0.34,0.0181732271241403,"informal","informal",FALSE,0.33765971883395,FALSE,0.199314931637497,0.241347020289668,-8.72598133871686,-8.5321364163677,-0.014865170623356
16,"young_lifetime","Law 2381 pillars",0.35,0.0189988728395791,"informal","informal",FALSE,0.347595219131226,FALSE,0.205179692673768,0.248448558489473,-8.3545386000778,-8.16894516097547,-0.014865170623356
16,"young_lifetime","Law 2381 pillars",0.36,0.0197889298058682,"informal","informal",FALSE,0.357823067495656,FALSE,0.211217021925226,0.255759056570956,-7.99890723012406,-7.82121402970179,-0.0148651706233561
16,"young_lifetime","Law 2381 pillars",0.37,0.0205359817787106,"informal","informal",FALSE,0.368351866150563,FALSE,0.21743199714162,0.263284663093899,-7.65841417927438,-7.48828492454949,-0.014865170623356
16,"young_lifetime","Law 2381 pillars",0.38,0.0212328026386743,"informal","informal",FALSE,0.379190470436201,FALSE,0.22382984548343,0.271031707536958,-7.33241504794914,-7.1695277610723,-0.014865170623356
16,"young_lifetime","Law 2381 pillars",0.39,0.0218724718319488,"informal","informal",FALSE,0.390347996257621,FALSE,0.230415947918212,0.279006705621136,-7.02029286701298,-6.86433927590955,-0.0148651706233558
16,"young_lifetime","Law 2381 pillars",0.4,0.0224484882277816,"informal","informal",FALSE,0.401833827751681,FALSE,0.237195843746308,0.28721636478988,-6.72145693013084,-6.57214188508102,-0.0148651706233557
16,"young_lifetime","Law 2381 pillars",0.41,0.0229548797878943,"informal","informal",FALSE,0.413657625179664,FALSE,0.244175235259729,0.295667589850443,-6.4353416758276,-6.29238259088134,-0.0148651706233558
16,"young_lifetime","Law 2381 pillars",0.42,0.0233863064692461,"informal","informal",FALSE,0.425829333052121,FALSE,0.251359992538117,0.304367488781232,-6.16140561713566,-6.02453193530506,-0.014865170623356
16,"young_lifetime","Law 2381 pillars",0.43,0.0237381538851594,"informal","informal",FALSE,0.438359188492795,FALSE,0.258756158385823,0.313323378710033,-5.89913031680463,-5.76808299802172,-0.014865170623356
16,"young_lifetime","Law 2381 pillars",0.44,0.0240066154297712,"informal","informal",FALSE,0.451257729848643,FALSE,0.266369953414268,0.322542792068154,-5.64801940613371,-5.52255043700461,-0.0148651706233561
16,"young_lifetime","Law 2381 pillars",0.45,0.0241887608228689,"informal","informal",FALSE,0.464535805553208,FALSE,0.274207781273842,0.332033482925636,-5.40759764556994,-5.28746956999751,-0.0148651706233558
16,"young_lifetime","Law 2381 pillars",0.46,0.0242825893494975,"informal","informal",FALSE,0.478204583250789,FALSE,0.282276234039751,0.341803433512888,-5.17741002529433,-5.06239549508098,-0.014865170623356
16,"young_lifetime","Law 2381 pillars",0.47,0.0242870664418367,"informal","informal",FALSE,0.492275559189092,FALSE,0.290582097756337,0.351860860934212,-4.95702090409373,-4.60752987952515,-0.0475732016550697
16,"young_lifetime","Law 2381 pillars",0.48,0.0242021426680683,"informal","informal",FALSE,0.50676056788825,FALSE,0.299132358144551,0.362214224078872,-4.74601318488877,-4.29775114138355,-0.0640020821870789
16,"young_lifetime","Law 2381 pillars",0.49,0.0240287546408929,"informal","informal",FALSE,0.521671792094348,FALSE,0.307934206477343,0.372872230735517,-4.54398752535746,-4.00879980297973,-0.0801475728396722
16,"young_lifetime","Law 2381 pillars",0.5,0.0237688078223462,"informal","informal",FALSE,0.537021773025839,FALSE,0.31699504562796,0.383843844915946,-4.35056158216049,-3.73927557266538,-0.0960145619449314
16,"young_lifetime","Law 2381 pillars",0.51,0.0234251416663332,"informal","informal",FALSE,0.55282342092144,FALSE,0.326322496296189,0.395138294394373,-4.16536928733795,-3.48787230480781,-0.111607853513681
16,"young_lifetime","Law 2381 pillars",0.52,0.0230014779905107,"informal","informal",FALSE,0.569090025898408,FALSE,0.335924403417817,0.406765078468523,-3.98806015550805,-3.25337167005691,-0.126932168689987
16,"young_lifetime","Law 2381 pillars",0.53,0.0225023538900762,"informal","informal",FALSE,0.585835269130311,FALSE,0.345808842762686,0.418733975949104,-3.81829862055649,-3.03463725118002,-0.141992147180573
16,"young_lifetime","Law 2381 pillars",0.54,0.0219330408840984,"informal","informal",FALSE,0.603073234353699,FALSE,0.355984127726892,0.431055053384365,-3.65576340056141,-2.83060903585243,-0.156792348659565
16,"young_lifetime","Law 2381 pillars",0.55,0.0212994523083938,"informal","informal",FALSE,0.620818419713362,FALSE,0.366458816324839,0.443738673526656,-3.50014688975179,-2.64029827971492,-0.171337254149017
16,"young_lifetime","Law 2381 pillars",0.56,0.0206080412279339,"informal","informal",FALSE,0.63908574995612,FALSE,0.377241718387034,0.45679550404811,-3.35115457634861,-2.46278271480407,-0.185631267375618
16,"young_lifetime","Law 2381 pillars",0.57,0.0198656913291574,"informal","informal",FALSE,0.657890588983413,FALSE,0.388341902969674,0.470236526512789,-3.20850448518708,-2.2972020801349,-0.199678716104003
16,"young_lifetime","Law 2381 pillars",0.58,0.0190796033639485,"informal","informal",FALSE,0.677248752773255,FALSE,0.399768705982257,0.484073045612822,-3.07192664406499,-2.14275395277652,-0.213483853447051
16,"young_lifetime","Law 2381 pillars",0.59,0.0182571797508447,"pillars","payg_only",TRUE,0.933504080388807,FALSE,0.411769321550044,0.498604384460002,-2.93861744296953,-1.99868985921768,-0.226604623898145
16,"young_lifetime","Law 2381 pillars",0.6,0.0174059098965294,"pillars","payg_only",TRUE,0.977839292599334,FALSE,0.43199583999119,0.523096327519657,-2.73466848244088,-1.86431164817748,-0.225402867128512
16,"young_lifetime","Law 2381 pillars",0.61,0.0165332586858387,"pillars","payg_only",TRUE,1.02428013143008,FALSE,0.453201645694589,0.548774072670559,-2.54499430610013,-1.73896810728337,-0.224223651831816
16,"young_lifetime","Law 2381 pillars",0.62,0.0156465604078046,"pillars","payg_only",TRUE,1.0729266000894,FALSE,0.475425689097853,0.575684784327231,-2.36864548852993,-1.6220518072206,-0.223079757287186
16,"young_lifetime","Law 2381 pillars",0.63,0.0147529201472209,"pillars","mixed",TRUE,1.12388345127045,FALSE,0.499591356385927,0.604946574928528,-2.19888065520827,-1.51299615805943,-0.220605306742609
16,"young_lifetime","Law 2381 pillars",0.64,0.0138591243861013,"pillars","mixed",TRUE,1.17726041272007,FALSE,0.526954920327983,0.638080643548797,-2.02984948763992,-1.41127266349469,-0.215189637784108
16,"young_lifetime","Law 2381 pillars",0.65,0.0129715622386452,"pillars","mixed",TRUE,1.23317242352056,FALSE,0.555548095196006,0.672703626876357,-1.8751738503919,-1.3163883596915,-0.210119006923885
16,"young_lifetime","Law 2381 pillars",0.66,0.0120961583990884,"pillars","mixed",TRUE,1.29173988159335,FALSE,0.585427611899039,0.708884219392567,-1.73346161401235,-1.22788342632544,-0.205375522418132
16,"young_lifetime","Law 2381 pillars",0.67,0.0112383185264294,"pillars","mixed",TRUE,1.35308890295744,FALSE,0.616654355203126,0.746696145412734,-1.60347180461147,-1.14532895823998,-0.20094021179059
16,"young_lifetime","Law 2381 pillars",0.68,0.0104028874355191,"pillars","mixed",TRUE,1.41735159330084,FALSE,0.649293408889704,0.786218213767637,-1.48409786718002,-1.06832488692244,-0.196793520945956
16,"young_lifetime","Law 2381 pillars",0.69,0.00959412012165592,"pillars","mixed",TRUE,1.48466633244986,FALSE,0.683414056246202,0.827534318397583,-1.37435261113411,-0.996498041725683,-0.19291578805806
16,"young_lifetime","Law 2381 pillars",0.7,0.00881566532576298,"pillars","mixed",TRUE,1.55517807234882,FALSE,0.719089756626433,0.870733409969787,-1.27335465096665,-0.929500341439868,-0.189287660732105
16,"young_lifetime","Law 2381 pillars",0.71,0.00807056105809019,"pillars","mixed",TRUE,1.62903864919174,FALSE,0.756398117094535,0.91590946154251,-1.180316215864,-0.867007107450661,-0.185890437527136
16,"young_lifetime","Law 2381 pillars",0.72,0.00736124124713052,"pillars","mixed",TRUE,1.70640711037831,FALSE,0.795420874716373,0.963161447122023,-1.09453223379761,-0.808715490309039,-0.182706326447722
16,"young_lifetime","Law 2381 pillars",0.73,0.00668955247216793,"pillars","mixed",TRUE,1.78745005699796,FALSE,0.833455909584852,1.04480765628005,-1.01315930445159,-0.754343002087797,-0.178525501811754
16,"young_lifetime","Law 2381 pillars",0.74,0.00605677957576838,"pillars","mixed",TRUE,1.87234200257972,FALSE,0.87303950155391,1.13269162184955,-0.938621457489788,-0.70362614741234,-0.174783959655035
16,"young_lifetime","Law 2381 pillars",0.75,0.00546367883789977,"pillars","mixed",TRUE,1.96126574888031,FALSE,0.914503049901168,1.22418759000806,-0.870325930579982,-0.656319146531578,-0.171507145323235
16,"young_lifetime","Law 2381 pillars",0.76,0.0049105173257538,"pillars","mixed",TRUE,2.05441277951956,FALSE,0.95793584000494,1.31952268570286,-0.807581271841131,-0.612192744240796,-0.168616707386706
16,"young_lifetime","Law 2381 pillars",0.77,0.00439711701067287,"pillars","mixed",TRUE,2.15198367231103,FALSE,1.00343139770298,1.41893206793287,-0.749810814279427,-0.571033098884377,-0.166050559800503
16,"young_lifetime","Law 2381 pillars",0.78,0.00392290226240524,"pillars","mixed",TRUE,2.25418853117545,FALSE,1.05108769068602,1.52265869058471,-0.696525768308774,-0.532308051968403,-0.164107237280459
16,"young_lifetime","Law 2381 pillars",0.79,0.00348694938664893,"pillars","mixed",TRUE,2.36124743856723,FALSE,1.10100733945609,1.63095330818957,-0.647306051964956,-0.496211631461385,-0.162397081720048
16,"young_lifetime","Law 2381 pillars",0.8,0.00308803695908519,"pillars","mixed",TRUE,2.47339092938822,FALSE,1.15329783830404,1.74407468550707,-0.601786350531407,-0.462603082047067,-0.160841252825733
16,"young_lifetime","Law 2381 pillars",0.81,0.00272469582188591,"pillars","mixed",TRUE,2.59086048740916,FALSE,1.20807178678197,1.86228997217791,-0.559645782615108,-0.431303010401089,-0.159419128742429
16,"young_lifetime","Law 2381 pillars",0.82,0.0023952577407798,"pillars","mixed",TRUE,2.71390906526788,FALSE,1.26544713216902,1.98587520814051,-0.520600099905058,-0.402146504830179,-0.158113844877412
16,"young_lifetime","Law 2381 pillars",0.83,0.00209790186595431,"pillars","mixed",TRUE,2.84280162916391,FALSE,1.32554742345274,2.11511593090356,-0.484395697732411,-0.374981675720207,-0.156911473887029
16,"young_lifetime","Law 2381 pillars",0.84,0.00183069829236669,"pillars","mixed",TRUE,2.97781572942249,FALSE,1.38850207737286,2.2503078613053,-0.450804940721191,-0.349668392406803,-0.155800404342796
16,"young_lifetime","Law 2381 pillars",0.85,0.00159164816888775,"pillars","mixed",TRUE,3.11924209815652,FALSE,1.45444665710029,2.39175764958635,-0.419622458106596,-0.326077183190032,-0.154770866180937
16,"young_lifetime","Law 2381 pillars",0.86,0.00137871995615396,"pillars","mixed",TRUE,3.26738527531348,FALSE,1.52352316415163,2.53978366819567,-0.390662164432323,-0.304088271593567,-0.153814565529673
16,"young_lifetime","Law 2381 pillars",0.87,0.00118988157581876,"pillars","mixed",TRUE,3.42256426445537,FALSE,1.59588034416758,2.69471684163886,-0.363754830461414,-0.283590727057264,-0.152924401682957
16,"young_lifetime","Law 2381 pillars",0.88,0.0010231283256207,"pillars","mixed",TRUE,3.58511321968392,FALSE,1.67167400721382,2.85690150686517,-0.338746077057503,-0.264481712315876,-0.152094246216543
16,"young_lifetime","Law 2381 pillars",0.89,0.000876506552691064,"pillars","mixed",TRUE,3.75538216519003,FALSE,1.75106736329403,3.02669630022927,-0.315494698457584,-0.246665812967756,-0.151318769430476
16,"young_lifetime","Law 2381 pillars",0.9,0.000748133179985062,"pillars","mixed",TRUE,3.93373774897707,FALSE,1.83423137379759,3.20447506904271,-0.293871245296936,-0.230054437343377,-0.150593303062508
16,"young_lifetime","Law 2381 pillars",0.91,0.000636211266591,"pillars","mixed",TRUE,4.12056403238101,FALSE,1.92134511963858,3.39062780723876,-0.273756814967473,-0.214565276877349,-0.149913730966496
16,"young_lifetime","Law 2381 pillars",0.92,0.000539041851611795,"pillars","mixed",TRUE,4.31626331708749,FALSE,2.01259618687908,3.58556161580356,-0.255042009413296,-0.200121818874138,-0.149276401476201
16,"young_lifetime","Law 2381 pillars",0.93,0.000455032383605845,"pillars","mixed",TRUE,4.52125701142665,FALSE,2.10818107066685,3.78970168945659,-0.237626029668252,-0.18665290492008,-0.148678056679192
16,"young_lifetime","Law 2381 pillars",0.94,0.00038270207402884,"pillars","mixed",TRUE,4.7359865378112,FALSE,2.20830559835751,4.00349233166331,-0.221415883268165,-0.174092329297998,-0.148115774949672
16,"young_lifetime","Law 2381 pillars",0.95,0.000320684534961157,"pillars","mixed",TRUE,4.96091428327172,FALSE,2.31318537273203,4.22739800048941,-0.206325685786362,-0.16237847265795,-0.147586923934092
16,"young_lifetime","Law 2381 pillars",0.96,0.000267728070175611,"pillars","mixed",TRUE,5.1965245951361,FALSE,2.42304623626424,4.46190438810566,-0.192276041610291,-0.151453966929389,-0.14708912182234
16,"young_lifetime","Law 2381 pillars",0.97,0.000222693986042829,"pillars","mixed",TRUE,5.44332482399704,FALSE,2.53812475743787,4.70751953696101,-0.179193492030226,-0.141265388059137,-0.146620205222751
16,"young_lifetime","Law 2381 pillars",0.98,0.00018455327674269,"pillars","mixed",TRUE,5.70184641621356,FALSE,2.6586687401604,4.96477499578718,-0.167010020985474,-0.131762973652016,-0.146178202329901
16,"young_lifetime","Law 2381 pillars",0.99,0.000152382018630337,"pillars","mixed",TRUE,5.97264605829907,FALSE,2.7849377573707,5.23422701870215,-0.155662610580647,-0.122900362997393,-0.145761310358492
16,"young_lifetime","Law 2381 pillars",1,6.26778916131105e-05,"pillars","mixed",TRUE,6.25630687566022,FALSE,2.91720370998948,5.51645781075843,-0.145092839869665,-0.114634357301959,-0.145367876435695
