"cohort","life_stage","policy","i","weight","choice","pension_class","formal","wage","solidarity_eligible","consumption_young","consumption_old","experienced_utility","baseline_utility","welfare_cev"
-1,"old_at_reform","Fully funded system",0,0.000223648618482682,"informal","informal",FALSE,0.100335520900096,TRUE,NA,0.191694343312676,-2.9053529668705,-8.25365047422286,1.00584843737582
-1,"old_at_reform","Fully funded system",0.01,0.000530074028894635,"informal","informal",FALSE,0.103287852914032,TRUE,NA,0.194854850703463,-2.83495399491115,-7.90231365410931,0.980639785429196
-1,"old_at_reform","Fully funded system",0.02,0.000625857596014926,"informal","informal",FALSE,0.106327056100234,TRUE,NA,0.19810835474256,-2.76540447385302,-7.5659323450818,0.956151685881241
-1,"old_at_reform","Fully funded system",0.03,0.00073622950670148,"informal","informal",FALSE,0.109455686607718,TRUE,NA,0.20145759181863,-2.69672952924701,-7.24386992923112,0.93236354279686
-1,"old_at_reform","Fully funded system",0.04,0.000862878406729994,"informal","informal",FALSE,0.112676375799147,TRUE,NA,0.204905378837464,-2.62895292525889,-6.93551688784651,0.909255348945605
-1,"old_at_reform","Fully funded system",0.05,0.00100759191313581,"informal","informal",FALSE,0.115991832463965,TRUE,NA,0.208454615591165,-2.56209703833072,-6.64028964787192,0.88680766897441
-1,"old_at_reform","Fully funded system",0.06,0.00117224512608808,"informal","informal",FALSE,0.119404845096644,TRUE,NA,0.212108287197039,-2.49618283530876,-6.35762947746582,0.865001623061314
-1,"old_at_reform","Fully funded system",0.07,0.00135878545245099,"informal","informal",FALSE,0.122918284241979,TRUE,NA,0.215869466608262,-2.43122985604315,-6.08700142857411,0.843818871036417
-1,"old_at_reform","Fully funded system",0.08,0.00156921348536889,"informal","informal",FALSE,0.126535104909378,TRUE,NA,0.219741317198407,-2.36725620044095,-5.82789332451508,0.82324159695672
-1,"old_at_reform","Fully funded system",0.09,0.00180555975146526,"informal","informal",FALSE,0.130258349058204,TRUE,NA,0.223727095422037,-2.30427851993132,-5.57981479066017,0.80325249412186
-1,"old_at_reform","Fully funded system",0.1,0.00206985722142662,"informal","informal",FALSE,0.134091148156242,TRUE,NA,0.227830153553564,-2.24231201327944,-5.34229632637632,0.783834750518159
-1,"old_at_reform","Fully funded system",0.11,0.00236410958058029,"informal","informal",FALSE,0.138036725813444,TRUE,NA,0.232053942506719,-2.18137042666459,-5.11488841647327,0.764972034678735
-1,"old_at_reform","Fully funded system",0.12,0.00269025537259384,"informal","informal",FALSE,0.14209840049318,TRUE,NA,0.23640201473697,-2.12146605791803,-4.8971606804743,0.746648481947763
-1,"old_at_reform","Fully funded system",0.13,0.0030501282598838,"informal","informal",FALSE,0.146279588303256,TRUE,NA,0.240878027229344,-2.06260976479744,-4.68870105810037,0.728848681137375
-1,"old_at_reform","Fully funded system",0.14,0.00344541378616971,"informal","informal",FALSE,0.150583805869069,TRUE,NA,0.245485744574172,-2.00481097715743,-4.48911502942606,0.711557661565937
-1,"old_at_reform","Fully funded system",0.15,0.0038776031764757,"informal","informal",FALSE,0.155014673291288,TRUE,NA,0.250229042133327,-1.94807771285983,-4.29802486823153,0.694760880466829
-1,"old_at_reform","Fully funded system",0.16,0.00434794486360459,"informal","informal",FALSE,0.159575917190579,TRUE,NA,0.255111909299636,-1.89241659725303,-4.11506892713741,0.678444210757113
-1,"old_at_reform","Fully funded system",0.17,0.00485739458280167,"informal","informal",FALSE,0.164271373841909,TRUE,NA,0.260138452852189,-1.83783288603705,-3.93990095316955,0.662593929155832
-1,"old_at_reform","Fully funded system",0.18,0.00540656502249209,"informal","informal",FALSE,0.16910499240108,TRUE,NA,0.265312900410387,-1.78433049132007,-3.77218943245855,0.647196704641916
-1,"old_at_reform","Fully funded system",0.19,0.00599567615266305,"informal","informal",FALSE,0.174080838226201,TRUE,NA,0.270639603989619,-1.73191201066238,-3.61161696283375,0.632239587242009
-1,"old_at_reform","Fully funded system",0.2,0.00662450746745946,"informal","informal",FALSE,0.179203096296898,TRUE,NA,0.276123043661558,-1.68057875889644,-3.45787965312418,0.617709997138778
-1,"old_at_reform","Fully funded system",0.21,0.00729235346863131,"informal","informal",FALSE,0.184476074734122,TRUE,NA,0.281767831322173,-1.63033080250551,-3.31068654802987,0.60359571409055
-1,"old_at_reform","Fully funded system",0.22,0.00799798377561329,"informal","informal",FALSE,0.189904208423538,TRUE,NA,0.2875787145706,-1.58116699633873,-3.16975907747484,0.589884867153359
-1,"old_at_reform","Fully funded system",0.23,0.0087396092707509,"informal","informal",FALSE,0.195492062745521,TRUE,NA,0.293560580702155,-1.53308502243794,-3.03483052939976,0.57656592469679
-1,"old_at_reform","Fully funded system",0.24,0.0095148556698428,"informal","informal",FALSE,0.201244337414915,TRUE,NA,0.299718460818834,-1.48608143075025,-2.90564554499646,0.563627684705196
-1,"old_at_reform","Fully funded system",0.25,0.010320745845168,"informal","informal",FALSE,0.207165870433765,TRUE,NA,0.306057534060774,-1.44015168150027,-2.781959635429,0.55105926535614
-1,"old_at_reform","Fully funded system",0.26,0.0111536921182913,"informal","informal",FALSE,0.213261642160366,TRUE,NA,0.312583131962206,-1.39529018899788,-2.66353871912676,0.538850095868148
-1,"old_at_reform","Fully funded system",0.27,0.0120094995825537,"informal","informal",FALSE,0.219536779498035,TRUE,NA,0.319300742935595,-1.35149036666005,-2.55015867877372,0.526989907610048
-1,"old_at_reform","Fully funded system",0.28,0.0128833813113884,"informal","informal",FALSE,0.225996560207141,FALSE,NA,0.241932071140865,-2.04914496328017,-2.44160493715557,0.123919331119232
-1,"old_at_reform","Fully funded system",0.29,0.0137699860614464,"informal","informal",FALSE,0.232646417344011,FALSE,NA,0.249050824224714,-1.96191809589598,-2.33767205106197,0.123919331119232
-1,"old_at_reform","Fully funded system",0.3,0.0146634387938913,"informal","informal",FALSE,0.23949194383045,FALSE,NA,0.256379043731223,-1.87840425347097,-2.23816332247533,0.123919331119231
-1,"old_at_reform","Fully funded system",0.31,0.0155573940198842,"informal","informal",FALSE,0.246538897157722,FALSE,NA,0.263922893124936,-1.79844538201605,-2.14289042631028,0.123919331119232
-1,"old_at_reform","Fully funded system",0.32,0.0164451016357299,"informal","informal",FALSE,0.253793204228934,FALSE,NA,0.271688717227841,-1.72189015549673,-2.05167305399933,0.123919331119232
-1,"old_at_reform","Fully funded system",0.33,0.0173194845593781,"informal","informal",FALSE,0.261260966343915,FALSE,NA,0.279683047555738,-1.64859368944133,-1.96433857225019,0.123919331119232
-1,"old_at_reform","Fully funded system",0.34,0.0181732271241403,"informal","informal",FALSE,0.268948464330765,FALSE,NA,0.287912607811635,-1.57841726674006,-1.88072169632891,0.123919331119231
-1,"old_at_reform","Fully funded system",0.35,0.0189988728395791,"informal","informal",FALSE,0.276862163828407,FALSE,NA,0.296384319540769,-1.51122807511622,-1.80066417725048,0.123919331119232
-1,"old_at_reform","Fully funded system",0.36,0.0197889298058682,"informal","informal",FALSE,0.285008720724565,FALSE,NA,0.305105307952044,-1.4468989557725,-1.72401450228504,0.123919331119232
-1,"old_at_reform","Fully funded system",0.37,0.0205359817787106,"informal","informal",FALSE,0.293394986753761,FALSE,NA,0.314082907910743,-1.38530816273681,-1.65062760821263,0.123919331119231
-1,"old_at_reform","Fully funded system",0.38,0.0212328026386743,"informal","informal",FALSE,0.302028015260027,FALSE,NA,0.323324670107586,-1.32633913245217,-1.58036460678408,0.123919331119231
-1,"old_at_reform","Fully funded system",0.39,0.0218724718319488,"informal","informal",FALSE,0.310915067129182,FALSE,NA,0.332838367409308,-1.26988026317448,-1.51309252186825,0.123919331119231
-1,"old_at_reform","Fully funded system",0.4,0.0224484882277816,"informal","informal",FALSE,0.320063616895666,FALSE,NA,0.342632001396091,-1.21582470376085,-1.44868403778826,0.123919331119232
-1,"old_at_reform","Fully funded system",0.41,0.0229548797878943,"informal","informal",FALSE,0.329481359029065,FALSE,NA,0.352713809091374,-1.16407015144865,-1.38701725837043,0.123919331119232
-1,"old_at_reform","Fully funded system",0.42,0.0233863064692461,"informal","informal",FALSE,0.33917621440561,FALSE,NA,0.363092269889666,-1.11451865824254,-1.32797547624985,0.123919331119232
-1,"old_at_reform","Fully funded system",0.43,0.0237381538851594,"informal","informal",FALSE,0.349156336970105,FALSE,NA,0.373776112688224,-1.06707644554319,-1.27144695199606,0.123919331119232
-1,"old_at_reform","Fully funded system",0.44,0.0240066154297712,"informal","informal",FALSE,0.359430120593873,FALSE,NA,0.384774323228566,-1.02165372666673,-1.21732470264077,0.123919331119232
-1,"old_at_reform","Fully funded system",0.45,0.0241887608228689,"informal","informal",FALSE,0.370006206134495,FALSE,NA,0.396096151654009,-0.978164536919078,-1.16550629920738,0.123919331119231
-1,"old_at_reform","Fully funded system",0.46,0.0242825893494975,"informal","informal",FALSE,0.380893488703284,FALSE,NA,0.407751120289588,-0.93652657090364,-1.11589367285923,0.123919331119232
-1,"old_at_reform","Fully funded system",0.47,0.0242870664418367,"informal","informal",FALSE,0.392101125146596,FALSE,NA,0.41974903165089,-0.896661026754327,-1.06839292929956,0.123919331119232
-1,"old_at_reform","Fully funded system",0.48,0.0242021426680683,"capitalization","funded_only",TRUE,0.507668689563975,FALSE,NA,0.707651246753391,-0.409622622546025,-0.488075092539093,0.123919331119231
-1,"old_at_reform","Fully funded system",0.49,0.0240287546408929,"capitalization","funded_only",TRUE,0.531779563375136,FALSE,NA,0.741259957047177,-0.382082404154726,-0.455260267624558,0.123919331119232
-1,"old_at_reform","Fully funded system",0.5,0.0237688078223462,"capitalization","funded_only",TRUE,0.557035542740151,FALSE,NA,0.776464856724921,-0.356393801341507,-0.424651686688936,0.123919331119232
-1,"old_at_reform","Fully funded system",0.51,0.0234251416663332,"capitalization","funded_only",TRUE,0.583491012528675,FALSE,NA,0.813341754126994,-0.332432324162233,-0.396101017004346,0.123919331119232
-1,"old_at_reform","Fully funded system",0.52,0.0230014779905107,"capitalization","funded_only",TRUE,0.611202940528625,FALSE,NA,0.85197005798388,-0.310081852523606,-0.369469898719149,0.123919331119232
-1,"old_at_reform","Fully funded system",0.53,0.0225023538900762,"capitalization","funded_only",TRUE,0.640231000117553,FALSE,NA,0.892432948410666,-0.289234073451737,-0.344629274350085,0.123919331119231
-1,"old_at_reform","Fully funded system",0.54,0.0219330408840984,"capitalization","funded_only",TRUE,0.670637698760098,FALSE,NA,0.934817556022635,-0.269787956194942,-0.32145876335476,0.123919331119232
-1,"old_at_reform","Fully funded system",0.55,0.0212994523083938,"capitalization","funded_only",TRUE,0.702488512608201,FALSE,NA,0.97921514955766,-0.25164926261701,-0.2998460787536,0.123919331119231
-1,"old_at_reform","Fully funded system",0.56,0.0206080412279339,"capitalization","funded_only",TRUE,0.735852027493931,FALSE,NA,1.02572133240939,-0.234730090508289,-0.279686482974143,0.123919331119232
-1,"old_at_reform","Fully funded system",0.57,0.0198656913291574,"capitalization","funded_only",TRUE,0.770800086618537,FALSE,NA,1.07443624849449,-0.218948447601393,-0.260882280280634,0.123919331119231
-1,"old_at_reform","Fully funded system",0.58,0.0190796033639485,"capitalization","funded_only",TRUE,0.807407945255739,FALSE,NA,1.12546479789713,-0.204227854227181,-0.243342343329174,0.123919331119231
-1,"old_at_reform","Fully funded system",0.59,0.0182571797508447,"capitalization","funded_only",TRUE,0.84575443280239,FALSE,NA,1.17891686275523,-0.190496972685424,-0.226981671554062,0.123919331119231
-1,"old_at_reform","Fully funded system",0.6,0.0174059098965294,"capitalization","funded_only",TRUE,0.885922122525471,FALSE,NA,1.23490754387475,-0.17768926153405,-0.211720979245207,0.123919331119231
-1,"old_at_reform","Fully funded system",0.61,0.0165332586858387,"capitalization","funded_only",TRUE,0.927997509370922,FALSE,NA,1.29355740858157,-0.165742653121604,-0.197486311320396,0.123919331119232
-1,"old_at_reform","Fully funded system",0.62,0.0156465604078046,"capitalization","funded_only",TRUE,0.972071196217222,FALSE,NA,1.3549927503447,-0.154599252800227,-0.184208684930402,0.123919331119231
-1,"old_at_reform","Fully funded system",0.63,0.0147529201472209,"capitalization","funded_only",TRUE,1.01823808897476,FALSE,NA,1.41934586072985,-0.144205058361487,-0.171823755160105,0.123919331119231
-1,"old_at_reform","Fully funded system",0.64,0.0138591243861013,"capitalization","funded_only",TRUE,1.06659760095111,FALSE,NA,1.48675531426902,-0.13450969833542,-0.160271503205586,0.123919331119232
-1,"old_at_reform","Fully funded system",0.65,0.0129715622386452,"capitalization","funded_only",TRUE,1.11725386692234,FALSE,NA,1.55736626685938,-0.125466187884556,-0.14949594551605,0.123919331119232
-1,"old_at_reform","Fully funded system",0.66,0.0120961583990884,"capitalization","funded_only",TRUE,1.17031596737122,FALSE,NA,1.63133076833426,-0.117030701109955,-0.139444862491056,0.123919331119231
-1,"old_at_reform","Fully funded system",0.67,0.0112383185264294,"capitalization","funded_only",TRUE,1.22589816337529,FALSE,NA,1.70880808987905,-0.109162358665824,-0.130069545418286,0.123919331119231
-1,"old_at_reform","Fully funded system",0.68,0.0104028874355191,"capitalization","funded_only",TRUE,1.28412014265052,FALSE,NA,1.78996506699725,-0.101823029653476,-0.121324560425485,0.123919331119232
-1,"old_at_reform","Fully funded system",0.69,0.00959412012165592,"capitalization","funded_only",TRUE,1.34510727728041,FALSE,NA,1.87497645876502,-0.0949771468345761,-0.113167528302654,0.123919331119231
-1,"old_at_reform","Fully funded system",0.7,0.00881566532576298,"capitalization","funded_only",TRUE,1.4089908936855,FALSE,NA,1.96402532414809,-0.0885915342681879,-0.10555891912749,0.123919331119232
-1,"old_at_reform","Fully funded system",0.71,0.00807056105809019,"capitalization","funded_only",TRUE,1.47590855541466,FALSE,NA,2.05730341619101,-0.0826352465363207,-0.0984618606988039,0.123919331119232
-1,"old_at_reform","Fully funded system",0.72,0.00736124124713052,"capitalization","funded_only",TRUE,1.546004359367,FALSE,NA,2.15501159492793,-0.07707941877885,-0.0918419598495677,0.123919331119231
-1,"old_at_reform","Fully funded system",0.73,0.00668955247216793,"capitalization","funded_only",TRUE,1.61942924608242,FALSE,NA,2.25736025990375,-0.0718971268110633,-0.0856671357736395,0.123919331119232
-1,"old_at_reform","Fully funded system",0.74,0.00605677957576838,"capitalization","funded_only",TRUE,1.69634132476888,FALSE,NA,2.36456980323724,-0.0670632566459428,-0.0799074645584637,0.123919331119231
-1,"old_at_reform","Fully funded system",0.75,0.00546367883789977,"capitalization","funded_only",TRUE,1.77690621376625,FALSE,NA,2.47687108420161,-0.0625543827888757,-0.0745350341703255,0.123919331119232
-1,"old_at_reform","Fully funded system",0.76,0.0049105173257538,"capitalization","funded_only",TRUE,1.86129739717995,FALSE,NA,2.59450592634441,-0.0583486547149946,-0.0695238091894027,0.123919331119232
-1,"old_at_reform","Fully funded system",0.77,0.00439711701067287,"payg","payg_only",TRUE,1.94969659845232,FALSE,NA,2.62400985694095,-0.0573673323078333,-0.0643791733456763,0.079909000220806
-1,"old_at_reform","Fully funded system",0.78,0.00392290226240524,"payg","payg_only",TRUE,2.04229417167613,FALSE,NA,2.76882470309116,-0.0529260711683924,-0.0593950698626137,0.0799090002208063
-1,"old_at_reform","Fully funded system",0.79,0.00348694938664893,"payg","payg_only",TRUE,2.13928951149282,FALSE,NA,2.91881537641977,-0.0488993301301154,-0.0548761520588312,0.0799090002208063
-1,"old_at_reform","Fully funded system",0.8,0.00308803695908519,"payg","payg_only",TRUE,2.24089148245826,FALSE,NA,3.07433616940859,-0.0452361688172103,-0.0507652532655733,0.0799090002208063
-1,"old_at_reform","Fully funded system",0.81,0.00272469582188591,"payg","payg_only",TRUE,2.34731886880045,FALSE,NA,3.23575921459333,-0.0418936840511386,-0.0470142263744235,0.0799090002208065
-1,"old_at_reform","Fully funded system",0.82,0.0023952577407798,"payg","payg_only",TRUE,2.45880084553771,FALSE,NA,3.40347308552788,-0.0388355416817498,-0.0435822962184563,0.0799090002208058
-1,"old_at_reform","Fully funded system",0.83,0.00209790186595431,"payg","payg_only",TRUE,2.57557747197188,FALSE,NA,3.57788189126847,-0.0360307952644011,-0.0404347338597216,0.0799090002208063
-1,"old_at_reform","Fully funded system",0.84,0.00183069829236669,"payg","payg_only",TRUE,2.69790020861911,FALSE,NA,3.75940479806521,-0.0334529337857008,-0.0375417879212938,0.0799090002208063
-1,"old_at_reform","Fully funded system",0.85,0.00159164816888775,"payg","payg_only",TRUE,2.82603245869148,FALSE,NA,3.94847591399024,-0.0310791124831369,-0.0348778213922357,0.0799090002208063
-1,"old_at_reform","Fully funded system",0.86,0.00137871995615396,"payg","payg_only",TRUE,2.96025013529524,FALSE,NA,4.14554447757282,-0.0288895301980375,-0.0324206128762353,0.079909000220806
-1,"old_at_reform","Fully funded system",0.87,0.00118988157581876,"payg","payg_only",TRUE,3.10084225556738,FALSE,NA,4.35107529853595,-0.0268669241521305,-0.0301507896161831,0.079909000220806
-1,"old_at_reform","Fully funded system",0.88,0.0010231283256207,"payg","payg_only",TRUE,3.24811156302952,FALSE,NA,4.56554940632627,-0.0249961589490699,-0.0280513662605593,0.0799090002208063
-1,"old_at_reform","Fully funded system",0.89,0.000876506552691064,"payg","payg_only",TRUE,3.40237517949963,FALSE,NA,4.78946486959436,-0.0232638912945635,-0.0261073686032838,0.0799090002208063
-1,"old_at_reform","Fully funded system",0.9,0.000748133179985062,"payg","payg_only",TRUE,3.56396528796505,FALSE,NA,5.02333775669911,-0.0216582956563702,-0.0243055257119386,0.0799090002208063
-1,"old_at_reform","Fully funded system",0.91,0.000636211266591,"payg","payg_only",TRUE,3.73322984788756,FALSE,NA,5.2677032134705,-0.0201688390494349,-0.0226340171855493,0.0799090002208063
-1,"old_at_reform","Fully funded system",0.92,0.000539041851611795,"payg","payg_only",TRUE,3.91053334448056,FALSE,NA,5.52311663979711,-0.0187860954905292,-0.0210822649305598,0.0799090002208063
-1,"old_at_reform","Fully funded system",0.93,0.000455032383605845,"payg","payg_only",TRUE,4.09625757357196,FALSE,NA,5.79015495112001,-0.0175015925463109,-0.0196407609529108,0.0799090002208063
-1,"old_at_reform","Fully funded system",0.94,0.00038270207402884,"payg","payg_only",TRUE,4.29080246374281,FALSE,NA,6.06941791467517,-0.0163076838977122,-0.0183009243463453,0.079909000220806
-1,"old_at_reform","Fully funded system",0.95,0.000320684534961157,"payg","payg_only",TRUE,4.49458693751207,FALSE,NA,6.36152955341672,-0.0151974430402615,-0.0170549820000336,0.0799090002208063
-1,"old_at_reform","Fully funded system",0.96,0.000267728070175611,"payg","payg_only",TRUE,4.70804981342179,FALSE,NA,6.66713961306597,-0.0141645741962444,-0.0158958686217869,0.0799090002208065
-1,"old_at_reform","Fully funded system",0.97,0.000222693986042829,"payg","payg_only",TRUE,4.93165075096547,FALSE,NA,6.98692508975829,-0.0132033372795343,-0.0148171425315607,0.0799090002208063
-1,"old_at_reform","Fully funded system",0.98,0.00018455327674269,"payg","payg_only",TRUE,5.16587124039405,FALSE,NA,7.32159181738507,-0.0123084843663526,-0.0138129143672201,0.0799090002208063
-1,"old_at_reform","Fully funded system",0.99,0.000152382018630337,"payg","payg_only",TRUE,5.41121563953126,FALSE,NA,7.67187611502679,-0.0114752056159935,-0.0128777863953149,0.0799090002208065
-1,"old_at_reform","Fully funded system",1,6.26778916131105e-05,"payg","payg_only",TRUE,5.66821225983057,FALSE,NA,8.03854649590921,-0.0106990829792132,-0.0120068005613796,0.0799090002208063
0,"young_lifetime","Law 100",0,0.000223648618482682,"informal","informal",FALSE,0.100335520900096,TRUE,0.0748946540472519,0.0955677107705423,-37.4783291935855,-37.4783291935855,0
0,"young_lifetime","Law 100",0.01,0.000530074028894635,"informal","informal",FALSE,0.103287852914032,FALSE,0.0770983988709474,0.0983797519048821,-35.8829724428766,-35.8829724428766,0
0,"young_lifetime","Law 100",0.02,0.000625857596014926,"informal","informal",FALSE,0.106327056100234,FALSE,0.079366987992407,0.101274536209247,-34.3555259543591,-34.3555259543591,0
0,"young_lifetime","Law 100",0.03,0.00073622950670148,"informal","informal",FALSE,0.109455686607718,FALSE,0.0817023294287961,0.104254498367861,-32.8930989616206,-32.8930989616206,0
0,"young_lifetime","Law 100",0.04,0.000862878406729994,"informal","informal",FALSE,0.112676375799147,FALSE,0.084106387339912,0.107322144704544,-31.4929237507913,-31.4929237507913,0
0,"young_lifetime","Law 100",0.05,0.00100759191313581,"informal","informal",FALSE,0.115991832463965,FALSE,0.0865811836801572,0.110480055290676,-30.1523504225122,-30.1523504225122,0
0,"young_lifetime","Law 100",0.06,0.00117224512608808,"informal","informal",FALSE,0.119404845096644,FALSE,0.0891287998991226,0.113730886115194,-28.8688418768717,-28.8688418768717,0
0,"young_lifetime","Law 100",0.07,0.00135878545245099,"informal","informal",FALSE,0.122918284241979,FALSE,0.0917513786922094,0.117077371318431,-27.6399690118215,-27.6399690118215,0
0,"young_lifetime","Law 100",0.08,0.00156921348536889,"informal","informal",FALSE,0.126535104909378,FALSE,0.0944511258027618,0.12052232549169,-26.4634061259835,-26.4634061259835,0
0,"young_lifetime","Law 100",0.09,0.00180555975146526,"informal","informal",FALSE,0.130258349058204,FALSE,0.0972303118772276,0.124068646044483,-25.3369265171469,-25.3369265171469,0
0,"young_lifetime","Law 100",0.1,0.00206985722142662,"informal","informal",FALSE,0.134091148156242,FALSE,0.100091274374906,0.127719315641421,-24.2583982681271,-24.2583982681271,0
0,"young_lifetime","Law 100",0.11,0.00236410958058029,"informal","informal",FALSE,0.138036725813444,FALSE,0.103036419533886,0.131477404710811,-23.2257802120088,-23.2257802120088,0
0,"young_lifetime","Law 100",0.12,0.00269025537259384,"informal","informal",FALSE,0.14209840049318,FALSE,0.10606822439484,0.135346074027069,-22.2371180691391,-22.2371180691391,0
0,"young_lifetime","Law 100",0.13,0.0030501282598838,"informal","informal",FALSE,0.146279588303256,FALSE,0.109189238884356,0.139328577369117,-21.2905407485582,-21.2905407485582,0
0,"young_lifetime","Law 100",0.14,0.00344541378616971,"informal","informal",FALSE,0.150583805869069,FALSE,0.112402087959576,0.143428264257,-20.3842568068699,-20.3842568068699,0
0,"young_lifetime","Law 100",0.15,0.0038776031764757,"informal","informal",FALSE,0.155014673291288,FALSE,0.115709473815944,0.147648582769034,-19.5165510578476,-19.5165510578476,0
0,"young_lifetime","Law 100",0.16,0.00434794486360459,"informal","informal",FALSE,0.159575917190579,FALSE,0.119114178159909,0.15199308244184,-18.6857813263618,-18.6857813263618,0
0,"young_lifetime","Law 100",0.17,0.00485739458280167,"informal","informal",FALSE,0.164271373841909,FALSE,0.122619064548503,0.156465417255717,-17.8903753404839,-17.8903753404839,0
0,"young_lifetime","Law 100",0.18,0.00540656502249209,"informal","informal",FALSE,0.16910499240108,FALSE,0.126227080797763,0.161069348707848,-17.1288277558855,-17.1288277558855,0
0,"young_lifetime","Law 100",0.19,0.00599567615266305,"informal","informal",FALSE,0.174080838226201,FALSE,0.129941261462017,0.16580874897595,-16.3996973069017,-16.3996973069017,0
0,"young_lifetime","Law 100",0.2,0.00662450746745946,"informal","informal",FALSE,0.179203096296898,FALSE,0.133764730386123,0.170687604174996,-15.7016040788657,-15.7016040788657,0
0,"young_lifetime","Law 100",0.21,0.00729235346863131,"informal","informal",FALSE,0.184476074734122,FALSE,0.13770070333281,0.175710017709777,-15.0332268965535,-15.0332268965535,0
0,"young_lifetime","Law 100",0.22,0.00799798377561329,"informal","informal",FALSE,0.189904208423538,FALSE,0.141752490687318,0.180880213726105,-14.3933008237962,-14.3933008237962,0
0,"young_lifetime","Law 100",0.23,0.0087396092707509,"informal","informal",FALSE,0.195492062745521,FALSE,0.145923500241633,0.186202540663571,-13.7806147695268,-13.7806147695268,0
0,"young_lifetime","Law 100",0.24,0.0095148556698428,"informal","informal",FALSE,0.201244337414915,FALSE,0.150217240060634,0.191681474912836,-13.1940091957318,-13.1940091957318,0
0,"young_lifetime","Law 100",0.25,0.010320745845168,"informal","informal",FALSE,0.207165870433765,FALSE,0.154637321432592,0.197321624580541,-12.6323739229692,-12.6323739229692,0
0,"young_lifetime","Law 100",0.26,0.0111536921182913,"informal","informal",FALSE,0.213261642160366,FALSE,0.159187461906466,0.203127733364997,-12.0946460293005,-12.0946460293005,0
0,"young_lifetime","Law 100",0.27,0.0120094995825537,"informal","informal",FALSE,0.219536779498035,FALSE,0.163871488418589,0.209104684545915,-11.5798078386594,-11.5798078386594,0
0,"young_lifetime","Law 100",0.28,0.0128833813113884,"informal","informal",FALSE,0.225996560207141,FALSE,0.168693340511342,0.215257505091528,-11.0868849948502,-11.0868849948502,0
0,"young_lifetime","Law 100",0.29,0.0137699860614464,"informal","informal",FALSE,0.232646417344011,FALSE,0.173657073646544,0.221591369886575,-10.6149446175323,-10.6149446175323,0
0,"young_lifetime","Law 100",0.3,0.0146634387938913,"informal","informal",FALSE,0.23949194383045,FALSE,0.178766862616331,0.228111606084676,-10.1630935366981,-10.1630935366981,0
0,"young_lifetime","Law 100",0.31,0.0155573940198842,"informal","informal",FALSE,0.246538897157722,FALSE,0.184027005054408,0.234823697588789,-9.73047660230625,-9.73047660230625,0
0,"young_lifetime","Law 100",0.32,0.0164451016357299,"informal","informal",FALSE,0.253793204228934,FALSE,0.189441925050607,0.24173328966349,-9.31627506586847,-9.31627506586847,0
0,"young_lifetime","Law 100",0.33,0.0173194845593781,"informal","informal",FALSE,0.261260966343915,FALSE,0.195016176871809,0.248846193682977,-8.91970503092844,-8.91970503092844,0
0,"young_lifetime","Law 100",0.34,0.0181732271241403,"informal","informal",FALSE,0.268948464330765,FALSE,0.200754448792353,0.256168392018779,-8.54001596949986,-8.54001596949986,0
0,"young_lifetime","Law 100",0.35,0.0189988728395791,"informal","informal",FALSE,0.276862163828407,FALSE,0.206661567037146,0.263706043071277,-8.1764893016559,-8.1764893016559,0
0,"young_lifetime","Law 100",0.36,0.0197889298058682,"informal","informal",FALSE,0.285008720724565,FALSE,0.212742499840809,0.271465486449291,-7.82843703558187,-7.82843703558187,0
0,"young_lifetime","Law 100",0.37,0.0205359817787106,"informal","informal",FALSE,0.293394986753761,FALSE,0.219002361626251,0.279453248302056,-7.49520046551748,-7.49520046551748,0
0,"young_lifetime","Law 100",0.38,0.0212328026386743,"informal","informal",FALSE,0.302028015260027,FALSE,0.225446417306199,0.287676046808102,-7.1761489251242,-7.1761489251242,0
0,"young_lifetime","Law 100",0.39,0.0218724718319488,"informal","informal",FALSE,0.310915067129182,FALSE,0.232080086711305,0.296140797825639,-6.87067859391881,-6.87067859391881,0
0,"young_lifetime","Law 100",0.4,0.0224484882277816,"informal","informal",FALSE,0.320063616895666,FALSE,0.238908949148538,0.3048546207092,-6.57821135451382,-6.57821135451382,0
0,"young_lifetime","Law 100",0.41,0.0229548797878943,"informal","informal",FALSE,0.329481359029065,FALSE,0.245938748093714,0.313824844297438,-6.29819369850236,-6.29819369850236,0
0,"young_lifetime","Law 100",0.42,0.0233863064692461,"informal","informal",FALSE,0.33917621440561,FALSE,0.253175396022093,0.323059013077111,-6.03009567891675,-6.03009567891675,0
0,"young_lifetime","Law 100",0.43,0.0237381538851594,"informal","informal",FALSE,0.349156336970105,FALSE,0.260624979381123,0.332564893528441,-5.77340990727817,-5.77340990727817,0
0,"young_lifetime","Law 100",0.44,0.0240066154297712,"informal","informal",FALSE,0.359430120593873,FALSE,0.268293763709502,0.342350480657181,-5.52765059333943,-5.52765059333943,0
0,"young_lifetime","Law 100",0.45,0.0241887608228689,"informal","informal",FALSE,0.370006206134495,FALSE,0.276188198906861,0.352424004718884,-5.29235262570342,-5.29235262570342,0
0,"young_lifetime","Law 100",0.46,0.0242825893494975,"informal","informal",FALSE,0.380893488703284,FALSE,0.284314924658512,0.362793938141039,-5.06707069157726,-5.06707069157726,0
0,"young_lifetime","Law 100",0.47,0.0242870664418367,"informal","informal",FALSE,0.392101125146596,FALSE,0.292680776019816,0.373469002648875,-4.8513784339963,-4.8513784339963,0
0,"young_lifetime","Law 100",0.48,0.0242021426680683,"capitalization","funded_only",TRUE,0.507668689563975,FALSE,0.297193481118043,0.629628147821509,-4.40765539469607,-4.40765539469607,0
0,"young_lifetime","Law 100",0.49,0.0240287546408929,"capitalization","funded_only",TRUE,0.531779563375136,FALSE,0.311308187555604,0.659531281759349,-4.11131484736734,-4.11131484736734,0
0,"young_lifetime","Law 100",0.5,0.0237688078223462,"capitalization","funded_only",TRUE,0.557035542740151,FALSE,0.326093248326204,0.69085461494082,-3.83489820790508,-3.83489820790508,0
0,"young_lifetime","Law 100",0.51,0.0234251416663332,"capitalization","funded_only",TRUE,0.583491012528675,FALSE,0.341580500785712,0.723665597349451,-3.57706592926368,-3.57706592926368,0
0,"young_lifetime","Law 100",0.52,0.0230014779905107,"capitalization","funded_only",TRUE,0.611202940528625,FALSE,0.357803294351868,0.758034882392728,-3.33656852636223,-3.33656852636223,0
0,"young_lifetime","Law 100",0.53,0.0225023538900762,"capitalization","funded_only",TRUE,0.640231000117553,FALSE,0.374796562317133,0.794036479043345,-3.11224052093516,-3.11224052093516,0
0,"young_lifetime","Law 100",0.54,0.0219330408840984,"capitalization","funded_only",TRUE,0.670637698760098,FALSE,0.392596897072161,0.831747911206151,-2.90299479348959,-2.90299479348959,0
0,"young_lifetime","Law 100",0.55,0.0212994523083938,"capitalization","funded_only",TRUE,0.702488512608201,FALSE,0.411242628901891,0.871250384653967,-2.70781731499833,-2.70781731499833,0
0,"young_lifetime","Law 100",0.56,0.0206080412279339,"capitalization","funded_only",TRUE,0.735852027493931,FALSE,0.430773908523922,0.912628961891731,-2.52576223279784,-2.52576223279784,0
0,"young_lifetime","Law 100",0.57,0.0198656913291574,"capitalization","funded_only",TRUE,0.770800086618537,FALSE,0.451232793546911,0.955972745325532,-2.35594728687665,-2.35594728687665,0
0,"young_lifetime","Law 100",0.58,0.0190796033639485,"capitalization","funded_only",TRUE,0.807407945255739,FALSE,0.472663339035173,1.00137506913094,-2.19754953434119,-2.19754953434119,0
0,"young_lifetime","Law 100",0.59,0.0182571797508447,"capitalization","funded_only",TRUE,0.84575443280239,FALSE,0.495111692374488,1.04893370023383,-2.04980136133921,-2.04980136133921,0
0,"young_lifetime","Law 100",0.6,0.0174059098965294,"capitalization","funded_only",TRUE,0.885922122525471,FALSE,0.518626192643402,1.09875104883639,-1.91198676311418,-1.91198676311418,0
0,"young_lifetime","Law 100",0.61,0.0165332586858387,"capitalization","funded_only",TRUE,0.927997509370922,FALSE,0.543257474704007,1.15093438894178,-1.78343787416329,-1.78343787416329,0
0,"young_lifetime","Law 100",0.62,0.0156465604078046,"capitalization","funded_only",TRUE,0.972071196217222,FALSE,0.569058578236329,1.20559608935221,-1.66353173168393,-1.66353173168393,0
0,"young_lifetime","Law 100",0.63,0.0147529201472209,"capitalization","funded_only",TRUE,1.01823808897476,FALSE,0.59608506195113,1.26285385563787,-1.55168725662376,-1.55168725662376,0
0,"young_lifetime","Law 100",0.64,0.0138591243861013,"capitalization","funded_only",TRUE,1.06659760095111,FALSE,0.624395123227049,1.32283098359778,-1.44736243770433,-1.44736243770433,0
0,"young_lifetime","Law 100",0.65,0.0129715622386452,"capitalization","funded_only",TRUE,1.11725386692234,FALSE,0.654049723429717,1.38565662475839,-1.3500517047717,-1.3500517047717,0
0,"young_lifetime","Law 100",0.66,0.0120961583990884,"capitalization","funded_only",TRUE,1.17031596737122,FALSE,0.685112719182681,1.45146606448146,-1.25928347874487,-1.25928347874487,0
0,"young_lifetime","Law 100",0.67,0.0112383185264294,"capitalization","funded_only",TRUE,1.22589816337529,FALSE,0.717650999872835,1.52040101328035,-1.17461788628899,-1.17461788628899,0
0,"young_lifetime","Law 100",0.68,0.0104028874355191,"capitalization","funded_only",TRUE,1.28412014265052,FALSE,0.751734631686427,1.59260991197184,-1.09564462813822,-1.09564462813822,0
0,"young_lifetime","Law 100",0.69,0.00959412012165592,"capitalization","funded_only",TRUE,1.34510727728041,FALSE,0.787437008485828,1.66824825132055,-1.02198099073794,-1.02198099073794,0
0,"young_lifetime","Law 100",0.7,0.00881566532576298,"capitalization","funded_only",TRUE,1.4089908936855,FALSE,0.824835009851928,1.74747890686448,-0.953269991570609,-0.953269991570609,0
0,"young_lifetime","Law 100",0.71,0.00807056105809019,"capitalization","funded_only",TRUE,1.47590855541466,FALSE,0.864009166632502,1.83047248964237,-0.889178649177095,-0.889178649177095,0
0,"young_lifetime","Law 100",0.72,0.00736124124713052,"capitalization","funded_only",TRUE,1.546004359367,FALSE,0.905043834353009,1.91740771357843,-0.829396369489974,-0.829396369489974,0
0,"young_lifetime","Law 100",0.73,0.00668955247216793,"capitalization","funded_only",TRUE,1.61942924608242,FALSE,0.948027374863251,2.00847178031523,-0.773633440658722,-0.773633440658722,0
0,"young_lifetime","Law 100",0.74,0.00605677957576838,"capitalization","funded_only",TRUE,1.69634132476888,FALSE,0.993052346611038,2.10386078232371,-0.721619629072523,-0.721619629072523,0
0,"young_lifetime","Law 100",0.75,0.00546367883789977,"capitalization","funded_only",TRUE,1.77690621376625,FALSE,1.04021570395258,2.20378012515815,-0.673102869776903,-0.673102869776903,0
0,"young_lifetime","Law 100",0.76,0.0049105173257538,"capitalization","funded_only",TRUE,1.86129739717995,FALSE,1.08961900592877,2.30844496976551,-0.627848044937771,-0.627848044937771,0
0,"young_lifetime","Law 100",0.77,0.00439711701067287,"payg","payg_only",TRUE,1.94969659845232,FALSE,1.14136863495702,2.42984349274284,-0.585353645657103,-0.585353645657103,0
0,"young_lifetime","Law 100",0.78,0.00392290226240524,"payg","payg_only",TRUE,2.04229417167613,FALSE,1.19557602590938,2.56394261231736,-0.545605063989596,-0.545605063989596,0
0,"young_lifetime","Law 100",0.79,0.00348694938664893,"payg","payg_only",TRUE,2.13928951149282,FALSE,1.25235790607045,2.70283456830434,-0.508606957822125,-0.508606957822125,0
0,"young_lifetime","Law 100",0.8,0.00308803695908519,"payg","payg_only",TRUE,2.24089148245826,FALSE,1.31183654649164,2.84684743694144,-0.474158869565732,-0.474158869565732,0
0,"young_lifetime","Law 100",0.81,0.00272469582188591,"payg","payg_only",TRUE,2.34731886880045,FALSE,1.37414002528309,2.9963258144267,-0.442076924665344,-0.442076924665344,0
0,"young_lifetime","Law 100",0.82,0.0023952577407798,"payg","payg_only",TRUE,2.45880084553771,FALSE,1.43940250341015,3.15162952140595,-0.412192091946951,-0.412192091946951,0
0,"young_lifetime","Law 100",0.83,0.00209790186595431,"payg","payg_only",TRUE,2.57557747197188,FALSE,1.50776451358848,3.31313276446155,-0.384348687606164,-0.384348687606164,0
0,"young_lifetime","Law 100",0.84,0.00183069829236669,"payg","payg_only",TRUE,2.69790020861911,FALSE,1.57937326289958,3.48122369319687,-0.358403080525969,-0.358403080525969,0
0,"young_lifetime","Law 100",0.85,0.00159164816888775,"payg","payg_only",TRUE,2.82603245869148,FALSE,1.65438294977863,3.65630429340148,-0.334222564813852,-0.334222564813852,0
0,"young_lifetime","Law 100",0.86,0.00137871995615396,"payg","payg_only",TRUE,2.96025013529524,FALSE,1.73295509605716,3.83879056172807,-0.31168437198681,-0.31168437198681,0
0,"young_lifetime","Law 100",0.87,0.00118988157581876,"payg","payg_only",TRUE,3.10084225556738,FALSE,1.81525889477543,4.02911291381617,-0.290674800448292,-0.290674800448292,0
0,"young_lifetime","Law 100",0.88,0.0010231283256207,"payg","payg_only",TRUE,3.24811156302952,FALSE,1.90147157451369,4.22771678483351,-0.271088444066496,-0.271088444066496,0
0,"young_lifetime","Law 100",0.89,0.000876506552691064,"payg","payg_only",TRUE,3.40237517949963,FALSE,1.99177878102663,4.43506338831797,-0.252827504995748,-0.252827504995748,0
0,"young_lifetime","Law 100",0.9,0.000748133179985062,"payg","payg_only",TRUE,3.56396528796505,FALSE,2.08637497700304,4.65163060560843,-0.235801178553795,-0.235801178553795,0
0,"young_lifetime","Law 100",0.91,0.000636211266591,"payg","payg_only",TRUE,3.73322984788756,FALSE,2.18546386081128,4.87791398385736,-0.219925100113948,-0.219925100113948,0
0,"young_lifetime","Law 100",0.92,0.000539041851611795,"payg","payg_only",TRUE,3.91053334448056,FALSE,2.28925880513241,5.1144278255555,-0.205120845699737,-0.205120845699737,0
0,"young_lifetime","Law 100",0.93,0.000455032383605845,"payg","payg_only",TRUE,4.09625757357196,FALSE,2.39798331642548,5.36170635668016,-0.19131547936609,-0.19131547936609,0
0,"young_lifetime","Law 100",0.94,0.00038270207402884,"payg","payg_only",TRUE,4.29080246374281,FALSE,2.51187151621433,5.62030496406102,-0.178441141582375,-0.178441141582375,0
0,"young_lifetime","Law 100",0.95,0.000320684534961157,"payg","payg_only",TRUE,4.49458693751207,FALSE,2.63116864523229,5.89080149541859,-0.166434673752282,-0.166434673752282,0
0,"young_lifetime","Law 100",0.96,0.000267728070175611,"payg","payg_only",TRUE,4.70804981342179,FALSE,2.75613159151043,6.17379761785739,-0.155237274755506,-0.155237274755506,0
0,"young_lifetime","Law 100",0.97,0.000222693986042829,"payg","payg_only",TRUE,4.93165075096547,FALSE,2.88702944354645,6.46992023247301,-0.144794186010352,-0.144794186010352,0
0,"young_lifetime","Law 100",0.98,0.00018455327674269,"payg","payg_only",TRUE,5.16587124039405,FALSE,3.02414406974535,6.77982294423701,-0.135054402061037,-0.135054402061037,0
0,"young_lifetime","Law 100",0.99,0.000152382018630337,"payg","payg_only",TRUE,5.41121563953126,FALSE,3.16777072537981,7.10418758752648,-0.125970404110133,-0.125970404110133,0
0,"young_lifetime","Law 100",1,6.26778916131105e-05,"payg","payg_only",TRUE,5.66821225983057,FALSE,3.31821868837694,7.44372580862423,-0.117497914261974,-0.117497914261974,0
1,"young_lifetime","Fully funded system",0,0.000223648618482682,"informal","informal",FALSE,0.0929110886931958,TRUE,0.08115951525614,0.100919642489895,-33.3971729517198,-37.4783291935855,0.0798920499080498
1,"young_lifetime","Fully funded system",0.01,0.000530074028894635,"informal","informal",FALSE,0.095644959800236,TRUE,0.0833555934885467,0.10365040584395,-32.0860865231192,-35.8829724428766,0.0774102614517764
1,"young_lifetime","Fully funded system",0.02,0.000625857596014926,"informal","informal",FALSE,0.0984592739559481,TRUE,0.0856162904323775,0.106461520802306,-30.8236640058876,-34.3555259543591,0.0749994112840284
1,"young_lifetime","Fully funded system",0.03,0.00073622950670148,"informal","informal",FALSE,0.101356398164418,TRUE,0.0879435074670118,0.109355351678334,-29.608281304696,-32.8930989616206,0.0726574717377171
1,"young_lifetime","Fully funded system",0.04,0.000862878406729994,"informal","informal",FALSE,0.104338769077866,TRUE,0.0903392019191457,0.112334332354368,-28.4383567466085,-31.4929237507913,0.0703824731036438
1,"young_lifetime","Fully funded system",0.05,0.00100759191313581,"informal","informal",FALSE,0.107408895046016,TRUE,0.0928053887090201,0.115400968328745,-27.3123507543023,-30.1523504225122,0.0681725019738664
1,"young_lifetime","Fully funded system",0.06,0.00117224512608808,"informal","informal",FALSE,0.110569358225767,TRUE,0.0953441420450864,0.11855783882307,-26.2287654615244,-28.8688418768717,0.0660256996324047
1,"young_lifetime","Fully funded system",0.07,0.00135878545245099,"informal","informal",FALSE,0.113822816752936,TRUE,0.0979575971685388,0.121807598951501,-25.186144275805,-27.6399690118215,0.0639402604919534
1,"young_lifetime","Fully funded system",0.08,0.00156921348536889,"informal","informal",FALSE,0.117172006977908,TRUE,0.100647952149178,0.125152981953853,-24.183071393234,-26.4634061259835,0.0619144305752761
1,"young_lifetime","Fully funded system",0.09,0.00180555975146526,"informal","informal",FALSE,0.12061974576707,TRUE,0.103417469734116,0.128596801494413,-23.2181712698791,-25.3369265171469,0.0599465060400068
1,"young_lifetime","Fully funded system",0.1,0.00206985722142662,"informal","informal",FALSE,0.12416893287196,TRUE,0.106268479250883,0.132141954028399,-22.2901080542083,-24.2583982681271,0.0580348317456181
1,"young_lifetime","Fully funded system",0.11,0.00236410958058029,"informal","informal",FALSE,0.127822553368127,TRUE,0.109203378566526,0.135791421238051,-21.397584984659,-23.2257802120088,0.0561777998613515
1,"young_lifetime","Fully funded system",0.12,0.00269025537259384,"informal","informal",FALSE,0.13158368016576,TRUE,0.112224636104357,0.139548272540396,-20.5393437562794,-22.2371180691391,0.0543738485139356
1,"young_lifetime","Fully funded system",0.13,0.0030501282598838,"informal","informal",FALSE,0.135455476594182,TRUE,0.115334792920043,0.143415667668817,-19.7141638601552,-21.2905407485582,0.0526214604739588
1,"young_lifetime","Fully funded system",0.14,0.00344541378616971,"informal","informal",FALSE,0.139441199062402,TRUE,0.118536464838785,0.147396859330566,-18.9208618991265,-20.3842568068699,0.0509191618797911
1,"young_lifetime","Fully funded system",0.15,0.0038776031764757,"informal","informal",FALSE,0.143544199797939,TRUE,0.121832344655378,0.151495195942491,-18.1582908830937,-19.5165510578476,0.0492655209979782
1,"young_lifetime","Fully funded system",0.16,0.00434794486360459,"informal","informal",FALSE,0.14776792966625,TRUE,0.125225204399014,0.155714124447243,-17.4253395070139,-18.6857813263618,0.0476591470190699
1,"young_lifetime","Fully funded system",0.17,0.00485739458280167,"informal","informal",FALSE,0.152115941073109,TRUE,0.128717897664717,0.160057193212368,-16.7209314144956,-17.8903753404839,0.0460986888878681
1,"young_lifetime","Fully funded system",0.18,0.00540656502249209,"informal","informal",FALSE,0.156591890952389,TRUE,0.132313362013389,0.164528055014684,-16.0440244497095,-17.1288277558855,0.0445828341671075
1,"young_lifetime","Fully funded system",0.19,0.00599567615266305,"informal","informal",FALSE,0.161199543841757,TRUE,0.13601462144247,0.169130470112488,-15.3936099001561,-16.3996973069017,0.0431103079336213
1,"young_lifetime","Fully funded system",0.2,0.00662450746745946,"informal","informal",FALSE,0.165942775048876,TRUE,0.1398247889293,0.17386830940815,-14.7687117326518,-15.7016040788657,0.0416798717060538
1,"young_lifetime","Fully funded system",0.21,0.00729235346863131,"informal","informal",FALSE,0.170825573910767,TRUE,0.143747069049312,0.178745557703776,-14.1683858247292,-15.0332268965535,0.0402903224032256
1,"young_lifetime","Fully funded system",0.22,0.00799798377561329,"informal","informal",FALSE,0.175852047149073,TRUE,0.147784760671273,0.183766317052655,-13.5917191934862,-14.3933008237962,0.0389404913322697
1,"young_lifetime","Fully funded system",0.23,0.0087396092707509,"informal","informal",FALSE,0.181026422324056,TRUE,0.151941259731826,0.188934810209332,-13.0378292237621,-13.7806147695268,0.0376292432056946
1,"young_lifetime","Fully funded system",0.24,0.0095148556698428,"informal","informal",FALSE,0.186353051390225,TRUE,0.156220062091672,0.194255384181192,-12.505862897372,-13.1940091957318,0.0363554751865387
1,"young_lifetime","Fully funded system",0.25,0.010320745845168,"informal","informal",FALSE,0.191836414356586,TRUE,0.160624766475796,0.199732513884549,-11.9949960249907,-12.6323739229692,0.0351181159608196
1,"young_lifetime","Fully funded system",0.26,0.0111536921182913,"informal","informal",FALSE,0.197481123054592,TRUE,0.165159077500205,0.205370805908315,-11.5044324821416,-12.0946460293005,0.0339161248364965
1,"young_lifetime","Fully funded system",0.27,0.0120094995825537,"informal","informal",FALSE,0.203291925016966,TRUE,0.169826808787732,0.211175002388412,-11.0334034506185,-11.5798078386594,0.0327484908681863
1,"young_lifetime","Fully funded system",0.28,0.0128833813113884,"informal","informal",FALSE,0.209273707470659,FALSE,0.168106474518072,0.209035813669637,-11.2032031650078,-11.0868849948502,-0.00693375417675723
1,"young_lifetime","Fully funded system",0.29,0.0137699860614464,"informal","informal",FALSE,0.215431501447291,FALSE,0.173052939359411,0.215186607717645,-10.7263114202734,-10.6149446175323,-0.00693375417675712
1,"young_lifetime","Fully funded system",0.3,0.0146634387938913,"informal","informal",FALSE,0.221770486014546,FALSE,0.178144951922791,0.221518386386216,-10.2697197390875,-10.1630935366981,-0.00693375417675757
1,"young_lifetime","Fully funded system",0.31,0.0155573940198842,"informal","informal",FALSE,0.228295992632076,FALSE,0.18338679489091,0.228036475074416,-9.83256399959294,-9.73047660230625,-0.00693375417675735
1,"young_lifetime","Fully funded system",0.32,0.0164451016357299,"informal","informal",FALSE,0.235013509635573,FALSE,0.18878287696267,0.234746355879019,-9.41401686339316,-9.31627506586847,-0.00693375417675723
1,"young_lifetime","Fully funded system",0.33,0.0173194845593781,"informal","informal",FALSE,0.241928686852777,FALSE,0.194337736561145,0.241653672205274,-9.01328620977395,-8.91970503092844,-0.00693375417675735
1,"young_lifetime","Fully funded system",0.34,0.0181732271241403,"informal","informal",FALSE,0.249047340355321,FALSE,0.200056045650671,0.24876423351334,-8.62961363657676,-8.54001596949986,-0.00693375417675735
1,"young_lifetime","Fully funded system",0.35,0.0189988728395791,"informal","informal",FALSE,0.256375457350386,FALSE,0.20594261366624,0.256084020204387,-8.26227302488592,-8.1764893016559,-0.00693375417675723
1,"young_lifetime","Fully funded system",0.36,0.0197889298058682,"informal","informal",FALSE,0.263919201216297,FALSE,0.212002391558518,0.263619188650462,-7.91056916481343,-7.82843703558187,-0.00693375417675735
1,"young_lifetime","Fully funded system",0.37,0.0205359817787106,"informal","informal",FALSE,0.271684916686287,FALSE,0.218240475957885,0.271376076372365,-7.57383643978057,-7.49520046551748,-0.0069337541767569
1,"young_lifetime","Fully funded system",0.38,0.0212328026386743,"informal","informal",FALSE,0.279679135184791,FALSE,0.224662113461006,0.279361207369874,-7.25143756680635,-7.1761489251242,-0.00693375417675735
1,"young_lifetime","Fully funded system",0.39,0.0218724718319488,"informal","informal",FALSE,0.287908580320759,FALSE,0.231272705043521,0.287581297608816,-6.94276239041859,-6.87067859391881,-0.00693375417675723
1,"young_lifetime","Fully funded system",0.4,0.0224484882277816,"informal","informal",FALSE,0.296380173542607,FALSE,0.238077810602594,0.296043260669587,-6.64722672790517,-6.57821135451382,-0.00693375417675723
1,"young_lifetime","Fully funded system",0.41,0.0229548797878943,"informal","informal",FALSE,0.305101039959568,FALSE,0.245083153633102,0.304754213561885,-6.36427126371999,-6.29819369850236,-0.00693375417675735
1,"young_lifetime","Fully funded system",0.42,0.0233863064692461,"informal","informal",FALSE,0.314078514334319,FALSE,0.252294626041442,0.313721482710531,-6.09336049095118,-6.03009567891675,-0.00693375417675723
1,"young_lifetime","Fully funded system",0.43,0.0237381538851594,"informal","informal",FALSE,0.323320147251957,FALSE,0.259718293100966,0.322952610117425,-5.83398169784837,-5.77340990727817,-0.00693375417675723
1,"young_lifetime","Fully funded system",0.44,0.0240066154297712,"informal","informal",FALSE,0.332833711470486,FALSE,0.267360398553235,0.332455359704815,-5.58564399749093,-5.52765059333943,-0.00693375417675757
1,"young_lifetime","Fully funded system",0.45,0.0241887608228689,"capitalization","funded_only",TRUE,0.428739854063438,FALSE,0.271044073934438,0.74893935441036,-4.95015650776592,-5.29235262570342,0.045570276775222
1,"young_lifetime","Fully funded system",0.46,0.0242825893494975,"capitalization","funded_only",TRUE,0.449102135077888,FALSE,0.283916858091186,0.784508974199025,-4.61734190283118,-5.06707069157726,0.0639224000417959
1,"young_lifetime","Fully funded system",0.47,0.0242870664418367,"capitalization","funded_only",TRUE,0.470431488512085,FALSE,0.297401013563089,0.8217679134826,-4.30690347147481,-4.8513784339963,0.0825966445812043
1,"young_lifetime","Fully funded system",0.48,0.0242021426680683,"capitalization","funded_only",TRUE,0.492773843850275,FALSE,0.311525576406406,0.860796403660037,-4.01733679310773,-4.40765539469607,0.063766379307767
1,"young_lifetime","Fully funded system",0.49,0.0240287546408929,"capitalization","funded_only",TRUE,0.516177311920601,FALSE,0.32632096169624,0.901678486586155,-3.74723859407294,-4.11131484736734,0.0637663793077667
1,"young_lifetime","Fully funded system",0.5,0.0237688078223462,"capitalization","funded_only",TRUE,0.54069228849438,FALSE,0.341819029020724,0.944502195542857,-3.49529994721884,-3.83489820790508,0.0637663793077667
1,"young_lifetime","Fully funded system",0.51,0.0234251416663332,"capitalization","funded_only",TRUE,0.56637156280565,FALSE,0.358053151085748,0.989359744805265,-3.26029992868668,-3.57706592926368,0.063766379307767
1,"young_lifetime","Fully funded system",0.52,0.0230014779905107,"capitalization","funded_only",TRUE,0.593270431224668,FALSE,0.375058285577953,1.036347728211,-3.04109970117219,-3.33656852636223,0.0637663793077672
1,"young_lifetime","Fully funded system",0.53,0.0225023538900762,"capitalization","funded_only",TRUE,0.621446816330153,FALSE,0.392871050440736,1.08556732716015,-2.83663699498807,-3.11224052093516,0.0637663793077667
1,"young_lifetime","Fully funded system",0.54,0.0219330408840984,"capitalization","funded_only",TRUE,0.650961391636645,FALSE,0.411529802725362,1.13712452849387,-2.64592096018207,-2.90299479348959,0.063766379307767
1,"young_lifetime","Fully funded system",0.55,0.0212994523083938,"capitalization","funded_only",TRUE,0.681877712245602,FALSE,0.431074721186978,1.19113035272077,-2.46802736476342,-2.70781731499833,0.0637663793077667
1,"young_lifetime","Fully funded system",0.56,0.0206080412279339,"capitalization","funded_only",TRUE,0.714262351701538,FALSE,0.451547892803387,1.24770109308248,-2.3020941157675,-2.52576223279784,0.0637663793077672
1,"young_lifetime","Fully funded system",0.57,0.0198656913291574,"capitalization","funded_only",TRUE,0.74818504534792,FALSE,0.472993403402886,1.30695856597331,-2.14731708145359,-2.35594728687665,0.0637663793077667
1,"young_lifetime","Fully funded system",0.58,0.0190796033639485,"capitalization","funded_only",TRUE,0.783718840491511,FALSE,0.495457432596322,1.3690303732531,-2.00294619438922,-2.19754953434119,0.063766379307767
1,"young_lifetime","Fully funded system",0.59,0.0182571797508447,"capitalization","funded_only",TRUE,0.820940253698517,FALSE,0.518988353217785,1.43405017701823,-1.86828181653665,-2.04980136133921,0.063766379307767
1,"young_lifetime","Fully funded system",0.6,0.0174059098965294,"capitalization","funded_only",TRUE,0.859929435561255,FALSE,0.54363683548807,1.50215798742241,-1.7426713487258,-1.91198676311418,0.063766379307767
1,"young_lifetime","Fully funded system",0.61,0.0165332586858387,"capitalization","funded_only",TRUE,0.900770343290128,FALSE,0.569455956125211,1.57350046416699,-1.62550606808318,-1.78343787416329,0.063766379307767
1,"young_lifetime","Fully funded system",0.62,0.0156465604078046,"capitalization","funded_only",TRUE,0.94355092150258,FALSE,0.596501312637037,1.64823123231012,-1.51621817809033,-1.66353173168393,0.0637663793077667
1,"young_lifetime","Fully funded system",0.63,0.0147529201472209,"capitalization","funded_only",TRUE,0.988363291598307,FALSE,0.624831143041855,1.7265112130747,-1.41427805697611,-1.55168725662376,0.063766379307767
1,"young_lifetime","Fully funded system",0.64,0.0138591243861013,"capitalization","funded_only",TRUE,1.03530395012853,FALSE,0.654506451275074,1.80850897036745,-1.3191916911083,-1.44736243770433,0.0637663793077667
1,"young_lifetime","Fully funded system",0.65,0.0129715622386452,"capitalization","funded_only",TRUE,1.08447397658651,FALSE,0.685591138551806,1.89440107375546,-1.23049828094629,-1.3500517047717,0.0637663793077667
1,"young_lifetime","Fully funded system",0.66,0.0120961583990884,"capitalization","funded_only",TRUE,1.13597925106665,FALSE,0.718152140968303,1.98437247868152,-1.1477680079532,-1.25928347874487,0.063766379307767
1,"young_lifetime","Fully funded system",0.67,0.0112383185264294,"capitalization","funded_only",TRUE,1.18993068226105,FALSE,0.752259573638562,2.07861692473732,-1.0705999516454,-1.17461788628899,0.0637663793077674
1,"young_lifetime","Fully funded system",0.68,0.0104028874355191,"capitalization","funded_only",TRUE,1.24644444628433,FALSE,0.787986881676439,2.17733735285183,-0.998620146685493,-1.09564462813822,0.0637663793077672
1,"young_lifetime","Fully funded system",0.69,0.00959412012165592,"capitalization","funded_only",TRUE,1.305642236841,FALSE,0.825410998348414,2.2807463422934,-0.93147977060292,-1.02198099073794,0.063766379307767
1,"young_lifetime","Fully funded system",0.7,0.00881566532576298,"capitalization","funded_only",TRUE,1.36765152727416,FALSE,0.864612510737559,2.38906656842658,-0.868853453359907,-0.953269991570609,0.0637663793077672
1,"young_lifetime","Fully funded system",0.71,0.00807056105809019,"capitalization","funded_only",TRUE,1.43260584505978,FALSE,0.90567583327543,2.50253128220924,-0.810437700570575,-0.889178649177095,0.0637663793077672
1,"young_lifetime","Fully funded system",0.72,0.00736124124713052,"capitalization","funded_only",TRUE,1.50064505933757,FALSE,0.948689389515578,2.62138481246271,-0.755949422731993,-0.829396369489974,0.063766379307767
1,"young_lifetime","Fully funded system",0.73,0.00668955247216793,"capitalization","funded_only",TRUE,1.57191568209767,FALSE,0.993745802540071,2.74588309199629,-0.705124563339671,-0.773633440658722,0.0637663793077672
1,"young_lifetime","Fully funded system",0.74,0.00605677957576838,"capitalization","funded_only",TRUE,1.64657118367173,FALSE,1.04094209440907,2.87629420871926,-0.657716819239155,-0.721619629072523,0.0637663793077667
1,"young_lifetime","Fully funded system",0.75,0.00546367883789977,"capitalization","funded_only",TRUE,1.72477232320764,FALSE,1.09037989508293,3.01289898292695,-0.613496447012418,-0.673102869776903,0.0637663793077667
1,"young_lifetime","Fully funded system",0.76,0.0049105173257538,"capitalization","funded_only",TRUE,1.80668749483967,FALSE,1.14216566126668,3.15599157200413,-0.572249149614653,-0.627848044937771,0.0637663793077672
1,"young_lifetime","Fully funded system",0.77,0.00439711701067287,"capitalization","funded_only",TRUE,1.89249309029937,FALSE,1.1964109056482,3.30588010384768,-0.533775037865973,-0.585353645657103,0.0634246223528461
1,"young_lifetime","Fully funded system",0.78,0.00392290226240524,"capitalization","funded_only",TRUE,1.98237387874802,FALSE,1.25323243702363,3.46288734037266,-0.4978876617653,-0.545605063989596,0.0629137347851392
1,"young_lifetime","Fully funded system",0.79,0.00348694938664893,"capitalization","funded_only",TRUE,2.07652340464863,FALSE,1.31275261182716,3.62735137253053,-0.464413106932066,-0.508606957822125,0.062474590771284
1,"young_lifetime","Fully funded system",0.8,0.00308803695908519,"capitalization","funded_only",TRUE,2.17514440453422,FALSE,1.37509959760685,3.79962634833599,-0.433189151796986,-0.474158869565732,0.0620970545088069
1,"young_lifetime","Fully funded system",0.81,0.00272469582188591,"capitalization","funded_only",TRUE,2.27844924356974,FALSE,1.44040764901367,3.98008323547034,-0.404064481457543,-0.442076924665344,0.0617724360968479
1,"young_lifetime","Fully funded system",0.82,0.0023952577407798,"capitalization","funded_only",TRUE,2.38666037284783,FALSE,1.50881739689831,4.16911062010335,-0.376897954388454,-0.412192091946951,0.0614932823162109
1,"young_lifetime","Fully funded system",0.83,0.00209790186595431,"capitalization","funded_only",TRUE,2.50001080840306,FALSE,1.5804761511381,4.36711554365382,-0.351557918453486,-0.384348687606164,0.0612531982237281
1,"young_lifetime","Fully funded system",0.84,0.00183069829236669,"capitalization","funded_only",TRUE,2.61874463297616,FALSE,1.65553821784615,4.57452437929077,-0.327921572903963,-0.358403080525969,0.0610466949586166
1,"young_lifetime","Fully funded system",0.85,0.00159164816888775,"capitalization","funded_only",TRUE,2.74311752160866,FALSE,1.73416523164589,4.79178375006246,-0.305874373272114,-0.334222564813852,0.0608690598376578
1,"young_lifetime","Fully funded system",0.86,0.00137871995615396,"capitalization","funded_only",TRUE,2.87339729219978,FALSE,1.81652650372637,5.01936149063054,-0.28530947627532,-0.31168437198681,0.0607162454050401
1,"young_lifetime","Fully funded system",0.87,0.00118988157581876,"capitalization","funded_only",TRUE,3.00986448221117,FALSE,1.90279938642787,5.25774765468004,-0.266127222041188,-0.290674800448292,0.0605847746082027
1,"young_lifetime","Fully funded system",0.88,0.0010231283256207,"capitalization","funded_only",TRUE,3.15281295276116,FALSE,1.99316965514292,5.50745557017469,-0.248234651144275,-0.271088444066496,0.060471659701782
1,"young_lifetime","Fully funded system",0.89,0.000876506552691064,"capitalization","funded_only",TRUE,3.30255052140954,FALSE,2.08783190835508,5.76902294472975,-0.231545054113942,-0.252827504995748,0.0603743328472188
1,"young_lifetime","Fully funded system",0.9,0.000748133179985062,"capitalization","funded_only",TRUE,3.45939962499535,FALSE,2.18698998667679,6.04301302348276,-0.215977551230219,-0.235801178553795,0.0602905866847143
1,"young_lifetime","Fully funded system",0.91,0.000636211266591,"capitalization","funded_only",TRUE,3.62369801395504,FALSE,2.29085741178887,6.33001580195534,-0.201456700571318,-0.219925100113948,0.0602185234153507
1,"young_lifetime","Fully funded system",0.92,0.000539041851611795,"capitalization","funded_only",TRUE,3.79579947961617,FALSE,2.39965784622662,6.63064929651788,-0.187912132413339,-0.205120845699737,0.0601565111516709
1,"young_lifetime","Fully funded system",0.93,0.000455032383605845,"capitalization","funded_only",TRUE,3.9760746160326,FALSE,2.5136255750027,6.94556087519278,-0.175278208210442,-0.19131547936609,0.0601031464811694
1,"young_lifetime","Fully funded system",0.94,0.00038270207402884,"capitalization","funded_only",TRUE,4.16491161800186,FALSE,2.63300601010389,7.275428651662,-0.163493702502853,-0.178441141582375,0.060057222344448
1,"young_lifetime","Fully funded system",0.95,0.000320684534961157,"capitalization","funded_only",TRUE,4.36271711698296,FALSE,2.7580562189481,7.62096294548065,-0.152501506211192,-0.166434673752282,0.060017700462853
1,"young_lifetime","Fully funded system",0.96,0.000267728070175611,"capitalization","funded_only",TRUE,4.56991705671474,FALSE,2.88904547793955,7.98290781164097,-0.142248349879265,-0.155237274755506,0.0599836876630624
1,"young_lifetime","Fully funded system",0.97,0.000222693986042829,"capitalization","funded_only",TRUE,4.78695761042026,FALSE,3.02625585231409,8.36204264278038,-0.132684545524107,-0.144794186010352,0.0599544155416398
1,"young_lifetime","Fully funded system",0.98,0.00018455327674269,"capitalization","funded_only",TRUE,5.01430614157224,FALSE,3.16998280352335,8.75918384748376,-0.123763745842264,-0.135054402061037,0.0599292229936599
1,"young_lifetime","Fully funded system",0.99,0.000152382018630337,"capitalization","funded_only",TRUE,5.25245221028846,FALSE,3.32053582546557,9.17518660829383,-0.115442719605393,-0.125970404110133,0.0599075411984722
1,"young_lifetime","Fully funded system",1,6.26778916131105e-05,"capitalization","funded_only",TRUE,5.50190862752426,FALSE,3.47823911093311,9.6109467232153,-0.107681142156724,-0.117497914261974,0.0598888807143665
2,"young_lifetime","Fully funded system",0,0.000223648618482682,"informal","informal",FALSE,0.0882960858694644,TRUE,0.0816078046362256,0.0978104943630697,-33.3792298723556,-37.4783291935855,0.0802790141621055
2,"young_lifetime","Fully funded system",0.01,0.000530074028894635,"informal","informal",FALSE,0.0908941623899147,TRUE,0.0837925388872363,0.100428993146315,-32.0823247281846,-35.8829724428766,0.0774944805619808
2,"young_lifetime","Fully funded system",0.02,0.000625857596014926,"informal","informal",FALSE,0.0935686862583947,TRUE,0.0860415580576189,0.103124540194391,-30.8326927811011,-34.3555259543591,0.0747895387769584
2,"young_lifetime","Fully funded system",0.03,0.00073622950670148,"informal","informal",FALSE,0.0963219069071187,TRUE,0.0883567537050569,0.105899402621246,-29.6288112930173,-32.8930989616206,0.0721619137915648
2,"young_lifetime","Fully funded system",0.04,0.000862878406729994,"informal","informal",FALSE,0.0991561399569319,TRUE,0.0907400730455513,0.108755914249734,-28.4691937401581,-31.4929237507913,0.0696093956183086
2,"young_lifetime","Fully funded system",0.05,0.00100759191313581,"informal","informal",FALSE,0.102073769164884,TRUE,0.0931935205911445,0.111696477574505,-27.3523898014008,-30.1523504225122,0.0671298374389584
2,"young_lifetime","Fully funded system",0.06,0.00117224512608808,"informal","informal",FALSE,0.105077248429109,TRUE,0.0957191598358328,0.114723565782635,-26.2769852776547,-28.8688418768717,0.0647211537989341
2,"young_lifetime","Fully funded system",0.07,0.00135878545245099,"informal","informal",FALSE,0.108169103852698,TRUE,0.0983191149910865,0.117839724833731,-25.2416019472733,-27.6399690118215,0.0623813188533233
2,"young_lifetime","Fully funded system",0.08,0.00156921348536889,"informal","informal",FALSE,0.111351935868302,TRUE,0.100995572772437,0.121047575601224,-24.2448973623281,-26.4634061259835,0.0601083646630227
2,"young_lifetime","Fully funded system",0.09,0.00180555975146526,"informal","informal",FALSE,0.114628421425247,TRUE,0.103750784238634,0.124349816076688,-23.2855645903923,-25.3369265171469,0.0579003795395863
2,"young_lifetime","Fully funded system",0.1,0.00206985722142662,"informal","informal",FALSE,0.11800131624101,TRUE,0.106587066684916,0.127749223639002,-22.3623319063061,-24.2583982681271,0.0557555064373829
2,"young_lifetime","Fully funded system",0.11,0.00236410958058029,"informal","informal",FALSE,0.121473457118933,TRUE,0.109506805591998,0.131248657390292,-21.473962438209,-23.2257802120088,0.0536719413917108
2,"young_lifetime","Fully funded system",0.12,0.00269025537259384,"informal","informal",FALSE,0.12504776433415,TRUE,0.112512456632393,0.134851060560607,-20.6192537719415,-22.2371180691391,0.0516479320015579
2,"young_lifetime","Fully funded system",0.13,0.0030501282598838,"informal","informal",FALSE,0.128727244089704,TRUE,0.115606547735786,0.138559462983344,-19.7970375177321,-21.2905407485582,0.0496817759557286
2,"young_lifetime","Fully funded system",0.14,0.00344541378616971,"informal","informal",FALSE,0.132514991044945,TRUE,0.118791681215166,0.142376983643521,-19.0061788428979,-20.3842568068699,0.0477718196010992
2,"young_lifetime","Fully funded system",0.15,0.0038776031764757,"informal","informal",FALSE,0.136414190918318,TRUE,0.122070535955525,0.146306833301024,-18.2455759741059,-19.5165510578476,0.0459164565517995
2,"young_lifetime","Fully funded system",0.16,0.00434794486360459,"informal","informal",FALSE,0.140428123166742,TRUE,0.125445869666963,0.150352317191047,-17.514159672556,-18.6857813263618,0.0441141263381466
2,"young_lifetime","Fully funded system",0.17,0.00485739458280167,"informal","informal",FALSE,0.144560163743827,TRUE,0.128920521204077,0.15451683780399,-16.8108926852686,-17.8903753404839,0.0423633130941994
2,"young_lifetime","Fully funded system",0.18,0.00540656502249209,"informal","informal",FALSE,0.148813787939248,TRUE,0.132497412953614,0.158803897747152,-16.1347691754823,-17.1288277558855,0.0406625442828226
2,"young_lifetime","Fully funded system",0.19,0.00599567615266305,"informal","informal",FALSE,0.153192573301669,TRUE,0.136179553292362,0.163217102690633,-15.4848141349921,-16.3996973069017,0.0390103894571994
2,"young_lifetime","Fully funded system",0.2,0.00662450746745946,"informal","informal",FALSE,0.157700202647672,TRUE,0.139970039117378,0.16776016439991,-14.8600827810939,-15.7016040788657,0.0374054590577413
2,"young_lifetime","Fully funded system",0.21,0.00729235346863131,"informal","informal",FALSE,0.162340467159226,TRUE,0.143872058450659,0.172436903857659,-14.2596599406319,-15.0332268965535,0.0358464032433847
2,"young_lifetime","Fully funded system",0.22,0.00799798377561329,"informal","informal",FALSE,0.167117269572289,TRUE,0.147888893120456,0.177251254477418,-13.6826594234883,-14.3933008237962,0.0343319107562965
2,"young_lifetime","Fully funded system",0.23,0.0087396092707509,"informal","informal",FALSE,0.172034627459245,TRUE,0.152023921521486,0.182207265411824,-13.1282233877011,-13.7806147695268,0.0328607078190277
2,"young_lifetime","Fully funded system",0.24,0.0095148556698428,"informal","informal",FALSE,0.177096676607913,TRUE,0.156280621456359,0.18730910495819,-12.5955216982455,-13.1940091957318,0.0314315570631933
2,"young_lifetime","Fully funded system",0.25,0.010320745845168,"informal","informal",FALSE,0.182307674499995,TRUE,0.160662573060618,0.192561064064284,-12.0837512813703,-12.6323739229692,0.0300432564887712
2,"young_lifetime","Fully funded system",0.26,0.0111536921182913,"informal","informal",FALSE,0.187672003891861,TRUE,0.165173461813842,0.197967559937276,-11.5921354762471,-12.0946460293005,0.028694638453149
2,"young_lifetime","Fully funded system",0.27,0.0120094995825537,"informal","informal",FALSE,0.193194176500714,TRUE,0.169817081639351,0.203533139758861,-11.1199233855509,-11.5798078386594,0.0273845686890686
2,"young_lifetime","Fully funded system",0.28,0.0128833813113884,"informal","informal",FALSE,0.198878836799205,FALSE,0.167238109861786,0.200442130196276,-11.3781322935856,-11.0868849948502,-0.0171383818374838
2,"young_lifetime","Fully funded system",0.29,0.0137699860614464,"informal","informal",FALSE,0.204730765921707,FALSE,0.172159023425256,0.206340058593033,-10.8937942626326,-10.6149446175323,-0.0171383818374837
2,"young_lifetime","Fully funded system",0.3,0.0146634387938913,"informal","informal",FALSE,0.210754885685536,FALSE,0.177224732874779,0.212411531141108,-10.4300732646138,-10.1630935366981,-0.017138381837484
2,"young_lifetime","Fully funded system",0.31,0.0155573940198842,"informal","informal",FALSE,0.216956262730486,FALSE,0.182439498770582,0.218661654306777,-9.98609168509511,-9.73047660230625,-0.0171383818374842
2,"young_lifetime","Fully funded system",0.32,0.0164451016357299,"informal","informal",FALSE,0.22334011278017,FALSE,0.187807707038153,0.225095684812015,-9.56100926744718,-9.31627506586847,-0.017138381837484
2,"young_lifetime","Fully funded system",0.33,0.0173194845593781,"informal","informal",FALSE,0.229911805028756,FALSE,0.193333872657055,0.23171903405571,-9.15402152261936,-8.91970503092844,-0.0171383818374843
2,"young_lifetime","Fully funded system",0.34,0.0181732271241403,"informal","informal",FALSE,0.236676866656773,FALSE,0.199022643458295,0.238537272664968,-8.76435820660513,-8.54001596949986,-0.0171383818374838
2,"young_lifetime","Fully funded system",0.35,0.0189988728395791,"capitalization","funded_only",TRUE,0.302964303417085,FALSE,0.201541097271214,0.507941976741522,-7.77238269049308,-8.1764893016559,0.0343681307000052
2,"young_lifetime","Fully funded system",0.36,0.0197889298058682,"capitalization","funded_only",TRUE,0.317353085390717,FALSE,0.211112954003688,0.532065829869288,-7.24982093502538,-7.82843703558187,0.052523630965535
2,"young_lifetime","Fully funded system",0.37,0.0205359817787106,"capitalization","funded_only",TRUE,0.33242523845576,FALSE,0.22113941003401,0.557335404981803,-6.76239265138369,-7.49520046551748,0.0709978013255008
2,"young_lifetime","Fully funded system",0.38,0.0212328026386743,"capitalization","funded_only",TRUE,0.348213218177212,FALSE,0.231642055794149,0.583805116225075,-6.30773570565823,-7.1761489251242,0.0897962351608397
2,"young_lifetime","Fully funded system",0.39,0.0218724718319488,"capitalization","funded_only",TRUE,0.364751021542749,FALSE,0.242643507117467,0.611531962053803,-5.88364677763789,-6.87067859391881,0.108924624028975
2,"young_lifetime","Fully funded system",0.4,0.0224484882277816,"capitalization","funded_only",TRUE,0.382074260170018,FALSE,0.254167453938437,0.640575647968794,-5.4880706832653,-6.57821135451382,0.128388759387037
2,"young_lifetime","Fully funded system",0.41,0.0229548797878943,"capitalization","funded_only",TRUE,0.400220236990775,FALSE,0.266238711305278,0.670998715083576,-5.11909041497693,-6.29819369850236,0.148194534345328
2,"young_lifetime","Fully funded system",0.42,0.0233863064692461,"capitalization","funded_only",TRUE,0.419228026577021,FALSE,0.278883272815347,0.702866674797078,-4.77491785166244,-6.03009567891675,0.168347945451564
2,"young_lifetime","Fully funded system",0.43,0.0237381538851594,"capitalization","funded_only",TRUE,0.439138559282086,FALSE,0.292128366588354,0.736248149862357,-4.45388509322263,-5.77340990727817,0.188855094506439
2,"young_lifetime","Fully funded system",0.44,0.0240066154297712,"capitalization","funded_only",TRUE,0.459994709377848,FALSE,0.306002513897935,0.771215022155148,-4.1544363777325,-5.52765059333943,0.209722190411048
2,"young_lifetime","Fully funded system",0.45,0.0241887608228689,"capitalization","funded_only",TRUE,0.481841387377897,FALSE,0.320535590587829,0.807842587460437,-3.87512054203874,-5.29235262570342,0.230955551046746
2,"young_lifetime","Fully funded system",0.46,0.0242825893494975,"capitalization","funded_only",TRUE,0.504725636745416,FALSE,0.335758891404916,0.846209717610357,-3.61458398925504,-5.06707069157726,0.252561605187992
2,"young_lifetime","Fully funded system",0.47,0.0242870664418367,"capitalization","funded_only",TRUE,0.528696735194049,FALSE,0.351705197387647,0.886399030322561,-3.37156412907485,-4.8513784339963,0.274546894448783
2,"young_lifetime","Fully funded system",0.48,0.0242021426680683,"capitalization","funded_only",TRUE,0.553806300799887,FALSE,0.368408846454968,0.928497067104775,-3.1448832591125,-4.40765539469607,0.252377921132604
2,"young_lifetime","Fully funded system",0.49,0.0240287546408929,"capitalization","funded_only",TRUE,0.580108403153058,FALSE,0.38590580734775,0.972594479608634,-2.93344285762108,-4.11131484736734,0.252377921132603
2,"young_lifetime","Fully funded system",0.5,0.0237688078223462,"capitalization","funded_only",TRUE,0.60765967978828,FALSE,0.404233757081951,1.01878622483408,-2.73621825992883,-3.83489820790508,0.252377921132604
2,"young_lifetime","Fully funded system",0.51,0.0234251416663332,"capitalization","funded_only",TRUE,0.636519458145085,FALSE,0.423432162080269,1.06717176960467,-2.55225369279549,-3.57706592926368,0.252377921132604
2,"young_lifetime","Fully funded system",0.52,0.0230014779905107,"capitalization","funded_only",TRUE,0.666749883320342,FALSE,0.443542363157024,1.11785530475408,-2.38065764262448,-3.33656852636223,0.252377921132604
2,"young_lifetime","Fully funded system",0.53,0.0225023538900762,"capitalization","funded_only",TRUE,0.698416051888174,FALSE,0.464607664539247,1.17094596948507,-2.22059853508476,-3.11224052093516,0.252377921132604
2,"young_lifetime","Fully funded system",0.54,0.0219330408840984,"capitalization","funded_only",TRUE,0.73158615207542,FALSE,0.486673427115673,1.22655808638397,-2.07130070520535,-2.90299479348959,0.252377921132604
2,"young_lifetime","Fully funded system",0.55,0.0212994523083938,"capitalization","funded_only",TRUE,0.766331610594505,FALSE,0.509787166114447,1.28481140759679,-1.93204063841302,-2.70781731499833,0.252377921132604
2,"young_lifetime","Fully funded system",0.56,0.0206080412279339,"capitalization","funded_only",TRUE,0.802727246449884,FALSE,0.533998653419862,1.34583137269709,-1.80214346429691,-2.52576223279784,0.252377921132604
2,"young_lifetime","Fully funded system",0.57,0.0198656913291574,"capitalization","funded_only",TRUE,0.84085143204927,FALSE,0.559360024748463,1.40974937880078,-1.68097968610833,-2.35594728687665,0.252377921132604
2,"young_lifetime","Fully funded system",0.58,0.0190796033639485,"capitalization","funded_only",TRUE,0.880786261966566,FALSE,0.585925891915298,1.47670306350964,-1.56796213014666,-2.19754953434119,0.252377921132604
2,"young_lifetime","Fully funded system",0.59,0.0182571797508447,"capitalization","funded_only",TRUE,0.922617729719915,FALSE,0.613753460432071,1.54683660129275,-1.46254310024756,-2.04980136133921,0.252377921132604
2,"young_lifetime","Fully funded system",0.6,0.0174059098965294,"capitalization","funded_only",TRUE,0.966435912945519,FALSE,0.642902652690413,1.62030101394401,-1.36421172358396,-1.91198676311418,0.252377921132604
2,"young_lifetime","Fully funded system",0.61,0.0165332586858387,"capitalization","funded_only",TRUE,1.01233516736599,FALSE,0.673436236995549,1.69725449578441,-1.27249147491715,-1.78343787416329,0.252377921132604
2,"young_lifetime","Fully funded system",0.62,0.0156465604078046,"capitalization","funded_only",TRUE,1.06041432997089,FALSE,0.705419962728189,1.77786275430914,-1.1869378673003,-1.66353173168393,0.252377921132604
2,"young_lifetime","Fully funded system",0.63,0.0147529201472209,"capitalization","funded_only",TRUE,1.11077693184699,FALSE,0.738922701925718,1.86229936701324,-1.10713629804327,-1.55168725662376,0.252377921132604
2,"young_lifetime","Fully funded system",0.64,0.0138591243861013,"capitalization","funded_only",TRUE,1.16353142111659,FALSE,0.774016597587542,1.95074615516405,-1.03270003949991,-1.44736243770433,0.252377921132604
2,"young_lifetime","Fully funded system",0.65,0.0129715622386452,"capitalization","funded_only",TRUE,1.21879139646381,FALSE,0.810777219023948,2.04339357532534,-0.963268364941121,-1.3500517047717,0.252377921132604
2,"young_lifetime","Fully funded system",0.66,0.0120961583990884,"capitalization","funded_only",TRUE,1.27667585175198,FALSE,0.849283724582997,2.1404411294763,-0.898504800431381,-1.25928347874487,0.252377921132604
2,"young_lifetime","Fully funded system",0.67,0.0112383185264294,"capitalization","funded_only",TRUE,1.33730943225856,FALSE,0.889619032105864,2.24209779460833,-0.838095494237041,-1.17461788628899,0.252377921132604
2,"young_lifetime","Fully funded system",0.68,0.0104028874355191,"capitalization","funded_only",TRUE,1.40082270307965,FALSE,0.931869997477659,2.34858247272491,-0.781747695864505,-1.09564462813822,0.252377921132604
2,"young_lifetime","Fully funded system",0.69,0.00959412012165592,"capitalization","funded_only",TRUE,1.46735243028179,FALSE,0.976127601658228,2.46012446221339,-0.729188337357433,-1.02198099073794,0.252377921132604
2,"young_lifetime","Fully funded system",0.7,0.00881566532576298,"capitalization","funded_only",TRUE,1.53704187540674,FALSE,1.02248714659567,2.57696395160385,-0.680162709977793,-0.953269991570609,0.252377921132604
2,"young_lifetime","Fully funded system",0.71,0.00807056105809019,"capitalization","funded_only",TRUE,1.61004110396313,FALSE,1.07104846044442,2.69935253677816,-0.634433229857828,-0.889178649177095,0.252377921132604
2,"young_lifetime","Fully funded system",0.72,0.00736124124713052,"capitalization","funded_only",TRUE,1.68650730856948,FALSE,1.12191611252987,2.82755376274306,-0.591778286641114,-0.829396369489974,0.252377921132604
2,"young_lifetime","Fully funded system",0.73,0.00668955247216793,"capitalization","funded_only",TRUE,1.76660514744437,FALSE,1.17519963852228,2.9618436911338,-0.551991169533112,-0.773633440658722,0.252377921132604
2,"young_lifetime","Fully funded system",0.74,0.00605677957576838,"capitalization","funded_only",TRUE,1.85050709897256,FALSE,1.23101377630507,3.10251149467049,-0.514879065556719,-0.721619629072523,0.252377921132604
2,"young_lifetime","Fully funded system",0.75,0.00546367883789977,"capitalization","funded_only",TRUE,1.93839383311074,FALSE,1.28947871304518,3.24986007984702,-0.48026212515825,-0.673102869776903,0.252377921132604
2,"young_lifetime","Fully funded system",0.76,0.0049105173257538,"capitalization","funded_only",TRUE,2.03045460043245,FALSE,1.35072034399767,3.40420673919373,-0.447972590635674,-0.627848044937771,0.252377921132604
2,"young_lifetime","Fully funded system",0.77,0.00439711701067287,"capitalization","funded_only",TRUE,2.12688763965014,FALSE,1.4148705436018,3.56588383451805,-0.417853983165364,-0.585353645657103,0.251975568818165
2,"young_lifetime","Fully funded system",0.78,0.00392290226240524,"capitalization","funded_only",TRUE,2.22790060449177,FALSE,1.48206744945237,3.73523951259456,-0.389760344487594,-0.545605063989596,0.251374098117057
2,"young_lifetime","Fully funded system",0.79,0.00348694938664893,"capitalization","funded_only",TRUE,2.33371101085118,FALSE,1.55245575975779,3.91263845484562,-0.363555529575912,-0.508606957822125,0.250857091490558
2,"young_lifetime","Fully funded system",0.8,0.00308803695908519,"capitalization","funded_only",TRUE,2.44454670517512,FALSE,1.62618704492544,4.09846266262669,-0.339112546862572,-0.474158869565732,0.250412616003504
2,"young_lifetime","Fully funded system",0.81,0.00272469582188591,"capitalization","funded_only",TRUE,2.5606463550956,FALSE,1.70342007394525,4.29311227980757,-0.316312942822696,-0.442076924665344,0.25003044098854
2,"young_lifetime","Fully funded system",0.82,0.0023952577407798,"capitalization","funded_only",TRUE,2.68225996336391,FALSE,1.78432115627429,4.49700645442072,-0.295046227934768,-0.412192091946951,0.249701791730328
2,"young_lifetime","Fully funded system",0.83,0.00209790186595431,"capitalization","funded_only",TRUE,2.80964940619314,FALSE,1.86906449995867,4.71058424123212,-0.275209341235621,-0.384348687606164,0.249419139427633
2,"young_lifetime","Fully funded system",0.84,0.00183069829236669,"capitalization","funded_only",TRUE,2.94308899716832,FALSE,1.95783258676372,4.9343055471782,-0.256706150875077,-0.358403080525969,0.249176022014921
2,"young_lifetime","Fully funded system",0.85,0.00159164816888775,"capitalization","funded_only",TRUE,3.08286607793863,FALSE,2.05081656512052,5.1686521217048,-0.23944698824986,-0.334222564813852,0.248966891224708
2,"young_lifetime","Fully funded system",0.86,0.00137871995615396,"capitalization","funded_only",TRUE,3.22928163696342,FALSE,2.14821666173457,5.41412859414049,-0.223348213459171,-0.31168437198681,0.248786981965341
2,"young_lifetime","Fully funded system",0.87,0.00118988157581876,"capitalization","funded_only",TRUE,3.38265095764458,FALSE,2.25024261274329,5.67126356033831,-0.208331809976033,-0.290674800448292,0.248632200684004
2,"young_lifetime","Fully funded system",0.88,0.0010231283256207,"capitalization","funded_only",TRUE,3.54330429724096,FALSE,2.35711411535053,5.94061072092565,-0.194325006570173,-0.271088444066496,0.248499029891894
2,"young_lifetime","Fully funded system",0.89,0.000876506552691064,"capitalization","funded_only",TRUE,3.71158759802656,FALSE,2.46906130091073,6.2227500736135,-0.181259924650212,-0.252827504995748,0.248384446458765
2,"young_lifetime","Fully funded system",0.9,0.000748133179985062,"capitalization","funded_only",TRUE,3.88786323222403,FALSE,2.58632523048143,6.51828916213233,-0.169073249316145,-0.235801178553795,0.248285851647968
2,"young_lifetime","Fully funded system",0.91,0.000636211266591,"capitalization","funded_only",TRUE,4.07251078231761,FALSE,2.70915841391119,6.82786438448416,-0.157705922528011,-0.219925100113948,0.248201011170556
2,"young_lifetime","Fully funded system",0.92,0.000539041851611795,"capitalization","funded_only",TRUE,4.26592785842562,FALSE,2.83782535358077,7.15214236332783,-0.147102856903785,-0.205120845699737,0.248128003796585
2,"young_lifetime","Fully funded system",0.93,0.000455032383605845,"capitalization","funded_only",TRUE,4.46853095449278,FALSE,2.97260311396829,7.49182138144842,-0.137212668759552,-0.19131547936609,0.248065177280909
2,"young_lifetime","Fully funded system",0.94,0.00038270207402884,"capitalization","funded_only",TRUE,4.68075634514584,FALSE,3.11378191826506,7.84763288540192,-0.127987429098219,-0.178441141582375,0.248011110545961
2,"young_lifetime","Fully funded system",0.95,0.000320684534961157,"capitalization","funded_only",TRUE,4.903061025144,FALSE,3.26166577332661,8.22034306057297,-0.119382431340044,-0.166434673752282,0.247964581220656
2,"young_lifetime","Fully funded system",0.96,0.000267728070175611,"capitalization","funded_only",TRUE,5.13592369344683,FALSE,3.41657312430467,8.61075448103728,-0.111355974669381,-0.155237274755506,0.247924537767204
2,"young_lifetime","Fully funded system",0.97,0.000222693986042829,"capitalization","funded_only",TRUE,5.37984578401894,FALSE,3.57883754036993,9.0197078377816,-0.103869161947688,-0.144794186010352,0.247890075540076
2,"young_lifetime","Fully funded system",0.98,0.00018455327674269,"capitalization","funded_only",TRUE,5.63535254559093,FALSE,3.74880843300193,9.44808374900251,-0.0968857112134966,-0.135054402061037,0.247860416216863
2,"young_lifetime","Fully funded system",0.99,0.000152382018630337,"capitalization","funded_only",TRUE,5.9029941727018,FALSE,3.92685180839299,9.89680465638235,-0.0903717798558204,-0.125970404110133,0.247834890121932
2,"young_lifetime","Fully funded system",1,6.26778916131105e-05,"capitalization","funded_only",TRUE,6.18334699045835,FALSE,4.1133510555863,10.3668368114256,-0.0842958006089464,-0.117497914261974,0.247812921032904
3,"young_lifetime","Fully funded system",0,0.000223648618482682,"informal","informal",FALSE,0.0853933701929873,TRUE,0.0819050457230999,0.0963878618721467,-33.3299806815084,-37.4783291935855,0.0813429166414477
3,"young_lifetime","Fully funded system",0.01,0.000530074028894635,"informal","informal",FALSE,0.0879060354817807,TRUE,0.0840839516049616,0.0989520516277245,-32.0428677413,-35.8829724428766,0.0783788368021878
3,"young_lifetime","Fully funded system",0.02,0.000625857596014926,"informal","informal",FALSE,0.0904926349277485,TRUE,0.0863269709087966,0.101591691627017,-30.8021686200193,-34.3555259543591,0.0754994808443363
3,"young_lifetime","Fully funded system",0.03,0.00073622950670148,"informal","informal",FALSE,0.0931553440134836,TRUE,0.0886359901460468,0.10430900196285,-29.6064200673523,-32.8930989616206,0.0727024270598202
3,"young_lifetime","Fully funded system",0.04,0.000862878406729994,"informal","informal",FALSE,0.0958964022342716,TRUE,0.0910129513379884,0.107106268053377,-28.4541915601592,-31.4929237507913,0.0699853229615421
3,"young_lifetime","Fully funded system",0.05,0.00100759191313581,"informal","informal",FALSE,0.0987181149816391,TRUE,0.0934598536490859,0.109985842564257,-27.3440854572539,-30.1523504225122,0.0673458833048053
3,"young_lifetime","Fully funded system",0.06,0.00117224512608808,"informal","informal",FALSE,0.101622855482323,TRUE,0.0959787550684078,0.112950147387381,-26.2747370801922,-28.8688418768717,0.0647818881652849
3,"young_lifetime","Fully funded system",0.07,0.00135878545245099,"informal","informal",FALSE,0.104613066794295,TRUE,0.0985717741405161,0.116001675677826,-25.24481472495,-27.6399690118215,0.0622911810719426
3,"young_lifetime","Fully funded system",0.08,0.00156921348536889,"informal","informal",FALSE,0.107691263861517,TRUE,0.101241091747287,0.119142993950746,-24.2530196092372,-26.4634061259835,0.0598716671933062
3,"young_lifetime","Fully funded system",0.09,0.00180555975146526,"informal","informal",FALSE,0.110860035629157,TRUE,0.103988952942163,0.122376744239965,-23.2980857600473,-25.3369265171469,0.0575213115755933
3,"young_lifetime","Fully funded system",0.1,0.00206985722142662,"informal","informal",FALSE,0.114122047221043,TRUE,0.106817668838372,0.125705646320077,-22.3787798458896,-24.2583982681271,0.0552381374311954
3,"young_lifetime","Fully funded system",0.11,0.00236410958058029,"informal","informal",FALSE,0.117480042181194,TRUE,0.109729618552713,0.129132499993945,-21.4939009579942,-23.2257802120088,0.0530202244760829
3,"young_lifetime","Fully funded system",0.12,0.00269025537259384,"informal","informal",FALSE,0.120936844781297,TRUE,0.11272725120653,0.132660187447491,-20.6422803446143,-22.2371180691391,0.0508657073147325
3,"young_lifetime","Fully funded system",0.13,0.0030501282598838,"informal","informal",FALSE,0.124495362396089,TRUE,0.11581308798557,0.136291675673793,-19.8227811023864,-21.2905407485582,0.0487727738712211
3,"young_lifetime","Fully funded system",0.14,0.00344541378616971,"informal","informal",FALSE,0.128158587948628,TRUE,0.118989724260451,0.140030018968496,-19.0342978285406,-20.3842568068699,0.0467396638651614
3,"young_lifetime","Fully funded system",0.15,0.0038776031764757,"informal","informal",FALSE,0.131929602427522,TRUE,0.122259831769515,0.143878361498653,-18.275756237583,-19.5165510578476,0.044764667331203
3,"young_lifetime","Fully funded system",0.16,0.00434794486360459,"informal","informal",FALSE,0.135811577478217,TRUE,0.125626160865923,0.147839939947162,-17.5461127459034,-18.6857813263618,0.0428461231808517
3,"young_lifetime","Fully funded system",0.17,0.00485739458280167,"informal","informal",FALSE,0.139807778070541,TRUE,0.129091542830863,0.151918086235,-16.8443540275936,-17.8903753404839,0.0409824178053939
3,"young_lifetime","Fully funded system",0.18,0.00540656502249209,"informal","informal",FALSE,0.143921565244736,TRUE,0.132658892254822,0.156116230323568,-16.1694965445928,-17.1288277558855,0.0391719837187599
3,"young_lifetime","Fully funded system",0.19,0.00599567615266305,"informal","informal",FALSE,0.148156398938288,TRUE,0.136331209488933,0.16043790309949,-15.5205860541148,-16.3996973069017,0.0374132982391711
3,"young_lifetime","Fully funded system",0.2,0.00662450746745946,"informal","informal",FALSE,0.152515840895943,TRUE,0.140111583168441,0.164886739344298,-14.8966970961445,-15.7016040788657,0.0357048822084811
3,"young_lifetime","Fully funded system",0.21,0.00729235346863131,"informal","informal",FALSE,0.15700355766534,TRUE,0.144003192810434,0.169466480791495,-14.2969324636388,-15.0332268965535,0.0340452987481099
3,"young_lifetime","Fully funded system",0.22,0.00799798377561329,"informal","informal",FALSE,0.161623323680795,TRUE,0.148009311487997,0.174180979273577,-13.7204226579054,-14.3933008237962,0.0324331520505488
3,"young_lifetime","Fully funded system",0.23,0.0087396092707509,"informal","informal",FALSE,0.166379024437825,TRUE,0.152133308583068,0.179034199961648,-13.1663253314861,-13.7806147695268,0.0308670862054023
3,"young_lifetime","Fully funded system",0.24,0.0095148556698428,"informal","informal",FALSE,0.171274659761076,TRUE,0.156378652620277,0.184030224700364,-12.6338247207238,-13.1940091957318,0.0293457840589884
3,"young_lifetime","Fully funded system",0.25,0.010320745845168,"informal","informal",FALSE,0.176314347168412,TRUE,0.160748914184188,0.189173255441004,-12.122131070047,-12.6323739229692,0.0278679661065333
3,"young_lifetime","Fully funded system",0.26,0.0111536921182913,"informal","informal",FALSE,0.18150232533399,TRUE,0.165247768922368,0.194467617775561,-11.6304800498743,-12.0946460293005,0.0264323894160343
3,"young_lifetime","Fully funded system",0.27,0.0120094995825537,"informal","informal",FALSE,0.186842957653236,TRUE,0.169879000636821,0.199917764574816,-11.1581321699031,-11.5798078386594,0.0250378465828793
3,"young_lifetime","Fully funded system",0.28,0.0128833813113884,"informal","informal",FALSE,0.192340735912716,FALSE,0.166791956999209,0.196284856087818,-11.4693390433093,-11.0868849948502,-0.0223559360003907
3,"young_lifetime","Fully funded system",0.29,0.0137699860614464,"informal","informal",FALSE,0.198000284067996,FALSE,0.171699742695624,0.202060458379812,-10.9811185739709,-10.6149446175323,-0.0223559360003907
3,"young_lifetime","Fully funded system",0.3,0.0146634387938913,"capitalization","funded_only",TRUE,0.254273183285614,FALSE,0.17490008300632,0.421100083718608,-9.64971789733403,-10.1630935366981,0.0351601311647685
3,"young_lifetime","Fully funded system",0.31,0.0155573940198842,"capitalization","funded_only",TRUE,0.26634946209065,FALSE,0.183206669403344,0.441099526640978,-9.00093698612556,-9.73047660230625,0.0533295328298307
3,"young_lifetime","Fully funded system",0.32,0.0164451016357299,"capitalization","funded_only",TRUE,0.278999283523706,FALSE,0.191907763203596,0.462048809595847,-8.395775657917,-9.31627506586847,0.0718178485903334
3,"young_lifetime","Fully funded system",0.33,0.0173194845593781,"capitalization","funded_only",TRUE,0.292249887030931,FALSE,0.201022100875195,0.483993043644102,-7.83130123083037,-8.91970503092844,0.0906306761099827
3,"young_lifetime","Fully funded system",0.34,0.0181732271241403,"capitalization","funded_only",TRUE,0.306129805750324,FALSE,0.210569308743419,0.50697948232088,-7.3047781964223,-8.54001596949986,0.109773711304145
3,"young_lifetime","Fully funded system",0.35,0.0189988728395791,"capitalization","funded_only",TRUE,0.32066892795347,FALSE,0.220569945252983,0.531057623388798,-6.81365496309339,-8.1764893016559,0.129252750064383
3,"young_lifetime","Fully funded system",0.36,0.0197889298058682,"capitalization","funded_only",TRUE,0.335898561405331,FALSE,0.231045545237487,0.556279315423774,-6.35555149077974,-7.82843703558187,0.149073690013267
3,"young_lifetime","Fully funded system",0.37,0.0205359817787106,"capitalization","funded_only",TRUE,0.351851500780715,FALSE,0.24201866629137,0.582698869462967,-5.92824775700328,-7.49520046551748,0.169242532289983
3,"young_lifetime","Fully funded system",0.38,0.0212328026386743,"capitalization","funded_only",TRUE,0.368562098282557,FALSE,0.253512937344227,0.610373175955248,-5.52967299838565,-7.1761489251242,0.189765383367281
3,"young_lifetime","Fully funded system",0.39,0.0218724718319488,"capitalization","funded_only",TRUE,0.386066337614118,FALSE,0.265553109542069,0.639361827266035,-5.15789567548913,-6.87067859391881,0.210648456900322
3,"young_lifetime","Fully funded system",0.4,0.0224484882277816,"capitalization","funded_only",TRUE,0.40440191146435,FALSE,0.278165109545121,0.669727246000298,-4.8111141123528,-6.57821135451382,0.231898075607969
3,"young_lifetime","Fully funded system",0.41,0.0229548797878943,"capitalization","funded_only",TRUE,0.423608302673318,FALSE,0.291376095356893,0.701534819420039,-4.48764776536223,-6.29819369850236,0.253520673187102
3,"young_lifetime","Fully funded system",0.42,0.0233863064692461,"capitalization","funded_only",TRUE,0.443726869252416,FALSE,0.305214514804767,0.734853040245711,-4.18592907914046,-6.03009567891675,0.275522796260532
3,"young_lifetime","Fully funded system",0.43,0.0237381538851594,"capitalization","funded_only",TRUE,0.464800933442499,FALSE,0.319710166798024,0.769753654144768,-3.90449588999313,-5.77340990727817,0.29791110635911
3,"young_lifetime","Fully funded system",0.44,0.0240066154297712,"capitalization","funded_only",TRUE,0.486875875001663,FALSE,0.334894265495214,0.806311814224927,-3.64198434009391,-5.52765059333943,0.320692381938618
3,"young_lifetime","Fully funded system",0.45,0.0241887608228689,"capitalization","funded_only",TRUE,0.50999922892358,FALSE,0.350799507519046,0.84460624286484,-3.39712226807148,-5.29235262570342,0.34387352043207
3,"young_lifetime","Fully funded system",0.46,0.0242825893494975,"capitalization","funded_only",TRUE,0.534220787796803,FALSE,0.367460142363542,0.88471940123063,-3.16872304396827,-5.06707069157726,0.36746154033803
3,"young_lifetime","Fully funded system",0.47,0.0242870664418367,"capitalization","funded_only",TRUE,0.55959270902545,FALSE,0.384912046145058,0.926737666843345,-2.95567981869419,-4.8513784339963,0.391463583345589
3,"young_lifetime","Fully funded system",0.48,0.0242021426680683,"capitalization","funded_only",TRUE,0.586169627142159,FALSE,0.403192798855985,0.970751519579665,-2.75696016010783,-4.40765539469607,0.367261006583621
3,"young_lifetime","Fully funded system",0.49,0.0240287546408929,"capitalization","funded_only",TRUE,0.614008771455152,FALSE,0.422341765287487,1.01685573650642,-2.57160104973069,-4.11131484736734,0.367261006583621
3,"young_lifetime","Fully funded system",0.5,0.0237688078223462,"capitalization","funded_only",TRUE,0.643170089282762,FALSE,0.442400179795531,1.06514959596842,-2.39870421584813,-3.83489820790508,0.367261006583621
3,"young_lifetime","Fully funded system",0.51,0.0234251416663332,"capitalization","funded_only",TRUE,0.673716375040761,FALSE,0.46341123509273,1.11573709136913,-2.23743178038062,-3.57706592926368,0.367261006583621
3,"young_lifetime","Fully funded system",0.52,0.0230014779905107,"capitalization","funded_only",TRUE,0.705713405460486,FALSE,0.485420175257213,1.16872715510448,-2.0870021984295,-3.33656852636223,0.367261006583621
3,"young_lifetime","Fully funded system",0.53,0.0225023538900762,"capitalization","funded_only",TRUE,0.739230081228922,FALSE,0.508474393158794,1.224233893132,-1.94668647081997,-3.11224052093516,0.367261006583621
3,"young_lifetime","Fully funded system",0.54,0.0219330408840984,"capitalization","funded_only",TRUE,0.774338575355737,FALSE,0.532623532512234,1.28237683068051,-1.81580461128657,-2.90299479348959,0.367261006583621
3,"young_lifetime","Fully funded system",0.55,0.0212994523083938,"capitalization","funded_only",TRUE,0.811114488586769,FALSE,0.557919594777344,1.3432811696293,-1.69372235118107,-2.70781731499833,0.367261006583621
3,"young_lifetime","Fully funded system",0.56,0.0206080412279339,"capitalization","funded_only",TRUE,0.849637012198609,FALSE,0.584417051136144,1.40707805811115,-1.5798480657331,-2.52576223279784,0.367261006583621
3,"young_lifetime","Fully funded system",0.57,0.0198656913291574,"capitalization","funded_only",TRUE,0.889989098524845,FALSE,0.612172959788176,1.47390487291966,-1.47362990696802,-2.35594728687665,0.367261006583621
3,"young_lifetime","Fully funded system",0.58,0.0190796033639485,"capitalization","funded_only",TRUE,0.932257639581162,FALSE,0.641247088816568,1.54390551532907,-1.37455312938773,-2.19754953434119,0.367261006583621
3,"young_lifetime","Fully funded system",0.59,0.0182571797508447,"capitalization","funded_only",TRUE,0.976533654173942,FALSE,0.671702044889415,1.61723072096353,-1.28213759545435,-2.04980136133921,0.367261006583621
3,"young_lifetime","Fully funded system",0.6,0.0174059098965294,"capitalization","funded_only",TRUE,1.02291248389528,FALSE,0.703603408073616,1.6940383843831,-1.19593544878814,-1.91198676311418,0.367261006583621
3,"young_lifetime","Fully funded system",0.61,0.0165332586858387,"capitalization","funded_only",TRUE,1.07149399842642,FALSE,0.737019873051466,1.77449389908543,-1.11552894380361,-1.78343787416329,0.367261006583621
3,"young_lifetime","Fully funded system",0.62,0.0156465604078046,"capitalization","funded_only",TRUE,1.12238281059182,FALSE,0.7720233970441,1.8587705136552,-1.04052842126603,-1.66353173168393,0.367261006583621
3,"young_lifetime","Fully funded system",0.63,0.0147529201472209,"capitalization","funded_only",TRUE,1.17568850162673,FALSE,0.808689354760306,1.94704970482836,-0.970570419957639,-1.55168725662376,0.367261006583621
3,"young_lifetime","Fully funded system",0.64,0.0138591243861013,"capitalization","funded_only",TRUE,1.23152585714358,FALSE,0.847096700704373,2.03952156827437,-0.905315915302527,-1.44736243770433,0.367261006583621
3,"young_lifetime","Fully funded system",0.65,0.0129715622386452,"capitalization","funded_only",TRUE,1.29001511430512,FALSE,0.887328139192487,2.136385227938,-0.844448676414251,-1.3500517047717,0.367261006583621
3,"young_lifetime","Fully funded system",0.66,0.0120961583990884,"capitalization","funded_only",TRUE,1.35128222073671,FALSE,0.929470302443755,2.23784926482214,-0.78767373360435,-1.25928347874487,0.367261006583621
3,"young_lifetime","Fully funded system",0.67,0.0112383185264294,"capitalization","funded_only",TRUE,1.41545910573514,FALSE,0.973613937129382,2.34413216613494,-0.73471594892507,-1.17461788628899,0.367261006583621
3,"young_lifetime","Fully funded system",0.68,0.0104028874355191,"capitalization","funded_only",TRUE,1.48268396435809,FALSE,1.01985409978167,2.45546279576842,-0.685318682819012,-1.09564462813822,0.367261006583621
3,"young_lifetime","Fully funded system",0.69,0.00959412012165592,"capitalization","funded_only",TRUE,1.55310155500599,FALSE,1.06829036148367,2.57208088712171,-0.639242550414111,-1.02198099073794,0.367261006583621
3,"young_lifetime","Fully funded system",0.7,0.00881566532576298,"capitalization","funded_only",TRUE,1.62686351113692,FALSE,1.11902702228018,2.69423755933002,-0.596264261436827,-0.953269991570609,0.367261006583621
3,"young_lifetime","Fully funded system",0.71,0.00807056105809019,"capitalization","funded_only",TRUE,1.70412866778602,FALSE,1.17217333577185,2.82219585801117,-0.55617553812162,-0.889178649177095,0.367261006583621
3,"young_lifetime","Fully funded system",0.72,0.00736124124713052,"capitalization","funded_only",TRUE,1.78506340359229,FALSE,1.22784374437609,2.95623132169386,-0.518782105872777,-0.829396369489974,0.367261006583621
3,"young_lifetime","Fully funded system",0.73,0.00668955247216793,"capitalization","funded_only",TRUE,1.86984199906939,FALSE,1.28615812576112,3.09663257514752,-0.483902751787227,-0.773633440658722,0.367261006583621
3,"young_lifetime","Fully funded system",0.74,0.00605677957576838,"capitalization","funded_only",TRUE,1.95864701189201,FALSE,1.34724205098421,3.24370195089146,-0.451368446475821,-0.721619629072523,0.367261006583621
3,"young_lifetime","Fully funded system",0.75,0.00546367883789977,"capitalization","funded_only",TRUE,2.0516696700057,FALSE,1.41122705488955,3.39775614022137,-0.421021524927344,-0.673102869776903,0.367261006583621
3,"young_lifetime","Fully funded system",0.76,0.0049105173257538,"capitalization","funded_only",TRUE,2.14911028340689,FALSE,1.4782509193484,3.55912687515548,-0.392714922445607,-0.627848044937771,0.367261006583621
3,"young_lifetime","Fully funded system",0.77,0.00439711701067287,"capitalization","funded_only",TRUE,2.25117867547968,FALSE,1.54845796995113,3.72816164276837,-0.3663114619569,-0.585353645657103,0.366821745701456
3,"young_lifetime","Fully funded system",0.78,0.00392290226240524,"capitalization","funded_only",TRUE,2.35809463481821,FALSE,1.62199938679022,3.90522443345102,-0.341683189234009,-0.545605063989596,0.366165100912091
3,"young_lifetime","Fully funded system",0.79,0.00348694938664893,"capitalization","funded_only",TRUE,2.47008838850767,FALSE,1.69903353000332,4.09069652470816,-0.31871075281521,-0.508606957822125,0.365600668252724
3,"young_lifetime","Fully funded system",0.8,0.00308803695908519,"capitalization","funded_only",TRUE,2.5874010978829,FALSE,1.77972628077751,4.28497730218077,-0.297282825613264,-0.474158869565732,0.365115420156622
3,"young_lifetime","Fully funded system",0.81,0.00272469582188591,"capitalization","funded_only",TRUE,2.71028537783228,FALSE,1.86425139854888,4.48848511966171,-0.277295565411462,-0.442076924665344,0.364698187477225
3,"young_lifetime","Fully funded system",0.82,0.0023952577407798,"capitalization","funded_only",TRUE,2.83900584076505,FALSE,1.95279089516684,4.70165819995623,-0.258652111632215,-0.412192091946951,0.364339390577333
3,"young_lifetime","Fully funded system",0.83,0.00209790186595431,"capitalization","funded_only",TRUE,2.97383966641348,FALSE,2.0455354268286,4.92495557852752,-0.241262115939481,-0.384348687606164,0.364030810023991
3,"young_lifetime","Fully funded system",0.84,0.00183069829236669,"capitalization","funded_only",TRUE,3.11507719869679,FALSE,2.14268470462803,5.15885809195894,-0.22504130440026,-0.358403080525969,0.363765390973708
3,"young_lifetime","Fully funded system",0.85,0.00159164816888775,"capitalization","funded_only",TRUE,3.2630225709322,FALSE,2.24444792460278,5.40386941336176,-0.209911069083363,-0.334222564813852,0.36353707620553
3,"young_lifetime","Fully funded system",0.86,0.00137871995615396,"capitalization","funded_only",TRUE,3.41799436073923,FALSE,2.3510442182058,5.66051713695776,-0.195798087116266,-0.31168437198681,0.363340663516593
3,"young_lifetime","Fully funded system",0.87,0.00118988157581876,"capitalization","funded_only",TRUE,3.58032627604766,FALSE,2.46270312417123,5.92935391417229,-0.182633965353985,-0.290674800448292,0.363171683844442
3,"young_lifetime","Fully funded system",0.88,0.0010231283256207,"capitalization","funded_only",TRUE,3.75036787368629,FALSE,2.57966508279083,6.21095864368419,-0.170354908937972,-0.271088444066496,0.363026297034123
3,"young_lifetime","Fully funded system",0.89,0.000876506552691064,"capitalization","funded_only",TRUE,3.92848531209981,FALSE,2.70218195366511,6.50593771799509,-0.158901412138843,-0.252827504995748,0.362901202637716
3,"young_lifetime","Fully funded system",0.9,0.000748133179985062,"capitalization","funded_only",TRUE,4.11506213981474,FALSE,2.83051755804437,6.81492632920249,-0.148217969984722,-0.235801178553795,0.362793563531357
3,"young_lifetime","Fully funded system",0.91,0.000636211266591,"capitalization","funded_only",TRUE,4.31050012135221,FALSE,2.96494824692711,7.13858983678828,-0.138252809277721,-0.219925100113948,0.362700940470387
3,"young_lifetime","Fully funded system",0.92,0.000539041851611795,"capitalization","funded_only",TRUE,4.51522010236617,FALSE,3.10576349613951,7.47762520036816,-0.128957637695025,-0.205120845699737,0.36262123598667
3,"young_lifetime","Fully funded system",0.93,0.000455032383605845,"capitalization","funded_only",TRUE,4.72966291586974,FALSE,3.25326652967708,7.83276248048698,-0.120287409758706,-0.19131547936609,0.362552646271367
3,"young_lifetime","Fully funded system",0.94,0.00038270207402884,"capitalization","funded_only",TRUE,4.95429033150139,FALSE,3.40777497265095,8.20476641069197,-0.112200108540116,-0.178441141582375,0.362493619888674
3,"young_lifetime","Fully funded system",0.95,0.000320684534961157,"capitalization","funded_only",TRUE,5.18958604987489,FALSE,3.56962153524474,8.59443804426889,-0.10465654204099,-0.166434673752282,0.362442822337009
3,"young_lifetime","Fully funded system",0.96,0.000267728070175611,"capitalization","funded_only",TRUE,5.43605674415418,FALSE,3.73915472915474,9.00261647918711,-0.0976201532644806,-0.155237274755506,0.362399105618956
3,"young_lifetime","Fully funded system",0.97,0.000222693986042829,"capitalization","funded_only",TRUE,5.69423315109625,FALSE,3.91673961805638,9.43018066496817,-0.0910568430557192,-0.144794186010352,0.362361482104076
3,"young_lifetime","Fully funded system",0.98,0.00018455327674269,"capitalization","funded_only",TRUE,5.96467121391105,FALSE,4.10275860371263,9.87805129536844,-0.0849348048533613,-0.135054402061037,0.362329102072916
3,"young_lifetime","Fully funded system",0.99,0.000152382018630337,"capitalization","funded_only",TRUE,6.24795327939984,FALSE,4.29761224941754,10.3471927909516,-0.0792243705513077,-0.125970404110133,0.362301234419182
3,"young_lifetime","Fully funded system",1,6.26778916131105e-05,"capitalization","funded_only",TRUE,6.54468935194949,FALSE,4.50172014254761,10.8386153758203,-0.0738978667236263,-0.117497914261974,0.362277250062486
4,"young_lifetime","Fully funded system",0,0.000223648618482682,"informal","informal",FALSE,0.0835276542828526,TRUE,0.0820928341118202,0.0957487197175238,-33.2814836618672,-37.4783291935855,0.0823931338583026
4,"young_lifetime","Fully funded system",0.01,0.000530074028894635,"informal","informal",FALSE,0.0859854216375845,TRUE,0.0842688425861191,0.09828670038006,-32.0007390809013,-35.8829724428766,0.0793250793944973
4,"young_lifetime","Fully funded system",0.02,0.000625857596014926,"informal","informal",FALSE,0.0885155078000435,TRUE,0.0865088792273486,0.100899360094377,-30.7658929124351,-34.3555259543591,0.0763447207744761
4,"young_lifetime","Fully funded system",0.03,0.00073622950670148,"informal","informal",FALSE,0.0911200407218201,TRUE,0.0888148280383558,0.10358889626129,-29.5755162032697,-32.8930989616206,0.073449551340973
4,"young_lifetime","Fully funded system",0.04,0.000862878406729994,"informal","informal",FALSE,0.0938012109686171,TRUE,0.0911886284580073,0.10635757093924,-28.4282107795704,-31.4929237507913,0.0706371360858473
4,"young_lifetime","Fully funded system",0.05,0.00100759191313581,"informal","informal",FALSE,0.0965612735626448,TRUE,0.0936322769923719,0.109207712746822,-27.3226094907546,-30.1523504225122,0.0679051096021013
4,"young_lifetime","Fully funded system",0.06,0.00117224512608808,"informal","informal",FALSE,0.0994025498792278,TRUE,0.0961478288938999,0.112141718821289,-26.2573763770097,-28.8688418768717,0.0652511740944315
4,"young_lifetime","Fully funded system",0.07,0.00135878545245099,"informal","informal",FALSE,0.102327429599218,TRUE,0.0987373998900115,0.115162056834685,-25.2312067652262,-27.6399690118215,0.0626730974466487
4,"young_lifetime","Fully funded system",0.08,0.00156921348536889,"informal","informal",FALSE,0.105338372718858,TRUE,0.101403167962548,0.118271267069302,-24.2428272980192,-26.4634061259835,0.0601687113443354
4,"young_lifetime","Fully funded system",0.09,0.00180555975146526,"informal","informal",FALSE,0.10843791161878,TRUE,0.104147375179584,0.121471964554212,-23.2909959003789,-25.3369265171469,0.0577359094511671
4,"young_lifetime","Fully funded system",0.1,0.00206985722142662,"informal","informal",FALSE,0.111628653193893,TRUE,0.106972329581137,0.124766841264652,-22.3745016883601,-24.2583982681271,0.0553726456373578
4,"young_lifetime","Fully funded system",0.11,0.00236410958058029,"informal","informal",FALSE,0.114913281045928,TRUE,0.109880407120367,0.128158668386143,-21.4921648240742,-23.2257802120088,0.0530769322587452
4,"young_lifetime","Fully funded system",0.12,0.00269025537259384,"informal","informal",FALSE,0.118294557740511,TRUE,0.11287405366189,0.131650298645213,-20.6428363210981,-22.2371180691391,0.0508468384850649
4,"young_lifetime","Fully funded system",0.13,0.0030501282598838,"informal","informal",FALSE,0.121775327130641,TRUE,0.1159557870389,0.135244668708713,-19.8253978042643,-21.2905407485582,0.0486804886760073
4,"young_lifetime","Fully funded system",0.14,0.00344541378616971,"informal","informal",FALSE,0.125358516748536,TRUE,0.119128199170808,0.138944801653726,-19.038761227634,-20.3842568068699,0.0465760608036947
4,"young_lifetime","Fully funded system",0.15,0.0038776031764757,"informal","informal",FALSE,0.129047140267866,TRUE,0.122393958243206,0.142753809510149,-18.2818685543012,-19.5165510578476,0.0445317849202476
4,"young_lifetime","Fully funded system",0.16,0.00434794486360459,"informal","informal",FALSE,0.132844300038423,TRUE,0.125755810951963,0.146674895878101,-17.5536914015116,-18.6857813263618,0.0425459416691549
4,"young_lifetime","Fully funded system",0.17,0.00485739458280167,"informal","informal",FALSE,0.136753189695386,TRUE,0.12921658481336,0.150711358622331,-16.8532306544204,-17.8903753404839,0.0406168608391941
4,"young_lifetime","Fully funded system",0.18,0.00540656502249209,"informal","informal",FALSE,0.140777096845354,TRUE,0.132779190542199,0.154866592645924,-16.1795160516543,-17.1288277558855,0.0387429199596834
4,"young_lifetime","Fully funded system",0.19,0.00599567615266305,"informal","informal",FALSE,0.144919405831414,TRUE,0.136446624499884,0.159144092745611,-15.5316057456805,-16.3996973069017,0.036922542935889
4,"young_lifetime","Fully funded system",0.2,0.00662450746745946,"informal","informal",FALSE,0.149183600579581,TRUE,0.140221971214538,0.163547456551098,-14.9085858408312,-15.7016040788657,0.0351541987234387
4,"young_lifetime","Fully funded system",0.21,0.00729235346863131,"informal","informal",FALSE,0.153573267528975,TRUE,0.144108405975273,0.168080387550889,-14.3095699116773,-15.0332268965535,0.0334364000406202
4,"young_lifetime","Fully funded system",0.22,0.00799798377561329,"informal","informal",FALSE,0.158092098648236,TRUE,0.148109197502797,0.172746698207132,-13.7336985042903,-14.3933008237962,0.0317677021174916
4,"young_lifetime","Fully funded system",0.23,0.0087396092707509,"informal","informal",FALSE,0.162743894540682,TRUE,0.152227710698599,0.17755031316213,-13.1801386227863,-13.7806147695268,0.0301467014807431
4,"young_lifetime","Fully funded system",0.24,0.0095148556698428,"informal","informal",FALSE,0.167532567640845,TRUE,0.156467409475027,0.182495272539193,-12.6480832033993,-13.1940091957318,0.0285720347732943
4,"young_lifetime","Fully funded system",0.25,0.010320745845168,"informal","informal",FALSE,0.172462145505055,TRUE,0.160831859668648,0.187585735340622,-12.1367505781919,-12.6323739229692,0.0270423776076316
4,"young_lifetime","Fully funded system",0.26,0.0111536921182913,"informal","informal",FALSE,0.177536774198852,TRUE,0.165324732039324,0.192825982945674,-11.6453839303732,-12.0946460293005,0.0255564434519175
4,"young_lifetime","Fully funded system",0.27,0.0120094995825537,"informal","informal",FALSE,0.182760721784076,TRUE,0.169949805357535,0.198220422711455,-11.1732507430651,-11.5798078386594,0.0241129825479434
4,"young_lifetime","Fully funded system",0.28,0.0128833813113884,"capitalization","funded_only",TRUE,0.237944471109342,FALSE,0.167324271292704,0.393952940757534,-10.3319495766654,-11.0868849948502,0.0481372997884071
4,"young_lifetime","Fully funded system",0.29,0.0137699860614464,"capitalization","funded_only",TRUE,0.249245245088348,FALSE,0.175271057205673,0.412663075610047,-9.63730008201428,-10.6149446175323,0.0665344801150494
4,"young_lifetime","Fully funded system",0.3,0.0146634387938913,"capitalization","funded_only",TRUE,0.261082730393023,FALSE,0.183595262400728,0.432261816968521,-8.98935405962061,-10.1630935366981,0.0852545725678413
4,"young_lifetime","Fully funded system",0.31,0.0155573940198842,"capitalization","funded_only",TRUE,0.273482417228518,FALSE,0.192314811774302,0.452791367710093,-8.38497148802362,-9.73047660230625,0.104303244984971
4,"young_lifetime","Fully funded system",0.32,0.0164451016357299,"capitalization","funded_only",TRUE,0.286471006414571,FALSE,0.201448481535756,0.474295935066842,-7.82122345929006,-9.31627506586847,0.123686264688006
4,"young_lifetime","Fully funded system",0.33,0.0173194845593781,"capitalization","funded_only",TRUE,0.300076466881613,FALSE,0.211015939639052,0.496821825819264,-7.29537798518712,-8.91970503092844,0.143409500228054
4,"young_lifetime","Fully funded system",0.34,0.0181732271241403,"capitalization","funded_only",TRUE,0.314328095897568,FALSE,0.221037788134674,0.520417546010807,-6.80488675765108,-8.54001596949986,0.163478923162567
4,"young_lifetime","Fully funded system",0.35,0.0189988728395791,"capitalization","funded_only",TRUE,0.329256582155009,FALSE,0.231535607532972,0.545133905398182,-6.34737279939132,-8.1764893016559,0.183900609863337
4,"young_lifetime","Fully funded system",0.36,0.0197889298058682,"capitalization","funded_only",TRUE,0.344894071854545,FALSE,0.242532003274479,0.571024126862361,-5.92061894478313,-7.82843703558187,0.204680743356224
4,"young_lifetime","Fully funded system",0.37,0.0205359817787106,"capitalization","funded_only",TRUE,0.361274237926722,FALSE,0.254050654407251,0.598143961015875,-5.5225570952263,-7.49520046551748,0.22582561519318
4,"young_lifetime","Fully funded system",0.38,0.0212328026386743,"capitalization","funded_only",TRUE,0.378432352541503,FALSE,0.266116364576057,0.626551806253186,-5.15125819689979,-7.1761489251242,0.247341627357119
4,"young_lifetime","Fully funded system",0.39,0.0218724718319488,"capitalization","funded_only",TRUE,0.396405363061466,FALSE,0.278755115433213,0.656308834502654,-4.80492289234357,-6.87067859391881,0.269235294200241
4,"young_lifetime","Fully funded system",0.4,0.0224484882277816,"capitalization","funded_only",TRUE,0.415231971602267,FALSE,0.291994122586084,0.687479122950883,-4.48187280056397,-6.57821135451382,0.291513244416358
4,"young_lifetime","Fully funded system",0.41,0.0229548797878943,"capitalization","funded_only",TRUE,0.434952718371702,FALSE,0.305861894201703,0.720129792023094,-4.18054238340496,-6.29819369850236,0.314182223047852
4,"young_lifetime","Fully funded system",0.42,0.0233863064692461,"capitalization","funded_only",TRUE,0.455610068966809,FALSE,0.320388292394732,0.754331149916643,-3.89947135876906,-6.03009567891675,0.337249093527854
4,"young_lifetime","Fully funded system",0.43,0.0237381538851594,"capitalization","funded_only",TRUE,0.477248505817008,FALSE,0.335604597530937,0.790156843998918,-3.63729762392108,-5.77340990727817,0.360720839758275
4,"young_lifetime","Fully funded system",0.44,0.0240066154297712,"capitalization","funded_only",TRUE,0.499914623970172,FALSE,0.351543575584643,0.827684019395624,-3.39275065458057,-5.52765059333943,0.384604568224294
4,"young_lifetime","Fully funded system",0.45,0.0241887608228689,"capitalization","funded_only",TRUE,0.523657231427904,FALSE,0.368239548695228,0.866993485110956,-3.16464534781403,-5.29235262570342,0.408907510145986
4,"young_lifetime","Fully funded system",0.46,0.0242825893494975,"capitalization","funded_only",TRUE,0.548527454246065,FALSE,0.38572846907457,0.908169888037366,-2.95187627888885,-5.06707069157726,0.433637023667687
4,"young_lifetime","Fully funded system",0.47,0.0242870664418367,"capitalization","funded_only",TRUE,0.574578846626879,FALSE,0.404047996424616,0.951301895229639,-2.75341234425701,-4.8513784339963,0.458800596085814
4,"young_lifetime","Fully funded system",0.48,0.0242021426680683,"capitalization","funded_only",TRUE,0.60186750623967,FALSE,0.423237579031756,0.996482384835764,-2.56829176470792,-4.40765539469607,0.433426785495471
4,"young_lifetime","Fully funded system",0.49,0.0240287546408929,"capitalization","funded_only",TRUE,0.630452195018579,FALSE,0.443338538712647,1.04380864609575,-2.39561742447496,-4.11131484736734,0.43342678549547
4,"young_lifetime","Fully funded system",0.5,0.0237688078223462,"capitalization","funded_only",TRUE,0.660394465697352,FALSE,0.464394159794392,1.09338258883906,-2.23455252370857,-3.83489820790508,0.433426785495471
4,"young_lifetime","Fully funded system",0.51,0.0234251416663332,"capitalization","funded_only",TRUE,0.691758794353692,FALSE,0.486449782320689,1.14531096293174,-2.08431652324732,-3.57706592926368,0.433426785495471
4,"young_lifetime","Fully funded system",0.52,0.0230014779905107,"capitalization","funded_only",TRUE,0.724612719248583,FALSE,0.509552899684642,1.19970558814588,-1.94418136203469,-3.33656852636223,0.433426785495471
4,"young_lifetime","Fully funded system",0.53,0.0225023538900762,"capitalization","funded_only",TRUE,0.759026986259555,FALSE,0.533753260898487,1.25668359494629,-1.81346792885092,-3.11224052093516,0.433426785495471
4,"young_lifetime","Fully funded system",0.54,0.0219330408840984,"capitalization","funded_only",TRUE,0.795075701221055,FALSE,0.559102977720441,1.31636767671294,-1.69154277126136,-2.90299479348959,0.433426785495471
4,"young_lifetime","Fully funded system",0.55,0.0212994523083938,"capitalization","funded_only",TRUE,0.832836489499974,FALSE,0.585656636869364,1.37888635394233,-1.57781502583264,-2.70781731499833,0.43342678549547
4,"young_lifetime","Fully funded system",0.56,0.0206080412279339,"capitalization","funded_only",TRUE,0.87239066314994,FALSE,0.613471417568867,1.44437425099659,-1.47173355474,-2.52576223279784,0.433426785495471
4,"young_lifetime","Fully funded system",0.57,0.0198656913291574,"capitalization","funded_only",TRUE,0.913823396004332,FALSE,0.642607214673985,1.51297238599636,-1.37278427488965,-2.35594728687665,0.433426785495471
4,"young_lifetime","Fully funded system",0.58,0.0190796033639485,"capitalization","funded_only",TRUE,0.957223907085035,FALSE,0.673126767645537,1.58482847448167,-1.28048766661246,-2.19754953434119,0.433426785495471
4,"young_lifetime","Fully funded system",0.59,0.0182571797508447,"capitalization","funded_only",TRUE,1.00268565272189,FALSE,0.705095795649914,1.6600972474946,-1.19439644985622,-2.04980136133921,0.433426785495471
4,"young_lifetime","Fully funded system",0.6,0.0174059098965294,"capitalization","funded_only",TRUE,1.05030652779655,FALSE,0.738583139075203,1.73894078476883,-1.11409341661459,-1.91198676311418,0.433426785495471
4,"young_lifetime","Fully funded system",0.61,0.0165332586858387,"capitalization","funded_only",TRUE,1.10018907654402,FALSE,0.77366090776838,1.82152886374343,-1.03918940908892,-1.78343787416329,0.433426785495471
4,"young_lifetime","Fully funded system",0.62,0.0156465604078046,"capitalization","funded_only",TRUE,1.15244071336597,FALSE,0.810404636312783,1.90803932515248,-0.969321433784358,-1.66353173168393,0.433426785495471
4,"young_lifetime","Fully funded system",0.63,0.0147529201472209,"capitalization","funded_only",TRUE,1.20717395413107,FALSE,0.848893446680229,1.99865845597774,-0.90415090240144,-1.55168725662376,0.433426785495471
4,"young_lifetime","Fully funded system",0.64,0.0138591243861013,"capitalization","funded_only",TRUE,1.26450665846069,FALSE,0.889210218608015,2.09358139058905,-0.843361990997923,-1.44736243770433,0.433426785495471
4,"young_lifetime","Fully funded system",0.65,0.0129715622386452,"capitalization","funded_only",TRUE,1.3245622835214,FALSE,0.931441768067697,2.19301253093619,-0.786660109469409,-1.3500517047717,0.433426785495471
4,"young_lifetime","Fully funded system",0.66,0.0120961583990884,"capitalization","funded_only",TRUE,1.38747014987108,FALSE,0.975679034209939,2.2971659866971,-0.733770473931575,-1.25928347874487,0.433426785495471
4,"young_lifetime","Fully funded system",0.67,0.0112383185264294,"capitalization","funded_only",TRUE,1.45336571993081,FALSE,1.022017275188,2.40626603633009,-0.684436775085651,-1.17461788628899,0.433426785495471
4,"young_lifetime","Fully funded system",0.68,0.0104028874355191,"capitalization","funded_only",TRUE,1.5223908896824,FALSE,1.07055627328152,2.52054761002309,-0.638419936113878,-1.09564462813822,0.433426785495471
4,"young_lifetime","Fully funded system",0.69,0.00959412012165592,"capitalization","funded_only",TRUE,1.59469429421956,FALSE,1.12140054976232,2.64025679557969,-0.595496954085559,-1.02198099073794,0.433426785495471
4,"young_lifetime","Fully funded system",0.7,0.00881566532576298,"capitalization","funded_only",TRUE,1.67043162781075,FALSE,1.17465958996491,2.76565136833138,-0.555459819259034,-0.953269991570609,0.433426785495471
4,"young_lifetime","Fully funded system",0.71,0.00807056105809019,"capitalization","funded_only",TRUE,1.74976597916282,FALSE,1.23044807904632,2.8970013462171,-0.518114507042381,-0.889178649177095,0.433426785495471
4,"young_lifetime","Fully funded system",0.72,0.00736124124713052,"capitalization","funded_only",TRUE,1.83286818260754,FALSE,1.28888614894296,3.03458957122542,-0.483280037727776,-0.829396369489974,0.433426785495471
4,"young_lifetime","Fully funded system",0.73,0.00668955247216793,"capitalization","funded_only",TRUE,1.91991718596699,FALSE,1.35009963705625,3.17871231845122,-0.450787599442869,-0.773633440658722,0.433426785495471
4,"young_lifetime","Fully funded system",0.74,0.00605677957576838,"capitalization","funded_only",TRUE,2.01110043589026,FALSE,1.4142203572242,3.32967993407862,-0.420479730068902,-0.721619629072523,0.433426785495471
4,"young_lifetime","Fully funded system",0.75,0.00546367883789977,"capitalization","funded_only",TRUE,2.10661428149095,FALSE,1.48138638356215,3.48781750366377,-0.392209554161049,-0.673102869776903,0.433426785495471
4,"young_lifetime","Fully funded system",0.76,0.0049105173257538,"capitalization","funded_only",TRUE,2.20666439715485,FALSE,1.55174234778424,3.65346555215662,-0.365840071172995,-0.627848044937771,0.433426785495471
4,"young_lifetime","Fully funded system",0.77,0.00439711701067287,"capitalization","funded_only",TRUE,2.31146622542809,FALSE,1.62543975064553,3.82698077716908,-0.341243491536428,-0.585353645657103,0.432966267488094
4,"young_lifetime","Fully funded system",0.78,0.00392290226240524,"capitalization","funded_only",TRUE,2.42124544093954,FALSE,1.70263728817561,4.00873681706847,-0.31830061737799,-0.545605063989596,0.43227784572729
4,"young_lifetime","Fully funded system",0.79,0.00348694938664893,"capitalization","funded_only",TRUE,2.53623843635645,FALSE,1.78350119340608,4.19912505555036,-0.29690026487258,-0.508606957822125,0.431686098512493
4,"young_lifetime","Fully funded system",0.8,0.00308803695908519,"capitalization","funded_only",TRUE,2.65669283141975,FALSE,1.86820559432788,4.39855546442315,-0.276938725433662,-0.474158869565732,0.431177367834726
4,"young_lifetime","Fully funded system",0.81,0.00272469582188591,"capitalization","funded_only",TRUE,2.78286800615506,FALSE,1.9569328888491,4.6074574864194,-0.258319263129442,-0.442076924665344,0.430739944039598
4,"young_lifetime","Fully funded system",0.82,0.0023952577407798,"capitalization","funded_only",TRUE,2.91503565940772,FALSE,2.04987413756088,4.8262809599347,-0.240951645889344,-0.412192091946951,0.430363783903104
4,"young_lifetime","Fully funded system",0.83,0.00209790186595431,"capitalization","funded_only",TRUE,3.0534803939045,FALSE,2.14722947515702,5.05549708768553,-0.224751708228943,-0.384348687606164,0.430040270229773
4,"young_lifetime","Fully funded system",0.84,0.00183069829236669,"capitalization","funded_only",TRUE,3.19850032910184,FALSE,2.24920854139328,5.29559945137191,-0.209640943374282,-0.358403080525969,0.429762006771497
4,"young_lifetime","Fully funded system",0.85,0.00159164816888775,"capitalization","funded_only",TRUE,3.35040774314025,FALSE,2.35603093251434,5.54710507452969,-0.195546122808953,-0.334222564813852,0.4295226431806
4,"young_lifetime","Fully funded system",0.86,0.00137871995615396,"capitalization","funded_only",TRUE,3.5095297452873,FALSE,2.46792667412061,5.81055553586129,-0.182398941400227,-0.31168437198681,0.429316725504327
4,"young_lifetime","Fully funded system",0.87,0.00118988157581876,"capitalization","funded_only",TRUE,3.67620898031717,FALSE,2.58513671649298,6.08651813544217,-0.170135686384472,-0.290674800448292,0.429139568409157
4,"young_lifetime","Fully funded system",0.88,0.0010231283256207,"capitalization","funded_only",TRUE,3.85080436634346,FALSE,2.70791345344222,6.37558711631438,-0.15869692860772,-0.271088444066496,0.42898714590375
4,"young_lifetime","Fully funded system",0.89,0.000876506552691064,"capitalization","funded_only",TRUE,4.03369186769423,FALSE,2.83652126580025,6.67838494409759,-0.148027234525104,-0.252827504995748,0.42885599782181
4,"young_lifetime","Fully funded system",0.9,0.000748133179985062,"capitalization","funded_only",TRUE,4.22526530449337,FALSE,2.97123709072364,6.99556364737314,-0.138074897563481,-0.235801178553795,0.42874314974271
4,"young_lifetime","Fully funded system",0.91,0.000636211266591,"capitalization","funded_only",TRUE,4.42593720069168,FALSE,3.11235101803518,7.32780622172733,-0.128791687545394,-0.219925100113948,0.428646044379572
4,"young_lifetime","Fully funded system",0.92,0.000539041851611795,"capitalization","funded_only",TRUE,4.63613967237386,FALSE,3.26016691488779,7.67582810047754,-0.120132616960039,-0.205120845699737,0.428562482761611
4,"young_lifetime","Fully funded system",0.93,0.000455032383605845,"capitalization","funded_only",TRUE,4.85632535825401,FALSE,3.41500308009564,8.04037869524779,-0.112055722948585,-0.19131547936609,0.428490573788378
4,"young_lifetime","Fully funded system",0.94,0.00038270207402884,"capitalization","funded_only",TRUE,5.08696839436359,FALSE,3.57719292954181,8.42224300971156,-0.104521863947299,-0.178441141582375,0.42842869094553
4,"young_lifetime","Fully funded system",0.95,0.000320684534961157,"capitalization","funded_only",TRUE,5.32856543503042,FALSE,3.74708571413807,8.82224332997653,-0.0974945300029903,-0.166434673752282,0.42837543515103
4,"young_lifetime","Fully funded system",0.96,0.000267728070175611,"capitalization","funded_only",TRUE,5.5816367223475,FALSE,3.92504727188311,9.24124099525132,-0.0909396658415566,-0.155237274755506,0.428329602852494
4,"young_lifetime","Fully funded system",0.97,0.000222693986042829,"capitalization","funded_only",TRUE,5.84672720643438,FALSE,4.11146081563838,9.68013825260711,-0.0848255058321765,-0.144794186010352,0.428290158625141
4,"young_lifetime","Fully funded system",0.98,0.00018455327674269,"capitalization","funded_only",TRUE,6.12440771890344,FALSE,4.30672775831812,10.139880199828,-0.0791224200473867,-0.135054402061037,0.428256211629099
4,"young_lifetime","Fully funded system",0.99,0.000152382018630337,"capitalization","funded_only",TRUE,6.41527620205809,FALSE,4.51126857727038,10.6214568205337,-0.0738027706730205,-0.125970404110133,0.428226995377689
4,"young_lifetime","Fully funded system",1,6.26778916131105e-05,"capitalization","funded_only",TRUE,6.71995899646957,FALSE,4.72552371971031,11.1259051159575,-0.0688407780721611,-0.117497914261974,0.428201850347475
5,"young_lifetime","Fully funded system",0,0.000223648618482682,"informal","informal",FALSE,0.0823030886248682,TRUE,0.08215,0.0961020342522948,-33.2246965273182,-37.4783291935855,0.0836261224637884
5,"young_lifetime","Fully funded system",0.01,0.000530074028894635,"informal","informal",FALSE,0.0847248236317057,TRUE,0.0843804057223632,0.0980493871382761,-31.9639576450455,-35.8829724428766,0.0801529183993146
5,"young_lifetime","Fully funded system",0.02,0.000625857596014926,"informal","informal",FALSE,0.0872178172090456,TRUE,0.0866191853414185,0.100650831960766,-30.7327779507043,-34.3555259543591,0.0771177654668651
5,"young_lifetime","Fully funded system",0.03,0.00073622950670148,"informal","informal",FALSE,0.0897841661114279,TRUE,0.0889238401428836,0.103328823242207,-29.5457927056057,-32.8930989616206,0.0741693679361102
5,"young_lifetime","Fully funded system",0.04,0.000862878406729994,"informal","informal",FALSE,0.0924260287895444,TRUE,0.0912963084772869,0.106085613331112,-28.4016214267104,-31.4929237507913,0.0713052460309413
5,"young_lifetime","Fully funded system",0.05,0.00100759191313581,"informal","informal",FALSE,0.0951456272056236,TRUE,0.0937385857303352,0.108923520850437,-27.2989136682481,-30.1523504225122,0.0685229908560221
5,"young_lifetime","Fully funded system",0.06,0.00117224512608808,"informal","informal",FALSE,0.097945248702231,TRUE,0.0962527260011503,0.111844932647675,-26.2363492337425,-28.8688418768717,0.0658202623707571
5,"young_lifetime","Fully funded system",0.07,0.00135878545245099,"informal","informal",FALSE,0.10082724792606,TRUE,0.0988408438298877,0.114852305802342,-25.2126383152891,-27.6399690118215,0.0631947874211884
5,"young_lifetime","Fully funded system",0.08,0.00156921348536889,"informal","informal",FALSE,0.103794048808328,TRUE,0.10150511597619,0.11794816969252,-24.2265215647061,-26.4634061259835,0.0606443578281324
5,"young_lifetime","Fully funded system",0.09,0.00180555975146526,"informal","informal",FALSE,0.106848146603445,TRUE,0.104247783249968,0.121135128122218,-23.2767701010637,-25.3369265171469,0.058166828529975
5,"young_lifetime","Fully funded system",0.1,0.00206985722142662,"informal","informal",FALSE,0.10999210998767,TRUE,0.107071152396057,0.124415861511318,-22.3621854589698,-24.2583982681271,0.055760115778547
5,"young_lifetime","Fully funded system",0.11,0.00236410958058029,"informal","informal",FALSE,0.113228583219522,TRUE,0.109977598034324,0.127793129149973,-21.4815994818547,-23.2257802120088,0.0534221953865675
5,"young_lifetime","Fully funded system",0.12,0.00269025537259384,"informal","informal",FALSE,0.11656028836375,TRUE,0.11296956465686,0.13126977151933,-20.6338741643559,-22.2371180691391,0.0511511010251866
5,"young_lifetime","Fully funded system",0.13,0.0030501282598838,"informal","informal",FALSE,0.119990027580757,TRUE,0.116049568683948,0.13484871268054,-19.8179014477603,-21.2905407485582,0.0489449225701837
5,"young_lifetime","Fully funded system",0.14,0.00344541378616971,"informal","informal",FALSE,0.123520685483381,TRUE,0.119220200580515,0.13853296273407,-19.0326029723052,-20.3842568068699,0.0468018044954428
5,"young_lifetime","Fully funded system",0.15,0.0038776031764757,"informal","informal",FALSE,0.127155231563019,TRUE,0.122484127034868,0.142325620351369,-18.2769297899919,-19.5165510578476,0.0447199443123432
5,"young_lifetime","Fully funded system",0.16,0.00434794486360459,"informal","informal",FALSE,0.130896722687153,TRUE,0.125844093201537,0.14622987538104,-17.5498620414043,-18.6857813263618,0.0426975910537628
5,"young_lifetime","Fully funded system",0.17,0.00485739458280167,"informal","informal",FALSE,0.134748305670346,TRUE,0.12930292501011,0.150249011531687,-16.8504085998738,-17.8903753404839,0.0407330438014104
5,"young_lifetime","Fully funded system",0.18,0.00540656502249209,"informal","informal",FALSE,0.138713219920907,TRUE,0.132863531542009,0.154386409133707,-16.1776066861723,-17.1288277558855,0.0388246502552523
5,"young_lifetime","Fully funded system",0.19,0.00599567615266305,"informal","informal",FALSE,0.142794800165419,TRUE,0.136528907477194,0.158645547982349,-15.5305214567592,-16.3996973069017,0.0369708053438327
5,"young_lifetime","Fully funded system",0.2,0.00662450746745946,"informal","informal",FALSE,0.146996479253444,TRUE,0.140302135612871,0.163030010264425,-14.9082455684561,-15.7016040788657,0.0351699498743119
5,"young_lifetime","Fully funded system",0.21,0.00729235346863131,"informal","informal",FALSE,0.151321791044748,TRUE,0.144186389456302,0.167543483571143,-14.3098987222696,-15.0332268965535,0.0334205692210952
5,"young_lifetime","Fully funded system",0.22,0.00799798377561329,"informal","informal",FALSE,0.155774373381491,TRUE,0.148184935893914,0.172189763999586,-13.7346271889311,-14.3933008237962,0.0317211920519405
5,"young_lifetime","Fully funded system",0.23,0.0087396092707509,"informal","informal",FALSE,0.160357971147859,TRUE,0.152301137938944,0.176972759345453,-13.18160331858,-13.7806147695268,0.0300703890904852
5,"young_lifetime","Fully funded system",0.24,0.0095148556698428,"informal","informal",FALSE,0.165076439419739,TRUE,0.156538457559926,0.181896492389749,-12.6500250368687,-13.1940091957318,0.0284667719141372
5,"young_lifetime","Fully funded system",0.25,0.010320745845168,"informal","informal",FALSE,0.169933746707063,TRUE,0.160900458592417,0.186965104282177,-12.1391153296323,-12.6323739229692,0.0269089917863317
5,"young_lifetime","Fully funded system",0.26,0.0111536921182913,"informal","informal",FALSE,0.174933978291558,TRUE,0.165390809736389,0.192182858024091,-11.6481217181279,-12.0946460293005,0.0253957385221621
5,"young_lifetime","Fully funded system",0.27,0.0120094995825537,"informal","informal",FALSE,0.180081339662709,TRUE,0.170013287641823,0.197554142053933,-11.1763157267185,-11.5798078386594,0.02392573938644
5,"young_lifetime","Fully funded system",0.28,0.0128833813113884,"capitalization","funded_only",TRUE,0.240721247967829,FALSE,0.171795546904009,0.400715531875838,-9.93925918890806,-11.0868849948502,0.0755658825323968
5,"young_lifetime","Fully funded system",0.29,0.0137699860614464,"capitalization","funded_only",TRUE,0.252153900311235,FALSE,0.179954688560509,0.419746844662784,-9.27101150520132,-10.6149446175323,0.0944444965251701
5,"young_lifetime","Fully funded system",0.3,0.0146634387938913,"capitalization","funded_only",TRUE,0.264129527322265,FALSE,0.188501334979329,0.439682017763551,-8.64769221689027,-10.1630935366981,0.113654472893857
5,"young_lifetime","Fully funded system",0.31,0.0155573940198842,"capitalization","funded_only",TRUE,0.276673916673001,FALSE,0.197453890049892,0.460563978509325,-8.06628064651944,-9.73047660230625,0.133201627797644
5,"young_lifetime","Fully funded system",0.32,0.0164451016357299,"capitalization","funded_only",TRUE,0.289814080777807,FALSE,0.206831631723511,0.482437692992962,-7.52395920628771,-9.31627506586847,0.153091879482463
5,"young_lifetime","Fully funded system",0.33,0.0173194845593781,"capitalization","funded_only",TRUE,0.303578314960405,FALSE,0.216654753525498,0.505350262896557,-7.01809974369148,-8.91970503092844,0.173331250072851
5,"young_lifetime","Fully funded system",0.34,0.0181732271241403,"capitalization","funded_only",TRUE,0.31799625838351,FALSE,0.226944408038815,0.529351026917677,-6.54625080519328,-8.54001596949986,0.19392586739525
5,"young_lifetime","Fully funded system",0.35,0.0189988728395791,"capitalization","funded_only",TRUE,0.333098957872209,FALSE,0.237722752452909,0.554491667012662,-6.1061257561941,-8.1764893016559,0.214881966833318
5,"young_lifetime","Fully funded system",0.36,0.0197889298058682,"capitalization","funded_only",TRUE,0.348918934768527,FALSE,0.249012996275818,0.580826319685777,-5.69559169973722,-7.82843703558187,0.236205893215797
5,"young_lifetime","Fully funded system",0.37,0.0205359817787106,"capitalization","funded_only",TRUE,0.36549025496114,FALSE,0.260839451312275,0.608411692563849,-5.31265914024263,-7.49520046551748,0.257904102737528
5,"young_lifetime","Fully funded system",0.38,0.0212328026386743,"capitalization","funded_only",TRUE,0.382848602241028,FALSE,0.273227584015445,0.637307186507431,-4.95547234218101,-7.1761489251242,0.279983164914169
5,"young_lifetime","Fully funded system",0.39,0.0218724718319488,"capitalization","funded_only",TRUE,0.401031355141036,FALSE,0.286204070325016,0.667575023521418,-4.62230033696449,-6.87067859391881,0.302449764571243
5,"young_lifetime","Fully funded system",0.4,0.0224484882277816,"capitalization","funded_only",TRUE,0.420077667424799,FALSE,0.299796853109737,0.699280380740576,-4.31152853447236,-6.57821135451382,0.325310703868077
5,"young_lifetime","Fully funded system",0.41,0.0229548797878943,"capitalization","funded_only",TRUE,0.440028552398355,FALSE,0.31403520233809,0.732491530778483,-4.02165089856042,-6.29819369850236,0.348572904357281
5,"young_lifetime","Fully funded system",0.42,0.0233863064692461,"capitalization","funded_only",TRUE,0.460926971225989,FALSE,0.328949778106667,0.767279988742106,-3.7512626486354,-6.03009567891675,0.372243409080367
5,"young_lifetime","Fully funded system",0.43,0.0237381538851594,"capitalization","funded_only",TRUE,0.48281792544051,FALSE,0.344572696661978,0.803720666228597,-3.49905345192548,-5.77340990727817,0.39632938470016
5,"young_lifetime","Fully funded system",0.44,0.0240066154297712,"capitalization","funded_only",TRUE,0.505748553847121,FALSE,0.360937599557848,0.841892032635896,-3.263801073456,-5.52765059333943,0.420838123670621
5,"young_lifetime","Fully funded system",0.45,0.0241887608228689,"capitalization","funded_only",TRUE,0.5297682340296,FALSE,0.378079726097338,0.881876284134527,-3.04436545295719,-5.29235262570342,0.445777046444779
5,"young_lifetime","Fully funded system",0.46,0.0242825893494975,"capitalization","funded_only",TRUE,0.554928688677335,FALSE,0.396035989215162,0.923759520664408,-2.83968318000009,-5.06707069157726,0.471153703721392
5,"young_lifetime","Fully funded system",0.47,0.0242870664418367,"capitalization","funded_only",TRUE,0.581284096962183,FALSE,0.414845054964019,0.967631931337849,-2.64876234058645,-4.8513784339963,0.496975778731063
5,"young_lifetime","Fully funded system",0.48,0.0242021426680683,"capitalization","funded_only",TRUE,0.608891211204992,FALSE,0.434547425775999,1.01358798864793,-2.47067771021864,-4.40765539469607,0.47093796385097
5,"young_lifetime","Fully funded system",0.49,0.0240287546408929,"capitalization","funded_only",TRUE,0.637809479083001,FALSE,0.455185527678342,1.06172665190051,-2.30456627015458,-4.11131484736734,0.470937963850969
5,"young_lifetime","Fully funded system",0.5,0.0237688078223462,"capitalization","funded_only",TRUE,0.668101171641272,FALSE,0.476803801651364,1.11215158030787,-2.14962302511896,-3.83489820790508,0.470937963850969
5,"young_lifetime","Fully funded system",0.51,0.0234251416663332,"capitalization","funded_only",TRUE,0.699831517383821,FALSE,0.499448799325284,1.16497135620289,-2.00509710220295,-3.57706592926368,0.47093796385097
5,"young_lifetime","Fully funded system",0.52,0.0230014779905107,"capitalization","funded_only",TRUE,0.733068842733169,FALSE,0.523169283221997,1.22029971885442,-1.87028811204707,-3.33656852636223,0.47093796385097
5,"young_lifetime","Fully funded system",0.53,0.0225023538900762,"capitalization","funded_only",TRUE,0.767884719160793,FALSE,0.548016331757677,1.27825580938733,-1.74454275467331,-3.11224052093516,0.470937963850969
5,"young_lifetime","Fully funded system",0.54,0.0219330408840984,"capitalization","funded_only",TRUE,0.804354117305292,FALSE,0.574043449232291,1.33896442733458,-1.62725165351772,-2.90299479348959,0.47093796385097
5,"young_lifetime","Fully funded system",0.55,0.0212994523083938,"capitalization","funded_only",TRUE,0.842555568410131,FALSE,0.601306681042885,1.40255629937386,-1.51784640232107,-2.70781731499833,0.47093796385097
5,"young_lifetime","Fully funded system",0.56,0.0206080412279339,"capitalization","funded_only",TRUE,0.882571333428603,FALSE,0.629864734368737,1.46916836082736,-1.41579681056622,-2.52576223279784,0.47093796385097
5,"young_lifetime","Fully funded system",0.57,0.0198656913291574,"capitalization","funded_only",TRUE,0.924487580160151,FALSE,0.659779104588237,1.53894405053097,-1.32060833411356,-2.35594728687665,0.47093796385097
5,"young_lifetime","Fully funded system",0.58,0.0190796033639485,"capitalization","funded_only",TRUE,0.968394568799477,FALSE,0.691114207699738,1.61203361970779,-1.23181967858277,-2.19754953434119,0.47093796385097
5,"young_lifetime","Fully funded system",0.59,0.0182571797508447,"capitalization","funded_only",TRUE,1.014386846298,FALSE,0.723937519031505,1.68859445551097,-1.14900056386686,-2.04980136133921,0.47093796385097
5,"young_lifetime","Fully funded system",0.6,0.0174059098965294,"capitalization","funded_only",TRUE,1.06256344995618,FALSE,0.758319718539466,1.76879141993282,-1.07174963894495,-1.91198676311418,0.470937963850969
5,"young_lifetime","Fully funded system",0.61,0.0165332586858387,"capitalization","funded_only",TRUE,1.11302812068514,FALSE,0.794334843005629,1.85279720480975,-0.999692536888719,-1.78343787416329,0.47093796385097
5,"young_lifetime","Fully funded system",0.62,0.0156465604078046,"capitalization","funded_only",TRUE,1.16588952639673,FALSE,0.832060445464915,1.94079270368759,-0.932480060636936,-1.66353173168393,0.47093796385097
5,"young_lifetime","Fully funded system",0.63,0.0147529201472209,"capitalization","funded_only",TRUE,1.22126149600322,FALSE,0.871577762203699,2.03296740134804,-0.869786490746059,-1.55168725662376,0.47093796385097
5,"young_lifetime","Fully funded system",0.64,0.0138591243861013,"capitalization","funded_only",TRUE,1.27926326453036,FALSE,0.912971887689666,2.12951978183502,-0.811308006916087,-1.44736243770433,0.47093796385097
5,"young_lifetime","Fully funded system",0.65,0.0129715622386452,"capitalization","funded_only",TRUE,1.34001972987164,FALSE,0.956331957809667,2.23065775585956,-0.756761215642202,-1.3500517047717,0.47093796385097
5,"young_lifetime","Fully funded system",0.66,0.0120961583990884,"capitalization","funded_only",TRUE,1.40366172173674,FALSE,1.00175134181015,2.33659910850356,-0.705881776857031,-1.25928347874487,0.47093796385097
5,"young_lifetime","Fully funded system",0.67,0.0112383185264294,"capitalization","funded_only",TRUE,1.47032628337323,FALSE,1.04932784335349,2.4475719681865,-0.658423122908061,-1.17461788628899,0.47093796385097
5,"young_lifetime","Fully funded system",0.68,0.0104028874355191,"capitalization","funded_only",TRUE,1.54015696666807,FALSE,1.09916391112313,2.56381529790487,-0.614155263662245,-1.09564462813822,0.47093796385097
5,"young_lifetime","Fully funded system",0.69,0.00959412012165592,"capitalization","funded_only",TRUE,1.61330414126457,FALSE,1.15136685943108,2.68557940980234,-0.572863671947181,-1.02198099073794,0.470937963850969
5,"young_lifetime","Fully funded system",0.7,0.00881566532576298,"capitalization","funded_only",TRUE,1.68992531836033,FALSE,1.20604909930279,2.81312650417842,-0.53434824392759,-0.953269991570609,0.470937963850969
5,"young_lifetime","Fully funded system",0.71,0.00807056105809019,"capitalization","funded_only",TRUE,1.77018548988335,FALSE,1.26332838053703,2.94673123409653,-0.498422329378963,-0.889178649177095,0.47093796385097
5,"young_lifetime","Fully funded system",0.72,0.00736124124713052,"capitalization","funded_only",TRUE,1.85425748377681,FALSE,1.32332804526197,3.08668129680718,-0.464911827158948,-0.829396369489974,0.47093796385097
5,"young_lifetime","Fully funded system",0.73,0.00668955247216793,"capitalization","funded_only",TRUE,1.94232233615749,FALSE,1.38617729353349,3.23327805325971,-0.433654341493061,-0.773633440658722,0.47093796385097
5,"young_lifetime","Fully funded system",0.74,0.00605677957576838,"capitalization","funded_only",TRUE,2.03456968114919,FALSE,1.45201146154765,3.38683717703687,-0.40449839498595,-0.721619629072523,0.47093796385097
5,"young_lifetime","Fully funded system",0.75,0.00546367883789977,"capitalization","funded_only",TRUE,2.1311981592307,FALSE,1.52097231306639,3.54768933410927,-0.377302694544402,-0.673102869776903,0.470937963850969
5,"young_lifetime","Fully funded system",0.76,0.0049105173257538,"capitalization","funded_only",TRUE,2.23241584497753,FALSE,1.593208344684,3.71618089487379,-0.351935446654641,-0.627848044937771,0.47093796385097
5,"young_lifetime","Fully funded system",0.77,0.00439711701067287,"capitalization","funded_only",TRUE,2.33844069511852,FALSE,1.6688751055917,3.89267468000894,-0.328273718695709,-0.585353645657103,0.470465394601573
5,"young_lifetime","Fully funded system",0.78,0.00392290226240524,"capitalization","funded_only",TRUE,2.44950101787214,FALSE,1.74813553252894,4.07755074175348,-0.306202843193739,-0.545605063989596,0.469758957612007
5,"young_lifetime","Fully funded system",0.79,0.00348694938664893,"capitalization","funded_only",TRUE,2.56583596457321,FALSE,1.8311603006426,4.27120718229044,-0.285615862130101,-0.508606957822125,0.469151725033367
5,"young_lifetime","Fully funded system",0.8,0.00308803695908519,"capitalization","funded_only",TRUE,2.68769604464846,FALSE,1.91812819100968,4.47406101099904,-0.266413008610461,-0.474158869565732,0.468629681441831
5,"young_lifetime","Fully funded system",0.81,0.00272469582188591,"capitalization","funded_only",TRUE,2.81534366505013,FALSE,2.00922647561491,4.68654904242025,-0.24850122338285,-0.442076924665344,0.468180810754429
5,"young_lifetime","Fully funded system",0.82,0.0023952577407798,"capitalization","funded_only",TRUE,2.94905369530899,FALSE,2.10465132061216,4.90912883686978,-0.231793703861757,-0.412192091946951,0.467794806927199
5,"young_lifetime","Fully funded system",0.83,0.00209790186595431,"capitalization","funded_only",TRUE,3.08911405942364,FALSE,2.20460820873806,5.1422796857239,-0.216209483472748,-0.384348687606164,0.467462827262285
5,"young_lifetime","Fully funded system",0.84,0.00183069829236669,"capitalization","funded_only",TRUE,3.23582635586054,FALSE,2.30931238178759,5.38650364349973,-0.201673039279067,-0.358403080525969,0.467177281960027
5,"young_lifetime","Fully funded system",0.85,0.00159164816888775,"capitalization","funded_only",TRUE,3.38950650700004,FALSE,2.4189893041041,5.64232660895251,-0.18811392598874,-0.334222564813852,0.466931654491238
5,"young_lifetime","Fully funded system",0.86,0.00137871995615396,"capitalization","funded_only",TRUE,3.55048543942658,FALSE,2.53387514808218,5.91029945751769,-0.17546643456853,-0.31168437198681,0.466720348179313
5,"young_lifetime","Fully funded system",0.87,0.00118988157581876,"capitalization","funded_only",TRUE,3.71910979652826,FALSE,2.65421730272859,6.19099922753655,-0.163669273810357,-0.290674800448292,0.466538555080784
5,"young_lifetime","Fully funded system",0.88,0.0010231283256207,"capitalization","funded_only",TRUE,3.89574268494011,FALSE,2.78027490637646,6.48503036281955,-0.152665273307,-0.271088444066496,0.46638214384861
5,"young_lifetime","Fully funded system",0.89,0.000876506552691064,"capitalization","funded_only",TRUE,4.08076445643841,FALSE,2.91231940469987,6.7930260142232,-0.142401106397689,-0.252827504995748,0.466247563767811
5,"young_lifetime","Fully funded system",0.9,0.000748133179985062,"capitalization","funded_only",TRUE,4.27457352696975,FALSE,3.0506351352304,7.11564940304306,-0.132827031740925,-0.235801178553795,0.466131762580491
5,"young_lifetime","Fully funded system",0.91,0.000636211266591,"capitalization","funded_only",TRUE,4.47758723457858,FALSE,3.19551993963424,7.45359524915893,-0.123896652262184,-0.219925100113948,0.466032116078432
5,"young_lifetime","Fully funded system",0.92,0.000539041851611795,"capitalization","funded_only",TRUE,4.6902427380805,FALSE,3.34728580506854,7.80759126700729,-0.115566690308317,-0.205120845699737,0.465946367746237
5,"young_lifetime","Fully funded system",0.93,0.000455032383605845,"capitalization","funded_only",TRUE,4.91299795841663,FALSE,3.50625953599769,8.17839973260248,-0.107796777919035,-0.19131547936609,0.465872576995471
5,"young_lifetime","Fully funded system",0.94,0.00038270207402884,"capitalization","funded_only",TRUE,5.1463325647159,FALSE,3.67278345791659,8.56681912498095,-0.100549261199093,-0.178441141582375,0.465809074747727
5,"young_lifetime","Fully funded system",0.95,0.000320684534961157,"capitalization","funded_only",TRUE,5.39074900718885,FALSE,3.84721615449593,8.97368584560313,-0.0937890178431594,-0.166434673752282,0.465754425308553
5,"young_lifetime","Fully funded system",0.96,0.000267728070175611,"capitalization","funded_only",TRUE,5.64677359907693,FALSE,4.02993323973705,9.39987601941544,-0.0874832869290523,-0.155237274755506,0.465707393629941
5,"young_lifetime","Fully funded system",0.97,0.000222693986042829,"capitalization","funded_only",TRUE,5.91495764998713,FALSE,4.22132816679895,9.84630738145067,-0.0816015101545185,-0.144794186010352,0.465666917191204
5,"young_lifetime","Fully funded system",0.98,0.00018455327674269,"capitalization","funded_only",TRUE,6.19587865305251,FALSE,4.42181307523914,10.3139412530293,-0.076115183748162,-0.135054402061037,0.465632081840181
5,"young_lifetime","Fully funded system",0.99,0.000152382018630337,"capitalization","funded_only",TRUE,6.49014152847491,FALSE,4.63181967849293,10.8037846118173,-0.0709977203368662,-0.125970404110133,0.465602101032096
5,"young_lifetime","Fully funded system",1,6.26778916131105e-05,"capitalization","funded_only",TRUE,6.79837992612759,FALSE,4.85180019350187,11.3168922601976,-0.0662243201003057,-0.117497914261974,0.46557629798452
6,"young_lifetime","Fully funded system",0,0.000223648618482682,"informal","informal",FALSE,0.0814854047536595,TRUE,0.08215,0.0967589663076263,-33.1747681892557,-37.4783291935855,0.0847130949293859
6,"young_lifetime","Fully funded system",0.01,0.000530074028894635,"informal","informal",FALSE,0.0838830797441778,TRUE,0.0844540138341497,0.0979330100656434,-31.9369037309513,-35.8829724428766,0.0807628343411979
6,"young_lifetime","Fully funded system",0.02,0.000625857596014926,"informal","informal",FALSE,0.0863513053489753,TRUE,0.0866920988926435,0.100528297093583,-30.7081727552794,-34.3555259543591,0.0776930554248636
6,"young_lifetime","Fully funded system",0.03,0.00073622950670148,"informal","informal",FALSE,0.0888921574912671,TRUE,0.0889960386963844,0.103199949389867,-29.523458927676,-32.8930989616206,0.0747110216432647
6,"young_lifetime","Fully funded system",0.04,0.000862878406729994,"informal","informal",FALSE,0.0915077731774671,TRUE,0.0913677709945454,0.105950213971548,-28.3813929542408,-31.4929237507913,0.0718142249302234
6,"young_lifetime","Fully funded system",0.05,0.00100759191313581,"informal","informal",FALSE,0.0942003522945363,TRUE,0.0938092905537834,0.108781403973244,-27.2806349636677,-30.1523504225122,0.0690002289089626
6,"young_lifetime","Fully funded system",0.06,0.00117224512608808,"informal","informal",FALSE,0.0969721594602175,TRUE,0.0963226508359551,0.111695900592621,-26.2198747465407,-28.8688418768717,0.0662666668429661
6,"young_lifetime","Fully funded system",0.07,0.00135878545245099,"informal","informal",FALSE,0.0998255259277121,TRUE,0.0989099657251996,0.114696155093123,-25.1978319212044,-27.6399690118215,0.063611239645416
6,"young_lifetime","Fully funded system",0.08,0.00156921348536889,"informal","informal",FALSE,0.102762851546402,TRUE,0.10157341130584,0.117784690865625,-24.213256030797,-26.4634061259835,0.0610317139455234
6,"young_lifetime","Fully funded system",0.09,0.00180555975146526,"informal","informal",FALSE,0.105786606780263,TRUE,0.104315227692596,0.120964105550754,-23.2649265759229,-25.3369265171469,0.0585259202101329
6,"young_lifetime","Fully funded system",0.1,0.00206985722142662,"informal","informal",FALSE,0.108899334785672,TRUE,0.107137720914659,0.124237073223662,-22.3516529873209,-24.2583982681271,0.0560917509190175
6,"young_lifetime","Fully funded system",0.11,0.00236410958058029,"informal","informal",FALSE,0.112103653550352,TRUE,0.110043264855189,0.127606346643075,-21.4722745427566,-23.2257802120088,0.0537271587923287
6,"young_lifetime","Fully funded system",0.12,0.00269025537259384,"informal","informal",FALSE,0.115402258095252,TRUE,0.1130343032479,0.13107475956653,-20.6256602322263,-22.2371180691391,0.0514301550687155
6,"young_lifetime","Fully funded system",0.13,0.0030501282598838,"informal","informal",FALSE,0.118797922741219,TRUE,0.116113351732375,0.13464522913373,-19.8107085754251,-21.2905407485582,0.049198807832656
6,"young_lifetime","Fully funded system",0.14,0.00344541378616971,"informal","informal",FALSE,0.122293503442367,TRUE,0.119282999969875,0.13832075832003,-19.0263473952767,-20.3842568068699,0.047031240389606
6,"young_lifetime","Fully funded system",0.15,0.0038776031764757,"informal","informal",FALSE,0.125891940188102,TRUE,0.122545913821393,0.14210443846212,-18.2715335511799,-19.5165510578476,0.0449256296875855
6,"young_lifetime","Fully funded system",0.16,0.00434794486360459,"informal","informal",FALSE,0.129596259475824,TRUE,0.125904837589798,0.145999451858013,-17.5452526354695,-18.6857813263618,0.0428802047838854
6,"young_lifetime","Fully funded system",0.17,0.00485739458280167,"informal","informal",FALSE,0.133409576856394,TRUE,0.129362596327962,0.150009074443556,-16.8465186364379,-17.8903753404839,0.0408932453556019
6,"young_lifetime","Fully funded system",0.18,0.00540656502249209,"informal","informal",FALSE,0.137335099554492,TRUE,0.13292209821479,0.154136678547677,-16.1743735711108,-17.1288277558855,0.0389630802527394
6,"young_lifetime","Fully funded system",0.19,0.00599567615266305,"informal","informal",FALSE,0.141376129166085,TRUE,0.13658633700117,0.158385735728716,-15.5278870908142,-16.3996973069017,0.0370880860926801
6,"young_lifetime","Fully funded system",0.2,0.00662450746745946,"informal","informal",FALSE,0.145536064435261,TRUE,0.1403583945279,0.162759819694208,-14.9061560624202,-15.7016040788657,0.0352666858948194
6,"young_lifetime","Fully funded system",0.21,0.00729235346863131,"informal","informal",FALSE,0.149818404112775,TRUE,0.144241443317691,0.167262609306585,-14.3083041280068,-15.0332268965535,0.0334973477542355
6,"young_lifetime","Fully funded system",0.22,0.00799798377561329,"informal","informal",FALSE,0.154226749898704,TRUE,0.148238749243448,0.171897891677313,-13.7334812455201,-14.3933008237962,0.0317785835532634
6,"young_lifetime","Fully funded system",0.23,0.0087396092707509,"informal","informal",FALSE,0.158764809471691,TRUE,0.152353674275064,0.176669565352078,-13.1808632128798,-13.7806147695268,0.030108947709903
6,"young_lifetime","Fully funded system",0.24,0.0095148556698428,"informal","informal",FALSE,0.163436399607317,TRUE,0.156589679307031,0.18158164358969,-12.6496511778294,-13.1940091957318,0.0284870359619991
6,"young_lifetime","Fully funded system",0.25,0.010320745845168,"informal","informal",FALSE,0.168245449388238,TRUE,0.160950327069258,0.186638257737474,-12.1390711356907,-12.6323739229692,0.0269114841861737
6,"young_lifetime","Fully funded system",0.26,0.0111536921182913,"informal","informal",FALSE,0.173196003508773,TRUE,0.165439285123538,0.191843660705974,-11.6483734170503,-12.0946460293005,0.0253809672505174
6,"young_lifetime","Fully funded system",0.27,0.0120094995825537,"informal","informal",FALSE,0.178292225676732,TRUE,0.17006032894818,0.197202230545901,-11.1768321672731,-11.5798078386594,0.0238941979000753
6,"young_lifetime","Fully funded system",0.28,0.0128833813113884,"capitalization","funded_only",TRUE,0.241572301742786,FALSE,0.17413293489107,0.404081556588099,-9.7441923396968,-11.0868849948502,0.0898727559834351
6,"young_lifetime","Fully funded system",0.29,0.0137699860614464,"capitalization","funded_only",TRUE,0.253045373459292,FALSE,0.182403086873718,0.423272733078974,-9.08905961432608,-10.6149446175323,0.109002487965085
6,"young_lifetime","Fully funded system",0.3,0.0146634387938913,"capitalization","funded_only",TRUE,0.265063339493824,FALSE,0.191066015868129,0.443375362342436,-8.47797352441668,-10.1630935366981,0.128467990011341
6,"young_lifetime","Fully funded system",0.31,0.0155573940198842,"capitalization","funded_only",TRUE,0.277652078689045,FALSE,0.200140376160379,0.46443273230078,-7.9079726760093,-9.73047660230625,0.148275155646295
6,"young_lifetime","Fully funded system",0.32,0.0164451016357299,"capitalization","funded_only",TRUE,0.290838698959891,FALSE,0.209645707990604,0.486490186763639,-7.37629477898286,-9.31627506586847,0.168429981838716
6,"young_lifetime","Fully funded system",0.33,0.0173194845593781,"capitalization","funded_only",TRUE,0.304651595666298,FALSE,0.219602479629908,0.509595223068913,-6.88036326067672,-8.91970503092844,0.188938570817738
6,"young_lifetime","Fully funded system",0.34,0.0181732271241403,"capitalization","funded_only",TRUE,0.319120512758246,FALSE,0.230032131455633,0.533797594360981,-6.41777477952119,-8.54001596949986,0.20980713192042
6,"young_lifetime","Fully funded system",0.35,0.0189988728395791,"capitalization","funded_only",TRUE,0.334276606824783,FALSE,0.240957122119924,0.559149416726455,-5.98628757816592,-8.1764893016559,0.231041983471731
6,"young_lifetime","Fully funded system",0.36,0.0197889298058682,"capitalization","funded_only",TRUE,0.350152514184951,FALSE,0.252400976910977,0.58570528141816,-5.58381061966423,-7.82843703558187,0.252649554697531
6,"young_lifetime","Fully funded system",0.37,0.0205359817787106,"capitalization","funded_only",TRUE,0.366782421165082,FALSE,0.264388338411134,0.613522372409004,-5.20839345406583,-7.49520046551748,0.274636387671143
6,"young_lifetime","Fully funded system",0.38,0.0212328026386743,"capitalization","funded_only",TRUE,0.3842021377138,FALSE,0.276945019560898,0.642660589528879,-4.85821676631057,-7.1761489251242,0.297009139294064
6,"young_lifetime","Fully funded system",0.39,0.0218724718319488,"capitalization","funded_only",TRUE,0.402449174513237,FALSE,0.290098059243131,0.673182677449735,-4.53158355961693,-6.87067859391881,0.319774583311478
6,"young_lifetime","Fully funded system",0.4,0.0224484882277816,"capitalization","funded_only",TRUE,0.421562823752524,FALSE,0.303875780507133,0.705154360796586,-4.22691093163909,-6.57821135451382,0.342939612363113
6,"young_lifetime","Fully funded system",0.41,0.0229548797878943,"capitalization","funded_only",TRUE,0.441584243737483,FALSE,0.318307851557976,0.73864448567539,-3.94272240353885,-6.29819369850236,0.366511240070116
6,"young_lifetime","Fully funded system",0.42,0.0233863064692461,"capitalization","funded_only",TRUE,0.462556547518706,FALSE,0.333425349642421,0.773725167922557,-3.67764076479824,-6.03009567891675,0.390496603158548
6,"young_lifetime","Fully funded system",0.43,0.0237381538851594,"capitalization","funded_only",TRUE,0.484524895728892,FALSE,0.349260827968996,0.810471948395315,-3.43038139909778,-5.77340990727817,0.414902963620156
6,"young_lifetime","Fully funded system",0.44,0.0240066154297712,"capitalization","funded_only",TRUE,0.507536593829318,FALSE,0.365848385806322,0.848963955637339,-3.1997460589171,-5.52765059333943,0.439737710911065
6,"young_lifetime","Fully funded system",0.45,0.0241887608228689,"capitalization","funded_only",TRUE,0.531641193974888,FALSE,0.383223741910653,0.889284076269904,-2.98461705868866,-5.29235262570342,0.465008364189073
6,"young_lifetime","Fully funded system",0.46,0.0242825893494975,"capitalization","funded_only",TRUE,0.556890601717077,FALSE,0.401424311440723,0.931519133475489,-2.78395185836406,-5.06707069157726,0.490722574590197
6,"young_lifetime","Fully funded system",0.47,0.0242870664418367,"capitalization","funded_only",TRUE,0.58333918777456,FALSE,0.420489286525542,0.975760073958149,-2.59677801114424,-4.8513784339963,0.516888127545205
6,"young_lifetime","Fully funded system",0.48,0.0242021426680683,"capitalization","funded_only",TRUE,0.611043905112195,FALSE,0.440459720658618,1.02210216378327,-2.42218845088967,-4.40765539469607,0.490503965008978
6,"young_lifetime","Fully funded system",0.49,0.0240287546408929,"capitalization","funded_only",TRUE,0.640064411580484,FALSE,0.461378617100351,1.07064519351839,-2.25933709637277,-4.11131484736734,0.490503965008978
6,"young_lifetime","Fully funded system",0.5,0.0237688078223462,"capitalization","funded_only",TRUE,0.67046319837958,FALSE,0.483291021478941,1.12149369311685,-2.10743475107034,-3.83489820790508,0.490503965008978
6,"young_lifetime","Fully funded system",0.51,0.0234251416663332,"capitalization","funded_only",TRUE,0.702305724624486,FALSE,0.506244118789224,1.17475715700701,-1.96574527862581,-3.57706592926368,0.490503965008979
6,"young_lifetime","Fully funded system",0.52,0.0230014779905107,"capitalization","funded_only",TRUE,0.73566055830119,FALSE,0.530287334998309,1.23055027987161,-1.83358203544718,-3.33656852636223,0.490503965008978
6,"young_lifetime","Fully funded system",0.53,0.0225023538900762,"capitalization","funded_only",TRUE,0.770599523917294,FALSE,0.555472443476798,1.2889932036252,-1.71030454315265,-3.11224052093516,0.490503965008978
6,"young_lifetime","Fully funded system",0.54,0.0219330408840984,"capitalization","funded_only",TRUE,0.807197857165044,FALSE,0.581853676484784,1.35021177612126,-1.59531538473828,-2.90299479348959,0.490503965008978
6,"young_lifetime","Fully funded system",0.55,0.0212994523083938,"capitalization","funded_only",TRUE,0.845534366929831,FALSE,0.609487841952688,1.41433782214621,-1.48805730942591,-2.70781731499833,0.490503965008978
6,"young_lifetime","Fully funded system",0.56,0.0206080412279339,"capitalization","funded_only",TRUE,0.885691604993015,FALSE,0.638434445808403,1.48150942728382,-1.38801053216142,-2.52576223279784,0.490503965008979
6,"young_lifetime","Fully funded system",0.57,0.0198656913291574,"capitalization","funded_only",TRUE,0.927756043794495,FALSE,0.668755820114165,1.55187123526131,-1.29469021467613,-2.35594728687665,0.490503965008978
6,"young_lifetime","Fully funded system",0.58,0.0190796033639485,"capitalization","funded_only",TRUE,0.971818262637818,FALSE,0.700517257289069,1.62557475941738,-1.20764411590445,-2.19754953434119,0.490503965008978
6,"young_lifetime","Fully funded system",0.59,0.0182571797508447,"capitalization","funded_only",TRUE,1.01797314273879,FALSE,0.733787150706257,1.70277870896286,-1.12645040037122,-2.04980136133921,0.490503965008978
6,"young_lifetime","Fully funded system",0.6,0.0174059098965294,"capitalization","funded_only",TRUE,1.06632007153758,FALSE,0.768637141967538,1.78364933073668,-1.05071559392824,-1.91198676311418,0.490503965008979
6,"young_lifetime","Fully funded system",0.61,0.0165332586858387,"capitalization","funded_only",TRUE,1.11696315671432,FALSE,0.805142275172557,1.86836076719278,-0.980072676932907,-1.78343787416329,0.490503965008979
6,"young_lifetime","Fully funded system",0.62,0.0156465604078046,"capitalization","funded_only",TRUE,1.17001145036896,FALSE,0.843381158514742,1.95709543138923,-0.914179305628578,-1.66353173168393,0.490503965008978
6,"young_lifetime","Fully funded system",0.63,0.0147529201472209,"capitalization","funded_only",TRUE,1.22557918384822,FALSE,0.883436133551956,2.05004439978662,-0.852716153107042,-1.55168725662376,0.490503965008979
6,"young_lifetime","Fully funded system",0.64,0.0138591243861013,"capitalization","funded_only",TRUE,1.28378601372526,FALSE,0.925393452516388,2.1474078237019,-0.795385361813361,-1.44736243770433,0.490503965008978
6,"young_lifetime","Fully funded system",0.65,0.0129715622386452,"capitalization","funded_only",TRUE,1.34475727946168,FALSE,0.969343464045483,2.24939536030347,-0.741909100093656,-1.3500517047717,0.490503965008978
6,"young_lifetime","Fully funded system",0.66,0.0120961583990884,"capitalization","funded_only",TRUE,1.4086242733068,FALSE,1.01538080773384,2.35622662407565,-0.692028215790749,-1.25928347874487,0.490503965008978
6,"young_lifetime","Fully funded system",0.67,0.0112383185264294,"capitalization","funded_only",TRUE,1.47552452301534,FALSE,1.06360461792503,2.46813165972475,-0.645500980362785,-1.17461788628899,0.490503965008979
6,"young_lifetime","Fully funded system",0.68,0.0104028874355191,"capitalization","funded_only",TRUE,1.54560208799232,FALSE,1.11411873718219,2.58535143754494,-0.602101917438735,-1.09564462813822,0.490503965008978
6,"young_lifetime","Fully funded system",0.69,0.00959412012165592,"capitalization","funded_only",TRUE,1.61900786950281,FALSE,1.16703193989698,2.70813837231077,-0.561620710133785,-1.02198099073794,0.490503965008979
6,"young_lifetime","Fully funded system",0.7,0.00881566532576298,"capitalization","funded_only",TRUE,1.69589993561464,FALSE,1.22245816651855,2.83675686681361,-0.523861181829356,-0.953269991570609,0.490503965008979
6,"young_lifetime","Fully funded system",0.71,0.00807056105809019,"capitalization","funded_only",TRUE,1.77644386157367,FALSE,1.28051676890679,2.97148388121237,-0.488640345478494,-0.889178649177095,0.490503965008978
6,"young_lifetime","Fully funded system",0.72,0.00736124124713052,"capitalization","funded_only",TRUE,1.86081308634465,FALSE,1.34133276733818,3.11260952942469,-0.455787516829446,-0.829396369489974,0.490503965008978
6,"young_lifetime","Fully funded system",0.73,0.00668955247216793,"capitalization","funded_only",TRUE,1.94918928608537,FALSE,1.40503711971776,3.2604377038426,-0.425143487270018,-0.773633440658722,0.490503965008979
6,"young_lifetime","Fully funded system",0.74,0.00605677957576838,"capitalization","funded_only",TRUE,2.04176276535831,FALSE,1.47176700357688,3.41528672971815,-0.396559752284191,-0.721619629072523,0.490503965008978
6,"young_lifetime","Fully funded system",0.75,0.00546367883789977,"capitalization","funded_only",TRUE,2.13873286692231,FALSE,1.54166611146385,3.57749005062788,-0.369897791782048,-0.673102869776903,0.490503965008978
6,"young_lifetime","Fully funded system",0.76,0.0049105173257538,"capitalization","funded_only",TRUE,2.24030840098654,FALSE,1.61488496036386,3.7473969464923,-0.345028398815373,-0.627848044937771,0.490503965008978
6,"young_lifetime","Fully funded system",0.77,0.00439711701067287,"capitalization","funded_only",TRUE,2.34670809485118,FALSE,1.69158121581408,3.92537328569654,-0.321831053425817,-0.585353645657103,0.490025109776958
6,"young_lifetime","Fully funded system",0.78,0.00392290226240524,"capitalization","funded_only",TRUE,2.45816106390307,FALSE,1.7719200314122,4.11180231293164,-0.300193338591224,-0.545605063989596,0.489309275962172
6,"young_lifetime","Fully funded system",0.79,0.00348694938664893,"capitalization","funded_only",TRUE,2.57490730498045,FALSE,1.85607440444935,4.30708547445315,-0.280010395439722,-0.508606957822125,0.488693966147355
6,"young_lifetime","Fully funded system",0.8,0.00308803695908519,"capitalization","funded_only",TRUE,2.6971982131693,FALSE,1.94422554843312,4.51164328253388,-0.261184415091486,-0.474158869565732,0.488164978479476
6,"young_lifetime","Fully funded system",0.81,0.00272469582188591,"capitalization","funded_only",TRUE,2.82529712314397,FALSE,2.03656328330302,4.72591622097248,-0.243624164665583,-0.442076924665344,0.487710137041026
6,"young_lifetime","Fully funded system",0.82,0.0023952577407798,"capitalization","funded_only",TRUE,2.95947987621796,FALSE,2.13328644417854,4.95036569360758,-0.227244545154861,-0.412192091946951,0.487318998699958
6,"young_lifetime","Fully funded system",0.83,0.00209790186595431,"capitalization","funded_only",TRUE,3.10003541432579,FALSE,2.23460330952004,5.18547501788005,-0.211966179026307,-0.384348687606164,0.486982603135347
6,"young_lifetime","Fully funded system",0.84,0.00183069829236669,"capitalization","funded_only",TRUE,3.24726640221503,FALSE,2.34073204962437,5.43175046558279,-0.197715025548333,-0.358403080525969,0.486693259590163
6,"young_lifetime","Fully funded system",0.85,0.00159164816888775,"capitalization","funded_only",TRUE,3.40148987918832,FALSE,2.45190119642109,5.68972235303928,-0.18442202198081,-0.334222564813852,0.486444364854191
6,"young_lifetime","Fully funded system",0.86,0.00137871995615396,"capitalization","funded_only",TRUE,3.56303794179878,FALSE,2.56835013558083,5.95994618305822,-0.172022748889036,-0.31168437198681,0.486230247805413
6,"young_lifetime","Fully funded system",0.87,0.00118988157581876,"capitalization","funded_only",TRUE,3.73225845896889,FALSE,2.69032962199559,6.24300384112346,-0.160457117959696,-0.290674800448292,0.486046036546455
6,"young_lifetime","Fully funded system",0.88,0.0010231283256207,"capitalization","funded_only",TRUE,3.90951582107276,FALSE,2.8181023197408,6.53950484839496,-0.149669080805933,-0.271088444066496,0.485887544776268
6,"young_lifetime","Fully funded system",0.89,0.000876506552691064,"capitalization","funded_only",TRUE,4.09519172459477,FALSE,2.95194336768207,6.85008767421892,-0.139606357350376,-0.252827504995748,0.485751174549262
6,"young_lifetime","Fully funded system",0.9,0.000748133179985062,"capitalization","funded_only",TRUE,4.28968599405428,FALSE,3.09214097194442,7.17542111097339,-0.130220182469834,-0.235801178553795,0.48563383300727
6,"young_lifetime","Fully funded system",0.91,0.000636211266591,"capitalization","funded_only",TRUE,4.49341744296633,FALSE,3.2389970265199,7.51620571420982,-0.121465069673858,-0.219925100113948,0.485532861035597
6,"young_lifetime","Fully funded system",0.92,0.000539041851611795,"capitalization","funded_only",TRUE,4.70682477569209,FALSE,3.39282776334991,7.87317531119183,-0.11329859067194,-0.205120845699737,0.485445972103316
6,"young_lifetime","Fully funded system",0.93,0.000455032383605845,"capitalization","funded_only",TRUE,4.93036753212135,FALSE,3.55396443328201,8.2470985810794,-0.105681169761109,-0.19131547936609,0.485371199808834
6,"young_lifetime","Fully funded system",0.94,0.00038270207402884,"capitalization","funded_only",TRUE,5.16452707722097,FALSE,3.7227540193678,8.63878071016125,-0.0985758920374843,-0.178441141582375,0.485306852872134
6,"young_lifetime","Fully funded system",0.95,0.000320684534961157,"capitalization","funded_only",TRUE,5.40980763758042,FALSE,3.89955998403751,9.04906512569983,-0.091948324502382,-0.166434673752282,0.485251476501562
6,"young_lifetime","Fully funded system",0.96,0.000267728070175611,"capitalization","funded_only",TRUE,5.66673738718618,FALSE,4.08476305176055,9.47883531212223,-0.0857663491960129,-0.155237274755506,0.485203819220852
6,"young_lifetime","Fully funded system",0.97,0.000222693986042829,"capitalization","funded_only",TRUE,5.93586958476327,FALSE,4.27876202887706,9.92901671346815,-0.0800000075501306,-0.144794186010352,0.485162804375963
6,"young_lifetime","Fully funded system",0.98,0.00018455327674269,"capitalization","funded_only",TRUE,6.21778376513287,FALSE,4.48197466236613,10.4005787261913,-0.0746213552053406,-0.135054402061037,0.485127505654945
6,"young_lifetime","Fully funded system",0.99,0.000152382018630337,"capitalization","funded_only",TRUE,6.51308698715147,FALSE,4.69483853939969,10.894536786606,-0.0696043265894982,-0.125970404110133,0.485097126050621
6,"young_lifetime","Fully funded system",1,6.26778916131105e-05,"capitalization","funded_only",TRUE,6.82241514091884,FALSE,4.91781202961919,11.4119545574725,-0.0649246086009275,-0.117497914261974,0.485070979778197
7,"young_lifetime","Fully funded system",0,0.000223648618482682,"informal","informal",FALSE,0.0809321705008859,TRUE,0.08215,0.0972129771455316,-33.1407545780059,-37.4783291935855,0.0854551561115771
7,"young_lifetime","Fully funded system",0.01,0.000530074028894635,"informal","informal",FALSE,0.0833135667978666,TRUE,0.0845033444599285,0.0978734967318176,-31.9174765896069,-35.8829724428766,0.0812013402469818
7,"young_lifetime","Fully funded system",0.02,0.000625857596014926,"informal","informal",FALSE,0.0857650347151706,TRUE,0.0867410268129388,0.100465226063525,-30.6904005639669,-34.3555259543591,0.0781090621406373
7,"young_lifetime","Fully funded system",0.03,0.00073622950670148,"informal","informal",FALSE,0.08828863608181,TRUE,0.0890445520617505,0.103133215979808,-29.5072247623785,-32.8930989616206,0.0751051722754255
7,"young_lifetime","Fully funded system",0.04,0.000862878406729994,"informal","informal",FALSE,0.0908864933952796,TRUE,0.0914158576068717,0.105879710417441,-28.3665871694739,-31.4929237507913,0.0721871442029136
7,"young_lifetime","Fully funded system",0.05,0.00100759191313581,"informal","informal",FALSE,0.0935607916067024,TRUE,0.0938569378560348,0.108707019340129,-27.2671547967155,-30.1523504225122,0.0693525236895003
7,"young_lifetime","Fully funded system",0.06,0.00117224512608808,"informal","informal",FALSE,0.0963137799585018,TRUE,0.0963698459016107,0.111617520681323,-26.2076239390413,-28.8688418768717,0.0665989266522553
7,"young_lifetime","Fully funded system",0.07,0.00135878545245099,"informal","informal",FALSE,0.0991477738761477,TRUE,0.098956695247381,0.114613662344202,-25.1867203576673,-27.6399690118215,0.0639240371537697
7,"young_lifetime","Fully funded system",0.08,0.00156921348536889,"informal","informal",FALSE,0.102065156915565,TRUE,0.101619661586119,0.1176979642605,-24.203199393615,-26.4634061259835,0.0613256054543116
7,"young_lifetime","Fully funded system",0.09,0.00180555975146526,"informal","informal",FALSE,0.105068382767846,TRUE,0.104360984629475,0.120873020509925,-23.2558460164208,-25.3369265171469,0.0588014461196662
7,"young_lifetime","Fully funded system",0.1,0.00206985722142662,"informal","informal",FALSE,0.108159977322948,TRUE,0.107182969991707,0.124141501501924,-22.3434748123683,-24.2583982681271,0.0563494361830545
7,"young_lifetime","Fully funded system",0.11,0.00236410958058029,"informal","informal",FALSE,0.111342540794115,TRUE,0.110087991128838,0.127506156221663,-21.464929916461,-23.2257802120088,0.0539675133595943
7,"young_lifetime","Fully funded system",0.12,0.00269025537259384,"informal","informal",FALSE,0.114618749904813,TRUE,0.11307849133487,0.130969814542079,-20.6190848922143,-22.2371180691391,0.0516536743117963
7,"young_lifetime","Fully funded system",0.13,0.0030501282598838,"informal","informal",FALSE,0.117991360140008,TRUE,0.116156985796743,0.134535389603974,-19.804842563214,-21.2905407485582,0.0494059729646392
7,"young_lifetime","Fully funded system",0.14,0.00344541378616971,"informal","informal",FALSE,0.121463208063697,TRUE,0.11932606370975,0.138205880266135,-19.0211348002359,-20.3842568068699,0.0472225188688074
7,"young_lifetime","Fully funded system",0.15,0.0038776031764757,"informal","informal",FALSE,0.12503721370462,TRUE,0.122588390455208,0.141984373627556,-18.2669222675815,-19.5165510578476,0.0451014756107093
7,"young_lifetime","Fully funded system",0.16,0.00434794486360459,"informal","informal",FALSE,0.128716383012179,TRUE,0.125946709842196,0.145874047623863,-17.5411941321293,-18.6857813263618,0.0430410592679464
7,"young_lifetime","Fully funded system",0.17,0.00485739458280167,"informal","informal",FALSE,0.132503810384618,TRUE,0.129403846415264,0.149878173700152,-16.8429677384518,-17.8903753404839,0.0410395369089314
7,"young_lifetime","Fully funded system",0.18,0.00540656502249209,"informal","informal",FALSE,0.136402681271595,TRUE,0.13296270783004,0.154000119562463,-16.1712882531958,-17.1288277558855,0.0390952251353858
7,"young_lifetime","Fully funded system",0.19,0.00599567615266305,"informal","informal",FALSE,0.140416274853332,TRUE,0.136626287298738,0.158243352010221,-15.5252282817724,-16.3996973069017,0.0372064886665071
7,"young_lifetime","Fully funded system",0.2,0.00662450746745946,"informal","informal",FALSE,0.1445479667986,TRUE,0.140397666107631,0.162611439852018,-14.9038874602503,-15.7016040788657,0.0353717389635999
7,"young_lifetime","Fully funded system",0.21,0.00729235346863131,"informal","informal",FALSE,0.148801232103853,TRUE,0.144280016208587,0.167108056907192,-14.3063920251979,-15.0332268965535,0.0335894328940207
7,"young_lifetime","Fully funded system",0.22,0.00799798377561329,"informal","informal",FALSE,0.153179648015909,TRUE,0.148276602886875,0.171736985095724,-13.7318943640732,-14.3933008237962,0.0318580714333128
7,"young_lifetime","Fully funded system",0.23,0.0087396092707509,"informal","informal",FALSE,0.15768689704062,TRUE,0.152390787507456,0.176502117619058,-13.1795725486124,-13.7806147695268,0.030176198404438
7,"young_lifetime","Fully funded system",0.24,0.0095148556698428,"informal","informal",FALSE,0.162326770040082,TRUE,0.156626030342093,0.181407462234511,-12.6486298535318,-13.1940091957318,0.0285423992530467
7,"young_lifetime","Fully funded system",0.25,0.010320745845168,"informal","informal",FALSE,0.167103169420969,TRUE,0.160985893479643,0.186457144626035,-12.1382942627134,-12.6323739229692,0.0269552998577538
7,"young_lifetime","Fully funded system",0.26,0.0111536921182913,"informal","informal",FALSE,0.172020112416691,TRUE,0.165474043821983,0.191655411874158,-11.6478179649163,-12.0946460293005,0.0254135653744214
7,"young_lifetime","Fully funded system",0.27,0.0120094995825537,"capitalization","funded_only",TRUE,0.230972183118779,FALSE,0.16763013742162,0.387834292285731,-10.3193602661876,-11.5798078386594,0.0798556839423514
7,"young_lifetime","Fully funded system",0.28,0.0128833813113884,"capitalization","funded_only",TRUE,0.241941819961753,FALSE,0.175591449933904,0.406253832180881,-9.62555719051059,-11.0868849948502,0.0988095936526998
7,"young_lifetime","Fully funded system",0.29,0.0137699860614464,"capitalization","funded_only",TRUE,0.25343244132694,FALSE,0.183930871644767,0.425548177261384,-8.97840067967891,-10.6149446175323,0.118096187349112
7,"young_lifetime","Fully funded system",0.3,0.0146634387938913,"capitalization","funded_only",TRUE,0.265468790501313,FALSE,0.192666360217073,0.44575887493378,-8.37475453829626,-10.1630935366981,0.13772130438802
7,"young_lifetime","Fully funded system",0.31,0.0155573940198842,"capitalization","funded_only",TRUE,0.278076785912801,FALSE,0.201816726182796,0.46692944582907,-7.81169342725547,-9.73047660230625,0.157690886619771
7,"young_lifetime","Fully funded system",0.32,0.0164451016357299,"capitalization","funded_only",TRUE,0.291283576941642,FALSE,0.211401673448609,0.489105477517708,-7.28648868720642,-9.31627506586847,0.178010980187621
7,"young_lifetime","Fully funded system",0.33,0.0173194845593781,"capitalization","funded_only",TRUE,0.305117602382398,FALSE,0.221441841725218,0.512334722675423,-6.79659511515681,-8.91970503092844,0.19868773735832
7,"young_lifetime","Fully funded system",0.34,0.0181732271241403,"capitalization","funded_only",TRUE,0.319608651682532,FALSE,0.231958850971806,0.536667201911266,-6.33963863012374,-8.54001596949986,0.219727418384811
7,"young_lifetime","Fully funded system",0.35,0.0189988728395791,"capitalization","funded_only",TRUE,0.334787929089401,FALSE,0.242975347951296,0.562155311479309,-5.9134047680623,-8.1764893016559,0.24113639340164
7,"young_lifetime","Fully funded system",0.36,0.0197889298058682,"capitalization","funded_only",TRUE,0.350688120843805,FALSE,0.254515054996669,0.588853936105919,-5.51582795031638,-7.82843703558187,0.262921144353617
7,"young_lifetime","Fully funded system",0.37,0.0205359817787106,"capitalization","funded_only",TRUE,0.367343465564789,FALSE,0.266602821093365,0.616820567175583,-5.14498147358528,-7.49520046551748,0.28508826695835
7,"young_lifetime","Fully funded system",0.38,0.0212328026386743,"capitalization","funded_only",TRUE,0.38478982797724,FALSE,0.279264675387753,0.646115426529766,-4.7990681728964,-7.1761489251242,0.307644472703206
7,"young_lifetime","Fully funded system",0.39,0.0218724718319488,"capitalization","funded_only",TRUE,0.403064776141063,FALSE,0.292527883236895,0.676801596145394,-4.47641171233568,-6.87067859391881,0.330596590877337
7,"young_lifetime","Fully funded system",0.4,0.0224484882277816,"capitalization","funded_only",TRUE,0.422207662348223,FALSE,0.306421004920308,0.708945153972191,-4.17544846132958,-6.57821135451382,0.353951570639366
7,"young_lifetime","Fully funded system",0.41,0.0229548797878943,"capitalization","funded_only",TRUE,0.442259707861856,FALSE,0.320973957140127,0.742615316221391,-3.89471991711029,-6.29819369850236,0.377716483121368
7,"young_lifetime","Fully funded system",0.42,0.0233863064692461,"capitalization","funded_only",TRUE,0.463264091679926,FALSE,0.336218077442132,0.777884586412207,-3.63286563664239,-6.03009567891675,0.401898523569779
7,"young_lifetime","Fully funded system",0.43,0.0237381538851594,"capitalization","funded_only",TRUE,0.485266043514557,FALSE,0.352186191696334,0.814828911497019,-3.38861664375837,-5.77340990727817,0.426505013523885
7,"young_lifetime","Fully funded system",0.44,0.0240066154297712,"capitalization","funded_only",TRUE,0.508312941187269,FALSE,0.368912684782439,0.85352784540146,-3.16078927955313,-5.52765059333943,0.451543403032547
7,"young_lifetime","Fully funded system",0.45,0.0241887608228689,"capitalization","funded_only",TRUE,0.532454412649834,FALSE,0.386433574632403,0.894064720331568,-2.94827946623589,-5.29235262570342,0.477021272909833
7,"young_lifetime","Fully funded system",0.46,0.0242825893494975,"capitalization","funded_only",TRUE,0.55774244285044,FALSE,0.404786589789513,0.936526826216885,-2.75005735664135,-5.06707069157726,0.502946337030243
7,"young_lifetime","Fully funded system",0.47,0.0242870664418367,"capitalization","funded_only",TRUE,0.58423148567529,FALSE,0.424011250651004,0.9810055986759,-2.56516234347105,-4.8513784339963,0.529326444664228
7,"young_lifetime","Fully funded system",0.48,0.0242021426680683,"capitalization","funded_only",TRUE,0.611978581206674,FALSE,0.444148954569163,1.0275968159086,-2.39269840407914,-4.40765539469607,0.502725934874314
7,"young_lifetime","Fully funded system",0.49,0.0240287546408929,"capitalization","funded_only",TRUE,0.641043478550019,FALSE,0.46524306499416,1.07640080494012,-2.23182975824294,-4.11131484736734,0.502725934874314
7,"young_lifetime","Fully funded system",0.5,0.0237688078223462,"capitalization","funded_only",TRUE,0.671488764494406,FALSE,0.487339004850578,1.12752265765952,-2.08177681787511,-3.83489820790508,0.502725934874315
7,"young_lifetime","Fully funded system",0.51,0.0234251416663332,"capitalization","funded_only",TRUE,0.703379998283597,FALSE,0.510484354348694,1.18107245711909,-1.94181240904956,-3.57706592926368,0.502725934874315
7,"young_lifetime","Fully funded system",0.52,0.0230014779905107,"capitalization","funded_only",TRUE,0.736785852787794,FALSE,0.534728953441155,1.23716551458122,-1.81125824803236,-3.33656852636223,0.502725934874315
7,"young_lifetime","Fully funded system",0.53,0.0225023538900762,"capitalization","funded_only",TRUE,0.771778262380106,FALSE,0.560125009145649,1.29592261782351,-1.68948165424023,-3.11224052093516,0.502725934874315
7,"young_lifetime","Fully funded system",0.54,0.0219330408840984,"capitalization","funded_only",TRUE,0.808432577836169,FALSE,0.586727207964696,1.35747029123668,-1.57589248419716,-2.90299479348959,0.502725934874315
7,"young_lifetime","Fully funded system",0.55,0.0212994523083938,"capitalization","funded_only",TRUE,0.846827728590455,FALSE,0.614592833644629,1.42194106827538,-1.46994027163077,-2.70781731499833,0.502725934874315
7,"young_lifetime","Fully funded system",0.56,0.0206080412279339,"capitalization","funded_only",TRUE,0.887046392698681,FALSE,0.643781890527331,1.48947377684864,-1.37111155984904,-2.52576223279784,0.502725934874315
7,"young_lifetime","Fully funded system",0.57,0.0198656913291574,"capitalization","funded_only",TRUE,0.929175174872292,FALSE,0.674357232760366,1.56021383826443,-1.27892741346969,-2.35594728687665,0.502725934874315
7,"young_lifetime","Fully funded system",0.58,0.0190796033639485,"capitalization","funded_only",TRUE,0.973304792968399,FALSE,0.706384699643726,1.63431358037209,-1.19294109744385,-2.19754953434119,0.502725934874315
7,"young_lifetime","Fully funded system",0.59,0.0182571797508447,"capitalization","funded_only",TRUE,1.01953027333674,FALSE,0.73993325740464,1.71193256557691,-1.11273591212631,-2.04980136133921,0.502725934874315
7,"young_lifetime","Fully funded system",0.6,0.0174059098965294,"capitalization","funded_only",TRUE,1.0679511554443,FALSE,0.775075147705749,1.79323793443331,-1.03792317390076,-1.91198676311418,0.502725934874315
7,"young_lifetime","Fully funded system",0.61,0.0165332586858387,"capitalization","funded_only",TRUE,1.11867170621831,FALSE,0.811886043206416,1.87840476555626,-0.968140331573961,-1.78343787416329,0.502725934874314
7,"young_lifetime","Fully funded system",0.62,0.0156465604078046,"capitalization","funded_only",TRUE,1.17180114456896,FALSE,0.850445210512175,1.96761645262625,-0.903049209410715,-1.66353173168393,0.502725934874315
7,"young_lifetime","Fully funded system",0.63,0.0147529201472209,"capitalization","funded_only",TRUE,1.22745387657562,FALSE,0.890835680863177,2.0610650992993,-0.842334368295055,-1.55168725662376,0.502725934874315
7,"young_lifetime","Fully funded system",0.64,0.0138591243861013,"capitalization","funded_only",TRUE,1.2857497418427,FALSE,0.933144428929202,2.15895193287274,-0.785701577075775,-1.44736243770433,0.502725934874315
7,"young_lifetime","Fully funded system",0.65,0.0129715622386452,"capitalization","funded_only",TRUE,1.34681427155582,FALSE,0.977462560096251,2.26148773759721,-0.73287638668819,-1.3500517047717,0.502725934874315
7,"young_lifetime","Fully funded system",0.66,0.0120961583990884,"capitalization","funded_only",TRUE,1.41077895879396,FALSE,1.02388550664798,2.36889330856816,-0.683602800142195,-1.25928347874487,0.502725934874314
7,"young_lifetime","Fully funded system",0.67,0.0112383185264294,"capitalization","funded_only",TRUE,1.47778154167953,FALSE,1.07251323326447,2.48139992717418,-0.637642031931194,-1.17461788628899,0.502725934874315
7,"young_lifetime","Fully funded system",0.68,0.0104028874355191,"capitalization","funded_only",TRUE,1.54796629997633,FALSE,1.12345045228077,2.59924985912587,-0.594771350849892,-1.09564462813822,0.502725934874315
7,"young_lifetime","Fully funded system",0.69,0.00959412012165592,"capitalization","funded_only",TRUE,1.62148436577376,FALSE,1.17680684916886,2.72269687613787,-0.554783000613074,-1.02198099073794,0.502725934874314
7,"young_lifetime","Fully funded system",0.7,0.00881566532576298,"capitalization","funded_only",TRUE,1.6984940489266,FALSE,1.23269731872843,2.85200680238718,-0.51748319304459,-0.953269991570609,0.502725934874315
7,"young_lifetime","Fully funded system",0.71,0.00807056105809019,"capitalization","funded_only",TRUE,1.77916117795095,FALSE,1.29124221249516,2.98745808692472,-0.48269116895741,-0.889178649177095,0.502725934874315
7,"young_lifetime","Fully funded system",0.72,0.00736124124713052,"capitalization","funded_only",TRUE,1.8636594571104,FALSE,1.35256759789928,3.12934240327253,-0.450238322173673,-0.829396369489974,0.502725934874314
7,"young_lifetime","Fully funded system",0.73,0.00668955247216793,"capitalization","funded_only",TRUE,1.95217084046154,FALSE,1.41680552973239,3.27796527749789,-0.41996738243962,-0.773633440658722,0.502725934874315
7,"young_lifetime","Fully funded system",0.74,0.00605677957576838,"capitalization","funded_only",TRUE,2.04488592366398,FALSE,1.48409433450716,3.43364674611673,-0.391731653275736,-0.721619629072523,0.502725934874315
7,"young_lifetime","Fully funded system",0.75,0.00546367883789977,"capitalization","funded_only",TRUE,2.14200435439885,FALSE,1.5545789083222,3.59672204524307,-0.365394301068616,-0.673102869776903,0.502725934874315
7,"young_lifetime","Fully funded system",0.76,0.0049105173257538,"capitalization","funded_only",TRUE,2.24373526227939,FALSE,1.62841102887359,3.7675423324685,-0.340827691959435,-0.627848044937771,0.502725934874315
7,"young_lifetime","Fully funded system",0.77,0.00439711701067287,"capitalization","funded_only",TRUE,2.35029770917942,FALSE,1.70574968228472,3.94647544302605,-0.31791277331548,-0.585353645657103,0.502243153081646
7,"young_lifetime","Fully funded system",0.78,0.00392290226240524,"capitalization","funded_only",TRUE,2.46192116094943,FALSE,1.78676140545859,4.13390668186682,-0.296538496787312,-0.545605063989596,0.501521449507692
7,"young_lifetime","Fully funded system",0.79,0.00348694938664893,"capitalization","funded_only",TRUE,2.57884598153598,FALSE,1.87162064468932,4.330239653355,-0.2766012801556,-0.508606957822125,0.500901094219537
7,"young_lifetime","Fully funded system",0.8,0.00308803695908519,"capitalization","funded_only",TRUE,2.70132395056858,FALSE,1.96051013130554,4.53589713036782,-0.25800450535969,-0.474158869565732,0.500367768910507
7,"young_lifetime","Fully funded system",0.81,0.00272469582188591,"capitalization","funded_only",TRUE,2.82961880552835,FALSE,2.05362127515412,4.75132196467193,-0.240658050275299,-0.442076924665344,0.499909197821895
7,"young_lifetime","Fully funded system",0.82,0.0023952577407798,"capitalization","funded_only",TRUE,2.9640068096662,FALSE,2.15115457677192,4.97697804053668,-0.224477851972259,-0.412192091946951,0.499514852189112
7,"young_lifetime","Fully funded system",0.83,0.00209790186595431,"capitalization","funded_only",TRUE,3.10477734689327,FALSE,2.25332005913286,5.21335127363751,-0.209385499335824,-0.384348687606164,0.499175698217579
7,"young_lifetime","Fully funded system",0.84,0.00183069829236669,"capitalization","funded_only",TRUE,3.25223354492469,FALSE,2.3603377199001,5.46095065740074,-0.195307853077329,-0.358403080525969,0.498883982086899
7,"young_lifetime","Fully funded system",0.85,0.00159164816888775,"capitalization","funded_only",TRUE,3.40669292801851,FALSE,2.47243800515723,5.72030935904266,-0.182176691292726,-0.334222564813852,0.498633046441252
7,"young_lifetime","Fully funded system",0.86,0.00137871995615396,"capitalization","funded_only",TRUE,3.56848810071545,FALSE,2.58986230563845,5.99198586766315,-0.169928378851334,-0.31168437198681,0.498417173656039
7,"young_lifetime","Fully funded system",0.87,0.00118988157581876,"capitalization","funded_only",TRUE,3.73796746405156,FALSE,2.71286347652642,6.27656519686616,-0.158503559012631,-0.290674800448292,0.498231451884859
7,"young_lifetime","Fully funded system",0.88,0.0010231283256207,"capitalization","funded_only",TRUE,3.91549596578638,FALSE,2.84170638193706,6.57466014449656,-0.147846865776613,-0.271088444066496,0.498071660499452
7,"young_lifetime","Fully funded system",0.89,0.000876506552691064,"capitalization","funded_only",TRUE,4.10145588626182,FALSE,2.9766684652637,6.88691261220611,-0.137906655573746,-0.252827504995748,0.497934172051465
7,"young_lifetime","Fully funded system",0.9,0.000748133179985062,"capitalization","funded_only",TRUE,4.2962476615841,FALSE,3.11804034660875,7.21399498769004,-0.128634756994248,-0.235801178553795,0.497815868321634
7,"young_lifetime","Fully funded system",0.91,0.000636211266591,"capitalization","funded_only",TRUE,4.50029074590139,FALSE,3.26612644858947,7.55661159257053,-0.119986237343859,-0.219925100113948,0.497714068390811
7,"young_lifetime","Fully funded system",0.92,0.000539041851611795,"capitalization","funded_only",TRUE,4.71402451463382,FALSE,3.42124565186528,7.91550019904518,-0.111919184894799,-0.205120845699737,0.497626466978768
7,"young_lifetime","Fully funded system",0.93,0.000455032383605845,"capitalization","funded_only",TRUE,4.93790921060094,FALSE,3.5837319817982,8.29143361856592,-0.104394505776685,-0.19131547936609,0.49755108155963
7,"young_lifetime","Fully funded system",0.94,0.00038270207402884,"capitalization","funded_only",TRUE,5.17242693508386,FALSE,3.75393532772519,8.68522136596978,-0.0973757345231063,-0.178441141582375,0.497486206985071
7,"young_lifetime","Fully funded system",0.95,0.000320684534961157,"capitalization","funded_only",TRUE,5.41808268595628,FALSE,3.93222219639101,9.09771140264459,-0.0908288573557491,-0.166434673752282,0.497430376534303
7,"young_lifetime","Fully funded system",0.96,0.000267728070175611,"capitalization","funded_only",TRUE,5.6754054451198,FALSE,4.11897650116419,9.52979196248356,-0.0847221473496911,-0.155237274755506,0.497382328469091
7,"young_lifetime","Fully funded system",0.97,0.000222693986042829,"capitalization","funded_only",TRUE,5.9449493175851,FALSE,4.31460038873544,9.98239346456045,-0.0790260106810475,-0.144794186010352,0.497340977306951
7,"young_lifetime","Fully funded system",0.98,0.00018455327674269,"capitalization","funded_only",TRUE,6.22729472465196,FALSE,4.51951510507876,10.4564905166439,-0.0737128432118737,-0.135054402061037,0.497305389140272
7,"young_lifetime","Fully funded system",0.99,0.000152382018630337,"capitalization","funded_only",TRUE,6.5230496537573,FALSE,4.73416190253988,10.9531040138658,-0.0687568967173157,-0.125970404110133,0.497274760426508
7,"young_lifetime","Fully funded system",1,6.26778916131105e-05,"capitalization","funded_only",TRUE,6.83285096768265,FALSE,4.95900299000537,11.4733033370615,-0.0641341541067311,-0.117497914261974,0.497248399757503
8,"young_lifetime","Fully funded system",0,0.000223648618482682,"informal","informal",FALSE,0.0805541954236739,TRUE,0.08215,0.0975278422490738,-33.1173977399157,-37.4783291935855,0.085965458306952
8,"young_lifetime","Fully funded system",0.01,0.000530074028894635,"informal","informal",FALSE,0.0829244699572859,TRUE,0.0845368378250642,0.0978415050199336,-31.9036931214991,-35.8829724428766,0.0815127280490675
8,"young_lifetime","Fully funded system",0.02,0.000625857596014926,"informal","informal",FALSE,0.0853644888578442,TRUE,0.0867742755354517,0.100431077549553,-30.6777470645786,-34.3555259543591,0.0784054966583252
8,"young_lifetime","Fully funded system",0.03,0.00073622950670148,"informal","informal",FALSE,0.0878763043250631,TRUE,0.0890775489431306,0.10309684720072,-29.4956227119682,-32.8930989616206,0.0753870809264512
8,"young_lifetime","Fully funded system",0.04,0.000862878406729994,"informal","informal",FALSE,0.0904620289438013,TRUE,0.0914485952367959,0.105841056042837,-28.3559628900611,-31.4929237507913,0.0724549421879035
8,"young_lifetime","Fully funded system",0.05,0.00100759191313581,"informal","informal",FALSE,0.0931238374608701,TRUE,0.0938894086061341,0.108666012117288,-27.2574391906825,-30.1523504225122,0.0696066143411782
8,"young_lifetime","Fully funded system",0.06,0.00117224512608808,"informal","informal",FALSE,0.0958639686141243,TRUE,0.0964020419190545,0.11157409137864,-26.198752239098,-28.8688418768717,0.06683970177467
8,"young_lifetime","Fully funded system",0.07,0.00135878545245099,"informal","informal",FALSE,0.0986847270153715,TRUE,0.0989886084482723,0.114567739692959,-25.1786318879156,-27.6399690118215,0.0641518773518248
8,"young_lifetime","Fully funded system",0.08,0.00156921348536889,"informal","informal",FALSE,0.101588485088688,TRUE,0.101651283648695,0.117649474894928,-24.1958373414299,-26.4634061259835,0.0615408804538775
8,"young_lifetime","Fully funded system",0.09,0.00180555975146526,"informal","informal",FALSE,0.104577685065765,TRUE,0.10439230698711,0.120821888905495,-23.2491572148553,-25.3369265171469,0.0590045150785401
8,"young_lifetime","Fully funded system",0.1,0.00206985722142662,"informal","informal",FALSE,0.107654841039973,TRUE,0.107213983825704,0.12408764991183,-22.3374095327767,-24.2583982681271,0.0565406479930346
8,"young_lifetime","Fully funded system",0.11,0.00236410958058029,"informal","informal",FALSE,0.110822541080859,TRUE,0.110118687361013,0.127449504611428,-21.4594416710282,-23.2257802120088,0.0541472069399169
8,"young_lifetime","Fully funded system",0.12,0.00269025537259384,"informal","informal",FALSE,0.114083449410867,TRUE,0.11310886061992,0.130910280522247,-20.6141302460735,-22.2371180691391,0.0518221788941884
8,"young_lifetime","Fully funded system",0.13,0.0030501282598838,"informal","informal",FALSE,0.117440308646106,TRUE,0.11618701851438,0.134472888360811,-19.8003809558281,-21.2905407485582,0.0495636083702207
8,"young_lifetime","Fully funded system",0.14,0.00344541378616971,"informal","informal",FALSE,0.120895942103052,TRUE,0.119355749956616,0.138140324490299,-19.0171283757201,-20.3842568068699,0.0473695957770799
8,"young_lifetime","Fully funded system",0.15,0.0038776031764757,"informal","informal",FALSE,0.124453256173123,TRUE,0.122617720036539,0.14191567344066,-18.2633357136396,-19.5165510578476,0.0452382958208555
8,"young_lifetime","Fully funded system",0.16,0.00434794486360459,"informal","informal",FALSE,0.128115242767127,TRUE,0.125975672263255,0.145802110502888,-17.5379945272801,-18.6857813263618,0.0431679159526621
8,"young_lifetime","Fully funded system",0.17,0.00485739458280167,"informal","informal",FALSE,0.131884981831632,TRUE,0.129432430872508,0.149802904399625,-16.8401244072227,-17.8903753404839,0.0411567148609997
8,"young_lifetime","Fully funded system",0.18,0.00540656502249209,"informal","informal",FALSE,0.135765643939388,TRUE,0.132990903202037,0.153921420034352,-16.168772628964,-17.1288277558855,0.0392030010072049
8,"young_lifetime","Fully funded system",0.19,0.00599567615266305,"informal","informal",FALSE,0.13976049295596,TRUE,0.136654082136813,0.15816112132147,-15.5230137769384,-16.3996973069017,0.0373051312027719
8,"young_lifetime","Fully funded system",0.2,0.00662450746745946,"informal","informal",FALSE,0.143872888784833,TRUE,0.140425048626235,0.162525574099658,-14.9019493434336,-15.7016040788657,0.0354615092273325
8,"young_lifetime","Fully funded system",0.21,0.00729235346863131,"informal","informal",FALSE,0.148106290193293,TRUE,0.144306974275388,0.167018449130949,-14.3047073051517,-15.0332268965535,0.0336705844861378
8,"young_lifetime","Fully funded system",0.22,0.00799798377561329,"informal","informal",FALSE,0.152464257721446,TRUE,0.148303124012549,0.171643525188064,-13.7304416800179,-14.3933008237962,0.0319308507059206
8,"young_lifetime","Fully funded system",0.23,0.0087396092707509,"informal","informal",FALSE,0.156950456676852,TRUE,0.152416858835189,0.176404692232576,-13.1783320667004,-13.7806147695268,0.0302408446680287
8,"young_lifetime","Fully funded system",0.24,0.0095148556698428,"informal","informal",FALSE,0.161568660217255,TRUE,0.156651638636762,0.181305954686601,-12.6475831691573,-13.1940091957318,0.0285991449777725
8,"young_lifetime","Fully funded system",0.25,0.010320745845168,"informal","informal",FALSE,0.166322752524037,TRUE,0.161011025116689,0.186351434800752,-12.1374243083946,-12.6323739229692,0.0270043708689485
8,"young_lifetime","Fully funded system",0.26,0.0111536921182913,"informal","informal",FALSE,0.171216732069045,TRUE,0.165498684775948,0.191545376121194,-11.6471089234813,-12.0946460293005,0.0254551810425314
8,"young_lifetime","Fully funded system",0.27,0.0120094995825537,"capitalization","funded_only",TRUE,0.231123756233686,FALSE,0.168527210524995,0.38920547005585,-10.2387067335561,-11.5798078386594,0.0855191745680139
8,"young_lifetime","Fully funded system",0.28,0.0128833813113884,"capitalization","funded_only",TRUE,0.242100591787791,FALSE,0.176531128021276,0.407690131741781,-9.55032624877235,-11.0868849948502,0.104572491348734
8,"young_lifetime","Fully funded system",0.29,0.0137699860614464,"capitalization","funded_only",TRUE,0.253598753754834,FALSE,0.184915178168467,0.427052691463407,-8.90822775097808,-10.6149446175323,0.123960236934444
8,"young_lifetime","Fully funded system",0.3,0.0146634387938913,"capitalization","funded_only",TRUE,0.265643001659313,FALSE,0.193697414729909,0.447334843517012,-8.30929955649388,-10.1630935366981,0.143688281307098
8,"young_lifetime","Fully funded system",0.31,0.0155573940198842,"capitalization","funded_only",TRUE,0.278259270937859,FALSE,0.202896748902186,0.468580262399625,-7.75063918992964,-9.73047660230625,0.163762597480105
8,"young_lifetime","Fully funded system",0.32,0.0164451016357299,"capitalization","funded_only",TRUE,0.291474728787211,FALSE,0.212532990037476,0.490834696855336,-7.22953931845258,-9.31627506586847,0.184189263306772
8,"young_lifetime","Fully funded system",0.33,0.0173194845593781,"capitalization","funded_only",TRUE,0.305317832664597,FALSE,0.222626888299951,0.514146068388181,-6.74347463173889,-8.91970503092844,0.204974463320479
8,"young_lifetime","Fully funded system",0.34,0.0181732271241403,"capitalization","funded_only",TRUE,0.319818391566498,FALSE,0.233200179348059,0.53856457445374,-6.29008960402741,-8.54001596949986,0.226124490607154
8,"young_lifetime","Fully funded system",0.35,0.0189988728395791,"capitalization","funded_only",TRUE,0.335007630217736,FALSE,0.244275631138931,0.564142796551637,-5.86718707896901,-8.1764893016559,0.247645748710616
8,"young_lifetime","Fully funded system",0.36,0.0197889298058682,"capitalization","funded_only",TRUE,0.350918256309121,FALSE,0.255877092955674,0.590935813451723,-5.47271762195248,-7.82843703558187,0.269544753571365
8,"young_lifetime","Fully funded system",0.37,0.0205359817787106,"capitalization","funded_only",TRUE,0.367584530928438,FALSE,0.268029546763136,0.619001319797737,-5.10476958830707,-7.49520046551748,0.291828135499392
8,"young_lifetime","Fully funded system",0.38,0.0212328026386743,"capitalization","funded_only",TRUE,0.38504234233643,FALSE,0.280759161002728,0.648399750343855,-4.76155985925104,-7.1761489251242,0.314502641181625
8,"young_lifetime","Fully funded system",0.39,0.0218724718319488,"capitalization","funded_only",TRUE,0.403329283246655,FALSE,0.294093346942142,0.679194410091645,-4.44142520069154,-6.87067859391881,0.337575135724608
8,"young_lifetime","Fully funded system",0.4,0.0224484882277816,"capitalization","funded_only",TRUE,0.422484731775613,FALSE,0.308060817701298,0.711451610607655,-4.14281420299958,-6.57821135451382,0.361052604733036
8,"young_lifetime","Fully funded system",0.41,0.0229548797878943,"capitalization","funded_only",TRUE,0.44254993623747,FALSE,0.322691650081641,0.745240812815185,-3.8642797626993,-6.29819369850236,0.384942156424761
8,"young_lifetime","Fully funded system",0.42,0.0233863064692461,"capitalization","funded_only",TRUE,0.463568103965961,FALSE,0.338017349331906,0.780634776567699,-3.60447206963699,-6.03009567891675,0.409251023782939
8,"young_lifetime","Fully funded system",0.43,0.0237381538851594,"capitalization","funded_only",TRUE,0.485584494354744,FALSE,0.35407091698983,0.817709717325999,-3.36213206564468,-5.77340990727817,0.433986566745941
8,"young_lifetime","Fully funded system",0.44,0.0240066154297712,"capitalization","funded_only",TRUE,0.508646516316546,FALSE,0.370886921945889,0.856545470276492,-3.13608534299854,-5.52765059333943,0.4591562744357
8,"young_lifetime","Fully funded system",0.45,0.0241887608228689,"capitalization","funded_only",TRUE,0.53280383037097,FALSE,0.388501574882094,0.897225662244005,-2.92523645310299,-5.29235262570342,0.484767767425183
8,"young_lifetime","Fully funded system",0.46,0.0242825893494975,"capitalization","funded_only",TRUE,0.558108455580792,FALSE,0.406952806246125,0.939837891769289,-2.72856359781997,-5.06707069157726,0.510828800045643
8,"young_lifetime","Fully funded system",0.47,0.0242870664418367,"capitalization","funded_only",TRUE,0.584614881567015,FALSE,0.426280347928725,0.984473917739021,-2.54511367771681,-4.8513784339963,0.537347262734393
8,"young_lifetime","Fully funded system",0.48,0.0242021426680683,"capitalization","funded_only",TRUE,0.612380185843896,FALSE,0.446525818820212,1.03122985697445,-2.37399767323606,-4.40765539469607,0.51060724195234
8,"young_lifetime","Fully funded system",0.49,0.0240287546408929,"capitalization","funded_only",TRUE,0.641464156726597,FALSE,0.467732814430374,1.08020639120422,-2.21438633640367,-4.11131484736734,0.51060724195234
8,"young_lifetime","Fully funded system",0.5,0.0237688078223462,"capitalization","funded_only",TRUE,0.671929422076133,FALSE,0.489947000764685,1.13150898386698,-2.06550617219738,-3.83489820790508,0.51060724195234
8,"young_lifetime","Fully funded system",0.51,0.0234251416663332,"capitalization","funded_only",TRUE,0.703841584158846,FALSE,0.513216212659041,1.18524810721068,-1.92663569010016,-3.57706592926368,0.51060724195234
8,"young_lifetime","Fully funded system",0.52,0.0230014779905107,"capitalization","funded_only",TRUE,0.7372693609108,FALSE,0.537590556784719,1.2415394801776,-1.7971019076737,-3.33656852636223,0.510607241952341
8,"young_lifetime","Fully funded system",0.53,0.0225023538900762,"capitalization","funded_only",TRUE,0.772284733911296,FALSE,0.563122519545394,1.3005043175873,-1.67627708920754,-3.11224052093516,0.51060724195234
8,"young_lifetime","Fully funded system",0.54,0.0219330408840984,"capitalization","funded_only",TRUE,0.808963103384139,FALSE,0.589867080098544,1.3622695911541,-1.56357570363912,-2.90299479348959,0.510607241952341
8,"young_lifetime","Fully funded system",0.55,0.0212994523083938,"capitalization","funded_only",TRUE,0.847383450560429,FALSE,0.617881828744613,1.42696830290114,-1.45845158700244,-2.70781731499833,0.51060724195234
8,"young_lifetime","Fully funded system",0.56,0.0206080412279339,"capitalization","funded_only",TRUE,0.887628507752506,FALSE,0.647227090938873,1.49473977155982,-1.36039529565425,-2.52576223279784,0.51060724195234
8,"young_lifetime","Fully funded system",0.57,0.0198656913291574,"capitalization","funded_only",TRUE,0.929784936505264,FALSE,0.677966057193015,1.56572993257124,-1.26893163745113,-2.35594728687665,0.51060724195234
8,"young_lifetime","Fully funded system",0.58,0.0190796033639485,"capitalization","funded_only",TRUE,0.973943514208472,FALSE,0.710164919146213,1.64009165233577,-1.18361736891337,-2.19754953434119,0.51060724195234
8,"young_lifetime","Fully funded system",0.59,0.0182571797508447,"capitalization","funded_only",TRUE,1.02019932957193,FALSE,0.743893012098634,1.71798505738734,-1.1040390472157,-2.04980136133921,0.51060724195234
8,"young_lifetime","Fully funded system",0.6,0.0174059098965294,"capitalization","funded_only",TRUE,1.06865198738438,FALSE,0.779222964314359,1.79957787920131,-1.02981102659551,-1.91198676311418,0.51060724195234
8,"young_lifetime","Fully funded system",0.61,0.0165332586858387,"capitalization","funded_only",TRUE,1.11940582299713,FALSE,0.816230853415179,1.88504581537844,-0.960573589468799,-1.78343787416329,0.51060724195234
8,"young_lifetime","Fully funded system",0.62,0.0156465604078046,"capitalization","funded_only",TRUE,1.17257012699418,FALSE,0.854996370202067,1.97457290798264,-0.89599120319712,-1.66353173168393,0.51060724195234
8,"young_lifetime","Fully funded system",0.63,0.0147529201472209,"capitalization","funded_only",TRUE,1.2282593805327,FALSE,0.895602990257065,2.06835193984729,-0.835750894057554,-1.55168725662376,0.51060724195234
8,"young_lifetime","Fully funded system",0.64,0.0138591243861013,"capitalization","funded_only",TRUE,1.28659350186059,FALSE,0.938138153695119,2.16658484970344,-0.779560730535805,-1.44736243770433,0.51060724195234
8,"young_lifetime","Fully funded system",0.65,0.0129715622386452,"capitalization","funded_only",TRUE,1.34769810454205,FALSE,0.982693453452932,2.26948316702382,-0.72714840859227,-1.3500517047717,0.51060724195234
8,"young_lifetime","Fully funded system",0.66,0.0120961583990884,"capitalization","funded_only",TRUE,1.411704767947,FALSE,1.02936483252027,2.37726846751903,-0.678259932045136,-1.25928347874487,0.51060724195234
8,"young_lifetime","Fully funded system",0.67,0.0112383185264294,"capitalization","funded_only",TRUE,1.47875132058711,FALSE,1.07825279053844,2.49017285026683,-0.63265838167546,-1.17461788628899,0.510607241952341
8,"young_lifetime","Fully funded system",0.68,0.0104028874355191,"capitalization","funded_only",TRUE,1.54898213690825,FALSE,1.12946260021083,2.60843943750176,-0.590122767089206,-1.09564462813822,0.51060724195234
8,"young_lifetime","Fully funded system",0.69,0.00959412012165592,"capitalization","funded_only",TRUE,1.62254844817872,FALSE,1.1831045339915,2.73232289814157,-0.550446955772196,-1.02198099073794,0.51060724195234
8,"young_lifetime","Fully funded system",0.7,0.00881566532576298,"capitalization","funded_only",TRUE,1.69960866814252,FALSE,1.23929410153994,2.86208999617753,-0.51343867414808,-0.953269991570609,0.51060724195234
8,"young_lifetime","Fully funded system",0.71,0.00807056105809019,"capitalization","funded_only",TRUE,1.78032873413898,FALSE,1.29815229845338,2.99802016510974,-0.478918575798315,-0.889178649177095,0.51060724195234
8,"young_lifetime","Fully funded system",0.72,0.00736124124713052,"capitalization","funded_only",TRUE,1.86488246442334,FALSE,1.35980586681222,3.14040610966417,-0.446719372328654,-0.829396369489974,0.51060724195234
8,"young_lifetime","Fully funded system",0.73,0.00668955247216793,"capitalization","funded_only",TRUE,1.95345193245766,FALSE,1.42438756809962,3.28955443608734,-0.416685022670212,-0.773633440658722,0.51060724195234
8,"young_lifetime","Fully funded system",0.74,0.00605677957576838,"capitalization","funded_only",TRUE,2.04622785897798,FALSE,1.49203646908293,3.44578631237573,-0.388669976886377,-0.721619629072523,0.51060724195234
8,"young_lifetime","Fully funded system",0.75,0.00546367883789977,"capitalization","funded_only",TRUE,2.14341002268217,FALSE,1.56289824127259,3.60943815986168,-0.362538470820963,-0.673102869776903,0.51060724195234
8,"young_lifetime","Fully funded system",0.76,0.0049105173257538,"capitalization","funded_only",TRUE,2.24520769042263,FALSE,1.6371254746034,3.78086237764506,-0.338163868169384,-0.627848044937771,0.51060724195234
8,"young_lifetime","Fully funded system",0.77,0.00439711701067287,"capitalization","funded_only",TRUE,2.35184006783027,FALSE,1.7148780060134,3.96042810143051,-0.315428046784457,-0.585353645657103,0.510121928126736
8,"young_lifetime","Fully funded system",0.78,0.00392290226240524,"capitalization","funded_only",TRUE,2.46353677134018,FALSE,1.79632326362824,4.1485219984045,-0.294220826242802,-0.545605063989596,0.509396439453082
8,"young_lifetime","Fully funded system",0.79,0.00348694938664893,"capitalization","funded_only",TRUE,2.58053832263528,FALSE,1.88163662729184,4.34554909986365,-0.274439433897741,-0.508606957822125,0.508772830603909
8,"young_lifetime","Fully funded system",0.8,0.00308803695908519,"capitalization","funded_only",TRUE,2.70309666657287,FALSE,1.97100180621996,4.55193367338739,-0.255988006831163,-0.474158869565732,0.508236708177696
8,"young_lifetime","Fully funded system",0.81,0.00272469582188591,"capitalization","funded_only",TRUE,2.83147571370907,FALSE,2.06461123458979,4.76812013643297,-0.238777127290711,-0.442076924665344,0.50777573203339
8,"young_lifetime","Fully funded system",0.82,0.0023952577407798,"capitalization","funded_only",TRUE,2.96595190858972,FALSE,2.16266648591729,4.99457401332014,-0.222723389361004,-0.412192091946951,0.507379318186467
8,"young_lifetime","Fully funded system",0.83,0.00209790186595431,"capitalization","funded_only",TRUE,3.10681482503114,FALSE,2.26537870711486,5.23178293766624,-0.20774899476891,-0.384348687606164,0.507038385463045
8,"young_lifetime","Fully funded system",0.84,0.00183069829236669,"capitalization","funded_only",TRUE,3.25436778967292,FALSE,2.37296907316373,5.48025770243024,-0.193781375864107,-0.358403080525969,0.506745139376468
8,"young_lifetime","Fully funded system",0.85,0.00159164816888775,"capitalization","funded_only",TRUE,3.40892853514513,FALSE,2.48566926338027,5.74053335982684,-0.180752843947845,-0.334222564813852,0.506492887655258
8,"young_lifetime","Fully funded system",0.86,0.00137871995615396,"capitalization","funded_only",TRUE,3.57082988425678,FALSE,2.60372196030179,6.01317037347924,-0.16860026124567,-0.31168437198681,0.506275882687742
8,"young_lifetime","Fully funded system",0.87,0.00118988157581876,"capitalization","funded_only",TRUE,3.74042046667853,FALSE,2.72738137226613,6.29875582529131,-0.157264734934464,-0.290674800448292,0.506089186866487
8,"young_lifetime","Fully funded system",0.88,0.0010231283256207,"capitalization","funded_only",TRUE,3.91806546966311,FALSE,2.85691378081017,6.59790467963833,-0.146691331740995,-0.271088444066496,0.505928557427415
8,"young_lifetime","Fully funded system",0.89,0.000876506552691064,"capitalization","funded_only",TRUE,4.10414742441996,FALSE,2.99259811406626,6.91126110759819,-0.136828811728923,-0.252827504995748,0.505790347897391
8,"young_lifetime","Fully funded system",0.9,0.000748133179985062,"capitalization","funded_only",TRUE,4.29906702983739,FALSE,3.13472654739104,7.23949987407481,-0.127629379984127,-0.235801178553795,0.505671423703107
8,"young_lifetime","Fully funded system",0.91,0.000636211266591,"capitalization","funded_only",TRUE,4.50324401532601,FALSE,3.28360513252016,7.58332779080068,-0.119048454995019,-0.219925100113948,0.505569089864873
8,"young_lifetime","Fully funded system",0.92,0.000539041851611795,"capitalization","funded_only",TRUE,4.71711804464156,FALSE,3.43955445660369,7.94348523834724,-0.111044452605378,-0.205120845699737,0.505481029012014
8,"young_lifetime","Fully funded system",0.93,0.000455032383605845,"capitalization","funded_only",TRUE,4.94114966263318,FALSE,3.60291033254124,8.32074776042065,-0.103578584492708,-0.19131547936609,0.505405248220957
8,"young_lifetime","Fully funded system",0.94,0.00038270207402884,"capitalization","funded_only",TRUE,5.17582128695599,FALSE,3.77402452210341,8.71592773387601,-0.0966146701955422,-0.178441141582375,0.505340033400427
8,"young_lifetime","Fully funded system",0.95,0.000320684534961157,"capitalization","funded_only",TRUE,5.42163824688334,FALSE,3.95326549339675,9.12987611804596,-0.0901189617787307,-0.166434673752282,0.505283910137167
8,"young_lifetime","Fully funded system",0.96,0.000267728070175611,"capitalization","funded_only",TRUE,5.67912987145573,FALSE,4.14101921430314,9.56348428715089,-0.0840599802870419,-0.155237274755506,0.505235610075535
8,"young_lifetime","Fully funded system",0.97,0.000222693986042829,"capitalization","funded_only",TRUE,5.94885062930958,FALSE,4.33768998360232,10.0176859497363,-0.0784083631944987,-0.144794186010352,0.505194042040045
8,"young_lifetime","Fully funded system",0.98,0.00018455327674269,"capitalization","funded_only",TRUE,6.23138132264014,FALSE,4.54370130156719,10.4934591592706,-0.073136722110178,-0.135054402061037,0.505158267225046
8,"young_lifetime","Fully funded system",0.99,0.000152382018630337,"capitalization","funded_only",TRUE,6.52733033786983,FALSE,4.75949678190652,10.991828420233,-0.0682195100508959,-0.125970404110133,0.505127477873675
8,"young_lifetime","Fully funded system",1,6.26778916131105e-05,"capitalization","funded_only",TRUE,6.83733495571481,FALSE,4.9855411070189,11.5138668942263,-0.0636328976375689,-0.117497914261974,0.505100978951565
9,"young_lifetime","Fully funded system",0,0.000223648618482682,"informal","informal",FALSE,0.080294129123652,TRUE,0.08215,0.0977467795414319,-33.1012676654569,-37.4783291935855,0.0863182198497854
9,"young_lifetime","Fully funded system",0.01,0.000530074028894635,"informal","informal",FALSE,0.0826567513118492,TRUE,0.0845598014015741,0.0978233623175348,-31.8939752843614,-35.8829724428766,0.0817324023671828
9,"young_lifetime","Fully funded system",0.02,0.000625857596014926,"informal","informal",FALSE,0.0850888926998321,TRUE,0.0867970843924775,0.100411572566358,-30.6688067750426,-34.3555259543591,0.0786150644033183
9,"young_lifetime","Fully funded system",0.03,0.00073622950670148,"informal","informal",FALSE,0.0875925988618626,TRUE,0.0891001985281144,0.103075939852169,-29.4874065291939,-32.8930989616206,0.0755868309799144
9,"young_lifetime","Fully funded system",0.04,0.000862878406729994,"informal","informal",FALSE,0.0901699755623957,TRUE,0.0914710808632224,0.105818705064898,-28.3484206475534,-31.4929237507913,0.0726451551741711
9,"young_lifetime","Fully funded system",0.05,0.00100759191313581,"informal","informal",FALSE,0.0928231905271516,TRUE,0.0939117254495891,0.108642175031752,-27.2505238203671,-30.1523504225122,0.0697875628633495
9,"young_lifetime","Fully funded system",0.06,0.00117224512608808,"informal","informal",FALSE,0.0955544752663009,TRUE,0.0964241850131676,0.111548724457394,-26.1924196030029,-28.8688418768717,0.0670116506438836
9,"young_lifetime","Fully funded system",0.07,0.00135878545245099,"informal","informal",FALSE,0.0983661269512957,TRUE,0.0990105726805396,0.114540797921206,-25.1728406172825,-27.6399690118215,0.0643150838099811
9,"young_lifetime","Fully funded system",0.08,0.00156921348536889,"informal","informal",FALSE,0.101260510346927,TRUE,0.101673063756179,0.117620911933332,-24.1905486830715,-26.4634061259835,0.0616955943899931
9,"young_lifetime","Fully funded system",0.09,0.00180555975146526,"informal","informal",FALSE,0.10424005980023,TRUE,0.104413897552014,0.120791657051201,-23.2443348845626,-25.3369265171469,0.0591509792389209
9,"young_lifetime","Fully funded system",0.1,0.00206985722142662,"informal","informal",FALSE,0.107307281287915,TRUE,0.107235379270814,0.124055700058347,-22.3330195755763,-24.2583982681271,0.0566790981854384
9,"young_lifetime","Fully funded system",0.11,0.00236410958058029,"informal","informal",FALSE,0.110464754524041,TRUE,0.110139881945009,0.127415786207329,-21.4554523280818,-23.2257802120088,0.054277872231882
9,"young_lifetime","Fully funded system",0.12,0.00269025537259384,"informal","informal",FALSE,0.113715135129706,TRUE,0.113129848432544,0.130874741528645,-20.6105118280074,-22.2371180691391,0.0519452818056931
9,"young_lifetime","Fully funded system",0.13,0.0030501282598838,"informal","informal",FALSE,0.117061156866582,TRUE,0.116207793471469,0.134435475207599,-19.7971057222796,-21.2905407485582,0.0496793650608356
9,"young_lifetime","Fully funded system",0.14,0.00344541378616971,"informal","informal",FALSE,0.120505633936171,TRUE,0.119376305794982,0.13810098203109,-19.0141704208839,-20.3842568068699,0.0474782162277712
9,"young_lifetime","Fully funded system",0.15,0.0038776031764757,"informal","informal",FALSE,0.124051463346711,TRUE,0.122638050308703,0.141874344906408,-18.2606708575979,-19.5165510578476,0.0453399840105901
9,"young_lifetime","Fully funded system",0.16,0.00434794486360459,"informal","informal",FALSE,0.127701627349735,TRUE,0.125995770332022,0.14575873745414,-17.5356002128994,-18.6857813263618,0.043262870029968
9,"young_lifetime","Fully funded system",0.17,0.00485739458280167,"informal","informal",FALSE,0.131459195948315,TRUE,0.129452289905388,0.149757426677371,-16.837979602403,-17.8903753404839,0.041245127310618
9,"young_lifetime","Fully funded system",0.18,0.00540656502249209,"informal","informal",FALSE,0.135327329479121,TRUE,0.133010516165495,0.153873775709428,-16.1668577340267,-17.1288277558855,0.0392850588119837
9,"young_lifetime","Fully funded system",0.19,0.00599567615266305,"informal","informal",FALSE,0.139309281270446,TRUE,0.136673441790357,0.158111246642471,-15.5213105369425,-16.3996973069017,0.0373810160009276
9,"young_lifetime","Fully funded system",0.2,0.00662450746745946,"informal","informal",FALSE,0.143408400378451,TRUE,0.140444147516323,0.162473403439319,-14.9004407652137,-15.7016040788657,0.0355313974652187
9,"young_lifetime","Fully funded system",0.21,0.00729235346863131,"informal","informal",FALSE,0.147628134403914,TRUE,0.144325804729161,0.166963914930951,-14.3033775788725,-15.0332268965535,0.0337346475666487
9,"young_lifetime","Fully funded system",0.22,0.00799798377561329,"informal","informal",FALSE,0.15197203239187,TRUE,0.148321678131378,0.17158655790221,-13.7292761050495,-14.3933008237962,0.0319892551326491
9,"young_lifetime","Fully funded system",0.23,0.0087396092707509,"informal","informal",FALSE,0.156443747816562,TRUE,0.15243512848803,0.176345220268302,-13.1773169816158,-13.7806147695268,0.0302937521853059
9,"young_lifetime","Fully funded system",0.24,0.0095148556698428,"informal","informal",FALSE,0.161047041654234,TRUE,0.156669615453319,0.181243904344761,-12.6467058856664,-13.1940091957318,0.0286467127067054
9,"young_lifetime","Fully funded system",0.25,0.010320745845168,"informal","informal",FALSE,0.165785785546329,TRUE,0.161028700480372,0.186286730213631,-12.1366730490278,-12.6323739229692,0.0270467514395665
9,"young_lifetime","Fully funded system",0.26,0.0111536921182913,"informal","informal",FALSE,0.170663965055771,TRUE,0.165516049816629,0.191477939188701,-11.6464727628447,-12.0946460293005,0.025492522722159
9,"young_lifetime","Fully funded system",0.27,0.0120094995825537,"capitalization","funded_only",TRUE,0.231188205724162,FALSE,0.169120203243745,0.390128932610724,-10.1859315972943,-11.5798078386594,0.0892654570503482
9,"young_lifetime","Fully funded system",0.28,0.0128833813113884,"capitalization","funded_only",TRUE,0.242168102198832,FALSE,0.177152283935643,0.408657452603437,-9.50109935105577,-11.0868849948502,0.108384529562112
9,"young_lifetime","Fully funded system",0.29,0.0137699860614464,"capitalization","funded_only",TRUE,0.253669470459733,FALSE,0.185565834842238,0.428065953608639,-8.86231053255952,-10.6149446175323,0.127839185040675
9,"young_lifetime","Fully funded system",0.3,0.0146634387938913,"capitalization","funded_only",TRUE,0.265717076935626,FALSE,0.194378973252225,0.448396228850109,-8.26646949721538,-10.1630935366981,0.14763531372614
9,"young_lifetime","Fully funded system",0.31,0.0155573940198842,"capitalization","funded_only",TRUE,0.278336864295307,FALSE,0.203610676904567,0.469692056450765,-7.71068873036394,-9.73047660230625,0.167778909245643
9,"young_lifetime","Fully funded system",0.32,0.0164451016357299,"capitalization","funded_only",TRUE,0.291556007311163,FALSE,0.213280824854144,0.491999293702122,-7.19227485404612,-9.31627506586847,0.188276070428038
9,"young_lifetime","Fully funded system",0.33,0.0173194845593781,"capitalization","funded_only",TRUE,0.305402971375862,FALSE,0.223410240278237,0.515365975810922,-6.70871557458169,-8.91970503092844,0.209133003150412
9,"young_lifetime","Fully funded system",0.34,0.0181732271241403,"capitalization","funded_only",TRUE,0.319907573798205,FALSE,0.234020735316046,0.539842419335567,-6.25766750770318,-8.54001596949986,0.23035602221704
9,"young_lifetime","Fully funded system",0.35,0.0189988728395791,"capitalization","funded_only",TRUE,0.335101048010112,FALSE,0.245135158037776,0.565481330535095,-5.83694482224426,-8.1764893016559,0.25195155327129
9,"young_lifetime","Fully funded system",0.36,0.0197889298058682,"capitalization","funded_only",TRUE,0.351016110823025,FALSE,0.256777441644441,0.59233791886401,-5.44450864734889,-7.82843703558187,0.273926134741104
9,"young_lifetime","Fully funded system",0.37,0.0205359817787106,"capitalization","funded_only",TRUE,0.367687032878524,FALSE,0.26897265600434,0.62047001585735,-5.07845719186694,-7.49520046551748,0.296286419818629
9,"young_lifetime","Fully funded system",0.38,0.0212328026386743,"capitalization","funded_only",TRUE,0.385149712444894,FALSE,0.281747061637162,0.649938199662017,-4.73701652805407,-7.1761489251242,0.319039178474575
9,"young_lifetime","Fully funded system",0.39,0.0218724718319488,"capitalization","funded_only",TRUE,0.403441752718521,FALSE,0.295128166261979,0.680805925482499,-4.41853199491248,-6.87067859391881,0.342191299507957
9,"young_lifetime","Fully funded system",0.4,0.0224484882277816,"capitalization","funded_only",TRUE,0.422602542796602,FALSE,0.309144784030889,0.713139662221902,-4.12146017951205,-6.57821135451382,0.36574979263179
9,"young_lifetime","Fully funded system",0.41,0.0229548797878943,"capitalization","funded_only",TRUE,0.442673342495508,FALSE,0.323827097575869,0.747009035612517,-3.84436143743255,-6.29819369850236,0.38972179059541
9,"young_lifetime","Fully funded system",0.42,0.0233863064692461,"capitalization","funded_only",TRUE,0.463697371197457,FALSE,0.339206723002429,0.782486978144131,-3.5858929160801,-6.03009567891675,0.414114551344035
9,"young_lifetime","Fully funded system",0.43,0.0237381538851594,"capitalization","funded_only",TRUE,0.485719900916813,FALSE,0.355316777970036,0.819649886112936,-3.34480204706795,-5.77340990727817,0.438935460216239
9,"young_lifetime","Fully funded system",0.44,0.0240066154297712,"capitalization","funded_only",TRUE,0.508788353786407,FALSE,0.372191953005909,0.858577784129209,-3.119920476125,-5.52765059333943,0.46419203217999
9,"young_lifetime","Fully funded system",0.45,0.0241887608228689,"capitalization","funded_only",TRUE,0.532952404173813,FALSE,0.389868586205727,0.899354497438012,-2.91015840111579,-5.29235262570342,0.489891914107947
9,"young_lifetime","Fully funded system",0.46,0.0242825893494975,"capitalization","funded_only",TRUE,0.558264085647465,FALSE,0.408384741482145,0.942067832423969,-2.71449929073304,-5.06707069157726,0.516042887092672
9,"young_lifetime","Fully funded system",0.47,0.0242870664418367,"capitalization","funded_only",TRUE,0.584777903022947,FALSE,0.427780290529569,0.986809765688825,-2.53199495826928,-4.8513784339963,0.54265286880251
9,"young_lifetime","Fully funded system",0.48,0.0242021426680683,"capitalization","funded_only",TRUE,0.612550949730734,FALSE,0.448096998681728,1.03367664210892,-2.36176096659425,-4.40765539469607,0.515820564370588
9,"young_lifetime","Fully funded system",0.49,0.0240287546408929,"capitalization","funded_only",TRUE,0.641643030758125,FALSE,0.469378614846898,1.08276938229906,-2.20297234207011,-4.11131484736734,0.515820564370588
9,"young_lifetime","Fully funded system",0.5,0.0237688078223462,"capitalization","funded_only",TRUE,0.672116791430085,FALSE,0.491670965714451,1.13419369992956,-2.05485957663371,-3.83489820790508,0.515820564370588
9,"young_lifetime","Fully funded system",0.51,0.0234251416663332,"capitalization","funded_only",TRUE,0.704037852306327,FALSE,0.51502205443559,1.18806032936441,-1.91670489867134,-3.57706592926368,0.515820564370588
9,"young_lifetime","Fully funded system",0.52,0.0230014779905107,"capitalization","funded_only",TRUE,0.737474950485098,FALSE,0.539482163990754,1.24448526411064,-1.78783879461443,-3.33656852636223,0.515820564370588
9,"young_lifetime","Fully funded system",0.53,0.0225023538900762,"capitalization","funded_only",TRUE,0.77250008761796,FALSE,0.565103965466289,1.30359000659257,-1.6676367643992,-3.11224052093516,0.515820564370588
9,"young_lifetime","Fully funded system",0.54,0.0219330408840984,"capitalization","funded_only",TRUE,0.809188684954275,FALSE,0.591942631473537,1.3655018297886,-1.55551629506708,-2.90299479348959,0.515820564370588
9,"young_lifetime","Fully funded system",0.55,0.0212994523083938,"capitalization","funded_only",TRUE,0.847619745749276,FALSE,0.620055954954571,1.43035405129397,-1.45093403783943,-2.70781731499833,0.515820564370588
9,"young_lifetime","Fully funded system",0.56,0.0206080412279339,"capitalization","funded_only",TRUE,0.887876025385434,FALSE,0.649504473630421,1.49828632039974,-1.35338317498644,-2.52576223279784,0.515820564370588
9,"young_lifetime","Fully funded system",0.57,0.0198656913291574,"capitalization","funded_only",TRUE,0.930044209573452,FALSE,0.680351600359741,1.56944491880606,-1.26239096372973,-2.35594728687665,0.515820564370588
9,"young_lifetime","Fully funded system",0.58,0.0190796033639485,"capitalization","funded_only",TRUE,0.974215101016622,FALSE,0.71266375968866,1.64398307561735,-1.17751644527607,-2.19754953434119,0.515820564370588
9,"young_lifetime","Fully funded system",0.59,0.0182571797508447,"capitalization","funded_only",TRUE,1.02048381494049,FALSE,0.746510530885834,1.72206129729759,-1.09834830788003,-2.04980136133921,0.515820564370588
9,"young_lifetime","Fully funded system",0.6,0.0174059098965294,"capitalization","funded_only",TRUE,1.06894998390886,FALSE,0.7819647977707,1.80384771329636,-1.02450289357962,-1.91198676311418,0.515820564370588
9,"young_lifetime","Fully funded system",0.61,0.0165332586858387,"capitalization","funded_only",TRUE,1.11971797236725,FALSE,0.819102905657582,1.88951843808971,-0.955622338945382,-1.78343787416329,0.515820564370588
9,"young_lifetime","Fully funded system",0.62,0.0156465604078046,"capitalization","funded_only",TRUE,1.17289710137563,FALSE,0.858004825753596,1.9792579504157,-0.891372840832754,-1.66353173168393,0.515820564370588
9,"young_lifetime","Fully funded system",0.63,0.0147529201472209,"capitalization","funded_only",TRUE,1.22860188401455,FALSE,0.898754327364341,2.07325949052091,-0.831443038733386,-1.55168725662376,0.515820564370588
9,"young_lifetime","Fully funded system",0.64,0.0138591243861013,"capitalization","funded_only",TRUE,1.28695227197145,FALSE,0.941439158278235,2.1717254762737,-0.775542505886057,-1.44736243770433,0.515820564370588
9,"young_lifetime","Fully funded system",0.65,0.0129715622386452,"capitalization","funded_only",TRUE,1.34807391383819,FALSE,0.986151233717885,2.2748679390399,-0.723400341834954,-1.3500517047717,0.515820564370588
9,"young_lifetime","Fully funded system",0.66,0.0120961583990884,"capitalization","funded_only",TRUE,1.412098425676,FALSE,1.03298683426539,2.38290898025983,-0.674763859614696,-1.25928347874487,0.515820564370588
9,"young_lifetime","Fully funded system",0.67,0.0112383185264294,"capitalization","funded_only",TRUE,1.47916367443037,FALSE,1.08204681318777,2.49608124970956,-0.629397361200031,-1.17461788628899,0.515820564370588
9,"young_lifetime","Fully funded system",0.68,0.0104028874355191,"capitalization","funded_only",TRUE,1.5494140748064,FALSE,1.13343681360901,2.6146284464765,-0.587080995285917,-1.09564462813822,0.515820564370588
9,"young_lifetime","Fully funded system",0.69,0.00959412012165592,"capitalization","funded_only",TRUE,1.62300090024363,FALSE,1.18726749599622,2.73880584372786,-0.547609691862632,-1.02198099073794,0.515820564370588
9,"young_lifetime","Fully funded system",0.7,0.00881566532576298,"capitalization","funded_only",TRUE,1.70008260866017,FALSE,1.24365477645002,2.86888083840226,-0.510792168422762,-0.953269991570609,0.515820564370588
9,"young_lifetime","Fully funded system",0.71,0.00807056105809019,"capitalization","funded_only",TRUE,1.78082518366742,FALSE,1.302720076312,3.00513352700786,-0.476450002984017,-0.889178649177095,0.515820564370588
9,"young_lifetime","Fully funded system",0.72,0.00736124124713052,"capitalization","funded_only",TRUE,1.86540249199034,FALSE,1.36459058362692,3.1478573087672,-0.444416769435641,-0.829396369489974,0.515820564370588
9,"young_lifetime","Fully funded system",0.73,0.00668955247216793,"capitalization","funded_only",TRUE,1.95399665786264,FALSE,1.42939952702263,3.29735951740727,-0.414537231018208,-0.773633440658722,0.515820564370588
9,"young_lifetime","Fully funded system",0.74,0.00605677957576838,"capitalization","funded_only",TRUE,2.04679845520339,FALSE,1.49728646259744,3.45396208295553,-0.38666658802831,-0.721619629072523,0.515820564370588
9,"young_lifetime","Fully funded system",0.75,0.00546367883789977,"capitalization","funded_only",TRUE,2.14400771841927,FALSE,1.56839757443271,3.61800222496665,-0.360669776102421,-0.673102869776903,0.515820564370588
9,"young_lifetime","Fully funded system",0.76,0.0049105173257538,"capitalization","funded_only",TRUE,2.24583377271732,FALSE,1.64288598937781,3.78983317867308,-0.336420811679355,-0.627848044937771,0.515820564370588
9,"young_lifetime","Fully funded system",0.77,0.00439711701067287,"capitalization","funded_only",TRUE,2.35249588485455,FALSE,1.72091210678528,3.96982495562276,-0.313802181469333,-0.585353645657103,0.515333575657311
9,"young_lifetime","Fully funded system",0.78,0.00392290226240524,"capitalization","funded_only",TRUE,2.4642237352952,FALSE,1.80264394390613,4.15836514044217,-0.29270427297098,-0.545605063989596,0.514605583218111
9,"young_lifetime","Fully funded system",0.79,0.00348694938664893,"capitalization","funded_only",TRUE,2.58125791279234,FALSE,1.88825749768921,4.35585972544021,-0.27302484327644,-0.508606957822125,0.513979822205289
9,"young_lifetime","Fully funded system",0.8,0.00308803695908519,"capitalization","funded_only",TRUE,2.70385043245876,FALSE,1.97793712376358,4.56273398485023,-0.254668523590413,-0.474158869565732,0.513441849543631
9,"young_lifetime","Fully funded system",0.81,0.00272469582188591,"capitalization","funded_only",TRUE,2.83226527844278,FALSE,2.07187593342001,4.7794333905928,-0.237546357061923,-0.442076924665344,0.512979282504484
9,"young_lifetime","Fully funded system",0.82,0.0023952577407798,"capitalization","funded_only",TRUE,2.96677897237753,FALSE,2.17027620944644,5.00642457153092,-0.221575367689118,-0.412192091946951,0.512581500576476
9,"young_lifetime","Fully funded system",0.83,0.00209790186595431,"capitalization","funded_only",TRUE,3.10768116882781,FALSE,2.27334984171293,5.24419631828361,-0.206678158207957,-0.384348687606164,0.512239391245289
9,"young_lifetime","Fully funded system",0.84,0.00183069829236669,"capitalization","funded_only",TRUE,3.25527527901665,FALSE,2.38131878344388,5.49326063576139,-0.192782535016103,-0.358403080525969,0.511945133124376
9,"young_lifetime","Fully funded system",0.85,0.00159164816888775,"capitalization","funded_only",TRUE,3.40987912417475,FALSE,2.49441552916022,5.75415384569013,-0.179821158314367,-0.334222564813852,0.511692010846269
9,"young_lifetime","Fully funded system",0.86,0.00137871995615396,"capitalization","funded_only",TRUE,3.57182561991964,FALSE,2.61288361532058,6.02743774149745,-0.167731215770245,-0.31168437198681,0.511474256963462
9,"young_lifetime","Fully funded system",0.87,0.00118988157581876,"capitalization","funded_only",TRUE,3.74146349313834,FALSE,2.73697814473966,6.31370079804855,-0.156454118122076,-0.290674800448292,0.511286916828131
9,"young_lifetime","Fully funded system",0.88,0.0010231283256207,"capitalization","funded_only",TRUE,3.91915803291704,FALSE,2.86696633591293,6.61355943883635,-0.145935215248697,-0.271088444066496,0.511125733033808
9,"young_lifetime","Fully funded system",0.89,0.000876506552691064,"capitalization","funded_only",TRUE,4.10529187713504,FALSE,3.00312809843056,6.92765936335474,-0.13612353132863,-0.252827504995748,0.510987046522858
9,"young_lifetime","Fully funded system",0.9,0.000748133179985062,"capitalization","funded_only",TRUE,4.30026583641664,FALSE,3.14575663571971,7.25667693751323,-0.126971517805344,-0.235801178553795,0.51086771190411
9,"young_lifetime","Fully funded system",0.91,0.000636211266591,"capitalization","funded_only",TRUE,4.50449975721514,FALSE,3.29515907641307,7.6013206500869,-0.118434822961442,-0.219925100113948,0.510765024897111
9,"young_lifetime","Fully funded system",0.92,0.000539041851611795,"capitalization","funded_only",TRUE,4.71843342588772,FALSE,3.45165713570315,7.9623326383382,-0.11047207698511,-0.205120845699737,0.510676660133609
9,"young_lifetime","Fully funded system",0.93,0.000455032383605845,"capitalization","funded_only",TRUE,4.9425275157077,FALSE,3.61558780810646,8.34049028609533,-0.103044691487209,-0.19131547936609,0.510600617812165
9,"young_lifetime","Fully funded system",0.94,0.00038270207402884,"capitalization","funded_only",TRUE,5.17726457885369,FALSE,3.78730409312948,8.73660789772897,-0.0961166724974794,-0.178441141582375,0.510535177925929
9,"young_lifetime","Fully funded system",0.95,0.000320684534961157,"capitalization","funded_only",TRUE,5.42315008551148,FALSE,3.96717575539876,9.15153845163148,-0.0896544460335878,-0.166434673752282,0.510478860973232
9,"young_lifetime","Fully funded system",0.96,0.000267728070175611,"capitalization","funded_only",TRUE,5.68071351232644,FALSE,4.15559012089226,9.58617543697478,-0.0836266953977241,-0.155237274755506,0.510430394221154
9,"young_lifetime","Fully funded system",0.97,0.000222693986042829,"capitalization","funded_only",TRUE,5.95050948255004,FALSE,4.35295291098632,10.041454777702,-0.0780042094122552,-0.144794186010352,0.510388682728407
9,"young_lifetime","Fully funded system",0.98,0.00018455327674269,"capitalization","funded_only",TRUE,6.23311896033585,FALSE,4.55968911611424,10.5183568478959,-0.0727597408589766,-0.135054402061037,0.510352784449387
9,"young_lifetime","Fully funded system",0.99,0.000152382018630337,"capitalization","funded_only",TRUE,6.52915050175648,FALSE,4.77624391091787,11.0179085828634,-0.0678678744359363,-0.125970404110133,0.510321888839545
9,"young_lifetime","Fully funded system",1,6.26778916131105e-05,"capitalization","funded_only",TRUE,6.83924156523557,FALSE,5.0030836128628,11.5411856904835,-0.0633049035919396,-0.117497914261974,0.510295298465851
10,"young_lifetime","Fully funded system",0,0.000223648618482682,"informal","informal",FALSE,0.0801142830018149,TRUE,0.08215,0.0978993064145978,-33.0900836131677,-37.4783291935855,0.0865629811026163
10,"young_lifetime","Fully funded system",0.01,0.000530074028894635,"informal","informal",FALSE,0.0824716132908092,TRUE,0.084567230436132,0.0978993064145978,-31.8848396020933,-35.8829724428766,0.0819390186732962
10,"young_lifetime","Fully funded system",0.02,0.000625857596014926,"informal","informal",FALSE,0.0848983070676011,TRUE,0.0868128372014213,0.100399845079437,-30.6625167353206,-34.3555259543591,0.0787625691394511
10,"young_lifetime","Fully funded system",0.03,0.00073622950670148,"informal","informal",FALSE,0.0873964053246904,TRUE,0.08911584734773,0.103063297506056,-29.4816178133781,-32.8930989616206,0.0757276206928448
10,"young_lifetime","Fully funded system",0.04,0.000862878406729994,"informal","informal",FALSE,0.0899680091099535,TRUE,0.0914866226336659,0.105805120940231,-28.3430987784469,-31.4929237507913,0.0727794218030033
10,"young_lifetime","Fully funded system",0.05,0.00100759191313581,"informal","informal",FALSE,0.0926152812937488,TRUE,0.0939271570209821,0.10862762141708,-27.2456364410512,-30.1523504225122,0.0699154928608898
10,"young_lifetime","Fully funded system",0.06,0.00117224512608808,"informal","informal",FALSE,0.0953404483880175,TRUE,0.0964395031429478,0.111533172825865,-26.1879363620261,-28.8688418768717,0.0671334251334579
10,"young_lifetime","Fully funded system",0.07,0.00135878545245099,"informal","informal",FALSE,0.0981458024189121,TRUE,0.0990257740307334,0.114524218906581,-25.1687330589003,-27.6399690118215,0.0644308787377694
10,"young_lifetime","Fully funded system",0.08,0.00156921348536889,"informal","informal",FALSE,0.101033702854525,TRUE,0.101688144890595,0.117603275305279,-24.1867901424102,-26.4634061259835,0.0618055806730129
10,"young_lifetime","Fully funded system",0.09,0.00180555975146526,"informal","informal",FALSE,0.10400657858934,TRUE,0.10442885493335,0.120772931689874,-23.2409003875783,-25.3369265171469,0.059255322908776
10,"young_lifetime","Fully funded system",0.1,0.00206985722142662,"informal","informal",FALSE,0.107066929987077,TRUE,0.107250209257688,0.124035853928211,-22.3298857436717,-24.2583982681271,0.0567779605279624
10,"young_lifetime","Fully funded system",0.11,0.00236410958058029,"informal","informal",FALSE,0.110217330983644,TRUE,0.110154580788889,0.127394786330215,-21.4525972872414,-23.2257802120088,0.0543714099227899
10,"young_lifetime","Fully funded system",0.12,0.00269025537259384,"informal","informal",FALSE,0.113460431251969,TRUE,0.113144412274602,0.130852553956018,-20.6079151223087,-22.2371180691391,0.0520336470423535
10,"young_lifetime","Fully funded system",0.13,0.0030501282598838,"informal","informal",FALSE,0.116798958430532,TRUE,0.11622221833933,0.134412064991999,-19.794748231635,-21.2905407485582,0.0497627056902785
10,"young_lifetime","Fully funded system",0.14,0.00344541378616971,"informal","informal",FALSE,0.120235720417468,TRUE,0.119390587599387,0.138076313196744,-19.0120342828664,-20.3842568068699,0.0475566758710348
10,"young_lifetime","Fully funded system",0.15,0.0038776031764757,"informal","informal",FALSE,0.123773607732177,TRUE,0.122652184840067,0.141848380418969,-18.2587393932055,-19.5165510578476,0.0454137021835173
10,"young_lifetime","Fully funded system",0.16,0.00434794486360459,"informal","informal",FALSE,0.12741559594642,TRUE,0.126009753256896,0.145731439189542,-17.5338578561105,-18.6857813263618,0.0433319822605438
10,"young_lifetime","Fully funded system",0.17,0.00485739458280167,"informal","informal",FALSE,0.131164748186951,TRUE,0.129466116762813,0.149728755389761,-16.8364118333765,-17.8903753404839,0.0413097652529593
10,"young_lifetime","Fully funded system",0.18,0.00540656502249209,"informal","informal",FALSE,0.135024217711785,TRUE,0.13302418236325,0.153843690998161,-16.165451015804,-17.1288277558855,0.0393453503570675
10,"young_lifetime","Fully funded system",0.19,0.00599567615266305,"informal","informal",FALSE,0.138997250562276,TRUE,0.136686942601096,0.158079706918129,-15.5200522555072,-16.3996973069017,0.0374370853841548
10,"young_lifetime","Fully funded system",0.2,0.00662450746745946,"informal","informal",FALSE,0.143087188293229,TRUE,0.1404574780736,0.162440365888733,-14.8993191727689,-15.7016040788657,0.0355833653709023
10,"young_lifetime","Fully funded system",0.21,0.00729235346863131,"informal","informal",FALSE,0.147297470783344,TRUE,0.144338960023337,0.166929335481191,-14.302381740198,-15.0332268965535,0.0337826312295177
10,"young_lifetime","Fully funded system",0.22,0.00799798377561329,"informal","informal",FALSE,0.151631639128356,TRUE,0.148334653005407,0.171550391183518,-13.7283958468025,-14.3933008237962,0.0320333684364495
10,"young_lifetime","Fully funded system",0.23,0.0087396092707509,"informal","informal",FALSE,0.156093338619307,TRUE,0.152447917633121,0.176307419575933,-13.176542844445,-13.7806147695268,0.030334105758584
10,"young_lifetime","Fully funded system",0.24,0.0095148556698428,"informal","informal",FALSE,0.16068632180845,TRUE,0.156682213404475,0.181204421599702,-12.6460290790084,-13.1940091957318,0.0286834140158521
10,"young_lifetime","Fully funded system",0.25,0.010320745845168,"informal","informal",FALSE,0.165414451665364,TRUE,0.161041101611789,0.186245515922164,-12.136085408463,-12.6323739229692,0.0270799048792032
10,"young_lifetime","Fully funded system",0.26,0.0111536921182913,"informal","informal",FALSE,0.170281704825943,TRUE,0.165528248336966,0.191434942400775,-11.6459667098891,-12.0946460293005,0.0255222297029398
10,"young_lifetime","Fully funded system",0.27,0.0120094995825537,"capitalization","funded_only",TRUE,0.231215261820935,FALSE,0.169519692725504,0.390758988359142,-10.1506162098529,-11.5798078386594,0.0917904637072482
10,"young_lifetime","Fully funded system",0.28,0.0128833813113884,"capitalization","funded_only",TRUE,0.242196443279589,FALSE,0.177570746500993,0.409317431793966,-9.46815832828361,-11.0868849948502,0.110953855796993
10,"young_lifetime","Fully funded system",0.29,0.0137699860614464,"capitalization","funded_only",TRUE,0.253699157552636,FALSE,0.186004171585995,0.428757277405026,-8.8315842384455,-10.6149446175323,0.130453608762374
10,"young_lifetime","Fully funded system",0.3,0.0146634387938913,"capitalization","funded_only",TRUE,0.265748173967264,FALSE,0.194838128065193,0.449120385911892,-8.23780902857994,-10.1630935366981,0.150295626497554
10,"young_lifetime","Fully funded system",0.31,0.0155573940198842,"capitalization","funded_only",TRUE,0.27836943822836,FALSE,0.204091638506062,0.470450606138871,-7.683955195257,-9.73047660230625,0.170485916523389
10,"young_lifetime","Fully funded system",0.32,0.0164451016357299,"capitalization","funded_only",TRUE,0.291590128288589,FALSE,0.213784628921049,0.492793869436714,-7.16733869866064,-9.31627506586847,0.191030591806316
10,"young_lifetime","Fully funded system",0.33,0.0173194845593781,"capitalization","funded_only",TRUE,0.305438712871942,FALSE,0.223937971675176,0.516198288588715,-6.68545595542092,-8.91970503092844,0.211935872609157
10,"young_lifetime","Fully funded system",0.34,0.0181732271241403,"capitalization","funded_only",TRUE,0.319945012776755,FALSE,0.234573530431468,0.5407142614142,-6.23597170595904,-8.54001596949986,0.233208088374419
10,"young_lifetime","Fully funded system",0.35,0.0189988728395791,"capitalization","funded_only",TRUE,0.33514026509022,FALSE,0.245714207230995,0.56639457929248,-5.816707697549,-8.1764893016559,0.254853679640638
10,"young_lifetime","Fully funded system",0.36,0.0197889298058682,"capitalization","funded_only",TRUE,0.351057190452644,FALSE,0.257383991808894,0.593294540840977,-5.42563212825265,-7.82843703558187,0.276879199992371
10,"young_lifetime","Fully funded system",0.37,0.0205359817787106,"capitalization","funded_only",TRUE,0.367730063516323,FALSE,0.269608013252579,0.621472070992292,-5.06084980057215,-7.49520046551748,0.299291318044406
10,"young_lifetime","Fully funded system",0.38,0.0212328026386743,"capitalization","funded_only",TRUE,0.385194786750737,FALSE,0.282412594113364,0.650987845726648,-4.72059293710348,-7.1761489251242,0.322096819460804
10,"young_lifetime","Fully funded system",0.39,0.0218724718319488,"capitalization","funded_only",TRUE,0.403488967752998,FALSE,0.295825307088037,0.681905422728286,-4.40321261368238,-6.87067859391881,0.345302609009378
10,"young_lifetime","Fully funded system",0.4,0.0224484882277816,"capitalization","funded_only",TRUE,0.422652000230033,FALSE,0.30987503439242,0.714291378247168,-4.10717076850691,-6.57821135451382,0.368915712652235
10,"young_lifetime","Fully funded system",0.41,0.0229548797878943,"capitalization","funded_only",TRUE,0.442725148826874,FALSE,0.324592029954786,0.748215450460701,-3.83103274851185,-6.29819369850236,0.392943279673007
10,"young_lifetime","Fully funded system",0.42,0.0233863064692461,"capitalization","funded_only",TRUE,0.46375163798373,FALSE,0.340007984563036,0.783750689644179,-3.57346035687379,-6.03009567891675,0.417392584841426
10,"young_lifetime","Fully funded system",0.43,0.0237381538851594,"capitalization","funded_only",TRUE,0.485776745013175,FALSE,0.35615609410595,0.820973615473329,-3.33320536795432,-5.77340990727817,0.442271030615886
10,"young_lifetime","Fully funded system",0.44,0.0240066154297712,"capitalization","funded_only",TRUE,0.508847897597883,FALSE,0.373071131055422,0.859964381797663,-3.10910347825413,-5.52765059333943,0.467586149384667
10,"young_lifetime","Fully funded system",0.45,0.0241887608228689,"capitalization","funded_only",TRUE,0.53301477591885,FALSE,0.390789519343638,0.900806949239482,-2.9000686640633,-5.29235262570342,0.493345605746504
10,"young_lifetime","Fully funded system",0.46,0.0242825893494975,"capitalization","funded_only",TRUE,0.558329419634029,FALSE,0.409349412796416,0.943589265990165,-2.70508791846473,-5.06707069157726,0.519557198831172
10,"young_lifetime","Fully funded system",0.47,0.0242870664418367,"capitalization","funded_only",TRUE,0.584846339937735,FALSE,0.428790777291604,0.988403457193084,-2.52321634218523,-4.8513784339963,0.54622886466082
10,"young_lifetime","Fully funded system",0.48,0.0242021426680683,"capitalization","funded_only",TRUE,0.612622636942124,FALSE,0.449155476819453,1.03534602332094,-2.3535725645043,-4.40765539469607,0.519334360746786
10,"young_lifetime","Fully funded system",0.49,0.0240287546408929,"capitalization","funded_only",TRUE,0.641718122633508,FALSE,0.470487363630292,1.08451804797469,-2.19533447202947,-4.11131484736734,0.519334360746786
10,"young_lifetime","Fully funded system",0.5,0.0237688078223462,"capitalization","funded_only",TRUE,0.672195449668273,FALSE,0.492832372663602,1.13602541555157,-2.04773522463965,-3.83489820790508,0.519334360746786
10,"young_lifetime","Fully funded system",0.51,0.0234251416663332,"capitalization","funded_only",TRUE,0.704120246285745,FALSE,0.516238620461852,1.18997903925084,-1.91005953928905,-3.57706592926368,0.519334360746786
10,"young_lifetime","Fully funded system",0.52,0.0230014779905107,"capitalization","funded_only",TRUE,0.737561257628517,FALSE,0.540756508782075,1.24649509990832,-1.78164022366276,-3.33656852636223,0.519334360746786
10,"young_lifetime","Fully funded system",0.53,0.0225023538900762,"capitalization","funded_only",TRUE,0.772590493774548,FALSE,0.566438833128308,1.30569529617399,-1.66185494288549,-3.11224052093516,0.519334360746786
10,"young_lifetime","Fully funded system",0.54,0.0219330408840984,"capitalization","funded_only",TRUE,0.809283384799795,FALSE,0.59334089643859,1.36770710657127,-1.55012320361471,-2.90299479348959,0.519334360746787
10,"young_lifetime","Fully funded system",0.55,0.0212994523083938,"capitalization","funded_only",TRUE,0.84771894320529,FALSE,0.621520628171345,1.43266406400249,-1.44590354090266,-2.70781731499833,0.519334360746787
10,"young_lifetime","Fully funded system",0.56,0.0206080412279339,"capitalization","funded_only",TRUE,0.887979934058415,FALSE,0.651038709047562,1.50070604329142,-1.34869089419456,-2.52576223279784,0.519334360746787
10,"young_lifetime","Fully funded system",0.57,0.0198656913291574,"capitalization","funded_only",TRUE,0.930153053214757,FALSE,0.681958701717405,1.57197956238223,-1.25801415974662,-2.35594728687665,0.519334360746786
10,"young_lifetime","Fully funded system",0.58,0.0190796033639485,"capitalization","funded_only",TRUE,0.974329114004303,FALSE,0.714347187632607,1.64663809784337,-1.17343390760277,-2.19754953434119,0.519334360746786
10,"young_lifetime","Fully funded system",0.59,0.0182571797508447,"capitalization","funded_only",TRUE,1.02060324278399,FALSE,0.748273910419392,1.72484241535574,-1.09454025206619,-2.04980136133921,0.519334360746786
10,"young_lifetime","Fully funded system",0.6,0.0174059098965294,"capitalization","funded_only",TRUE,1.06907508377769,FALSE,0.783811926060659,1.80676091589691,-1.02095086534577,-1.91198676311418,0.519334360746787
10,"young_lifetime","Fully funded system",0.61,0.0165332586858387,"capitalization","funded_only",TRUE,1.11984901364475,FALSE,0.821037760210807,1.8925699983667,-0.952309124751355,-1.78343787416329,0.519334360746786
10,"young_lifetime","Fully funded system",0.62,0.0156465604078046,"capitalization","funded_only",TRUE,1.17303436623904,FALSE,0.860031572981974,1.98245443943515,-0.888282384458873,-1.66353173168393,0.519334360746786
10,"young_lifetime","Fully funded system",0.63,0.0147529201472209,"capitalization","funded_only",TRUE,1.22874566804265,FALSE,0.900877331556513,2.07660779143062,-0.828560363470168,-1.55168725662376,0.519334360746786
10,"young_lifetime","Fully funded system",0.64,0.0138591243861013,"capitalization","funded_only",TRUE,1.28710288478106,FALSE,0.943662990997417,2.17523279912503,-0.772853641955345,-1.44736243770433,0.519334360746786
10,"young_lifetime","Fully funded system",0.65,0.0129715622386452,"capitalization","funded_only",TRUE,1.34823167975085,FALSE,0.988480683646029,2.27854183631353,-0.720892258690752,-1.3500517047717,0.519334360746786
10,"young_lifetime","Fully funded system",0.66,0.0120961583990884,"capitalization","funded_only",TRUE,1.41226368441633,FALSE,1.03542691751487,2.38675736312885,-0.672424402795635,-1.25928347874487,0.519334360746786
10,"young_lifetime","Fully funded system",0.67,0.0112383185264294,"capitalization","funded_only",TRUE,1.47933678185769,FALSE,1.08460278410283,2.50011240507498,-0.627215193427443,-1.17461788628899,0.519334360746786
10,"young_lifetime","Fully funded system",0.68,0.0104028874355191,"capitalization","funded_only",TRUE,1.54959540368094,FALSE,1.13611417608014,2.61885105481178,-0.585045541522067,-1.09564462813822,0.519334360746786
10,"young_lifetime","Fully funded system",0.69,0.00959412012165592,"capitalization","funded_only",TRUE,1.62319084102925,FALSE,1.19007201531199,2.74322899777105,-0.545711088062863,-1.02198099073794,0.519334360746786
10,"young_lifetime","Fully funded system",0.7,0.00881566532576298,"capitalization","funded_only",TRUE,1.70028157036515,FALSE,1.24659249171172,2.87351406273573,-0.509021213733189,-0.953269991570609,0.519334360746786
10,"young_lifetime","Fully funded system",0.71,0.00807056105809019,"capitalization","funded_only",TRUE,1.78103359472522,FALSE,1.30579731343791,3.00998679856807,-0.474798115153127,-0.889178649177095,0.519334360746786
10,"young_lifetime","Fully funded system",0.72,0.00736124124713052,"capitalization","funded_only",TRUE,1.86562080118214,FALSE,1.36781396897421,3.1529410783285,-0.442875943223706,-0.829396369489974,0.519334360746786
10,"young_lifetime","Fully funded system",0.73,0.00668955247216793,"capitalization","funded_only",TRUE,1.95422533528373,FALSE,1.4327760016562,3.30268473208602,-0.413099999402968,-0.773633440658722,0.519334360746787
10,"young_lifetime","Fully funded system",0.74,0.00605677957576838,"capitalization","funded_only",TRUE,2.04703799327543,FALSE,1.50082329723644,3.45954020978303,-0.385325986018917,-0.721619629072523,0.519334360746786
10,"young_lifetime","Fully funded system",0.75,0.00546367883789977,"capitalization","funded_only",TRUE,2.1442586329507,FALSE,1.57210238510692,3.62384527558167,-0.359419306986287,-0.673102869776903,0.519334360746786
10,"young_lifetime","Fully funded system",0.76,0.0049105173257538,"capitalization","funded_only",TRUE,2.24609660401402,FALSE,1.64676675382758,3.79595373518702,-0.335254415538331,-0.627848044937771,0.519334360746786
10,"young_lifetime","Fully funded system",0.77,0.00439711701067287,"capitalization","funded_only",TRUE,2.35277119888331,FALSE,1.72497718164036,3.97623619771333,-0.312714205812644,-0.585353645657103,0.518846243153736
10,"young_lifetime","Fully funded system",0.78,0.00392290226240524,"capitalization","funded_only",TRUE,2.46451212490246,FALSE,1.80690208268041,4.16508087373379,-0.291689445342599,-0.545605063989596,0.518116563168361
10,"young_lifetime","Fully funded system",0.79,0.00348694938664893,"capitalization","funded_only",TRUE,2.5815599989808,FALSE,1.89271786963006,4.36289441123228,-0.272078245704157,-0.508606957822125,0.517489351590195
10,"young_lifetime","Fully funded system",0.8,0.00308803695908519,"capitalization","funded_only",TRUE,2.7041668657246,FALSE,1.98260933359641,4.57010277125738,-0.25378556875277,-0.474158869565732,0.516950131863789
10,"young_lifetime","Fully funded system",0.81,0.00272469582188591,"capitalization","funded_only",TRUE,2.83259674017639,FALSE,2.07677004203054,4.78715214516394,-0.236722766057525,-0.442076924665344,0.516486492556312
10,"young_lifetime","Fully funded system",0.82,0.0023952577407798,"capitalization","funded_only",TRUE,2.96712617633082,FALSE,2.17540275554534,5.01450991541763,-0.220807149300582,-0.412192091946951,0.516087788537173
10,"young_lifetime","Fully funded system",0.83,0.00209790186595431,"capitalization","funded_only",TRUE,3.10804486265113,FALSE,2.27871986452926,5.25266566203122,-0.205961589560006,-0.384348687606164,0.515744886168501
10,"young_lifetime","Fully funded system",0.84,0.00183069829236669,"capitalization","funded_only",TRUE,3.25565624586873,FALSE,2.3869438464964,5.50213221679989,-0.192114143534086,-0.358403080525969,0.515449945933133
10,"young_lifetime","Fully funded system",0.85,0.00159164816888775,"capitalization","funded_only",TRUE,3.41027818440916,FALSE,2.50030774515761,5.7634467676057,-0.179197704895759,-0.334222564813852,0.515196236896827
10,"young_lifetime","Fully funded system",0.86,0.00137871995615396,"capitalization","funded_only",TRUE,3.57224363285126,FALSE,2.61905567224435,6.0371720151691,-0.167149679087579,-0.31168437198681,0.514977978242662
10,"young_lifetime","Fully funded system",0.87,0.00118988157581876,"capitalization","funded_only",TRUE,3.74190135889376,FALSE,2.74344333316574,6.32389738473844,-0.155911679981243,-0.290674800448292,0.514790203837534
10,"young_lifetime","Fully funded system",0.88,0.0010231283256207,"capitalization","funded_only",TRUE,3.91961669437287,FALSE,2.87373857763087,6.62424029532668,-0.145429246931648,-0.271088444066496,0.514628646405958
10,"young_lifetime","Fully funded system",0.89,0.000876506552691064,"capitalization","funded_only",TRUE,4.10577232194823,FALSE,3.01022197642199,6.93884748922829,-0.135651580854307,-0.252827504995748,0.514489638408303
10,"young_lifetime","Fully funded system",0.9,0.000748133179985062,"capitalization","funded_only",TRUE,4.30076909915125,FALSE,3.15318742556054,7.26839642467942,-0.126531298047093,-0.235801178553795,0.514370027162122
10,"young_lifetime","Fully funded system",0.91,0.000636211266591,"capitalization","funded_only",TRUE,4.50502692157011,FALSE,3.3029427791671,7.61359673466003,-0.118024200563335,-0.219925100113948,0.51426710211822
10,"young_lifetime","Fully funded system",0.92,0.000539041851611795,"capitalization","funded_only",TRUE,4.71898562703046,FALSE,3.45981051237787,7.97519175497953,-0.110089062023452,-0.205120845699737,0.514178532517949
10,"young_lifetime","Fully funded system",0.93,0.000455032383605845,"capitalization","funded_only",TRUE,4.94310594271851,FALSE,3.62412841574536,8.35396012493608,-0.102687427827141,-0.19131547936609,0.514102313924168
10,"young_lifetime","Fully funded system",0.94,0.00038270207402884,"capitalization","funded_only",TRUE,5.17787047728622,FALSE,3.79625032261838,8.75071746399672,-0.095783428797931,-0.178441141582375,0.514036722342909
10,"young_lifetime","Fully funded system",0.95,0.000320684534961157,"capitalization","funded_only",TRUE,5.42378476007488,FALSE,3.97654687106781,9.16631812810851,-0.0893436073569993,-0.166434673752282,0.513980274842897
10,"young_lifetime","Fully funded system",0.96,0.000267728070175611,"capitalization","funded_only",TRUE,5.68137832969482,FALSE,4.1654063019987,9.60165704942272,-0.0833367553838718,-0.155237274755506,0.513931695740914
10,"young_lifetime","Fully funded system",0.97,0.000222693986042829,"capitalization","funded_only",TRUE,5.95120587430544,FALSE,4.36323529516738,10.0576716633937,-0.0777337629782552,-0.144794186010352,0.513889887557506
10,"young_lifetime","Fully funded system",0.98,0.00018455327674269,"capitalization","funded_only",TRUE,6.23384842605086,FALSE,4.57045984490382,10.5353439274021,-0.0725074773900902,-0.135054402061037,0.513853906063331
10,"young_lifetime","Fully funded system",0.99,0.000152382018630337,"capitalization","funded_only",TRUE,6.5299146122234,FALSE,4.78752617742494,11.0357024352489,-0.0676325714341796,-0.125970404110133,0.513822938834932
10,"young_lifetime","Fully funded system",1,6.26778916131105e-05,"capitalization","funded_only",TRUE,6.84004196584886,FALSE,5.01490171171418,11.5598246320744,-0.0630854207517165,-0.117497914261974,0.513796286822571
11,"young_lifetime","Fully funded system",0,0.000223648618482682,"informal","informal",FALSE,0.0799894651503947,TRUE,0.08215,0.0980057121455694,-33.0823071584229,-37.4783291935855,0.0867332488897878
11,"young_lifetime","Fully funded system",0.01,0.000530074028894635,"informal","informal",FALSE,0.0823431227247277,TRUE,0.084567230436132,0.0980057121455694,-31.8770631473485,-35.8829724428766,0.0821149718913738
11,"young_lifetime","Fully funded system",0.02,0.000625857596014926,"informal","informal",FALSE,0.0847660357187188,TRUE,0.0868237677658441,0.100392466142647,-30.6581021006735,-34.3555259543591,0.0788661247631839
11,"young_lifetime","Fully funded system",0.03,0.00073622950670148,"informal","informal",FALSE,0.0872602419450065,TRUE,0.0891267083734429,0.103055307124167,-29.4775515527378,-32.8930989616206,0.0758265454246885
11,"young_lifetime","Fully funded system",0.04,0.000862878406729994,"informal","informal",FALSE,0.0898278391780401,TRUE,0.0914974120745206,0.105796501121721,-28.3393570443629,-31.4929237507913,0.0728738480102211
11,"young_lifetime","Fully funded system",0.05,0.00100759191313581,"informal","informal",FALSE,0.0924709869184312,TRUE,0.0939378727706233,0.10861835364103,-27.242196848613,-30.1523504225122,0.0700055491272202
11,"young_lifetime","Fully funded system",0.06,0.00117224512608808,"informal","informal",FALSE,0.0951919082092212,TRUE,0.0964501430330412,0.111523238026388,-26.1847779098354,-28.8688418768717,0.0672192363672615
11,"young_lifetime","Fully funded system",0.07,0.00135878545245099,"informal","informal",FALSE,0.0979928915055914,TRUE,0.0990363358291427,0.114513597456782,-25.1658360535099,-27.6399690118215,0.0645125662770838
11,"young_lifetime","Fully funded system",0.08,0.00156921348536889,"informal","informal",FALSE,0.100876292599589,TRUE,0.101698626299504,0.117591947000751,-24.1841361261457,-26.4634061259835,0.0618832623876064
11,"young_lifetime","Fully funded system",0.09,0.00180555975146526,"informal","informal",FALSE,0.103844536601486,TRUE,0.104439253587331,0.120760875731704,-23.2384720696526,-25.3369265171469,0.0593291132992821
11,"young_lifetime","Fully funded system",0.1,0.00206985722142662,"informal","informal",FALSE,0.106900119979443,TRUE,0.107260522721709,0.124023048905486,-22.3276669345005,-24.2583982681271,0.0568479708221812
11,"young_lifetime","Fully funded system",0.11,0.00236410958058029,"informal","informal",FALSE,0.110045612659181,TRUE,0.110164806556272,0.127381210202013,-21.4505728358625,-23.2257802120088,0.0544377481692382
11,"young_lifetime","Fully funded system",0.12,0.00269025537259384,"informal","informal",FALSE,0.113283660185445,TRUE,0.113154547764907,0.130838184032874,-20.6060708568093,-22.2371180691391,0.052096418201139
11,"young_lifetime","Fully funded system",0.13,0.0030501282598838,"informal","informal",FALSE,0.11661698594706,TRUE,0.116232260896192,0.134396877916818,-19.7930709024857,-21.2905407485582,0.0498220117213781
11,"young_lifetime","Fully funded system",0.14,0.00344541378616971,"informal","informal",FALSE,0.120048393467464,TRUE,0.119400534488276,0.138060284925159,-19.0105115090642,-20.3842568068699,0.0476126158200489
11,"young_lifetime","Fully funded system",0.15,0.0038776031764757,"informal","informal",FALSE,0.123580768762635,TRUE,0.122662033245994,0.141831486199117,-18.2573596111234,-19.5165510578476,0.0454663722649724
11,"young_lifetime","Fully funded system",0.16,0.00434794486360459,"informal","informal",FALSE,0.127217082768401,TRUE,0.126019500282038,0.145713653541246,-17.5326102709537,-18.6857813263618,0.043381475938816
11,"young_lifetime","Fully funded system",0.17,0.00485739458280167,"informal","informal",FALSE,0.13096039383917,TRUE,0.129475759424082,0.149710052083101,-16.8352863731467,-17.8903753404839,0.041356173320882
11,"young_lifetime","Fully funded system",0.18,0.00540656502249209,"informal","informal",FALSE,0.134813850320191,TRUE,0.133033717589781,0.153824043031412,-16.1644382876704,-17.1288277558855,0.0393887610122936
11,"young_lifetime","Fully funded system",0.19,0.00599567615266305,"informal","informal",FALSE,0.138780693195494,TRUE,0.136696367231665,0.158059086495051,-15.5191435044882,-16.3996973069017,0.0374775843033361
11,"young_lifetime","Fully funded system",0.2,0.00662450746745946,"informal","informal",FALSE,0.142864258813749,TRUE,0.140466788853966,0.162418744395192,-14.8985062426267,-15.7016040788657,0.0356210357817501
11,"young_lifetime","Fully funded system",0.21,0.00729235346863131,"informal","informal",FALSE,0.147067981694333,TRUE,0.144348153603504,0.166906683461095,-14.3016570364529,-15.0332268965535,0.0338175539808001
11,"young_lifetime","Fully funded system",0.22,0.00799798377561329,"informal","informal",FALSE,0.151395397415965,TRUE,0.148343725936807,0.171526678314041,-13.7277523017727,-14.3933008237962,0.0320656220659918
11,"young_lifetime","Fully funded system",0.23,0.0087396092707509,"informal","informal",FALSE,0.155850145590331,TRUE,0.152456866365713,0.176282614642013,-13.1759738842218,-13.7806147695268,0.0303637665593219
11,"young_lifetime","Fully funded system",0.24,0.0095148556698428,"informal","informal",FALSE,0.160435972923217,TRUE,0.156691034283759,0.181178492467785,-12.6455285922788,-13.1940091957318,0.0287105560999996
11,"young_lifetime","Fully funded system",0.25,0.010320745845168,"informal","informal",FALSE,0.165156736365705,TRUE,0.161049790875734,0.186218429513179,-12.1356477170925,-12.6323739229692,0.0271046002405859
11,"young_lifetime","Fully funded system",0.26,0.0111536921182913,"capitalization","funded_only",TRUE,0.220742646050821,FALSE,0.16209404528922,0.373455951891947,-10.8565345843255,-12.0946460293005,0.0746522728679713
11,"young_lifetime","Fully funded system",0.27,0.0120094995825537,"capitalization","funded_only",TRUE,0.231226448170357,FALSE,0.169792430381406,0.391192616601026,-10.1266155882344,-11.5798078386594,0.0935148509446977
11,"young_lifetime","Fully funded system",0.28,0.0128833813113884,"capitalization","funded_only",TRUE,0.242208160905935,FALSE,0.17785643737489,0.409771654482654,-9.44577134400959,-11.0868849948502,0.112708509930742
11,"young_lifetime","Fully funded system",0.29,0.0137699860614464,"capitalization","funded_only",TRUE,0.253711431688011,FALSE,0.186303430869272,0.429233072639262,-8.81070240159767,-10.6149446175323,0.132239061044912
11,"young_lifetime","Fully funded system",0.3,0.0146634387938913,"capitalization","funded_only",TRUE,0.265761031042134,FALSE,0.19515160016672,0.449618778243582,-8.21833114335867,-10.1630935366981,0.152112417506051
11,"young_lifetime","Fully funded system",0.31,0.0155573940198842,"capitalization","funded_only",TRUE,0.278382905928459,FALSE,0.204419998439828,0.470972668779298,-7.66578686957485,-9.73047660230625,0.17233459632337
11,"young_lifetime","Fully funded system",0.32,0.0164451016357299,"capitalization","funded_only",TRUE,0.291604235614539,FALSE,0.214128583759702,0.493340726567531,-7.15039188670734,-9.31627506586847,0.192911720118198
11,"young_lifetime","Fully funded system",0.33,0.0173194845593781,"capitalization","funded_only",TRUE,0.305453490201701,FALSE,0.224298262072594,0.5167711177827,-6.66964853098321,-8.91970503092844,0.213850018977718
11,"young_lifetime","Fully funded system",0.34,0.0181732271241403,"capitalization","funded_only",TRUE,0.319960491931032,FALSE,0.234950932217644,0.541314296170977,-6.22122706442749,-8.54001596949986,0.235155832341235
11,"young_lifetime","Fully funded system",0.35,0.0189988728395791,"capitalization","funded_only",TRUE,0.335156479400994,FALSE,0.246109533082668,0.567023111694671,-5.80295438468323,-8.1764893016559,0.25683561091955
11,"young_lifetime","Fully funded system",0.36,0.0197889298058682,"capitalization","funded_only",TRUE,0.351074174834941,FALSE,0.257798092999524,0.593952924336503,-5.41280349390578,-7.82843703558187,0.278895918648032
11,"young_lifetime","Fully funded system",0.37,0.0205359817787106,"capitalization","funded_only",TRUE,0.3677478545434,FALSE,0.27004178148543,0.622161723308815,-5.04888367569651,-7.49520046551748,0.301343434673962
11,"young_lifetime","Fully funded system",0.38,0.0212328026386743,"capitalization","funded_only",TRUE,0.385213422732835,FALSE,0.282866963441655,0.651710251924431,-4.70943133247216,-7.1761489251242,0.324184955378761
11,"young_lifetime","Fully funded system",0.39,0.0218724718319488,"capitalization","funded_only",TRUE,0.403508488819842,FALSE,0.296301255926279,0.68266213839804,-4.39280143886676,-6.87067859391881,0.347427396435718
11,"young_lifetime","Fully funded system",0.4,0.0224484882277816,"capitalization","funded_only",TRUE,0.422672448417239,FALSE,0.310373587623281,0.715084032859779,-4.09745956974816,-6.57821135451382,0.37107779490383
11,"young_lifetime","Fully funded system",0.41,0.0229548797878943,"capitalization","funded_only",TRUE,0.44274656816647,FALSE,0.32511426113602,0.749045750876044,-3.82197446421616,-6.29819369850236,0.395143311358395
11,"young_lifetime","Fully funded system",0.42,0.0233863064692461,"capitalization","funded_only",TRUE,0.463774074598972,FALSE,0.340555018239224,0.784620423786579,-3.56501108954646,-6.03009567891675,0.419631232059004
11,"young_lifetime","Fully funded system",0.43,0.0237381538851594,"capitalization","funded_only",TRUE,0.485800247217866,FALSE,0.356729108230033,0.821884656181581,-3.32532417146741,-5.77340990727817,0.444548971155586
11,"young_lifetime","Fully funded system",0.44,0.0240066154297712,"capitalization","funded_only",TRUE,0.508872516000408,FALSE,0.373671359525242,0.860918690857904,-3.10175215941675,-5.52765059333943,0.469904072933169
11,"young_lifetime","Fully funded system",0.45,0.0241887608228689,"capitalization","funded_only",TRUE,0.533040563531154,FALSE,0.391418254658948,0.901806581609593,-2.89321159753305,-5.29235262570342,0.495704214096047
11,"young_lifetime","Fully funded system",0.46,0.0242825893494975,"capitalization","funded_only",TRUE,0.558356431985772,FALSE,0.41000800884208,0.944636374224808,-2.69869187410311,-5.06707069157726,0.521957206092036
11,"young_lifetime","Fully funded system",0.47,0.0242870664418367,"capitalization","funded_only",TRUE,0.584874635195865,FALSE,0.429480652252977,0.9895002960789,-2.51725032402057,-4.8513784339963,0.548670997477536
11,"young_lifetime","Fully funded system",0.48,0.0242021426680683,"capitalization","funded_only",TRUE,0.61265227603613,FALSE,0.449878116236231,1.03649495473188,-2.34800766052166,-4.40765539469607,0.521734016054449
11,"young_lifetime","Fully funded system",0.49,0.0240287546408929,"capitalization","funded_only",TRUE,0.641749169386624,FALSE,0.471244323595386,1.08572154595796,-2.19014371405971,-4.11131484736734,0.521734016054448
11,"young_lifetime","Fully funded system",0.5,0.0237688078223462,"capitalization","funded_only",TRUE,0.672227970934909,FALSE,0.493625283173951,1.13728607165509,-2.04289345766851,-3.83489820790508,0.521734016054449
11,"young_lifetime","Fully funded system",0.51,0.0234251416663332,"capitalization","funded_only",TRUE,0.70415431209545,FALSE,0.517069188928367,1.19129956810377,-1.9055432995531,-3.57706592926368,0.521734016054449
11,"young_lifetime","Fully funded system",0.52,0.0230014779905107,"capitalization","funded_only",TRUE,0.737596941336777,FALSE,0.541626523706289,1.24787834506657,-1.77742762494122,-3.33656852636223,0.521734016054449
11,"young_lifetime","Fully funded system",0.53,0.0225023538900762,"capitalization","funded_only",TRUE,0.772627872220744,FALSE,0.567350167953635,1.3071442362434,-1.65792557043711,-3.11224052093516,0.521734016054449
11,"young_lifetime","Fully funded system",0.54,0.0219330408840984,"capitalization","funded_only",TRUE,0.809322538472665,FALSE,0.594295513584503,1.36922486162158,-1.54645801524556,-2.90299479348959,0.521734016054449
11,"young_lifetime","Fully funded system",0.55,0.0212994523083938,"capitalization","funded_only",TRUE,0.847759956416251,FALSE,0.622520583259141,1.43425390228591,-1.44248477468545,-2.70781731499833,0.521734016054449
11,"young_lifetime","Fully funded system",0.56,0.0206080412279339,"capitalization","funded_only",TRUE,0.888022895123113,FALSE,0.652086155326827,1.50237138828033,-1.34550198239229,-2.52576223279784,0.521734016054449
11,"young_lifetime","Fully funded system",0.57,0.0198656913291574,"capitalization","funded_only",TRUE,0.930198054643242,FALSE,0.683055894702706,1.5737240001411,-1.2550396485234,-2.35594728687665,0.521734016054449
11,"young_lifetime","Fully funded system",0.58,0.0190796033639485,"capitalization","funded_only",TRUE,0.974376252700233,FALSE,0.715496489960395,1.64846538475079,-1.17065938213274,-2.19754953434119,0.521734016054449
11,"young_lifetime","Fully funded system",0.59,0.0182571797508447,"capitalization","funded_only",TRUE,1.0206526202533,FALSE,0.749477796935581,1.72675648619321,-1.09195226667762,-2.04980136133921,0.521734016054449
11,"young_lifetime","Fully funded system",0.6,0.0174059098965294,"capitalization","funded_only",TRUE,1.06912680634718,FALSE,0.78507298914982,1.80876589232177,-1.01853687836176,-1.91198676311418,0.521734016054449
11,"young_lifetime","Fully funded system",0.61,0.0165332586858387,"capitalization","funded_only",TRUE,1.11990319269101,FALSE,0.822358715378475,1.89467019778753,-0.950057437711424,-1.78343787416329,0.521734016054449
11,"young_lifetime","Fully funded system",0.62,0.0156465604078046,"capitalization","funded_only",TRUE,1.17309111842832,FALSE,0.861415264702068,1.98465438430858,-0.886182085426867,-1.66353173168393,0.521734016054449
11,"young_lifetime","Fully funded system",0.63,0.0147529201472209,"capitalization","funded_only",TRUE,1.22880511558208,FALSE,0.902326739396475,2.07891221899981,-0.826601274153751,-1.55168725662376,0.521734016054449
11,"young_lifetime","Fully funded system",0.64,0.0138591243861013,"capitalization","funded_only",TRUE,1.28716515568177,FALSE,0.945181236034254,2.17764667162054,-0.771026268380815,-1.44736243770433,0.521734016054449
11,"young_lifetime","Fully funded system",0.65,0.0129715622386452,"capitalization","funded_only",TRUE,1.34829690810365,FALSE,0.990071035187068,2.28107035163877,-0.719187745194145,-1.3500517047717,0.521734016054449
11,"young_lifetime","Fully funded system",0.66,0.0120961583990884,"capitalization","funded_only",TRUE,1.41233201068046,FALSE,1.03709280013772,2.38940596605292,-0.670834489107154,-1.25928347874487,0.521734016054449
11,"young_lifetime","Fully funded system",0.67,0.0112383185264294,"capitalization","funded_only",TRUE,1.47940835316325,FALSE,1.08634778502966,2.50288679895719,-0.62573217464123,-1.17461788628899,0.521734016054449
11,"young_lifetime","Fully funded system",0.68,0.0104028874355191,"capitalization","funded_only",TRUE,1.54967037414574,FALSE,1.13794205290223,2.62175721388294,-0.583662230757342,-1.09564462813822,0.521734016054449
11,"young_lifetime","Fully funded system",0.69,0.00959412012165592,"capitalization","funded_only",TRUE,1.62326937209067,FALSE,1.19198670408114,2.74627317999801,-0.544420781635464,-1.02198099073794,0.521734016054448
11,"young_lifetime","Fully funded system",0.7,0.00881566532576298,"capitalization","funded_only",TRUE,1.70036383112775,FALSE,1.2485981154159,2.87670282329703,-0.507817658668743,-0.953269991570609,0.521734016054449
11,"young_lifetime","Fully funded system",0.71,0.00807056105809019,"capitalization","funded_only",TRUE,1.78111976232492,FALSE,1.30789819087949,3.01332700396946,-0.473675478884412,-0.889178649177095,0.521734016054449
11,"young_lifetime","Fully funded system",0.72,0.00736124124713052,"capitalization","funded_only",TRUE,1.8657110611676,FALSE,1.37001462406986,3.1564399211889,-0.441828785325356,-0.829396369489974,0.521734016054449
11,"young_lifetime","Fully funded system",0.73,0.00668955247216793,"capitalization","funded_only",TRUE,1.95431988201597,FALSE,1.43508117317842,3.30634974662576,-0.41212324522654,-0.773633440658722,0.521734016054449
11,"young_lifetime","Fully funded system",0.74,0.00605677957576838,"capitalization","funded_only",TRUE,2.04713703034631,FALSE,1.50323794901779,3.4633792880476,-0.384414902100558,-0.721619629072523,0.521734016054449
11,"young_lifetime","Fully funded system",0.75,0.00546367883789977,"capitalization","funded_only",TRUE,2.14436237362133,FALSE,1.57463171672886,3.62786668443603,-0.35856947810782,-0.673102869776903,0.521734016054448
11,"young_lifetime","Fully funded system",0.76,0.0049105173257538,"capitalization","funded_only",TRUE,2.24620527167398,FALSE,1.649416211817,3.80016613411704,-0.334461723330594,-0.627848044937771,0.521734016054449
11,"young_lifetime","Fully funded system",0.77,0.00439711701067287,"capitalization","funded_only",TRUE,2.3528850275317,FALSE,1.72775247119782,3.98064865747266,-0.3119748087974,-0.585353645657103,0.52124512752249
11,"young_lifetime","Fully funded system",0.78,0.00392290226240524,"capitalization","funded_only",TRUE,2.46463135965179,FALSE,1.80980917996541,4.1697028958763,-0.290999760316285,-0.545605063989596,0.520514295071605
11,"young_lifetime","Fully funded system",0.79,0.00348694938664893,"capitalization","funded_only",TRUE,2.58168489658477,FALSE,1.89576303462976,4.36773594857225,-0.271434930373266,-0.508606957822125,0.519886092867786
11,"young_lifetime","Fully funded system",0.8,0.00308803695908519,"capitalization","funded_only",TRUE,2.704297695131,FALSE,1.98579912360559,4.5751742493013,-0.25318550553671,-0.474158869565732,0.519346021491137
11,"young_lifetime","Fully funded system",0.81,0.00272469582188591,"capitalization","funded_only",TRUE,2.83273378310625,FALSE,2.08011132577171,4.79246448456029,-0.236163046980458,-0.442076924665344,0.518881649906056
11,"young_lifetime","Fully funded system",0.82,0.0023952577407798,"capitalization","funded_only",TRUE,2.96726972788502,FALSE,2.17890272795947,5.02007455547277,-0.220285061899042,-0.412192091946951,0.518482316168904
11,"young_lifetime","Fully funded system",0.83,0.00209790186595431,"capitalization","funded_only",TRUE,3.10819523194587,FALSE,2.28238606226899,5.25849458534222,-0.205474603737984,-0.384348687606164,0.518138872216029
11,"young_lifetime","Fully funded system",0.84,0.00183069829236669,"capitalization","funded_only",TRUE,3.25581375670118,FALSE,2.39078416415506,5.50823797505718,-0.191659899301893,-0.358403080525969,0.517843466148438
11,"young_lifetime","Fully funded system",0.85,0.00159164816888775,"capitalization","funded_only",TRUE,3.41044317595469,FALSE,2.50433045226901,5.76984250862121,-0.178774000933241,-0.334222564813852,0.517589356400972
11,"young_lifetime","Fully funded system",0.86,0.00137871995615396,"capitalization","funded_only",TRUE,3.5724164603938,FALSE,2.62326943108996,6.04387151118807,-0.166754462076267,-0.31168437198681,0.517370753026414
11,"young_lifetime","Fully funded system",0.87,0.00118988157581876,"capitalization","funded_only",TRUE,3.74208239459086,FALSE,2.74785721742756,6.33091506209582,-0.15554303465373,-0.290674800448292,0.517182682048089
11,"young_lifetime","Fully funded system",0.88,0.0010231283256207,"capitalization","funded_only",TRUE,3.91980632805708,FALSE,2.87836209193023,6.63159126551201,-0.145085386789987,-0.271088444066496,0.517020869450726
11,"young_lifetime","Fully funded system",0.89,0.000876506552691064,"capitalization","funded_only",TRUE,4.10597096196654,FALSE,3.01506507678629,6.94654758142602,-0.135330839512429,-0.252827504995748,0.516881641902135
11,"young_lifetime","Fully funded system",0.9,0.000748133179985062,"capitalization","funded_only",TRUE,4.3009771732444,FALSE,3.15826054086203,7.27646221985455,-0.126232121155311,-0.235801178553795,0.516761841740487
11,"young_lifetime","Fully funded system",0.91,0.000636211266591,"capitalization","funded_only",TRUE,4.50524487779369,FALSE,3.30825683357981,7.62204560126276,-0.117745138275786,-0.219925100113948,0.516658754135509
11,"young_lifetime","Fully funded system",0.92,0.000539041851611795,"capitalization","funded_only",TRUE,4.7192139347197,FALSE,3.46537694890121,7.98404188634546,-0.109828761971973,-0.205120845699737,0.516570044647327
11,"young_lifetime","Fully funded system",0.93,0.000455032383605845,"capitalization","funded_only",TRUE,4.94334509349891,FALSE,3.6299592208448,8.36323057846283,-0.102444628567539,-0.19131547936609,0.516493705672964
11,"young_lifetime","Fully funded system",0.94,0.00038270207402884,"capitalization","funded_only",TRUE,5.17812098613224,FALSE,3.8023580520365,8.76042820218107,-0.0955569536968751,-0.178441141582375,0.516428010495558
11,"young_lifetime","Fully funded system",0.95,0.000320684534961157,"capitalization","funded_only",TRUE,5.42404716641882,FALSE,3.98294467686113,9.17649006153256,-0.0891323588899231,-0.166434673752282,0.516371473841672
11,"young_lifetime","Fully funded system",0.96,0.000267728070175611,"capitalization","funded_only",TRUE,5.6816531985884,FALSE,4.17210796085864,9.61231208178166,-0.0831397098162398,-0.155237274755506,0.516322818013261
11,"young_lifetime","Fully funded system",0.97,0.000222693986042829,"capitalization","funded_only",TRUE,5.95149379763658,FALSE,4.37025523808624,10.068832738662,-0.0775499654044275,-0.144794186010352,0.516280943797496
11,"young_lifetime","Fully funded system",0.98,0.00018455327674269,"capitalization","funded_only",TRUE,6.2341500238182,FALSE,4.57781318824968,10.5470350792398,-0.0723360371057392,-0.135054402061037,0.516244905473707
11,"young_lifetime","Fully funded system",0.99,0.000152382018630337,"capitalization","funded_only",TRUE,6.53023053387137,FALSE,4.79522875549248,11.0479488387546,-0.0674726576198336,-0.125970404110133,0.516213889335289
11,"young_lifetime","Fully funded system",1,6.26778916131105e-05,"capitalization","funded_only",TRUE,6.84037289166616,FALSE,5.02297011082135,11.5726526579958,-0.0629362584465119,-0.117497914261974,0.516187195228413
12,"young_lifetime","Fully funded system",0,0.000223648618482682,"informal","informal",FALSE,0.0799026198296168,TRUE,0.08215,0.0980800109751822,-33.0768896764498,-37.4783291935855,0.0868519056950887
12,"young_lifetime","Fully funded system",0.01,0.000530074028894635,"informal","informal",FALSE,0.0822537220156038,TRUE,0.084567230436132,0.0980800109751822,-31.8716456653754,-35.8829724428766,0.0822375923201804
12,"young_lifetime","Fully funded system",0.02,0.000625857596014926,"informal","informal",FALSE,0.0846740044299831,TRUE,0.0868313764351017,0.1003876452267,-30.655008397252,-34.3555259543591,0.078938709654605
12,"young_lifetime","Fully funded system",0.03,0.00073622950670148,"informal","informal",FALSE,0.0871655026729208,TRUE,0.0891342697260986,0.103050070310613,-29.4747005512137,-32.8930989616206,0.0758959186751664
12,"young_lifetime","Fully funded system",0.04,0.000862878406729994,"informal","informal",FALSE,0.0897303122412924,TRUE,0.0915049247183025,0.105790836172941,-28.3367321773613,-31.4929237507913,0.0729401014198092
12,"young_lifetime","Fully funded system",0.05,0.00100759191313581,"informal","informal",FALSE,0.0923705902911193,TRUE,0.0939453352722925,0.108612247959319,-27.2397825631059,-30.1523504225122,0.0700687718720008
12,"young_lifetime","Fully funded system",0.06,0.00117224512608808,"informal","informal",FALSE,0.095088557451864,TRUE,0.0964575539171865,0.111516678643359,-26.182559612404,-28.8688418768717,0.0672795150743501
12,"young_lifetime","Fully funded system",0.07,0.00135878545245099,"informal","informal",FALSE,0.0978864996941102,TRUE,0.0990436935769394,0.114506571022458,-25.1638000580051,-27.6399690118215,0.064569985097487
12,"young_lifetime","Fully funded system",0.08,0.00156921348536889,"informal","informal",FALSE,0.100766770252199,TRUE,0.101705929347436,0.117584439772336,-24.1822696036877,-26.4634061259835,0.0619379030669962
12,"young_lifetime","Fully funded system",0.09,0.00180555975146526,"informal","informal",FALSE,0.103731791603439,TRUE,0.104446500325878,0.120752873562027,-23.2367630009084,-25.3369265171469,0.0593810552467509
12,"young_lifetime","Fully funded system",0.1,0.00206985722142662,"informal","informal",FALSE,0.106784057505549,TRUE,0.10726771149399,0.124014537231101,-22.326104064175,-24.2583982681271,0.0568972911770289
12,"young_lifetime","Fully funded system",0.11,0.00236410958058029,"informal","informal",FALSE,0.109926135094059,TRUE,0.110171935656652,0.127372174030951,-21.4491456293379,-23.2257802120088,0.0544845218658505
12,"young_lifetime","Fully funded system",0.12,0.00269025537259384,"informal","informal",FALSE,0.11316066704142,TRUE,0.113161615437566,0.130828607932032,-20.6047694588649,-22.2371180691391,0.0521407180320119
12,"young_lifetime","Fully funded system",0.13,0.0030501282598838,"informal","informal",FALSE,0.116490373779649,TRUE,0.116239265333644,0.134386745998983,-19.79188609803,-21.2905407485582,0.0498639083983412
12,"young_lifetime","Fully funded system",0.14,0.00344541378616971,"informal","informal",FALSE,0.119918055788372,TRUE,0.11940747382985,0.13804958083564,-19.0094346858102,-20.3842568068699,0.0476521780337376
12,"young_lifetime","Fully funded system",0.15,0.0038776031764757,"informal","informal",FALSE,0.123446595950191,TRUE,0.12266890557627,0.141820193101995,-18.2563827241371,-19.5165510578476,0.0455036667426005
12,"young_lifetime","Fully funded system",0.16,0.00434794486360459,"informal","informal",FALSE,0.12707896197536,TRUE,0.126026303629236,0.14570175410521,-17.531725809008,-18.6857813263618,0.0434165675002975
12,"young_lifetime","Fully funded system",0.17,0.00485739458280167,"informal","informal",FALSE,0.130818208897806,TRUE,0.129482491758403,0.149697528466876,-16.8344873268094,-17.8903753404839,0.0413891249333493
12,"young_lifetime","Fully funded system",0.18,0.00540656502249209,"informal","informal",FALSE,0.134667481644587,TRUE,0.1330403768217,0.153810876868747,-16.1637181190604,-17.1288277558855,0.0394196338430546
12,"young_lifetime","Fully funded system",0.19,0.00599567615266305,"informal","informal",FALSE,0.138630017680966,TRUE,0.136702951210173,0.158045258879279,-15.51849611863,-16.3996973069017,0.0375064377713223
12,"young_lifetime","Fully funded system",0.2,0.00662450746745946,"informal","informal",FALSE,0.142709149733308,TRUE,0.140473295364763,0.162404235863323,-14.8979259603385,-15.7016040788657,0.0356479276074888
12,"young_lifetime","Fully funded system",0.21,0.00729235346863131,"informal","informal",FALSE,0.146908308592102,TRUE,0.144354580367133,0.166891473977449,-14.3011385687009,-15.0332268965535,0.0338425402349625
12,"young_lifetime","Fully funded system",0.22,0.00799798377561329,"informal","informal",FALSE,0.151231025997452,TRUE,0.14835007060674,0.171510747253397,-13.7272907254291,-14.3933008237962,0.0320887572165502
12,"young_lifetime","Fully funded system",0.23,0.0087396092707509,"informal","informal",FALSE,0.155680937609485,TRUE,0.152463126526377,0.176265940772259,-13.1755646191632,-13.7806147695268,0.0303851035173623
12,"young_lifetime","Fully funded system",0.24,0.0095148556698428,"informal","informal",FALSE,0.160261786066152,TRUE,0.156697207448503,0.181161053932065,-12.6451673797635,-13.1940091957318,0.028730146264222
12,"young_lifetime","Fully funded system",0.25,0.010320745845168,"informal","informal",FALSE,0.164977424131009,TRUE,0.161055874484737,0.186200203811508,-12.1353305993578,-12.6323739229692,0.0271224935405332
12,"young_lifetime","Fully funded system",0.26,0.0111536921182913,"capitalization","funded_only",TRUE,0.22074701492953,FALSE,0.162273435217997,0.373742488318573,-10.8388626984618,-12.0946460293005,0.0758200445546104
12,"young_lifetime","Fully funded system",0.27,0.0120094995825537,"capitalization","funded_only",TRUE,0.231231024541641,FALSE,0.169980340134282,0.391492761595143,-10.1101318388878,-11.5798078386594,0.0947031196657462
12,"young_lifetime","Fully funded system",0.28,0.0128833813113884,"capitalization","funded_only",TRUE,0.242212954624305,FALSE,0.178053271586636,0.410086054360372,-9.43039584902182,-11.0868849948502,0.113917635455514
12,"young_lifetime","Fully funded system",0.29,0.0137699860614464,"capitalization","funded_only",TRUE,0.253716453076004,FALSE,0.186509613392109,0.429562404412395,-8.79636064953944,-10.6149446175323,0.133469409457488
12,"young_lifetime","Fully funded system",0.3,0.0146634387938913,"capitalization","funded_only",TRUE,0.265766290912536,FALSE,0.19536757498302,0.449963751077485,-8.20495363243864,-10.1630935366981,0.153364361316116
12,"young_lifetime","Fully funded system",0.31,0.0155573940198842,"capitalization","funded_only",TRUE,0.278388415607593,FALSE,0.204646230618162,0.471334025519944,-7.65330877082591,-9.73047660230625,0.173608514578994
12,"young_lifetime","Fully funded system",0.32,0.0164451016357299,"capitalization","funded_only",TRUE,0.291610006966651,FALSE,0.214365560456293,0.49371924534112,-7.13875272981791,-9.31627506586847,0.194207998520603
12,"young_lifetime","Fully funded system",0.33,0.0173194845593781,"capitalization","funded_only",TRUE,0.305459535654512,FALSE,0.224546493580335,0.517167613671232,-6.6587919112511,-8.91970503092844,0.215169049998055
12,"young_lifetime","Fully funded system",0.34,0.0181732271241403,"capitalization","funded_only",TRUE,0.319966824502495,FALSE,0.235210953064933,0.541729622967405,-6.21110036941623,-8.54001596949986,0.236498015339411
12,"young_lifetime","Fully funded system",0.35,0.0189988728395791,"capitalization","funded_only",TRUE,0.335163112727329,FALSE,0.246381903184434,0.567458163741416,-5.79350853925605,-8.1764893016559,0.258201352265143
12,"young_lifetime","Fully funded system",0.36,0.0197889298058682,"capitalization","funded_only",TRUE,0.351081123199996,FALSE,0.258083398862916,0.594408638451277,-5.40399272240186,-7.82843703558187,0.280285631843324
12,"young_lifetime","Fully funded system",0.37,0.0205359817787106,"capitalization","funded_only",TRUE,0.367755132909411,FALSE,0.270340637472774,0.622639080801921,-5.0406652800968,-7.49520046551748,0.302757540479136
12,"young_lifetime","Fully funded system",0.38,0.0212328026386743,"capitalization","funded_only",TRUE,0.385221046772645,FALSE,0.283180013093384,0.652210280711858,-4.70176548547984,-7.1761489251242,0.325623881939292
12,"young_lifetime","Fully funded system",0.39,0.0218724718319488,"capitalization","funded_only",TRUE,0.403516474950648,FALSE,0.296629173346701,0.683185915214927,-4.38565099089955,-6.87067859391881,0.348891579412004
12,"young_lifetime","Fully funded system",0.4,0.0224484882277816,"capitalization","funded_only",TRUE,0.422680813835947,FALSE,0.310717078932161,0.715632685578995,-4.09078986890714,-6.57821135451382,0.372567677603092
12,"young_lifetime","Fully funded system",0.41,0.0229548797878943,"capitalization","funded_only",TRUE,0.442755330886724,FALSE,0.325474065989094,0.749620460936891,-3.81575318835867,-6.29819369850236,0.3966593448689
12,"young_lifetime","Fully funded system",0.42,0.0233863064692461,"capitalization","funded_only",TRUE,0.463783253489942,FALSE,0.340931911420942,0.785222428738839,-3.55920808964921,-6.03009567891675,0.421173875386639
12,"young_lifetime","Fully funded system",0.43,0.0237381538851594,"capitalization","funded_only",TRUE,0.485809862044884,FALSE,0.357123901321931,0.822515252350388,-3.31991132552089,-5.77340990727817,0.446118691362828
12,"young_lifetime","Fully funded system",0.44,0.0240066154297712,"capitalization","funded_only",TRUE,0.508882587467525,FALSE,0.374084902653563,0.861579236135183,-3.09670323614267,-5.52765059333943,0.471501345280498
12,"young_lifetime","Fully funded system",0.45,0.0241887608228689,"capitalization","funded_only",TRUE,0.533051113325727,FALSE,0.391851438325258,0.902498498378072,-2.88850212926452,-5.29235262570342,0.497329522185841
12,"young_lifetime","Fully funded system",0.46,0.0242825893494975,"capitalization","funded_only",TRUE,0.558367482825162,FALSE,0.41046176584082,0.945361152420899,-2.69429903821151,-5.06707069157726,0.523611042014988
12,"young_lifetime","Fully funded system",0.47,0.0242870664418367,"capitalization","funded_only",TRUE,0.584886210876357,FALSE,0.429955959680102,0.990259496401047,-2.51315283231445,-4.8513784339963,0.550353861961642
12,"young_lifetime","Fully funded system",0.48,0.0242021426680683,"capitalization","funded_only",TRUE,0.612664401484172,FALSE,0.450375997593229,1.03729021200129,-2.34418565608171,-4.40765539469607,0.523387609447781
12,"young_lifetime","Fully funded system",0.49,0.0240287546408929,"capitalization","funded_only",TRUE,0.641761870712504,FALSE,0.471765850993234,1.08655457263892,-2.18657867500979,-4.11131484736734,0.523387609447781
12,"young_lifetime","Fully funded system",0.5,0.0237688078223462,"capitalization","funded_only",TRUE,0.67224127548898,FALSE,0.494171579641739,1.13815866154253,-2.03956810741653,-3.83489820790508,0.523387609447781
12,"young_lifetime","Fully funded system",0.51,0.0234251416663332,"capitalization","funded_only",TRUE,0.704168248527026,FALSE,0.517641430831573,1.19221360018588,-1.90244152306664,-3.57706592926368,0.523387609447781
12,"young_lifetime","Fully funded system",0.52,0.0230014779905107,"capitalization","funded_only",TRUE,0.73761153965582,FALSE,0.542225943279895,1.24883578757097,-1.77453439065223,-3.33656852636223,0.523387609447781
12,"young_lifetime","Fully funded system",0.53,0.0225023538900762,"capitalization","funded_only",TRUE,0.77264316386249,FALSE,0.567978055955561,1.30814715087534,-1.65522685739717,-3.11224052093516,0.523387609447781
12,"young_lifetime","Fully funded system",0.54,0.0219330408840984,"capitalization","funded_only",TRUE,0.809338556365314,FALSE,0.594953222075053,1.37027540800358,-1.54394074517875,-2.90299479348959,0.523387609447781
12,"young_lifetime","Fully funded system",0.55,0.0212994523083938,"capitalization","funded_only",TRUE,0.847776735051873,FALSE,0.623209528512458,1.43535434260813,-1.44013674860951,-2.70781731499833,0.523387609447781
12,"young_lifetime","Fully funded system",0.56,0.0206080412279339,"capitalization","funded_only",TRUE,0.888040470631922,FALSE,0.652807820880622,1.50352409217187,-1.34331182150094,-2.52576223279784,0.523387609447781
12,"young_lifetime","Fully funded system",0.57,0.0198656913291574,"capitalization","funded_only",TRUE,0.930216464871394,FALSE,0.683811834552826,1.57493144977261,-1.25299673904332,-2.35594728687665,0.523387609447781
12,"young_lifetime","Fully funded system",0.58,0.0190796033639485,"capitalization","funded_only",TRUE,0.974395537291325,FALSE,0.716288331907119,1.64973018017946,-1.16875382388801,-2.19754953434119,0.523387609447781
12,"young_lifetime","Fully funded system",0.59,0.0182571797508447,"capitalization","funded_only",TRUE,1.02067282073374,FALSE,0.750307246088832,1.7280813509616,-1.09017482511231,-2.04980136133921,0.523387609447781
12,"young_lifetime","Fully funded system",0.6,0.0174059098965294,"capitalization","funded_only",TRUE,1.06914796621558,FALSE,0.785941831600862,1.81015367932253,-1.01687893978822,-1.91198676311418,0.523387609447781
12,"young_lifetime","Fully funded system",0.61,0.0165332586858387,"capitalization","funded_only",TRUE,1.11992535751191,FALSE,0.823268822045982,1.89612389540664,-0.948510967567311,-1.78343787416329,0.523387609447781
12,"young_lifetime","Fully funded system",0.62,0.0156465604078046,"capitalization","funded_only",TRUE,1.17311433593026,FALSE,0.862368595360862,1.98617712286044,-0.884739589338776,-1.66353173168393,0.523387609447781
12,"young_lifetime","Fully funded system",0.63,0.0147529201472209,"capitalization","funded_only",TRUE,1.22882943576037,FALSE,0.903325346897602,2.08050727746784,-0.82525576161859,-1.55168725662376,0.523387609447781
12,"young_lifetime","Fully funded system",0.64,0.0138591243861013,"capitalization","funded_only",TRUE,1.28719063090618,FALSE,0.946227270725478,2.17931748471799,-0.769771218889018,-1.44736243770433,0.523387609447781
12,"young_lifetime","Fully funded system",0.65,0.0129715622386452,"capitalization","funded_only",TRUE,1.34832359323116,FALSE,0.99116674954332,2.28282051720483,-0.718017076630533,-1.3500517047717,0.523387609447781
12,"young_lifetime","Fully funded system",0.66,0.0120961583990884,"capitalization","funded_only",TRUE,1.41235996317339,FALSE,1.03824055361145,2.39123925280014,-0.669742528276296,-1.25928347874487,0.523387609447781
12,"young_lifetime","Fully funded system",0.67,0.0112383185264294,"capitalization","funded_only",TRUE,1.47943763321299,FALSE,1.08755004913156,2.50480715458679,-0.624713629774486,-1.17461788628899,0.523387609447781
12,"young_lifetime","Fully funded system",0.68,0.0104028874355191,"capitalization","funded_only",TRUE,1.54970104480239,FALSE,1.13920141652326,2.6237687735856,-0.582712165868332,-1.09564462813822,0.523387609447781
12,"young_lifetime","Fully funded system",0.69,0.00959412012165592,"capitalization","funded_only",TRUE,1.62330149939876,FALSE,1.19330587906729,2.74838027535839,-0.543534592599712,-1.02198099073794,0.523387609447781
12,"young_lifetime","Fully funded system",0.7,0.00881566532576298,"capitalization","funded_only",TRUE,1.70039748426852,FALSE,1.24997994240773,2.8789099916211,-0.506991050911557,-0.953269991570609,0.523387609447781
12,"young_lifetime","Fully funded system",0.71,0.00807056105809019,"capitalization","funded_only",TRUE,1.78115501376522,FALSE,1.30934564542904,3.01563899805497,-0.472904446568874,-0.889178649177095,0.523387609447781
12,"young_lifetime","Fully funded system",0.72,0.00736124124713052,"capitalization","funded_only",TRUE,1.865747986816,FALSE,1.37153082304803,3.15886171955975,-0.441109591939574,-0.829396369489974,0.523387609447781
12,"young_lifetime","Fully funded system",0.73,0.00668955247216793,"capitalization","funded_only",TRUE,1.95435856138616,FALSE,1.43666938148666,3.30888656425251,-0.411452405476079,-0.773633440658722,0.523387609447781
12,"young_lifetime","Fully funded system",0.74,0.00605677957576838,"capitalization","funded_only",TRUE,2.04717754672839,FALSE,1.50490158661859,3.4660365875771,-0.3837891650183,-0.721619629072523,0.523387609447781
12,"young_lifetime","Fully funded system",0.75,0.00546367883789977,"capitalization","funded_only",TRUE,2.14440481426108,FALSE,1.57637436601008,3.63065018795437,-0.3579858112994,-0.673102869776903,0.523387609447781
12,"young_lifetime","Fully funded system",0.76,0.0049105173257538,"capitalization","funded_only",TRUE,2.24624972796081,FALSE,1.65124162530603,3.80308183547122,-0.333917298279067,-0.627848044937771,0.523387609447781
12,"young_lifetime","Fully funded system",0.77,0.00439711701067287,"capitalization","funded_only",TRUE,2.35293159519539,FALSE,1.72966457964202,3.98370283517739,-0.311466987155918,-0.585353645657103,0.522898189664738
12,"young_lifetime","Fully funded system",0.78,0.00392290226240524,"capitalization","funded_only",TRUE,2.46468013896865,FALSE,1.81181210079642,4.17290212663383,-0.290526081122365,-0.545605063989596,0.52216656305423
12,"young_lifetime","Fully funded system",0.79,0.00348694938664893,"capitalization","funded_only",TRUE,2.58173599259355,FALSE,1.89786108082975,4.3710871214343,-0.270993098122679,-0.508606957822125,0.521537678214022
12,"young_lifetime","Fully funded system",0.8,0.00308803695908519,"capitalization","funded_only",TRUE,2.7043512178591,FALSE,1.98799681299457,4.57868458050354,-0.252773379059201,-0.474158869565732,0.520997019968412
12,"young_lifetime","Fully funded system",0.81,0.00272469582188591,"capitalization","funded_only",TRUE,2.83278984780665,FALSE,2.08241339073599,4.79614153306141,-0.235778629063393,-0.442076924665344,0.520532143773604
12,"young_lifetime","Fully funded system",0.82,0.0023952577407798,"capitalization","funded_only",TRUE,2.96732845528442,FALSE,2.18131412564212,5.02392623923155,-0.219926489608674,-0.412192091946951,0.520132376100152
12,"young_lifetime","Fully funded system",0.83,0.00209790186595431,"capitalization","funded_only",TRUE,3.10825674850471,FALSE,2.28491198524427,5.26252919836762,-0.205140139391471,-0.384348687606164,0.519788558943652
12,"young_lifetime","Fully funded system",0.84,0.00183069829236669,"capitalization","funded_only",TRUE,3.25587819488592,FALSE,2.39343005160986,5.51246420526822,-0.191347922046278,-0.358403080525969,0.519492831872839
12,"young_lifetime","Fully funded system",0.85,0.00159164816888775,"capitalization","funded_only",TRUE,3.41051067452304,FALSE,2.50710200171529,5.77426945655507,-0.178482998890615,-0.334222564813852,0.519238445996828
12,"young_lifetime","Fully funded system",0.86,0.00137871995615396,"capitalization","funded_only",TRUE,3.57248716469356,FALSE,2.62617261063345,6.04850870959669,-0.16648302501703,-0.31168437198681,0.519019605076752
12,"young_lifetime","Fully funded system",0.87,0.00118988157581876,"capitalization","funded_only",TRUE,3.74215645687287,FALSE,2.75089827861919,6.33577249647322,-0.155289847162459,-0.290674800448292,0.518831329730959
12,"young_lifetime","Fully funded system",0.88,0.0010231283256207,"capitalization","funded_only",TRUE,3.91988390780308,FALSE,2.88154758322786,6.63667939559654,-0.14484922189078,-0.271088444066496,0.518669341299818
12,"young_lifetime","Fully funded system",0.89,0.000876506552691064,"capitalization","funded_only",TRUE,4.1060522262326,FALSE,3.0184018576558,6.95187736372373,-0.135110552722834,-0.252827504995748,0.518529962459508
12,"young_lifetime","Fully funded system",0.9,0.000748133179985062,"capitalization","funded_only",TRUE,4.30106229702062,FALSE,3.16175579654815,7.28204513123244,-0.126026644940036,-0.235801178553795,0.518410032116926
12,"young_lifetime","Fully funded system",0.91,0.000636211266591,"capitalization","funded_only",TRUE,4.50533404438103,FALSE,3.31191809057844,7.62789366366236,-0.117553476873296,-0.219925100113948,0.518306832491725
12,"young_lifetime","Fully funded system",0.92,0.000539041851611795,"capitalization","funded_only",TRUE,4.7193073361247,FALSE,3.46921209116655,7.9901676926703,-0.109649986568916,-0.205120845699737,0.518218026607313
12,"young_lifetime","Fully funded system",0.93,0.000455032383605845,"capitalization","funded_only",TRUE,4.94344293084715,FALSE,3.63397650676624,8.36964731969527,-0.102277872797608,-0.19131547936609,0.518141604679147
12,"young_lifetime","Fully funded system",0.94,0.00038270207402884,"capitalization","funded_only",TRUE,5.17822347010141,FALSE,3.80656613222181,8.76714969578708,-0.0954014094422977,-0.178441141582375,0.518075838114028
12,"young_lifetime","Fully funded system",0.95,0.000320684534961157,"capitalization","funded_only",TRUE,5.42415451769239,FALSE,3.9873526127642,9.18353078121552,-0.0889872723652287,-0.166434673752282,0.518019240024546
12,"young_lifetime","Fully funded system",0.96,0.000267728070175611,"capitalization","funded_only",TRUE,5.68176564833085,FALSE,4.17672524429193,9.61968718864922,-0.0830043779153279,-0.155237274755506,0.517970531324242
12,"young_lifetime","Fully funded system",0.97,0.000222693986042829,"capitalization","funded_only",TRUE,5.95161158799113,FALSE,4.37509181165992,10.0765581138732,-0.077423732293234,-0.144794186010352,0.517928611605829
12,"young_lifetime","Fully funded system",0.98,0.00018455327674269,"capitalization","funded_only",TRUE,6.23427340842828,FALSE,4.58287946678156,10.5551273582028,-0.0722182910439886,-0.135054402061037,0.51789253412097
12,"young_lifetime","Fully funded system",0.99,0.000152382018630337,"capitalization","funded_only",TRUE,6.53035977842678,FALSE,4.80053564843467,11.0564254469484,-0.0673628279964748,-0.125970404110133,0.517861484278842
12,"young_lifetime","Fully funded system",1,6.26778916131105e-05,"capitalization","funded_only",TRUE,6.84050827447518,FALSE,5.02852904575212,11.5815318484931,-0.0628338130144714,-0.117497914261974,0.517834761164795
13,"young_lifetime","Fully funded system",0,0.000223648618482682,"informal","informal",FALSE,0.0798420909708075,TRUE,0.08215,0.0981319167559371,-33.0731110617712,-37.4783291935855,0.0869346862628677
13,"young_lifetime","Fully funded system",0.01,0.000530074028894635,"informal","informal",FALSE,0.08219141211967,TRUE,0.084567230436132,0.0981319167559371,-31.8678670506968,-35.8829724428766,0.0823231388475838
13,"young_lifetime","Fully funded system",0.02,0.000625857596014926,"informal","informal",FALSE,0.0846098610906297,TRUE,0.0868366838331624,0.100384399525469,-30.6528428142343,-34.3555259543591,0.0789895261231828
13,"young_lifetime","Fully funded system",0.03,0.00073622950670148,"informal","informal",FALSE,0.0870994719418186,TRUE,0.0891395445222125,0.103046538120089,-29.4727043286573,-32.8930989616206,0.0759444992970486
13,"young_lifetime","Fully funded system",0.04,0.000862878406729994,"informal","informal",FALSE,0.0896623385827046,TRUE,0.0915101659531705,0.105787009063292,-28.3348937718381,-31.4929237507913,0.0729865101033986
13,"young_lifetime","Fully funded system",0.05,0.00100759191313581,"informal","informal",FALSE,0.0923006165351926,TRUE,0.0939505419583886,0.108608117252671,-27.2380911372753,-30.1523504225122,0.0701130706989732
13,"young_lifetime","Fully funded system",0.06,0.00117224512608808,"informal","informal",FALSE,0.0950165247465452,TRUE,0.096462725037927,0.111512235406492,-26.1810049969398,-28.8688418768717,0.0673217643518669
13,"young_lifetime","Fully funded system",0.07,0.00135878545245099,"informal","informal",FALSE,0.0978123474556485,TRUE,0.0990488280858281,0.114501806059297,-25.1623727151884,-27.6399690118215,0.0646102434089177
13,"young_lifetime","Fully funded system",0.08,0.00156921348536889,"informal","informal",FALSE,0.100690436114192,TRUE,0.101711026167185,0.117579343616215,-24.1809605926258,-26.4634061259835,0.061976227321191
13,"young_lifetime","Fully funded system",0.09,0.00180555975146526,"informal","informal",FALSE,0.103653211364376,TRUE,0.104451558347498,0.120747436467728,-23.2355639443361,-25.3369265171469,0.0594175007259035
13,"young_lifetime","Fully funded system",0.1,0.00206985722142662,"informal","informal",FALSE,0.106703165074817,TRUE,0.107272729575862,0.124008749166657,-22.3250071167951,-24.2583982681271,0.0569319115831723
13,"young_lifetime","Fully funded system",0.11,0.00236410958058029,"informal","informal",FALSE,0.109842862436357,TRUE,0.110176912623566,0.127366024669208,-21.4481434476546,-23.2257802120088,0.0545173693660241
13,"young_lifetime","Fully funded system",0.12,0.00269025537259384,"informal","informal",FALSE,0.113074944119534,TRUE,0.113166550079731,0.130822086641962,-20.6038551724633,-22.2371180691391,0.0521718433021365
13,"young_lifetime","Fully funded system",0.13,0.0030501282598838,"informal","informal",FALSE,0.11640212849555,TRUE,0.116244156405671,0.134379841836746,-19.7910532822545,-21.2905407485582,0.0498933606658405
13,"young_lifetime","Fully funded system",0.14,0.00344541378616971,"informal","informal",FALSE,0.119827213922573,TRUE,0.119412320049705,0.138042282535379,-19.0086773357936,-20.3842568068699,0.0476800051189412
13,"young_lifetime","Fully funded system",0.15,0.0038776031764757,"informal","informal",FALSE,0.12335308109933,TRUE,0.122673705624196,0.141812489066357,-18.2556952301327,-19.5165510578476,0.0455299150989648
13,"young_lifetime","Fully funded system",0.16,0.00434794486360459,"informal","informal",FALSE,0.126982695487935,TRUE,0.126031056146644,0.145693632395598,-17.5311029329759,-18.6857813263618,0.0434412822534742
13,"young_lifetime","Fully funded system",0.17,0.00485739458280167,"informal","informal",FALSE,0.130719109808027,TRUE,0.129487195346726,0.149688976793401,-16.8339241802099,-17.8903753404839,0.0414123499191394
13,"young_lifetime","Fully funded system",0.18,0.00540656502249209,"informal","informal",FALSE,0.134565466604278,TRUE,0.133045030041219,0.153801882579897,-16.1632101418058,-17.1288277558855,0.0394414116442776
13,"young_lifetime","Fully funded system",0.19,0.00599567615266305,"informal","informal",FALSE,0.138525000889466,TRUE,0.136707552578808,0.158035808951276,-15.5180390591495,-16.3996973069017,0.0375268097536294
13,"young_lifetime","Fully funded system",0.2,0.00662450746745946,"informal","informal",FALSE,0.142601042865306,TRUE,0.140477843356821,0.162394316889171,-14.8975158567081,-15.7016040788657,0.0356669339541549
13,"young_lifetime","Fully funded system",0.21,0.00729235346863131,"informal","informal",FALSE,0.146797020723348,TRUE,0.14435907341203,0.166881072155654,-14.3007717307944,-15.0332268965535,0.0338602199806828
13,"young_lifetime","Fully funded system",0.22,0.00799798377561329,"informal","informal",FALSE,0.15111646352829,TRUE,0.148354507087679,0.171499848376363,-13.7269637180442,-14.3933008237962,0.0321051482802694
13,"young_lifetime","Fully funded system",0.23,0.0087396092707509,"informal","informal",FALSE,0.155563004186126,TRUE,0.152467504778986,0.176254530214338,-13.1752742460804,-13.7806147695268,0.030400242734169
13,"young_lifetime","Fully funded system",0.24,0.0095148556698428,"informal","informal",FALSE,0.160140382499636,TRUE,0.156701525759437,0.181149116637253,-12.6449106686947,-13.1940091957318,0.0287440694163261
13,"young_lifetime","Fully funded system",0.25,0.010320745845168,"informal","informal",FALSE,0.16485244831378,TRUE,0.161060131090237,0.186187724280786,-12.1351047877429,-12.6323739229692,0.0271352353873637
13,"young_lifetime","Fully funded system",0.26,0.0111536921182913,"capitalization","funded_only",TRUE,0.220748833337706,FALSE,0.162397793611216,0.373941530755523,-10.8266392511292,-12.0946460293005,0.076629637517561
13,"young_lifetime","Fully funded system",0.27,0.0120094995825537,"capitalization","funded_only",TRUE,0.231232929312066,FALSE,0.170110604721025,0.391701257219139,-10.0987302123983,-11.5798078386594,0.0955269228163635
13,"young_lifetime","Fully funded system",0.28,0.0128833813113884,"capitalization","funded_only",TRUE,0.24221494985861,FALSE,0.178189722871667,0.410304452134696,-9.41976078977317,-11.0868849948502,0.114755898214733
13,"young_lifetime","Fully funded system",0.29,0.0137699860614464,"capitalization","funded_only",TRUE,0.253718543070619,FALSE,0.186652545202299,0.429791174623085,-8.78644061880287,-10.6149446175323,0.134322385624145
13,"young_lifetime","Fully funded system",0.3,0.0146634387938913,"capitalization","funded_only",TRUE,0.265768480167944,FALSE,0.195517295100052,0.450203386346026,-8.19570055659639,-10.1630935366981,0.15423230914379
13,"young_lifetime","Fully funded system",0.31,0.0155573940198842,"capitalization","funded_only",TRUE,0.278390708838018,FALSE,0.204803061441296,0.471585041864055,-7.64467780840089,-9.73047660230625,0.1744916968542
13,"young_lifetime","Fully funded system",0.32,0.0164451016357299,"capitalization","funded_only",TRUE,0.291612409110213,FALSE,0.214529839696602,0.493982183285917,-7.13070205416669,-9.31627506586847,0.195106682642354
13,"young_lifetime","Fully funded system",0.33,0.0173194845593781,"capitalization","funded_only",TRUE,0.305462051883857,FALSE,0.224718574987912,0.517443039413164,-6.65128250786716,-8.91970503092844,0.216083508058819
13,"young_lifetime","Fully funded system",0.34,0.0181732271241403,"capitalization","funded_only",TRUE,0.319969460235937,FALSE,0.23539120719064,0.542018129593474,-6.20409584686112,-8.54001596949986,0.237428524207496
13,"young_lifetime","Fully funded system",0.35,0.0189988728395791,"capitalization","funded_only",TRUE,0.335165873640514,FALSE,0.246570718177826,0.567760372506296,-5.78697495280232,-8.1764893016559,0.259148193668522
13,"young_lifetime","Fully funded system",0.36,0.0197889298058682,"capitalization","funded_only",TRUE,0.351084015238127,FALSE,0.258281181308059,0.594725200115094,-5.39789840953291,-7.82843703558187,0.281249092454933
13,"young_lifetime","Fully funded system",0.37,0.0205359817787106,"capitalization","funded_only",TRUE,0.367758162300048,FALSE,0.270547813263764,0.622970677031561,-5.03498070706671,-7.49520046551748,0.303737912003669
13,"young_lifetime","Fully funded system",0.38,0.0212328026386743,"capitalization","funded_only",TRUE,0.385224220039115,FALSE,0.283397028351444,0.652557625548836,-4.6964631041894,-7.1761489251242,0.326621461201521
13,"young_lifetime","Fully funded system",0.39,0.0218724718319488,"capitalization","funded_only",TRUE,0.403519798926092,FALSE,0.296856495380834,0.68354975661296,-4.38070510539497,-6.87067859391881,0.349906668446645
13,"young_lifetime","Fully funded system",0.4,0.0224484882277816,"capitalization","funded_only",TRUE,0.422684295678035,FALSE,0.310955197245426,0.716013807014611,-4.08617651085451,-6.57821135451382,0.373600583746257
13,"young_lifetime","Fully funded system",0.41,0.0229548797878943,"capitalization","funded_only",TRUE,0.442758978093068,FALSE,0.32572349333268,0.750019683096521,-3.8114500008906,-6.29819369850236,0.397710380851144
13,"young_lifetime","Fully funded system",0.42,0.0233863064692461,"capitalization","funded_only",TRUE,0.463787073914241,FALSE,0.341193184898296,0.785640611286043,-3.55519421902091,-6.03009567891675,0.422243359427642
13,"young_lifetime","Fully funded system",0.43,0.0237381538851594,"capitalization","funded_only",TRUE,0.485813863913833,FALSE,0.357397583545328,0.822953295777006,-3.31616732005045,-5.77340990727817,0.447206947267749
13,"young_lifetime","Fully funded system",0.44,0.0240066154297712,"capitalization","funded_only",TRUE,0.508886779398535,FALSE,0.374371582955605,0.862038083700406,-3.093210951946,-5.52765059333943,0.472608702538007
13,"young_lifetime","Fully funded system",0.45,0.0241887608228689,"capitalization","funded_only",TRUE,0.533055504345478,FALSE,0.392151734027911,0.902979138139606,-2.88524464232798,-5.29235262570342,0.498456316067881
13,"young_lifetime","Fully funded system",0.46,0.0242825893494975,"capitalization","funded_only",TRUE,0.558372082389038,FALSE,0.410776323584726,0.945864619362594,-2.69126056237617,-5.06707069157726,0.524757613678281
13,"young_lifetime","Fully funded system",0.47,0.0242870664418367,"capitalization","funded_only",TRUE,0.584891028888812,FALSE,0.430285456817013,0.990786874661578,-2.51031864277454,-4.8513784339963,0.551520558550984
13,"young_lifetime","Fully funded system",0.48,0.0242021426680683,"capitalization","funded_only",TRUE,0.612669448320056,FALSE,0.450721143644584,1.03784263720868,-2.34154201802649,-4.40765539469607,0.524534012970096
13,"young_lifetime","Fully funded system",0.49,0.0240287546408929,"capitalization","funded_only",TRUE,0.641767157239403,FALSE,0.472127389178005,1.08713323435595,-2.1841127770631,-4.11131484736734,0.524534012970096
13,"young_lifetime","Fully funded system",0.5,0.0237688078223462,"capitalization","funded_only",TRUE,0.672246813090617,FALSE,0.494550288476839,1.13876480582826,-2.03726799955136,-3.83489820790508,0.524534012970097
13,"young_lifetime","Fully funded system",0.51,0.0234251416663332,"capitalization","funded_only",TRUE,0.704174049127774,FALSE,0.518038125808268,1.19284853227887,-1.9002960586939,-3.57706592926368,0.524534012970097
13,"young_lifetime","Fully funded system",0.52,0.0230014779905107,"capitalization","funded_only",TRUE,0.737617615746381,FALSE,0.542641478619845,1.24950087469988,-1.77253317260312,-3.33656852636223,0.524534012970097
13,"young_lifetime","Fully funded system",0.53,0.0225023538900762,"capitalization","funded_only",TRUE,0.772649528526792,FALSE,0.568413326450252,1.30884382520309,-1.65336018753727,-3.11224052093516,0.524534012970096
13,"young_lifetime","Fully funded system",0.54,0.0219330408840984,"capitalization","funded_only",TRUE,0.809345223308684,FALSE,0.595409165012593,1.37100516971124,-1.54219957740973,-2.90299479348959,0.524534012970097
13,"young_lifetime","Fully funded system",0.55,0.0212994523083938,"capitalization","funded_only",TRUE,0.847783718630548,FALSE,0.623687125695883,1.43611876312538,-1.43851264503074,-2.70781731499833,0.524534012970097
13,"young_lifetime","Fully funded system",0.56,0.0206080412279339,"capitalization","funded_only",TRUE,0.888047785883965,FALSE,0.653308100742059,1.50432481756079,-1.34179691151839,-2.52576223279784,0.524534012970097
13,"young_lifetime","Fully funded system",0.57,0.0198656913291574,"capitalization","funded_only",TRUE,0.930224127549075,FALSE,0.684335874368063,1.57577020427227,-1.25158368122778,-2.35594728687665,0.524534012970097
13,"young_lifetime","Fully funded system",0.58,0.0190796033639485,"capitalization","funded_only",TRUE,0.974403563895044,FALSE,0.71683726011535,1.65060876991875,-1.16743577039767,-2.19754953434119,0.524534012970097
13,"young_lifetime","Fully funded system",0.59,0.0182571797508447,"capitalization","funded_only",TRUE,1.02068122854755,FALSE,0.750882244722583,1.72900166784848,-1.08894538850731,-2.04980136133921,0.524534012970096
13,"young_lifetime","Fully funded system",0.6,0.0174059098965294,"capitalization","funded_only",TRUE,1.06915677334443,FALSE,0.786544138831312,1.81111770511795,-1.01573216207639,-1.91198676311418,0.524534012970097
13,"young_lifetime","Fully funded system",0.61,0.0165332586858387,"capitalization","funded_only",TRUE,1.11993458292058,FALSE,0.823899734849175,1.89713370599199,-0.947441291331068,-1.78343787416329,0.524534012970097
13,"young_lifetime","Fully funded system",0.62,0.0156465604078046,"capitalization","funded_only",TRUE,1.17312399948426,FALSE,0.863029472310548,1.98723489270761,-0.883741830803199,-1.66353173168393,0.524534012970097
13,"young_lifetime","Fully funded system",0.63,0.0147529201472209,"capitalization","funded_only",TRUE,1.22883955826868,FALSE,0.904017611090713,2.0816152843216,-0.824325085530268,-1.55168725662376,0.524534012970096
13,"young_lifetime","Fully funded system",0.64,0.0138591243861013,"capitalization","funded_only",TRUE,1.28720123416605,FALSE,0.946952412846551,2.1804781145008,-0.768903115083849,-1.44736243770433,0.524534012970097
13,"young_lifetime","Fully funded system",0.65,0.0129715622386452,"capitalization","funded_only",TRUE,1.3483347000751,FALSE,0.991926331074456,2.28403626915454,-0.717207338176946,-1.3500517047717,0.524534012970096
13,"young_lifetime","Fully funded system",0.66,0.0120961583990884,"capitalization","funded_only",TRUE,1.41237159751827,FALSE,1.03903621019472,2.39251274485171,-0.668987231087972,-1.25928347874487,0.524534012970097
13,"young_lifetime","Fully funded system",0.67,0.0112383185264294,"capitalization","funded_only",TRUE,1.47944982011159,FALSE,1.08838349409114,2.50614112900961,-0.624009113593781,-1.17461788628899,0.524534012970097
13,"young_lifetime","Fully funded system",0.68,0.0104028874355191,"capitalization","funded_only",TRUE,1.54971381049732,FALSE,1.14007444455476,2.62516610288856,-0.582055016528248,-1.09564462813822,0.524534012970097
13,"young_lifetime","Fully funded system",0.69,0.00959412012165592,"capitalization","funded_only",TRUE,1.62331487137898,FALSE,1.19422037010238,2.74984396847536,-0.542921625478445,-1.02198099073794,0.524534012970097
13,"young_lifetime","Fully funded system",0.7,0.00881566532576298,"capitalization","funded_only",TRUE,1.70041149132853,FALSE,1.2509378656623,2.88044320039024,-0.506419295499451,-0.953269991570609,0.524534012970097
13,"young_lifetime","Fully funded system",0.71,0.00807056105809019,"capitalization","funded_only",TRUE,1.78116968606708,FALSE,1.31034906364359,3.01724502400571,-0.47237113207299,-0.889178649177095,0.524534012970097
13,"young_lifetime","Fully funded system",0.72,0.00736124124713052,"capitalization","funded_only",TRUE,1.86576335595425,FALSE,1.37258189692944,3.16054402102212,-0.440612133856103,-0.829396369489974,0.524534012970096
13,"young_lifetime","Fully funded system",0.73,0.00668955247216793,"capitalization","funded_only",TRUE,1.95437466045589,FALSE,1.437770374361,3.31064876380414,-0.410988393065541,-0.773633440658722,0.524534012970097
13,"young_lifetime","Fully funded system",0.74,0.00605677957576838,"capitalization","funded_only",TRUE,2.04719441039646,FALSE,1.50605486930477,3.46788247984386,-0.383356349622817,-0.721619629072523,0.524534012970096
13,"young_lifetime","Fully funded system",0.75,0.00546367883789977,"capitalization","funded_only",TRUE,2.14442247884082,FALSE,1.57758242192513,3.63258374778155,-0.357582095445443,-0.673102869776903,0.524534012970097
13,"young_lifetime","Fully funded system",0.76,0.0049105173257538,"capitalization","funded_only",TRUE,2.24626823149016,FALSE,1.65250705581265,3.8051072264827,-0.333540725512855,-0.627848044937771,0.524534012970097
13,"young_lifetime","Fully funded system",0.77,0.00439711701067287,"capitalization","funded_only",TRUE,2.35295097751886,FALSE,1.73099010965033,3.98582441874142,-0.311115732562216,-0.585353645657103,0.524044224881207
13,"young_lifetime","Fully funded system",0.78,0.00392290226240524,"capitalization","funded_only",TRUE,2.46470044182309,FALSE,1.81320058463155,4.17512447125452,-0.290198442480734,-0.545605063989596,0.523312047695574
13,"young_lifetime","Fully funded system",0.79,0.00348694938664893,"capitalization","funded_only",TRUE,2.58175725969805,FALSE,1.89931550837822,4.3734150125892,-0.27068748765832,-0.508606957822125,0.522682689597088
13,"young_lifetime","Fully funded system",0.8,0.00308803695908519,"capitalization","funded_only",TRUE,2.7043734950091,FALSE,1.98952031614255,4.58112303094846,-0.252488315748412,-0.474158869565732,0.522141624486861
13,"young_lifetime","Fully funded system",0.81,0.00272469582188591,"capitalization","funded_only",TRUE,2.83281318297256,FALSE,2.08400925011336,4.79869579362459,-0.235512731456357,-0.442076924665344,0.521676398456133
13,"young_lifetime","Fully funded system",0.82,0.0023952577407798,"capitalization","funded_only",TRUE,2.96735289871494,FALSE,2.18298577768675,5.02660181012051,-0.219678469134796,-0.412192091946951,0.521276329943244
13,"young_lifetime","Fully funded system",0.83,0.00209790186595431,"capitalization","funded_only",TRUE,3.10828235283501,FALSE,2.28666302960191,5.26533184101302,-0.204908794114811,-0.384348687606164,0.520932254052068
13,"young_lifetime","Fully funded system",0.84,0.00183069829236669,"capitalization","funded_only",TRUE,3.25590501525098,FALSE,2.39526425888538,5.51539995473024,-0.191132130840835,-0.358403080525969,0.520636304436085
13,"young_lifetime","Fully funded system",0.85,0.00159164816888775,"capitalization","funded_only",TRUE,3.4105387686764,FALSE,2.50902332159215,5.77734463451894,-0.178281716007216,-0.334222564813852,0.520381727125627
13,"young_lifetime","Fully funded system",0.86,0.00137871995615396,"capitalization","funded_only",TRUE,3.57251659313167,FALSE,2.62818518037869,6.05172993798548,-0.166295275015514,-0.31168437198681,0.520162721519951
13,"young_lifetime","Fully funded system",0.87,0.00118988157581876,"capitalization","funded_only",TRUE,3.74218728296534,FALSE,2.75300643199241,6.33914671170716,-0.155114720184576,-0.290674800448292,0.519974304490244
13,"young_lifetime","Fully funded system",0.88,0.0010231283256207,"capitalization","funded_only",TRUE,3.91991619792916,FALSE,2.88375585981333,6.64021386352951,-0.144685869250913,-0.271088444066496,0.51981219415703
13,"young_lifetime","Fully funded system",0.89,0.000876506552691064,"capitalization","funded_only",TRUE,4.10608604992411,FALSE,3.02071501263773,6.95557969528918,-0.134958182795174,-0.252827504995748,0.519672710429171
13,"young_lifetime","Fully funded system",0.9,0.000748133179985062,"capitalization","funded_only",TRUE,4.30109772711169,FALSE,3.16417881095025,7.28592329883233,-0.125884519322267,-0.235801178553795,0.519552689834727
13,"young_lifetime","Fully funded system",0.91,0.000636211266591,"capitalization","funded_only",TRUE,4.50537115716492,FALSE,3.3144561819898,7.63195601833453,-0.117420906808216,-0.219925100113948,0.519449412548127
13,"young_lifetime","Fully funded system",0.92,0.000539041851611795,"capitalization","funded_only",TRUE,4.71934621151808,FALSE,3.47187072497691,7.99442298207114,-0.109526329606638,-0.205120845699737,0.519360539834118
13,"young_lifetime","Fully funded system",0.93,0.000455032383605845,"capitalization","funded_only",TRUE,4.9434836525622,FALSE,3.63676140793489,8.37410470693645,-0.102162529682171,-0.19131547936609,0.519284060395725
13,"young_lifetime","Fully funded system",0.94,0.00038270207402884,"capitalization","funded_only",TRUE,5.17826612582609,FALSE,3.80948329760535,8.77181877916692,-0.0952938212076078,-0.178441141582375,0.51921824433892
13,"young_lifetime","Fully funded system",0.95,0.000320684534961157,"capitalization","funded_only",TRUE,5.42419919927924,FALSE,3.99040832402992,9.18842161488743,-0.088886917626241,-0.166434673752282,0.519161603657356
13,"young_lifetime","Fully funded system",0.96,0.000267728070175611,"capitalization","funded_only",TRUE,5.6818124519948,FALSE,4.17992608144436,9.62481030427178,-0.0829107703413555,-0.155237274755506,0.519112858302017
13,"young_lifetime","Fully funded system",0.97,0.000222693986042829,"capitalization","funded_only",TRUE,5.95166061451668,FALSE,4.3784446672099,10.0819245432885,-0.077336418251133,-0.144794186010352,0.519070907037521
13,"young_lifetime","Fully funded system",0.98,0.00018455327674269,"capitalization","funded_only",TRUE,6.23432476338652,FALSE,4.58639156058818,10.5607486571917,-0.0721368473997996,-0.135054402061037,0.519034802403068
13,"young_lifetime","Fully funded system",0.99,0.000152382018630337,"capitalization","funded_only",TRUE,6.53041357240271,FALSE,4.80421454325211,11.0623137201142,-0.0672868600648664,-0.125970404110133,0.519003729194826
13,"young_lifetime","Fully funded system",1,6.26778916131105e-05,"capitalization","funded_only",TRUE,6.84056462330587,FALSE,5.03238266351492,11.5876997753272,-0.0627629526460494,-0.117497914261974,0.518976985970682
14,"young_lifetime","Fully funded system",0,0.000223648618482682,"informal","informal",FALSE,0.0797998593890148,TRUE,0.08215,0.098168178340109,-33.0704742698065,-37.4783291935855,0.0869924615165878
14,"young_lifetime","Fully funded system",0.01,0.000530074028894635,"informal","informal",FALSE,0.0821479378907091,TRUE,0.084567230436132,0.098168178340109,-31.8652302587321,-35.8829724428766,0.08238284491959
14,"young_lifetime","Fully funded system",0.02,0.000625857596014926,"informal","informal",FALSE,0.0845651076501114,TRUE,0.0868403904106032,0.100382161235516,-30.65132868777,-34.3555259543591,0.0790250593983752
14,"young_lifetime","Fully funded system",0.03,0.00073622950670148,"informal","informal",FALSE,0.0870534016494617,TRUE,0.0891432284283729,0.10304410064074,-29.4713084851553,-32.8930989616206,0.0759784721870664
14,"young_lifetime","Fully funded system",0.04,0.000862878406729994,"informal","informal",FALSE,0.0896149126906778,TRUE,0.0915138265209574,0.10578436653348,-28.3336081537891,-31.4929237507913,0.0730189672095671
14,"young_lifetime","Fully funded system",0.05,0.00100759191313581,"informal","informal",FALSE,0.0922517951555253,TRUE,0.0939541785010797,0.108605263638869,-27.2369081798396,-30.1523504225122,0.0701440553477537
14,"young_lifetime","Fully funded system",0.06,0.00117224512608808,"informal","informal",FALSE,0.0949662668175794,TRUE,0.0964663368485937,0.111509164497639,-26.179917601392,-28.8688418768717,0.0673513186312977
14,"young_lifetime","Fully funded system",0.07,0.00135878545245099,"informal","informal",FALSE,0.0977606107075038,TRUE,0.0990524144367406,0.114498511461574,-25.1613742235235,-27.6399690118215,0.0646384082040119
14,"young_lifetime","Fully funded system",0.08,0.00156921348536889,"informal","informal",FALSE,0.100637177033213,TRUE,0.1017145863092,0.117575818747669,-24.1800447632984,-26.4634061259835,0.0620030423483235
14,"young_lifetime","Fully funded system",0.09,0.00180555975146526,"informal","informal",FALSE,0.103598385156537,TRUE,0.10445509150943,0.120743674552733,-23.2347249291034,-25.3369265171469,0.0594430045662147
14,"young_lifetime","Fully funded system",0.1,0.00206985722142662,"informal","informal",FALSE,0.106646725628047,TRUE,0.107276234963833,0.124004743230216,-22.3242394386327,-24.2583982681271,0.0569561417150175
14,"young_lifetime","Fully funded system",0.11,0.00236410958058029,"informal","informal",FALSE,0.109784762281753,TRUE,0.110180389420338,0.12736176753109,-21.4474419797132,-23.2257802120088,0.0545403621964942
14,"young_lifetime","Fully funded system",0.12,0.00269025537259384,"informal","informal",FALSE,0.113015134391442,TRUE,0.113169997444019,0.13081757091066,-20.6032151180332,-22.2371180691391,0.0521936341976796
14,"young_lifetime","Fully funded system",0.13,0.0030501282598838,"informal","informal",FALSE,0.116340558890463,TRUE,0.116247573471437,0.13437505990326,-19.7904701557066,-21.2905407485582,0.049913983982006
14,"young_lifetime","Fully funded system",0.14,0.00344541378616971,"informal","informal",FALSE,0.119763832656825,TRUE,0.119415705925427,0.138037226566816,-19.0081469444613,-20.3842568068699,0.0476994942292763
14,"young_lifetime","Fully funded system",0.15,0.0038776031764757,"informal","informal",FALSE,0.123287834865539,TRUE,0.12267705939212,0.141807150999349,-18.2552136571027,-19.5165510578476,0.0455483024230816
14,"young_lifetime","Fully funded system",0.16,0.00434794486360459,"informal","informal",FALSE,0.126915529410174,TRUE,0.126034376862011,0.14568800392951,-17.5306665207538,-18.6857813263618,0.0434585992843182
14,"young_lifetime","Fully funded system",0.17,0.00485739458280167,"informal","informal",FALSE,0.130649967395665,TRUE,0.129490482036977,0.149683049383359,-16.8335295152272,-17.8903753404839,0.0414286272494768
14,"young_lifetime","Fully funded system",0.18,0.00540656502249209,"informal","informal",FALSE,0.134494289704472,TRUE,0.13304828170518,0.153795647429597,-16.1628540397354,-17.1288277558855,0.0394566789924249
14,"young_lifetime","Fully funded system",0.19,0.00599567615266305,"informal","informal",FALSE,0.138451729638247,TRUE,0.136710768185843,0.158029257005585,-15.5177185509967,-16.3996973069017,0.0375410959884477
14,"young_lifetime","Fully funded system",0.2,0.00662450746745946,"informal","informal",FALSE,0.142525615637233,TRUE,0.140481021845971,0.162387438826513,-14.8972281756448,-15.7016040788657,0.0356802671193326
14,"young_lifetime","Fully funded system",0.21,0.00729235346863131,"informal","informal",FALSE,0.146719374079677,TRUE,0.144362213691116,0.16687385838017,-14.3005142997052,-15.0332268965535,0.0338726273183192
14,"young_lifetime","Fully funded system",0.22,0.00799798377561329,"informal","informal",FALSE,0.151036532163616,TRUE,0.148357608032385,0.171492289009839,-13.7267341377535,-14.3933008237962,0.0321166562537896
14,"young_lifetime","Fully funded system",0.23,0.0087396092707509,"informal","informal",FALSE,0.15548072087346,TRUE,0.152470565231914,0.176246615087897,-13.1750702842288,-13.7806147695268,0.0304108770505784
14,"young_lifetime","Fully funded system",0.24,0.0095148556698428,"informal","informal",FALSE,0.160055678033863,TRUE,0.156704544529133,0.181140835282805,-12.6447302492366,-13.1940091957318,0.0287538550478346
14,"young_lifetime","Fully funded system",0.25,0.010320745845168,"informal","informal",FALSE,0.164765251453452,TRUE,0.161063106950188,0.186179065922219,-12.1349459810362,-12.6323739229692,0.0271441965923855
14,"young_lifetime","Fully funded system",0.26,0.0111536921182913,"capitalization","funded_only",TRUE,0.220749668717083,FALSE,0.162484352455355,0.374080068308277,-10.8181448397469,-12.0946460293005,0.0771931437859827
14,"young_lifetime","Fully funded system",0.27,0.0120094995825537,"capitalization","funded_only",TRUE,0.231233804366387,FALSE,0.170201274532437,0.391846374380842,-10.0908069070333,-11.5798078386594,0.0961003198943553
14,"young_lifetime","Fully funded system",0.28,0.0128833813113884,"capitalization","funded_only",TRUE,0.242215866472169,FALSE,0.178284698893854,0.410456461392849,-9.41237019317018,-11.0868849948502,0.115339359708375
14,"young_lifetime","Fully funded system",0.29,0.0137699860614464,"capitalization","funded_only",TRUE,0.253719503217204,FALSE,0.186752031951527,0.429950403306262,-8.77954691527484,-10.6149446175323,0.134916088186694
14,"young_lifetime","Fully funded system",0.3,0.0146634387938913,"capitalization","funded_only",TRUE,0.265769485915082,FALSE,0.195621506805745,0.450370177328723,-8.18927033845769,-10.1630935366981,0.15483643252917
14,"young_lifetime","Fully funded system",0.31,0.0155573940198842,"capitalization","funded_only",TRUE,0.278391762351431,FALSE,0.204912222507344,0.471759754305017,-7.63867991406975,-9.73047660230625,0.175106423971422
14,"young_lifetime","Fully funded system",0.32,0.0164451016357299,"capitalization","funded_only",TRUE,0.291613512658481,FALSE,0.214644185184583,0.494165193401531,-7.12510741715259,-9.31627506586847,0.195732199610894
14,"young_lifetime","Fully funded system",0.33,0.0173194845593781,"capitalization","funded_only",TRUE,0.305463207843301,FALSE,0.224838351123258,0.517634741287586,-6.64606401591124,-8.91970503092844,0.216720004264975
14,"young_lifetime","Fully funded system",0.34,0.0181732271241403,"capitalization","funded_only",TRUE,0.319970671095738,FALSE,0.23551667189285,0.542218936027225,-6.19922821054702,-8.54001596949986,0.238076192361721
14,"young_lifetime","Fully funded system",0.35,0.0189988728395791,"capitalization","funded_only",TRUE,0.335167142008073,FALSE,0.24670214161585,0.567970715905166,-5.78243458300076,-8.1764893016559,0.259807229863773
14,"young_lifetime","Fully funded system",0.36,0.0197889298058682,"capitalization","funded_only",TRUE,0.351085343844678,FALSE,0.258418846482072,0.594945533421263,-5.39366330308604,-7.82843703558187,0.281919696226043
14,"young_lifetime","Fully funded system",0.37,0.0205359817787106,"capitalization","funded_only",TRUE,0.36775955400654,FALSE,0.270692016614559,0.623201474698938,-5.03103034015822,-7.49520046551748,0.304420286387758
14,"young_lifetime","Fully funded system",0.38,0.0212328026386743,"capitalization","funded_only",TRUE,0.385225677842375,FALSE,0.283548080398772,0.652799384564723,-4.69277833288378,-7.1761489251242,0.32731581279947
14,"young_lifetime","Fully funded system",0.39,0.0218724718319488,"capitalization","funded_only",TRUE,0.403521325965276,FALSE,0.297014721392061,0.683802997568239,-4.37726807286376,-6.87067859391881,0.350613207485649
14,"young_lifetime","Fully funded system",0.4,0.0224484882277816,"capitalization","funded_only",TRUE,0.422685895241387,FALSE,0.311120937935949,0.716279075224755,-4.08297056084003,-6.57821135451382,0.374319524143471
14,"young_lifetime","Fully funded system",0.41,0.0229548797878943,"capitalization","funded_only",TRUE,0.442760653625001,FALSE,0.325897105599601,0.750297549775849,-3.80845959698781,-6.29819369850236,0.398441940278454
14,"young_lifetime","Fully funded system",0.42,0.0233863064692461,"capitalization","funded_only",TRUE,0.463788829022755,FALSE,0.341375042588946,0.78593167477774,-3.55240486938619,-6.03009567891675,0.422987759377569
14,"young_lifetime","Fully funded system",0.43,0.0237381538851594,"capitalization","funded_only",TRUE,0.485815702378286,FALSE,0.357588078262292,0.823258182841563,-3.31356550717245,-5.77340990727817,0.447964413120509
14,"young_lifetime","Fully funded system",0.44,0.0240066154297712,"capitalization","funded_only",TRUE,0.508888705177777,FALSE,0.374571124899978,0.862357450865256,-3.09078406713821,-5.52765059333943,0.473379463629747
14,"young_lifetime","Fully funded system",0.45,0.0241887608228689,"capitalization","funded_only",TRUE,0.533057521586377,FALSE,0.3923607528826,0.90331367311285,-2.88298092462556,-5.29235262570342,0.499240605760116
14,"young_lifetime","Fully funded system",0.46,0.0242825893494975,"capitalization","funded_only",TRUE,0.558374195435415,FALSE,0.410995269439706,0.946215042513878,-2.68914904154099,-5.06707069157726,0.525555669428551
14,"young_lifetime","Fully funded system",0.47,0.0242870664418367,"capitalization","funded_only",TRUE,0.584893242290786,FALSE,0.430514801138531,0.991153940573298,-2.5083490861321,-4.8513784339963,0.552332621984743
14,"young_lifetime","Fully funded system",0.48,0.0242021426680683,"capitalization","funded_only",TRUE,0.612671766843848,FALSE,0.450961380290386,1.03822713630086,-2.33970488087722,-4.40765539469607,0.525331951688105
14,"young_lifetime","Fully funded system",0.49,0.0240287546408929,"capitalization","funded_only",TRUE,0.641769585877597,FALSE,0.472379035460782,1.08753599458828,-2.18239915642761,-4.11131484736734,0.525331951688105
14,"young_lifetime","Fully funded system",0.5,0.0237688078223462,"capitalization","funded_only",TRUE,0.672249357072913,FALSE,0.494813886278183,1.139186694483,-2.03566959102562,-3.83489820790508,0.525331951688105
14,"young_lifetime","Fully funded system",0.51,0.0234251416663332,"capitalization","funded_only",TRUE,0.704176713932247,FALSE,0.518314242745528,1.19329045782839,-1.89880511620508,-3.57706592926368,0.525331951688105
14,"young_lifetime","Fully funded system",0.52,0.0230014779905107,"capitalization","funded_only",TRUE,0.737620407111278,FALSE,0.542930709268406,1.24996378876293,-1.77114247087125,-3.33656852636223,0.525331951688105
14,"young_lifetime","Fully funded system",0.53,0.0225023538900762,"capitalization","funded_only",TRUE,0.772652452462887,FALSE,0.56871629362386,1.30932872459395,-1.65206298706071,-3.11224052093516,0.525331951688105
14,"young_lifetime","Fully funded system",0.54,0.0219330408840984,"capitalization","funded_only",TRUE,0.809348286112225,FALSE,0.59572652110449,1.37151309858622,-1.54098959180476,-2.90299479348959,0.525331951688105
14,"young_lifetime","Fully funded system",0.55,0.0212994523083938,"capitalization","funded_only",TRUE,0.847786926896812,FALSE,0.624019554083634,1.43665081523124,-1.43738401056698,-2.70781731499833,0.525331951688105
14,"young_lifetime","Fully funded system",0.56,0.0206080412279339,"capitalization","funded_only",TRUE,0.888051146521459,FALSE,0.653656317259102,1.50488213858997,-1.34074415870253,-2.52576223279784,0.525331951688105
14,"young_lifetime","Fully funded system",0.57,0.0198656913291574,"capitalization","funded_only",TRUE,0.930227647794417,FALSE,0.684700628845145,1.57635399432993,-1.25060170829776,-2.35594728687665,0.525331951688105
14,"young_lifetime","Fully funded system",0.58,0.0190796033639485,"capitalization","funded_only",TRUE,0.97440725132854,FALSE,0.717219337995175,1.65122028610706,-1.16651981859895,-2.19754953434119,0.525331951688105
14,"young_lifetime","Fully funded system",0.59,0.0182571797508447,"capitalization","funded_only",TRUE,1.02068509110952,FALSE,0.751282468751138,1.72964222697356,-1.0880910190314,-2.04980136133921,0.525331951688105
14,"young_lifetime","Fully funded system",0.6,0.0174059098965294,"capitalization","funded_only",TRUE,1.06916081935231,FALSE,0.786963370829527,1.81178868652542,-1.01493523454987,-1.91198676311418,0.525331951688105
14,"young_lifetime","Fully funded system",0.61,0.0165332586858387,"capitalization","funded_only",TRUE,1.11993882108683,FALSE,0.824338877568722,1.89783655453718,-0.946697943750856,-1.78343787416329,0.525331951688105
14,"young_lifetime","Fully funded system",0.62,0.0156465604078046,"capitalization","funded_only",TRUE,1.17312843893511,FALSE,0.863489471377776,1.98797112186682,-0.883048460820837,-1.66353173168393,0.525331951688105
14,"young_lifetime","Fully funded system",0.63,0.0147529201472209,"capitalization","funded_only",TRUE,1.22884420856381,FALSE,0.90449945704291,2.08238647945117,-0.823678332994524,-1.55168725662376,0.525331951688105
14,"young_lifetime","Fully funded system",0.64,0.0138591243861013,"capitalization","funded_only",TRUE,1.28720610531916,FALSE,0.947457143264914,2.18128593625092,-0.768299845757038,-1.44736243770433,0.525331951688105
14,"young_lifetime","Fully funded system",0.65,0.0129715622386452,"capitalization","funded_only",TRUE,1.34833980257546,FALSE,0.992455032818362,2.28488245704517,-0.716644628546047,-1.3500517047717,0.525331951688105
14,"young_lifetime","Fully funded system",0.66,0.0120961583990884,"capitalization","funded_only",TRUE,1.41237694235334,FALSE,1.03959002174212,2.39339912101842,-0.668462354196948,-1.25928347874487,0.525331951688105
14,"young_lifetime","Fully funded system",0.67,0.0112383185264294,"capitalization","funded_only",TRUE,1.47945541879065,FALSE,1.08896360799006,2.50706960212723,-0.623519525828435,-1.17461788628899,0.525331951688105
14,"young_lifetime","Fully funded system",0.68,0.0104028874355191,"capitalization","funded_only",TRUE,1.54971967507625,FALSE,1.14068210999133,2.62613867228125,-0.581598345289571,-1.09564462813822,0.525331951688105
14,"young_lifetime","Fully funded system",0.69,0.00959412012165592,"capitalization","funded_only",TRUE,1.62332101448627,FALSE,1.19485689559071,2.75086272842181,-0.542495657684729,-1.02198099073794,0.525331951688105
14,"young_lifetime","Fully funded system",0.7,0.00881566532576298,"capitalization","funded_only",TRUE,1.70041792619241,FALSE,1.2516046218622,2.88151034463342,-0.506021966861439,-0.953269991570609,0.525331951688105
14,"young_lifetime","Fully funded system",0.71,0.00807056105809019,"capitalization","funded_only",TRUE,1.78117642654403,FALSE,1.31104748631206,3.01836285047671,-0.472000517090087,-0.889178649177095,0.525331951688105
14,"young_lifetime","Fully funded system",0.72,0.00736124124713052,"capitalization","funded_only",TRUE,1.86577041655886,FALSE,1.37331349001234,3.16171493678845,-0.440266436485184,-0.829396369489974,0.525331951688105
14,"young_lifetime","Fully funded system",0.73,0.00668955247216793,"capitalization","funded_only",TRUE,1.95438205639209,FALSE,1.43853671323159,3.31187529025291,-0.410665938017112,-0.773633440658722,0.525331951688105
14,"young_lifetime","Fully funded system",0.74,0.00605677957576838,"capitalization","funded_only",TRUE,2.04720215759025,FALSE,1.50685760415602,3.46916725811127,-0.383055574242371,-0.721619629072523,0.525331951688105
14,"young_lifetime","Fully funded system",0.75,0.00546367883789977,"capitalization","funded_only",TRUE,2.1444305939746,FALSE,1.57842328132314,3.63392954444012,-0.357301542140655,-0.673102869776903,0.525331951688105
14,"young_lifetime","Fully funded system",0.76,0.0049105173257538,"capitalization","funded_only",TRUE,2.24627673203862,FALSE,1.65338785041892,3.80651693949869,-0.333279034689919,-0.627848044937771,0.525331951688105
14,"young_lifetime","Fully funded system",0.77,0.00439711701067287,"capitalization","funded_only",TRUE,2.35295988178663,FALSE,1.73191273612065,3.98730108371512,-0.3108716360371,-0.585353645657103,0.524841907244896
14,"young_lifetime","Fully funded system",0.78,0.00392290226240524,"capitalization","funded_only",TRUE,2.46470976898414,FALSE,1.81416702970021,4.176671267957,-0.289970757333409,-0.545605063989596,0.524109346838869
14,"young_lifetime","Fully funded system",0.79,0.00348694938664893,"capitalization","funded_only",TRUE,2.58176702983699,FALSE,1.90032785313614,4.3750352718094,-0.270475110500194,-0.508606957822125,0.523479659335339
14,"young_lifetime","Fully funded system",0.8,0.00308803695908519,"capitalization","funded_only",TRUE,2.70438372916442,FALSE,1.99058074051857,4.58282024166558,-0.252290217375183,-0.474158869565732,0.522938311032479
14,"young_lifetime","Fully funded system",0.81,0.00272469582188591,"capitalization","funded_only",TRUE,2.83282390318193,FALSE,2.08512003756837,4.80047361052103,-0.235327951860366,-0.442076924665344,0.522472841503174
14,"young_lifetime","Fully funded system",0.82,0.0023952577407798,"capitalization","funded_only",TRUE,2.9673641280627,FALSE,2.18414932013081,5.02846406145172,-0.219506112852723,-0.412192091946951,0.522072563595051
14,"young_lifetime","Fully funded system",0.83,0.00209790186595431,"capitalization","funded_only",TRUE,3.10829411550182,FALSE,2.28788183254483,5.26728253685101,-0.204748025888154,-0.384348687606164,0.521728307615092
14,"young_lifetime","Fully funded system",0.84,0.00183069829236669,"capitalization","funded_only",TRUE,3.25591733656594,FALSE,2.39654094683197,5.51744329559865,-0.190982171568148,-0.358403080525969,0.521432203099543
14,"young_lifetime","Fully funded system",0.85,0.00159164816888775,"capitalization","funded_only",TRUE,3.41055167517158,FALSE,2.51036064369367,5.77948502043827,-0.178141838968499,-0.334222564813852,0.521177492543719
14,"young_lifetime","Fully funded system",0.86,0.00137871995615396,"capitalization","funded_only",TRUE,3.57253011259921,FALSE,2.62958601635273,6.05397197794784,-0.166164802350438,-0.31168437198681,0.520958372310852
14,"young_lifetime","Fully funded system",0.87,0.00118988157581876,"capitalization","funded_only",TRUE,3.74220144451734,FALSE,2.75447379832394,6.34149523360099,-0.154993019607496,-0.290674800448292,0.520769856663966
14,"young_lifetime","Fully funded system",0.88,0.0010231283256207,"capitalization","funded_only",TRUE,3.91993103206034,FALSE,2.8852929162502,6.64267392453573,-0.144572350986739,-0.271088444066496,0.520607661482456
14,"young_lifetime","Fully funded system",0.89,0.000876506552691064,"capitalization","funded_only",TRUE,4.1061015885775,FALSE,3.02232506899473,6.95815659277105,-0.134852296721252,-0.252827504995748,0.520468104749033
14,"young_lifetime","Fully funded system",0.9,0.000748133179985062,"capitalization","funded_only",TRUE,4.30111400374738,FALSE,3.16586533423627,7.28862258174251,-0.125785752302421,-0.235801178553795,0.520348021335998
14,"young_lifetime","Fully funded system",0.91,0.000636211266591,"capitalization","funded_only",TRUE,4.50538820683215,FALSE,3.31622280387352,7.63478349916388,-0.117328780206029,-0.219925100113948,0.520244689994227
14,"young_lifetime","Fully funded system",0.92,0.000539041851611795,"capitalization","funded_only",TRUE,4.71936407093069,FALSE,3.47372124960703,7.99738474936503,-0.109440396965927,-0.205120845699737,0.520155770764378
14,"young_lifetime","Fully funded system",0.93,0.000455032383605845,"capitalization","funded_only",TRUE,4.94350236017769,FALSE,3.63869982013175,8.37720713840552,-0.102082374563408,-0.19131547936609,0.520079251296768
14,"young_lifetime","Fully funded system",0.94,0.00038270207402884,"capitalization","funded_only",TRUE,5.17828572192843,FALSE,3.81151377144169,8.77506855542049,-0.0952190551698048,-0.178441141582375,0.520013400791941
14,"young_lifetime","Fully funded system",0.95,0.000320684534961157,"capitalization","funded_only",TRUE,5.42421972606563,FALSE,3.99253523181906,9.19182573381915,-0.0888171783445204,-0.166434673752282,0.519956730464733
14,"young_lifetime","Fully funded system",0.96,0.000267728070175611,"capitalization","funded_only",TRUE,5.68183395366652,FALSE,4.1821540031553,9.62837609612856,-0.0828457198510817,-0.155237274755506,0.519907959596151
14,"young_lifetime","Fully funded system",0.97,0.000222693986042829,"capitalization","funded_only",TRUE,5.95168313737427,FALSE,4.38077840032962,10.085659686455,-0.0772757413100971,-0.144794186010352,0.519865986374429
14,"young_lifetime","Fully funded system",0.98,0.00018455327674269,"capitalization","funded_only",TRUE,6.2343483559295,FALSE,4.58883613045224,10.5646611947247,-0.0720802499605183,-0.135054402061037,0.519829862842867
14,"young_lifetime","Fully funded system",0.99,0.000152382018630337,"capitalization","funded_only",TRUE,6.53043828543399,FALSE,4.80677521386599,11.0664120770619,-0.0672340678495948,-0.125970404110133,0.519798773370955
14,"young_lifetime","Fully funded system",1,6.26778916131105e-05,"capitalization","funded_only",TRUE,6.84059051004116,FALSE,5.0350649488892,11.5919927768713,-0.0627137098175985,-0.117497914261974,0.51977201614945
15,"young_lifetime","Fully funded system",0,0.000223648618482682,"informal","informal",FALSE,0.0797703827361211,TRUE,0.08215,0.0981934915197121,-33.0686350430937,-37.4783291935855,0.0870327657109264
15,"young_lifetime","Fully funded system",0.01,0.000530074028894635,"informal","informal",FALSE,0.0821175938992575,TRUE,0.084567230436132,0.0981934915197121,-31.8633910320194,-35.8829724428766,0.0824244962363745
15,"young_lifetime","Fully funded system",0.02,0.000625857596014926,"informal","informal",FALSE,0.0845338707990166,TRUE,0.0868429797692871,0.100380585731645,-30.6502718685928,-34.3555259543591,0.0790498623936495
15,"young_lifetime","Fully funded system",0.03,0.00073622950670148,"informal","informal",FALSE,0.0870212456666908,TRUE,0.0891458019072178,0.103042385633668,-29.4703342753952,-32.8930989616206,0.0760021846871071
15,"young_lifetime","Fully funded system",0.04,0.000862878406729994,"informal","informal",FALSE,0.0895818105311539,TRUE,0.0915163836527054,0.105782507918382,-28.3327109246631,-31.4929237507913,0.0730416203845834
15,"young_lifetime","Fully funded system",0.05,0.00100759191313581,"informal","informal",FALSE,0.0922177189783811,TRUE,0.0939567188047241,0.108603257190136,-27.236082646758,-30.1523504225122,0.0701656794770003
15,"young_lifetime","Fully funded system",0.06,0.00117224512608808,"informal","informal",FALSE,0.0949311879627415,TRUE,0.0964688598289744,0.111507005865328,-26.1791588054069,-28.8688418768717,0.0673719431285407
15,"young_lifetime","Fully funded system",0.07,0.00135878545245099,"informal","informal",FALSE,0.0977244996715876,TRUE,0.0990549195841276,0.114496196167744,-25.1606775135885,-27.6399690118215,0.0646580616422683
15,"young_lifetime","Fully funded system",0.08,0.00156921348536889,"informal","informal",FALSE,0.100600003444709,TRUE,0.101717073098865,0.117573342182619,-24.17940577932,-26.4634061259835,0.0620217524838922
15,"young_lifetime","Fully funded system",0.09,0.00180555975146526,"informal","informal",FALSE,0.103560117750266,TRUE,0.104457559401203,0.120741031971121,-23.2341395857631,-25.3369265171469,0.0594607983620219
15,"young_lifetime","Fully funded system",0.1,0.00206985722142662,"informal","informal",FALSE,0.106607332218865,TRUE,0.107278683401653,0.124001929747073,-22.3237039099581,-24.2583982681271,0.0569730453632933
15,"young_lifetime","Fully funded system",0.11,0.00236410958058029,"informal","informal",FALSE,0.10974420973748,TRUE,0.11018281783178,0.127358778117708,-21.4469526843766,-23.2257802120088,0.0545564011408022
15,"young_lifetime","Fully funded system",0.12,0.00269025537259384,"informal","informal",FALSE,0.112973388605,TRUE,0.113172405239815,0.130814400390363,-20.6027687053548,-22.2371180691391,0.052208833154316
15,"young_lifetime","Fully funded system",0.13,0.0030501282598838,"informal","informal",FALSE,0.116297584751183,TRUE,0.116249960044979,0.13437170294705,-19.7900634923382,-21.2905407485582,0.0499283669607886
15,"young_lifetime","Fully funded system",0.14,0.00344541378616971,"informal","informal",FALSE,0.119719594020924,TRUE,0.11941807065226,0.138033677688893,-19.0077771017289,-20.3842568068699,0.0477130845537366
15,"young_lifetime","Fully funded system",0.15,0.0038776031764757,"informal","informal",FALSE,0.123242294525717,TRUE,0.122679401629413,0.141803404552493,-18.2548778989829,-19.5165510578476,0.0455611227500832
15,"young_lifetime","Fully funded system",0.16,0.00434794486360459,"informal","informal",FALSE,0.126868649064321,TRUE,0.126036695948017,0.145684054100336,-17.5303622924619,-18.6857813263618,0.0434706716231108
15,"young_lifetime","Fully funded system",0.17,0.00485739458280167,"informal","informal",FALSE,0.130601707614646,TRUE,0.12949277729048,0.149678890187425,-16.833254432393,-17.8903753404839,0.0414399729802075
15,"young_lifetime","Fully funded system",0.18,0.00540656502249209,"informal","informal",FALSE,0.134444609898966,TRUE,0.133050552424919,0.153791272706371,-16.1626058781435,-17.1288277558855,0.039467318884121
15,"young_lifetime","Fully funded system",0.19,0.00599567615266305,"informal","informal",FALSE,0.138400588024611,TRUE,0.136713013649921,0.158024660413264,-15.5174952368688,-16.3996973069017,0.0375510502164851
15,"young_lifetime","Fully funded system",0.2,0.00662450746745946,"informal","informal",FALSE,0.142472969202355,TRUE,0.140483241311251,0.162382613836687,-14.8970277764417,-15.7016040788657,0.0356895552824021
15,"young_lifetime","Fully funded system",0.21,0.00729235346863131,"informal","informal",FALSE,0.146665178544802,TRUE,0.144364406392594,0.166868798272337,-14.3003350154252,-15.0332268965535,0.0338812684549126
15,"young_lifetime","Fully funded system",0.22,0.00799798377561329,"informal","informal",FALSE,0.150980741947105,TRUE,0.148359773182546,0.171486986865746,-13.7265742927069,-14.3933008237962,0.0321246688582115
15,"young_lifetime","Fully funded system",0.23,0.0087396092707509,"informal","informal",FALSE,0.155423289052453,TRUE,0.152472702020072,0.176241063785726,-13.1749283192666,-13.7806147695268,0.0304182790885004
15,"young_lifetime","Fully funded system",0.24,0.0095148556698428,"informal","informal",FALSE,0.159996556304812,TRUE,0.156706652120748,0.18113502749118,-12.6446047144124,-13.1940091957318,0.0287606639714055
15,"young_lifetime","Fully funded system",0.25,0.010320745845168,"informal","informal",FALSE,0.164704390091499,TRUE,0.161065184486163,0.186172994094043,-12.1348355286823,-12.6323739229692,0.027150429354911
15,"young_lifetime","Fully funded system",0.26,0.0111536921182913,"capitalization","funded_only",TRUE,0.220750150966578,FALSE,0.162544748566065,0.374176539027868,-10.8122250033307,-12.0946460293005,0.0775862929260704
15,"young_lifetime","Fully funded system",0.27,0.0120094995825537,"capitalization","funded_only",TRUE,0.231234309519514,FALSE,0.170264539055231,0.391947426815623,-10.0852850798548,-11.5798078386594,0.0965003696910907
15,"young_lifetime","Fully funded system",0.28,0.0128833813113884,"capitalization","funded_only",TRUE,0.242216395616697,FALSE,0.178350968059159,0.410562313143707,-9.40721961581536,-11.0868849948502,0.11574643128389
15,"young_lifetime","Fully funded system",0.29,0.0137699860614464,"capitalization","funded_only",TRUE,0.253720057492564,FALSE,0.186821448459804,0.430061282308672,-8.77474262744941,-10.6149446175323,0.135330304789089
15,"young_lifetime","Fully funded system",0.3,0.0146634387938913,"capitalization","funded_only",TRUE,0.265770066514822,FALSE,0.195694220134775,0.450486322343574,-8.18478905802649,-10.1630935366981,0.155257919569828
15,"young_lifetime","Fully funded system",0.31,0.0155573940198842,"capitalization","funded_only",TRUE,0.278392370525783,FALSE,0.204988389234105,0.471881415432748,-7.63449992422886,-9.73047660230625,0.175535309062978
15,"young_lifetime","Fully funded system",0.32,0.0164451016357299,"capitalization","funded_only",TRUE,0.291614149717055,FALSE,0.214723969322414,0.49429263262068,-7.12120846118716,-9.31627506586847,0.196168612605875
15,"young_lifetime","Fully funded system",0.33,0.0173194845593781,"capitalization","funded_only",TRUE,0.305463875157905,FALSE,0.224921924475037,0.517768233018923,-6.64242719902914,-8.91970503092844,0.217164077295113
15,"young_lifetime","Fully funded system",0.34,0.0181732271241403,"capitalization","funded_only",TRUE,0.319971370103331,FALSE,0.235604214420944,0.542358767724676,-6.19583590831248,-8.54001596949986,0.238528059877958
15,"young_lifetime","Fully funded system",0.35,0.0189988728395791,"capitalization","funded_only",TRUE,0.33516787421386,FALSE,0.246793841829639,0.5681171886748,-5.7792703559243,-8.1764893016559,0.26026702867697
15,"young_lifetime","Fully funded system",0.36,0.0197889298058682,"capitalization","funded_only",TRUE,0.351086110825352,FALSE,0.258514901843871,0.595098962669675,-5.3907118169568,-7.82843703558187,0.282387565548402
15,"young_lifetime","Fully funded system",0.37,0.0205359817787106,"capitalization","funded_only",TRUE,0.367760357413676,FALSE,0.270792633964825,0.623362190812432,-5.02827729173262,-7.49520046551748,0.304896367874969
15,"young_lifetime","Fully funded system",0.38,0.0212328026386743,"capitalization","funded_only",TRUE,0.385226519405987,FALSE,0.283653476401505,0.652967733620747,-4.69021038057034,-7.1761489251242,0.3278002505936
15,"young_lifetime","Fully funded system",0.39,0.0218724718319488,"capitalization","funded_only",TRUE,0.403522207497541,FALSE,0.297125123001353,0.68397934208061,-4.37487277206817,-6.87067859391881,0.351106148258784
15,"young_lifetime","Fully funded system",0.4,0.0224484882277816,"capitalization","funded_only",TRUE,0.42268681864055,FALSE,0.311236582884695,0.716463794924276,-4.08073630365725,-6.57821135451382,0.374821117142126
15,"young_lifetime","Fully funded system",0.41,0.0229548797878943,"capitalization","funded_only",TRUE,0.44276162087946,FALSE,0.326018242911425,0.750491042428001,-3.8063755559488,-6.29819369850236,0.398952337368757
15,"young_lifetime","Fully funded system",0.42,0.0233863064692461,"capitalization","funded_only",TRUE,0.463789842215345,FALSE,0.341501933114429,0.786134357039208,-3.55046094498671,-6.03009567891675,0.423507115091242
15,"young_lifetime","Fully funded system",0.43,0.0237381538851594,"capitalization","funded_only",TRUE,0.48581676369076,FALSE,0.357720995240678,0.823470491157446,-3.31175227892976,-5.77340990727817,0.448492884701654
15,"young_lifetime","Fully funded system",0.44,0.0240066154297712,"capitalization","funded_only",TRUE,0.508889816895508,FALSE,0.37471035454755,0.862579842408878,-3.08909274793825,-5.52765059333943,0.473917211082459
15,"young_lifetime","Fully funded system",0.45,0.0241887608228689,"capitalization","funded_only",TRUE,0.53305868610328,FALSE,0.392506595009003,0.903546626770219,-2.88140331813963,-5.29235262570342,0.49978779189692
15,"young_lifetime","Fully funded system",0.46,0.0242825893494975,"capitalization","funded_only",TRUE,0.558375415259096,FALSE,0.411148038093544,0.94645905991489,-2.68767750250535,-5.06707069157726,0.526112459919701
15,"young_lifetime","Fully funded system",0.47,0.0242870664418367,"capitalization","funded_only",TRUE,0.584894520047949,FALSE,0.430674825283619,0.991409547171919,-2.50697648329818,-4.8513784339963,0.552899185408382
15,"young_lifetime","Fully funded system",0.48,0.0242021426680683,"capitalization","funded_only",TRUE,0.612673105285947,FALSE,0.451129004514124,1.03849488250661,-2.33842456245273,-4.40765539469607,0.525888660527754
15,"young_lifetime","Fully funded system",0.49,0.0240287546408929,"capitalization","funded_only",TRUE,0.641770987886761,FALSE,0.472554620716173,1.08781645695147,-2.1812049178412,-4.11131484736734,0.525888660527754
15,"young_lifetime","Fully funded system",0.5,0.0237688078223462,"capitalization","funded_only",TRUE,0.672250825668154,FALSE,0.494997810661085,1.13948047693621,-2.03455564485879,-3.83489820790508,0.525888660527754
15,"young_lifetime","Fully funded system",0.51,0.0234251416663332,"capitalization","funded_only",TRUE,0.704178252275958,FALSE,0.518506902308831,1.19359819298698,-1.89776606414571,-3.57706592926368,0.525888660527754
15,"young_lifetime","Fully funded system",0.52,0.0230014779905107,"capitalization","funded_only",TRUE,0.737622018516046,FALSE,0.543132518874866,1.25028613928727,-1.77017327755273,-3.33656852636223,0.525888660527754
15,"young_lifetime","Fully funded system",0.53,0.0225023538900762,"capitalization","funded_only",TRUE,0.772654140398625,FALSE,0.568927687839447,1.30966638461634,-1.65115895565998,-3.11224052093516,0.525888660527754
15,"young_lifetime","Fully funded system",0.54,0.0219330408840984,"capitalization","funded_only",TRUE,0.809350054213642,FALSE,0.595947955134154,1.37186679520563,-1.54014634128096,-2.90299479348959,0.525888660527754
15,"young_lifetime","Fully funded system",0.55,0.0212994523083938,"capitalization","funded_only",TRUE,0.847788778971243,FALSE,0.624251504751524,1.43702131007897,-1.43659745443042,-2.70781731499833,0.525888660527754
15,"young_lifetime","Fully funded system",0.56,0.0206080412279339,"capitalization","funded_only",TRUE,0.888053086557063,FALSE,0.65389928403533,1.50527022946973,-1.34001048521108,-2.52576223279784,0.525888660527754
15,"young_lifetime","Fully funded system",0.57,0.0198656913291574,"capitalization","funded_only",TRUE,0.930229679968761,FALSE,0.684955134921319,1.57676051693578,-1.24991736198472,-2.35594728687665,0.525888660527754
15,"young_lifetime","Fully funded system",0.58,0.0190796033639485,"capitalization","funded_only",TRUE,0.974409380017599,FALSE,0.717485931411012,1.65164611582294,-1.16588148304283,-2.19754953434119,0.525888660527754
15,"young_lifetime","Fully funded system",0.59,0.0182571797508447,"capitalization","funded_only",TRUE,1.0206873208971,FALSE,0.751561723574582,1.73008828075831,-1.08749560078418,-2.04980136133921,0.525888660527754
15,"young_lifetime","Fully funded system",0.6,0.0174059098965294,"capitalization","funded_only",TRUE,1.06916315503991,FALSE,0.787255888392919,1.81225592488732,-1.01437984814577,-1.91198676311418,0.525888660527754
15,"young_lifetime","Fully funded system",0.61,0.0165332586858387,"capitalization","funded_only",TRUE,1.119941267704,FALSE,0.824645287763673,1.89832598360222,-0.946179897723037,-1.78343787416329,0.525888660527754
15,"young_lifetime","Fully funded system",0.62,0.0156465604078046,"capitalization","funded_only",TRUE,1.17313100175027,FALSE,0.863810434011545,1.98848379554526,-0.882565244658258,-1.66353173168393,0.525888660527754
15,"young_lifetime","Fully funded system",0.63,0.0147529201472209,"capitalization","funded_only",TRUE,1.22884689309558,FALSE,0.904835663259196,2.08292350170699,-0.823227604975703,-1.55168725662376,0.525888660527754
15,"young_lifetime","Fully funded system",0.64,0.0138591243861013,"capitalization","funded_only",TRUE,1.28720891734827,FALSE,0.947809317032129,2.18184846347899,-0.767879421601798,-1.44736243770433,0.525888660527754
15,"young_lifetime","Fully funded system",0.65,0.0129715622386452,"capitalization","funded_only",TRUE,1.34834274815718,FALSE,0.992823932488583,2.28547170056143,-0.716252470830244,-1.3500517047717,0.525888660527754
15,"young_lifetime","Fully funded system",0.66,0.0120961583990884,"capitalization","funded_only",TRUE,1.41238002783053,FALSE,1.03997644168408,2.3940163496682,-0.668096562478877,-1.25928347874487,0.525888660527754
15,"young_lifetime","Fully funded system",0.67,0.0112383185264294,"capitalization","funded_only",TRUE,1.4794586508074,FALSE,1.08936838029972,2.50771614501757,-0.623178327439069,-1.17461788628899,0.525888660527754
15,"young_lifetime","Fully funded system",0.68,0.0104028874355191,"capitalization","funded_only",TRUE,1.54972306059223,FALSE,1.14110610628364,2.62681592164288,-0.581280086742003,-1.09564462813822,0.525888660527754
15,"young_lifetime","Fully funded system",0.69,0.00959412012165592,"capitalization","funded_only",TRUE,1.62332456079165,FALSE,1.19530102887652,2.75157214260714,-0.542198796661181,-1.02198099073794,0.525888660527754
15,"young_lifetime","Fully funded system",0.7,0.00881566532576298,"capitalization","funded_only",TRUE,1.70042164092362,FALSE,1.25206984851428,2.88225345125685,-0.505745064739011,-0.953269991570609,0.525888660527754
15,"young_lifetime","Fully funded system",0.71,0.00807056105809019,"capitalization","funded_only",TRUE,1.78118031770018,FALSE,1.31153480812448,3.01914124970415,-0.471742231969029,-0.889178649177095,0.525888660527754
15,"young_lifetime","Fully funded system",0.72,0.00736124124713052,"capitalization","funded_only",TRUE,1.86577449251896,FALSE,1.37382395635774,3.16253030478298,-0.440025516685886,-0.829396369489974,0.525888660527754
15,"young_lifetime","Fully funded system",0.73,0.00668955247216793,"capitalization","funded_only",TRUE,1.95438632593308,FALSE,1.43907142332077,3.3127293827842,-0.410441216014328,-0.773633440658722,0.525888660527754
15,"young_lifetime","Fully funded system",0.74,0.00605677957576838,"capitalization","funded_only",TRUE,2.04720662990594,FALSE,1.50741770940498,3.47006191433629,-0.382845961007251,-0.721619629072523,0.525888660527754
15,"young_lifetime","Fully funded system",0.75,0.00546367883789977,"capitalization","funded_only",TRUE,2.14443527869542,FALSE,1.57900998783245,3.63486669086356,-0.357106021863187,-0.673102869776903,0.525888660527754
15,"young_lifetime","Fully funded system",0.76,0.0049105173257538,"capitalization","funded_only",TRUE,2.24628163925241,FALSE,1.65400242157086,3.80749859412132,-0.333096659856197,-0.627848044937771,0.525888660527754
15,"young_lifetime","Fully funded system",0.77,0.00439711701067287,"capitalization","funded_only",TRUE,2.35296502206032,FALSE,1.73255649529974,3.98832936037929,-0.310701522837558,-0.585353645657103,0.525398437230314
15,"young_lifetime","Fully funded system",0.78,0.00392290226240524,"capitalization","funded_only",TRUE,2.46471515338652,FALSE,1.81484136314289,4.17774838089845,-0.289812081379783,-0.545605063989596,0.524665609457663
15,"young_lifetime","Fully funded system",0.79,0.00348694938664893,"capitalization","funded_only",TRUE,2.58177266996253,FALSE,1.90103421291583,4.3761635404253,-0.270327102830436,-0.508606957822125,0.524035692133602
15,"young_lifetime","Fully funded system",0.8,0.00308803695908519,"capitalization","funded_only",TRUE,2.70438963715828,FALSE,1.99132064767249,4.58400209550898,-0.252152160726986,-0.474158869565732,0.523494146251857
15,"young_lifetime","Fully funded system",0.81,0.00272469582188591,"capitalization","funded_only",TRUE,2.83283009176606,FALSE,2.08589508537285,4.80171159453253,-0.235199177195225,-0.442076924665344,0.523028506837564
15,"young_lifetime","Fully funded system",0.82,0.0023952577407798,"capitalization","funded_only",TRUE,2.96737061056326,FALSE,2.18496117753217,5.0297608414396,-0.219385996113698,-0.412192091946951,0.522628082837799
15,"young_lifetime","Fully funded system",0.83,0.00209790186595431,"capitalization","funded_only",TRUE,3.10830090587788,FALSE,2.2887322477532,5.26864090523165,-0.204635984975616,-0.384348687606164,0.522283701212831
15,"young_lifetime","Fully funded system",0.84,0.00183069829236669,"capitalization","funded_only",TRUE,3.25592444943954,FALSE,2.39743175108579,5.51886617740958,-0.190877663518861,-0.358403080525969,0.521987488626378
15,"young_lifetime","Fully funded system",0.85,0.00159164816888775,"capitalization","funded_only",TRUE,3.41055912585919,FALSE,2.51129375520298,5.78097547963677,-0.178044357324354,-0.334222564813852,0.521732685107434
15,"young_lifetime","Fully funded system",0.86,0.00137871995615396,"capitalization","funded_only",TRUE,3.57253791714474,FALSE,2.63056344442975,6.0555332240087,-0.166073874704096,-0.31168437198681,0.521513484901043
15,"young_lifetime","Fully funded system",0.87,0.00118988157581876,"capitalization","funded_only",TRUE,3.74220961972669,FALSE,2.75549764770979,6.34313062842765,-0.154908205313055,-0.290674800448292,0.521324900450559
15,"young_lifetime","Fully funded system",0.88,0.0010231283256207,"capitalization","funded_only",TRUE,3.91993959553756,FALSE,2.88636539164717,6.64438698969958,-0.144493239024306,-0.271088444066496,0.521162646071776
15,"young_lifetime","Fully funded system",0.89,0.000876506552691064,"capitalization","funded_only",TRUE,4.10611055876273,FALSE,3.02344847981374,6.95995101709461,-0.134778503705095,-0.252827504995748,0.52102303840356
15,"young_lifetime","Fully funded system",0.9,0.000748133179985062,"capitalization","funded_only",TRUE,4.30112339995653,FALSE,3.16704209956986,7.29050222924275,-0.125716920623038,-0.235801178553795,0.520902911163017
15,"young_lifetime","Fully funded system",0.91,0.000636211266591,"capitalization","funded_only",TRUE,4.5053980492985,FALSE,3.31745545770496,7.63675241737279,-0.117264576297131,-0.219925100113948,0.520799542107836
15,"young_lifetime","Fully funded system",0.92,0.000539041851611795,"capitalization","funded_only",TRUE,4.71937438084849,FALSE,3.47501244626687,7.99944717804535,-0.109380509687936,-0.205120845699737,0.520710590424644
15,"young_lifetime","Fully funded system",0.93,0.000455032383605845,"capitalization","funded_only",TRUE,4.94351315974776,FALSE,3.64005234001355,8.37936751868041,-0.102026513695639,-0.19131547936609,0.5206340430293
15,"young_lifetime","Fully funded system",0.94,0.00038270207402884,"capitalization","funded_only",TRUE,5.17829703440599,FALSE,3.81293052698913,8.77733153933681,-0.0951669500040241,-0.178441141582375,0.52056816849065
15,"young_lifetime","Fully funded system",0.95,0.000320684534961157,"capitalization","funded_only",TRUE,5.42423157581036,FALSE,3.99401927379745,9.19419619436495,-0.0887685763730602,-0.166434673752282,0.520511477480159
15,"young_lifetime","Fully funded system",0.96,0.000267728070175611,"capitalization","funded_only",TRUE,5.68184636619501,FALSE,4.18370852722094,9.63085913772627,-0.0828003855431601,-0.155237274755506,0.520462688811404
15,"young_lifetime","Fully funded system",0.97,0.000222693986042829,"capitalization","funded_only",TRUE,5.95169613941501,FALSE,4.38240675391115,10.0882606559531,-0.0772334549704078,-0.144794186010352,0.520420700270483
15,"young_lifetime","Fully funded system",0.98,0.00018455327674269,"capitalization","funded_only",TRUE,6.23436197548038,FALSE,4.59054181995881,10.5673856929111,-0.0720408066645623,-0.135054402061037,0.520384563554715
15,"young_lifetime","Fully funded system",0.99,0.000152382018630337,"capitalization","funded_only",TRUE,6.53045255182262,FALSE,4.80856191223779,11.0692659707248,-0.067197276450592,-0.125970404110133,0.520353462735908
15,"young_lifetime","Fully funded system",1,6.26778916131105e-05,"capitalization","funded_only",TRUE,6.84060545398802,FALSE,5.03693650350655,11.594982211432,-0.0626793920201686,-0.117497914261974,0.520326695748671
16,"young_lifetime","Fully funded system",0,0.000223648618482682,"informal","informal",FALSE,0.0797498188271089,TRUE,0.08215,0.0982111272022845,-33.0673543549662,-37.4783291935855,0.0870608324855118
16,"young_lifetime","Fully funded system",0.01,0.000530074028894635,"informal","informal",FALSE,0.0820964249055617,TRUE,0.084567230436132,0.0982111272022845,-31.8621103438918,-35.8829724428766,0.0824535011976462
16,"young_lifetime","Fully funded system",0.02,0.000625857596014926,"informal","informal",FALSE,0.0845120789162659,TRUE,0.0868447871454761,0.100379455009283,-30.6495363935944,-34.3555259543591,0.0790671244496812
16,"young_lifetime","Fully funded system",0.03,0.00073622950670148,"informal","informal",FALSE,0.0869988125666273,TRUE,0.0891475980910506,0.103041156595574,-29.4696564282451,-32.8930989616206,0.0760186844206572
16,"young_lifetime","Fully funded system",0.04,0.000862878406729994,"informal","informal",FALSE,0.0895587173462182,TRUE,0.0915181683148516,0.105781177671655,-28.3320867745658,-31.4929237507913,0.0730573795855234
16,"young_lifetime","Fully funded system",0.05,0.00100759191313581,"informal","informal",FALSE,0.0921939462858435,TRUE,0.0939584916061627,0.108601822756753,-27.2355085034111,-30.1523504225122,0.0701807193123705
16,"young_lifetime","Fully funded system",0.06,0.00117224512608808,"informal","informal",FALSE,0.0949067157683665,TRUE,0.0964706204207089,0.111505464179638,-26.1786312060357,-28.8688418768717,0.0673862841603523
16,"young_lifetime","Fully funded system",0.07,0.00135878545245099,"informal","informal",FALSE,0.0976993073928172,TRUE,0.0990566676068923,0.114494544073893,-25.1601932105473,-27.6399690118215,0.0646717238447978
16,"young_lifetime","Fully funded system",0.08,0.00156921348536889,"informal","informal",FALSE,0.100574069893352,TRUE,0.101718808182823,0.11757157643189,-24.1789617282461,-26.4634061259835,0.0620347552604805
16,"young_lifetime","Fully funded system",0.09,0.00180555975146526,"informal","informal",FALSE,0.103533421114677,TRUE,0.104459281165636,0.120739149219208,-23.2337329342707,-25.3369265171469,0.0594731605613936
16,"young_lifetime","Fully funded system",0.1,0.00206985722142662,"informal","informal",FALSE,0.1065798500456,TRUE,0.107280391454638,0.123999926551264,-22.3233319868551,-24.2583982681271,0.0569847852954102
16,"young_lifetime","Fully funded system",0.11,0.00236410958058029,"informal","informal",FALSE,0.109715918912412,TRUE,0.110184511769864,0.127356650933988,-21.44661298939,-23.2257802120088,0.0545675365922622
16,"young_lifetime","Fully funded system",0.12,0.00269025537259384,"informal","informal",FALSE,0.112944265333876,TRUE,0.113174084647672,0.13081214557044,-20.6024588993482,-22.2371180691391,0.0522193814033136
16,"young_lifetime","Fully funded system",0.13,0.0030501282598838,"informal","informal",FALSE,0.116267604539617,TRUE,0.116251624495064,0.134369316735279,-19.789781388006,-21.2905407485582,0.0499383447916468
16,"young_lifetime","Fully funded system",0.14,0.00344541378616971,"informal","informal",FALSE,0.11968873165379,TRUE,0.119419719704446,0.138031156219123,-19.0075206547497,-20.3842568068699,0.0477225082710222
16,"young_lifetime","Fully funded system",0.15,0.0038776031764757,"informal","informal",FALSE,0.123210524045945,TRUE,0.122681034830623,0.141800743844812,-18.2546451996171,-19.5165510578476,0.0455700081923212
16,"young_lifetime","Fully funded system",0.16,0.00434794486360459,"informal","informal",FALSE,0.126835943751065,TRUE,0.126038312831844,0.145681250057726,-17.5301515575763,-18.6857813263618,0.0434790341761051
16,"young_lifetime","Fully funded system",0.17,0.00485739458280167,"informal","informal",FALSE,0.130568039960811,TRUE,0.12949437737679,0.149675938592312,-16.833063997896,-17.8903753404839,0.0414478275899812
16,"young_lifetime","Fully funded system",0.18,0.00540656502249209,"informal","informal",FALSE,0.134409951588071,TRUE,0.133052135219452,0.153788169217083,-16.1624341918155,-17.1288277558855,0.0394746800694874
16,"young_lifetime","Fully funded system",0.19,0.00599567615266305,"informal","informal",FALSE,0.138364909906972,TRUE,0.136714578643874,0.158021400560376,-15.5173408515712,-16.3996973069017,0.0375579320812578
16,"young_lifetime","Fully funded system",0.2,0.00662450746745946,"informal","informal",FALSE,0.142436241270572,TRUE,0.140484787980848,0.162379193019266,-14.8968893436886,-15.7016040788657,0.0356959715272589
16,"young_lifetime","Fully funded system",0.21,0.00729235346863131,"informal","informal",FALSE,0.146627369908521,TRUE,0.14436593419865,0.166865211754064,-14.3002112793031,-15.0332268965535,0.033887232388917
16,"young_lifetime","Fully funded system",0.22,0.00799798377561329,"informal","informal",FALSE,0.150941820807034,TRUE,0.148361281570008,0.171483229770942,-13.7264640841262,-14.3933008237962,0.0321301934100062
16,"young_lifetime","Fully funded system",0.23,0.0087396092707509,"informal","informal",FALSE,0.155383222673619,TRUE,0.152474190417556,0.176237131095246,-13.1748305505313,-13.7806147695268,0.0304233768171829
16,"young_lifetime","Fully funded system",0.24,0.0095148556698428,"informal","informal",FALSE,0.159955310989029,TRUE,0.156708119940056,0.181130914038192,-12.6445183740925,-13.1940091957318,0.0287653470770894
16,"young_lifetime","Fully funded system",0.25,0.010320745845168,"informal","informal",FALSE,0.164661931149025,TRUE,0.161066631121793,0.186168694559683,-12.1347596767749,-12.6323739229692,0.0271547096889877
16,"young_lifetime","Fully funded system",0.26,0.0111536921182913,"capitalization","funded_only",TRUE,0.220750518424656,FALSE,0.162586932221733,0.374243633432759,-10.8080942446907,-12.0946460293005,0.0778608381140979
16,"young_lifetime","Fully funded system",0.27,0.0120094995825537,"capitalization","funded_only",TRUE,0.231234694429398,FALSE,0.170308726152946,0.392017707756857,-10.0814320451217,-11.5798078386594,0.0967797337681444
16,"young_lifetime","Fully funded system",0.28,0.0128833813113884,"capitalization","funded_only",TRUE,0.242216798807232,FALSE,0.178397253749044,0.410635931960489,-9.40362563273656,-11.0868849948502,0.116030698832372
16,"young_lifetime","Fully funded system",0.29,0.0137699860614464,"capitalization","funded_only",TRUE,0.253720479831957,FALSE,0.186869932410979,0.430138397527809,-8.77139027916673,-10.6149446175323,0.135619561876014
16,"young_lifetime","Fully funded system",0.3,0.0146634387938913,"capitalization","funded_only",TRUE,0.265770508912517,FALSE,0.195745006749975,0.450567100020838,-8.18166209867193,-10.1630935366981,0.15555225377288
16,"young_lifetime","Fully funded system",0.31,0.0155573940198842,"capitalization","funded_only",TRUE,0.278392833934416,FALSE,0.205041587874502,0.471966029510449,-7.63158320019526,-9.73047660230625,0.17583480949703
16,"young_lifetime","Fully funded system",0.32,0.0164451016357299,"capitalization","funded_only",TRUE,0.291614635134504,FALSE,0.214779694543102,0.494381265302231,-7.11848783769209,-9.31627506586847,0.196473369949966
16,"young_lifetime","Fully funded system",0.33,0.0173194845593781,"capitalization","funded_only",TRUE,0.305464383629442,FALSE,0.224980296271714,0.51786107516118,-6.63988949161607,-8.91970503092844,0.217474183819903
16,"young_lifetime","Fully funded system",0.34,0.0181732271241403,"capitalization","funded_only",TRUE,0.319971902723872,FALSE,0.235665358488302,0.542456019248923,-6.1934688189574,-8.54001596949986,0.238843609473669
16,"young_lifetime","Fully funded system",0.35,0.0189988728395791,"capitalization","funded_only",TRUE,0.335168432130321,FALSE,0.246857889832029,0.568219058997245,-5.77706241343807,-8.1764893016559,0.260588116881807
16,"young_lifetime","Fully funded system",0.36,0.0197889298058682,"capitalization","funded_only",TRUE,0.35108669523912,FALSE,0.258581991698822,0.595205671152401,-5.38865232139445,-7.82843703558187,0.282714289577483
16,"young_lifetime","Fully funded system",0.37,0.0205359817787106,"capitalization","funded_only",TRUE,0.367760969583198,FALSE,0.270862910140028,0.623473967235756,-5.02635626254015,-7.49520046551748,0.305228826649756
16,"young_lifetime","Fully funded system",0.38,0.0212328026386743,"capitalization","funded_only",TRUE,0.385227160649475,FALSE,0.283727090225901,0.653084818678015,-4.6884185082178,-7.1761489251242,0.328138544771852
16,"young_lifetime","Fully funded system",0.39,0.0218724718319488,"capitalization","funded_only",TRUE,0.403522879195814,FALSE,0.297202232990998,0.684101987896496,-4.37320137293465,-6.87067859391881,0.351450380265032
16,"young_lifetime","Fully funded system",0.4,0.0224484882277816,"capitalization","funded_only",TRUE,0.422687522240006,FALSE,0.311317355084101,0.716592265597695,-4.07917727794898,-6.57821135451382,0.37517139119868
16,"young_lifetime","Fully funded system",0.41,0.0229548797878943,"capitalization","funded_only",TRUE,0.442762357895194,FALSE,0.326102851251108,0.7506256146008,-3.80492134844665,-6.29819369850236,0.399308759527266
16,"young_lifetime","Fully funded system",0.42,0.0233863064692461,"capitalization","funded_only",TRUE,0.463790614234406,FALSE,0.341590559785444,0.786275320491879,-3.54910450843273,-6.03009567891675,0.423869793264802
16,"young_lifetime","Fully funded system",0.43,0.0237381538851594,"capitalization","funded_only",TRUE,0.485817572375573,FALSE,0.357813831086939,0.823618149433117,-3.31048703987531,-5.77340990727817,0.448861928697479
16,"young_lifetime","Fully funded system",0.44,0.0240066154297712,"capitalization","funded_only",TRUE,0.508890663987451,FALSE,0.374807599476782,0.862734513466951,-3.08791257488836,-5.52765059333943,0.474292732635127
16,"young_lifetime","Fully funded system",0.45,0.0241887608228689,"capitalization","funded_only",TRUE,0.533059573426436,FALSE,0.392608458423215,0.903708643671043,-2.88030249183903,-5.29235262570342,0.500169904702206
16,"young_lifetime","Fully funded system",0.46,0.0242825893494975,"capitalization","funded_only",TRUE,0.558376344724179,FALSE,0.411254739339942,0.946628771536959,-2.6866506882223,-5.06707069157726,0.526501279668996
16,"young_lifetime","Fully funded system",0.47,0.0242870664418367,"capitalization","funded_only",TRUE,0.584895493656418,FALSE,0.430786594126936,0.991587318963126,-2.50601870497176,-4.8513784339963,0.553294829823724
16,"young_lifetime","Fully funded system",0.48,0.0242021426680683,"capitalization","funded_only",TRUE,0.61267412513432,FALSE,0.451246081631386,1.03868109727118,-2.33753117857824,-4.40765539469607,0.526277423257907
16,"young_lifetime","Fully funded system",0.49,0.0240287546408929,"capitalization","funded_only",TRUE,0.641772056171123,FALSE,0.472677258214956,1.08801151567428,-2.18037159897694,-4.11131484736734,0.526277423257907
16,"young_lifetime","Fully funded system",0.5,0.0237688078223462,"capitalization","funded_only",TRUE,0.672251944688891,FALSE,0.495126272622393,1.13968479964624,-2.03377835264503,-3.83489820790508,0.526277423257907
16,"young_lifetime","Fully funded system",0.51,0.0234251416663332,"capitalization","funded_only",TRUE,0.70417942444271,FALSE,0.518641465355753,1.19381221966178,-1.89704103173437,-3.57706592926368,0.526277423257907
16,"young_lifetime","Fully funded system",0.52,0.0230014779905107,"capitalization","funded_only",TRUE,0.737623246352894,FALSE,0.543273472768241,1.25051033080039,-1.76949699135278,-3.33656852636223,0.526277423257907
16,"young_lifetime","Fully funded system",0.53,0.0225023538900762,"capitalization","funded_only",TRUE,0.772655426549527,FALSE,0.569075336101819,1.30990122372975,-1.65052813831018,-3.11224052093516,0.526277423257907
16,"young_lifetime","Fully funded system",0.54,0.0219330408840984,"capitalization","funded_only",TRUE,0.809351401448126,FALSE,0.596102615703364,1.37211278760925,-1.53955793576738,-2.90299479348959,0.526277423257907
16,"young_lifetime","Fully funded system",0.55,0.0212994523083938,"capitalization","funded_only",TRUE,0.847790190190372,FALSE,0.624413510665334,1.43727898547964,-1.4360486092718,-2.70781731499833,0.526277423257907
16,"young_lifetime","Fully funded system",0.56,0.0206080412279339,"capitalization","funded_only",TRUE,0.88805456479968,FALSE,0.654068984148575,1.50554014273182,-1.33949854064021,-2.52576223279784,0.526277423257907
16,"young_lifetime","Fully funded system",0.57,0.0198656913291574,"capitalization","funded_only",TRUE,0.930231228418034,FALSE,0.68513289465711,1.57704324927601,-1.24943983705893,-2.35594728687665,0.526277423257907
16,"young_lifetime","Fully funded system",0.58,0.0190796033639485,"capitalization","funded_only",TRUE,0.974411002007877,FALSE,0.717672133547617,1.65194227606195,-1.16543606362104,-2.19754953434119,0.526277423257907
16,"young_lifetime","Fully funded system",0.59,0.0182571797508447,"capitalization","funded_only",TRUE,1.02068901992109,FALSE,0.751756769069683,1.73039850663166,-1.08708012831228,-2.04980136133921,0.526277423257907
16,"young_lifetime","Fully funded system",0.6,0.0174059098965294,"capitalization","funded_only",TRUE,1.0691649347562,FALSE,0.787460197247011,1.81258088441874,-1.01399230919605,-1.91198676311418,0.526277423257907
16,"young_lifetime","Fully funded system",0.61,0.0165332586858387,"capitalization","funded_only",TRUE,1.11994313194493,FALSE,0.824859299924471,1.89866637654211,-0.945818414236864,-1.78343787416329,0.526277423257907
16,"young_lifetime","Fully funded system",0.62,0.0156465604078046,"capitalization","funded_only",TRUE,1.17313295453019,FALSE,0.864034610321342,1.98884035487751,-0.882228064844798,-1.66353173168393,0.526277423257907
16,"young_lifetime","Fully funded system",0.63,0.0147529201472209,"capitalization","funded_only",TRUE,1.22884893861951,FALSE,0.90507048644722,2.0832969952273,-0.822913094822531,-1.55168725662376,0.526277423257907
16,"young_lifetime","Fully funded system",0.64,0.0138591243861013,"capitalization","funded_only",TRUE,1.28721106002094,FALSE,0.94805529275402,2.18223969544827,-0.767586056956291,-1.44736243770433,0.526277423257907
16,"young_lifetime","Fully funded system",0.65,0.0129715622386452,"capitalization","funded_only",TRUE,1.3483449925925,FALSE,0.993081590415254,2.28588151343757,-0.715978830013356,-1.3500517047717,0.526277423257907
16,"young_lifetime","Fully funded system",0.66,0.0120961583990884,"capitalization","funded_only",TRUE,1.41238237886154,FALSE,1.04024633664227,2.39444562592025,-0.66784131939552,-1.25928347874487,0.526277423257907
16,"young_lifetime","Fully funded system",0.67,0.0112383185264294,"capitalization","funded_only",TRUE,1.4794611134967,FALSE,1.08965109346674,2.50816580902596,-0.622940245151702,-1.17461788628899,0.526277423257908
16,"young_lifetime","Fully funded system",0.68,0.0104028874355191,"capitalization","funded_only",TRUE,1.54972564024282,FALSE,1.14140224643884,2.62728694168993,-0.58105801147629,-1.09564462813822,0.526277423257907
16,"young_lifetime","Fully funded system",0.69,0.00959412012165592,"capitalization","funded_only",TRUE,1.62332726295843,FALSE,1.19561123371221,2.75206553296213,-0.541991652214667,-1.02198099073794,0.526277423257907
16,"young_lifetime","Fully funded system",0.7,0.00881566532576298,"capitalization","funded_only",TRUE,1.70042447142529,FALSE,1.25239478600889,2.88277027436008,-0.50555184726572,-0.953269991570609,0.526277423257908
16,"young_lifetime","Fully funded system",0.71,0.00807056105809019,"capitalization","funded_only",TRUE,1.78118328263178,FALSE,1.31187517798097,3.01968261845473,-0.471562005114709,-0.889178649177095,0.526277423257907
16,"young_lifetime","Fully funded system",0.72,0.00736124124713052,"capitalization","funded_only",TRUE,1.86577759826501,FALSE,1.37418049151027,3.16309738493531,-0.43985740705033,-0.829396369489974,0.526277423257907
16,"young_lifetime","Fully funded system",0.73,0.00668955247216793,"capitalization","funded_only",TRUE,1.95438957918134,FALSE,1.439444891513,3.31332339545822,-0.410284408918774,-0.773633440658722,0.526277423257907
16,"young_lifetime","Fully funded system",0.74,0.00605677957576838,"capitalization","funded_only",TRUE,2.04721003766177,FALSE,1.50780891484325,3.470684138647,-0.382699696546354,-0.721619629072523,0.526277423257907
16,"young_lifetime","Fully funded system",0.75,0.00546367883789977,"capitalization","funded_only",TRUE,2.14443884829691,FALSE,1.57941977291755,3.63551846667536,-0.356969591222432,-0.673102869776903,0.526277423257907
16,"young_lifetime","Fully funded system",0.76,0.0049105173257538,"capitalization","funded_only",TRUE,2.24628537838614,FALSE,1.65443166871198,3.80818132493325,-0.332969401876898,-0.627848044937771,0.526277423257907
16,"young_lifetime","Fully funded system",0.77,0.00439711701067287,"capitalization","funded_only",TRUE,2.35296893877794,FALSE,1.73300612881461,3.98904451634722,-0.310582820812811,-0.585353645657103,0.525787075062397
16,"young_lifetime","Fully funded system",0.78,0.00392290226240524,"capitalization","funded_only",TRUE,2.46471925612208,FALSE,1.8153123512482,4.17849750200083,-0.289701360065829,-0.545605063989596,0.525054060581416
16,"young_lifetime","Fully funded system",0.79,0.00348694938664893,"capitalization","funded_only",TRUE,2.58177696755065,FALSE,1.90152756981206,4.37694823977928,-0.270223825658967,-0.508606957822125,0.524423982768333
16,"young_lifetime","Fully funded system",0.8,0.00308803695908519,"capitalization","funded_only",TRUE,2.70439413885313,FALSE,1.99183743572788,4.58482406284401,-0.252055827204867,-0.474158869565732,0.523882298912658
16,"young_lifetime","Fully funded system",0.81,0.00272469582188591,"capitalization","funded_only",TRUE,2.83283480726137,FALSE,2.08643641741105,4.80257259982893,-0.235109320479053,-0.442076924665344,0.523416540863725
16,"young_lifetime","Fully funded system",0.82,0.0023952577407798,"capitalization","funded_only",TRUE,2.96737555001312,FALSE,2.18552821922852,5.03066273873994,-0.219302180747419,-0.412192091946951,0.52301601484477
16,"young_lifetime","Fully funded system",0.83,0.00209790186595431,"capitalization","funded_only",TRUE,3.10830607991864,FALSE,2.28932622014484,5.26958563663313,-0.204557804780261,-0.384348687606164,0.522671545478969
16,"young_lifetime","Fully funded system",0.84,0.00183069829236669,"capitalization","funded_only",TRUE,3.2559298692127,FALSE,2.39805393320097,5.51985577724609,-0.190804739624148,-0.358403080525969,0.522375257424091
16,"young_lifetime","Fully funded system",0.85,0.00159164816888775,"capitalization","funded_only",TRUE,3.41056480303539,FALSE,2.51194548681525,5.78201207885943,-0.177976336332644,-0.334222564813852,0.522120388986838
16,"young_lifetime","Fully funded system",0.86,0.00137871995615396,"capitalization","funded_only",TRUE,3.57254386394892,FALSE,2.63124612894297,6.05661905477462,-0.166010426977787,-0.31168437198681,0.521901132933076
16,"young_lifetime","Fully funded system",0.87,0.00118988157581876,"capitalization","funded_only",TRUE,3.74221584896436,FALSE,2.75621275518013,6.34426802890648,-0.154849023377117,-0.290674800448292,0.521712500435439
16,"young_lifetime","Fully funded system",0.88,0.0010231283256207,"capitalization","funded_only",TRUE,3.91994612062244,FALSE,2.88711446194865,6.64557840910844,-0.144438036076224,-0.271088444066496,0.521550204717824
16,"young_lifetime","Fully funded system",0.89,0.000876506552691064,"capitalization","funded_only",TRUE,4.10611739374558,FALSE,3.02423312595412,6.96119902097207,-0.134727012224989,-0.252827504995748,0.521410561480657
16,"young_lifetime","Fully funded system",0.9,0.000748133179985062,"capitalization","funded_only",TRUE,4.30113055955544,FALSE,3.167864011164,7.29180950497334,-0.125668891077233,-0.235801178553795,0.521290403634347
16,"young_lifetime","Fully funded system",0.91,0.000636211266591,"capitalization","funded_only",TRUE,4.50540554893057,FALSE,3.31831640461315,7.63812177997386,-0.117219775928886,-0.219925100113948,0.521187008243013
16,"young_lifetime","Fully funded system",0.92,0.000539041851611795,"capitalization","funded_only",TRUE,4.71938223666301,FALSE,3.47591428240595,8.00088157622879,-0.109338721389477,-0.205120845699737,0.521098033896897
16,"young_lifetime","Fully funded system",0.93,0.000455032383605845,"capitalization","funded_only",TRUE,4.94352138866104,FALSE,3.64099700734903,8.38087004120223,-0.101987534956034,-0.19131547936609,0.521021466998966
16,"young_lifetime","Fully funded system",0.94,0.00038270207402884,"capitalization","funded_only",TRUE,5.17830565413771,FALSE,3.81392005971691,8.77890542164833,-0.0951305919277864,-0.178441141582375,0.52095557567694
16,"young_lifetime","Fully funded system",0.95,0.000320684534961157,"capitalization","funded_only",TRUE,5.42424060492179,FALSE,3.99505580272417,9.19584482557982,-0.088734662764742,-0.166434673752282,0.520898870222831
16,"young_lifetime","Fully funded system",0.96,0.000267728070175611,"capitalization","funded_only",TRUE,5.68185582412897,FALSE,4.18479428435233,9.6325860679184,-0.082768752053488,-0.155237274755506,0.520850069123801
16,"young_lifetime","Fully funded system",0.97,0.000222693986042829,"capitalization","funded_only",TRUE,5.9517060465377,FALSE,4.38354407725831,10.0900696038012,-0.0772039482998275,-0.144794186010352,0.520808069885127
16,"young_lifetime","Fully funded system",0.98,0.00018455327674269,"capitalization","funded_only",TRUE,6.23437235312525,FALSE,4.59173315857276,10.5692805537064,-0.072013283820331,-0.135054402061037,0.520771923962522
16,"young_lifetime","Fully funded system",0.99,0.000152382018630337,"capitalization","funded_only",TRUE,6.53046342233635,FALSE,4.80980983148312,11.0712508247587,-0.0671716040538193,-0.125970404110133,0.520740815219913
16,"young_lifetime","Fully funded system",1,6.26778916131105e-05,"capitalization","funded_only",TRUE,6.84061684077858,FALSE,5.03824369058555,11.5970613327826,-0.0626554456594468,-0.117497914261974,0.520714041413039
17,"young_lifetime","Fully funded system",0,0.000223648618482682,"informal","informal",FALSE,0.0797354982248502,TRUE,0.08215,0.0982233674235133,-33.0664658185504,-37.4783291935855,0.0870803061685161
17,"young_lifetime","Fully funded system",0.01,0.000530074028894635,"informal","informal",FALSE,0.0820816829253889,TRUE,0.084567230436132,0.0982233674235133,-31.861221807476,-35.8829724428766,0.0824736258681043
17,"young_lifetime","Fully funded system",0.02,0.000625857596014926,"informal","informal",FALSE,0.0844969031593047,TRUE,0.0868460456538693,0.100378627458668,-30.6490270596633,-34.3555259543591,0.0790790792386993
17,"young_lifetime","Fully funded system",0.03,0.00073622950670148,"informal","informal",FALSE,0.0869831902691717,TRUE,0.0891488486660388,0.103040259360604,-29.4691871820754,-32.8930989616206,0.0760301068894467
17,"young_lifetime","Fully funded system",0.04,0.000862878406729994,"informal","informal",FALSE,0.0895426353689952,TRUE,0.0915194107229975,0.105780208701895,-28.3316548762287,-31.4929237507913,0.0730682849496789
17,"young_lifetime","Fully funded system",0.05,0.00100759191313581,"informal","informal",FALSE,0.0921773911029624,TRUE,0.0939597256071603,0.108600779941437,-27.2351113807916,-30.1523504225122,0.0701911223525706
17,"young_lifetime","Fully funded system",0.06,0.00117224512608808,"informal","informal",FALSE,0.0948896734559426,TRUE,0.0964718457671812,0.11150434534589,-26.1782664457792,-28.8688418768717,0.0673961992347911
17,"young_lifetime","Fully funded system",0.07,0.00135878545245099,"informal","informal",FALSE,0.0976817636172613,TRUE,0.0990578840441836,0.114493346984902,-25.1598585494027,-27.6399690118215,0.0646811649012624
17,"young_lifetime","Fully funded system",0.08,0.00156921348536889,"informal","informal",FALSE,0.100556009899315,TRUE,0.101720015448784,0.117570298785026,-24.1786550447959,-26.4634061259835,0.0620437358480803
17,"young_lifetime","Fully funded system",0.09,0.00180555975146526,"informal","informal",FALSE,0.103514829712639,TRUE,0.104460478990404,0.120737788644089,-23.2334522410361,-25.3369265171469,0.0594816938419569
17,"young_lifetime","Fully funded system",0.1,0.00206985722142662,"informal","informal",FALSE,0.106560711599096,TRUE,0.10728157956041,0.12399848060776,-22.3230754227683,-24.2583982681271,0.0569928840545535
17,"young_lifetime","Fully funded system",0.11,0.00236410958058029,"informal","informal",FALSE,0.109696217324881,TRUE,0.110185689870663,0.127355117110169,-21.4463788126206,-23.2257802120088,0.0545752132501442
17,"young_lifetime","Fully funded system",0.12,0.00269025537259384,"informal","informal",FALSE,0.112923984035121,TRUE,0.113175252449105,0.130810521280462,-20.6022454804739,-22.2371180691391,0.0522266480250808
17,"young_lifetime","Fully funded system",0.13,0.0030501282598838,"informal","informal",FALSE,0.116246726471871,TRUE,0.116252781694076,0.134367599317214,-19.7895872035158,-21.2905407485582,0.0499452130975802
17,"young_lifetime","Fully funded system",0.14,0.00344541378616971,"informal","informal",FALSE,0.119667239257367,TRUE,0.119420865989066,0.138029342932713,-19.0073442808682,-20.3842568068699,0.047728989646397
17,"young_lifetime","Fully funded system",0.15,0.0038776031764757,"informal","informal",FALSE,0.123188399244474,TRUE,0.122682169879699,0.141798831869171,-18.2544853064389,-19.5165510578476,0.045576113696981
17,"young_lifetime","Fully funded system",0.16,0.00434794486360459,"informal","informal",FALSE,0.126813167936283,TRUE,0.126039436314774,0.145679236488962,-17.5300069034983,-18.6857813263618,0.0434847745537636
17,"young_lifetime","Fully funded system",0.17,0.00485739458280167,"informal","informal",FALSE,0.130544593976914,TRUE,0.129495488953246,0.14967382044109,-16.8329334243374,-17.8903753404839,0.0414532132772594
17,"young_lifetime","Fully funded system",0.18,0.00540656502249209,"informal","informal",FALSE,0.134385815715606,TRUE,0.133053234539089,0.153785943406106,-16.1623166182128,-17.1288277558855,0.03947972120469
17,"young_lifetime","Fully funded system",0.19,0.00599567615266305,"informal","informal",FALSE,0.138340063846247,TRUE,0.136715665346042,0.1580190639218,-15.5172352706378,-16.3996973069017,0.037562638512902
17,"young_lifetime","Fully funded system",0.2,0.00662450746745946,"informal","informal",FALSE,0.142410664124587,TRUE,0.140485861694283,0.162376742292033,-14.8967948169284,-15.7016040788657,0.035700352822355
17,"young_lifetime","Fully funded system",0.21,0.00729235346863131,"informal","informal",FALSE,0.146601040165387,TRUE,0.144366994541162,0.166862643581162,-14.3001269327664,-15.0332268965535,0.0338912978410171
17,"young_lifetime","Fully funded system",0.22,0.00799798377561329,"informal","informal",FALSE,0.150914716321886,TRUE,0.148362328148165,0.17148054069658,-13.7263891043977,-14.3933008237962,0.0321339520470201
17,"young_lifetime","Fully funded system",0.23,0.0087396092707509,"informal","informal",FALSE,0.155355320649986,TRUE,0.152475222826347,0.176234317561946,-13.1747641809398,-13.7806147695268,0.0304268374089702
17,"young_lifetime","Fully funded system",0.24,0.0095148556698428,"informal","informal",FALSE,0.159926587959666,TRUE,0.156709137762553,0.181127972383802,-12.6444599111329,-13.1940091957318,0.0287685181428365
17,"young_lifetime","Fully funded system",0.25,0.010320745845168,"informal","informal",FALSE,0.164632362956171,TRUE,0.161067633928799,0.186165621014291,-12.134708466731,-12.6323739229692,0.0271575995043722
17,"young_lifetime","Fully funded system",0.26,0.0111536921182913,"capitalization","funded_only",TRUE,0.220750852031354,FALSE,0.16261637880426,0.374290138863584,-10.8052131538891,-12.0946460293005,0.0780524293959561
17,"young_lifetime","Fully funded system",0.27,0.0120094995825537,"capitalization","funded_only",TRUE,0.231235043880187,FALSE,0.170339571251573,0.3920664218852,-10.0787446591242,-11.5798078386594,0.0969746879103475
17,"young_lifetime","Fully funded system",0.28,0.0128833813113884,"capitalization","funded_only",TRUE,0.2422171648546,FALSE,0.178429563783949,0.410686959684737,-9.40111892815952,-11.0868849948502,0.116229074860725
17,"young_lifetime","Fully funded system",0.29,0.0137699860614464,"capitalization","funded_only",TRUE,0.253720863264133,FALSE,0.186903776956856,0.430191848728323,-8.76905210822942,-10.6149446175323,0.135821419852359
17,"young_lifetime","Fully funded system",0.3,0.0146634387938913,"capitalization","funded_only",TRUE,0.265770910555161,FALSE,0.195780458685852,0.450623089796562,-8.17948113032721,-10.1630935366981,0.15575765481328
17,"young_lifetime","Fully funded system",0.31,0.0155573940198842,"capitalization","funded_only",TRUE,0.278393254652404,FALSE,0.205078723540673,0.472024678426761,-7.62954886521797,-9.73047660230625,0.176043815790272
17,"young_lifetime","Fully funded system",0.32,0.0164451016357299,"capitalization","funded_only",TRUE,0.291615075833788,FALSE,0.214818593905517,0.494442699650556,-7.11659027745934,-9.31627506586847,0.196686044776392
17,"young_lifetime","Fully funded system",0.33,0.0173194845593781,"capitalization","funded_only",TRUE,0.305464845259,FALSE,0.225021043094171,0.517925427230946,-6.63811951033121,-8.91970503092844,0.21769059157057
17,"young_lifetime","Fully funded system",0.34,0.0181732271241403,"capitalization","funded_only",TRUE,0.319972386277753,FALSE,0.235708040512821,0.54252342761242,-6.19181783908617,-8.54001596949986,0.239063815669838
17,"young_lifetime","Fully funded system",0.35,0.0189988728395791,"capitalization","funded_only",TRUE,0.335168938649783,FALSE,0.246902598967788,0.568289668808024,-5.77552243414081,-8.1764893016559,0.26081218819479
17,"young_lifetime","Fully funded system",0.36,0.0197889298058682,"capitalization","funded_only",TRUE,0.351087225814876,FALSE,0.258628824220074,0.595279634457836,-5.38721587975314,-7.82843703558187,0.282942293848821
17,"young_lifetime","Fully funded system",0.37,0.0205359817787106,"capitalization","funded_only",TRUE,0.36776152535776,FALSE,0.270911966893409,0.623551443304457,-5.02501639739225,-7.49520046551748,0.305460832911765
17,"young_lifetime","Fully funded system",0.38,0.0212328026386743,"capitalization","funded_only",TRUE,0.385227742819618,FALSE,0.283778476847589,0.653165974342788,-4.68716872642165,-7.1761489251242,0.328374623268519
17,"young_lifetime","Fully funded system",0.39,0.0218724718319488,"capitalization","funded_only",TRUE,0.403523489015153,FALSE,0.297256060134185,0.684186997913591,-4.37203561790292,-6.87067859391881,0.351690602473286
17,"young_lifetime","Fully funded system",0.4,0.0224484882277816,"capitalization","funded_only",TRUE,0.422688161021693,FALSE,0.311373738657267,0.716681313023116,-4.07808990029779,-6.57821135451382,0.375415829850033
17,"young_lifetime","Fully funded system",0.41,0.0229548797878943,"capitalization","funded_only",TRUE,0.442763027014747,FALSE,0.32616191266761,0.750718891184494,-3.80390707861798,-6.29819369850236,0.39955748862983
17,"young_lifetime","Fully funded system",0.42,0.0233863064692461,"capitalization","funded_only",TRUE,0.46379131513267,FALSE,0.341652426224965,0.78637302709063,-3.54815843115752,-6.03009567891675,0.424122888125701
17,"young_lifetime","Fully funded system",0.43,0.0237381538851594,"capitalization","funded_only",TRUE,0.485818306561826,FALSE,0.357878635769348,0.823720496443068,-3.30960457035353,-5.77340990727817,0.449119465945646
17,"young_lifetime","Fully funded system",0.44,0.0240066154297712,"capitalization","funded_only",TRUE,0.508891433042651,FALSE,0.374875481949001,0.862841721276657,-3.08708943657052,-5.52765059333943,0.474554790244506
17,"young_lifetime","Fully funded system",0.45,0.0241887608228689,"capitalization","funded_only",TRUE,0.533060379006623,FALSE,0.392679564859715,0.903820943136044,-2.8795346957015,-5.29235262570342,0.500436562015361
17,"young_lifetime","Fully funded system",0.46,0.0242825893494975,"capitalization","funded_only",TRUE,0.558377188564047,FALSE,0.411329222857505,0.946746404476892,-2.6859345134361,-5.06707069157726,0.526772617421132
17,"young_lifetime","Fully funded system",0.47,0.0242870664418367,"capitalization","funded_only",TRUE,0.584896377573048,FALSE,0.430864615114369,0.991710538682448,-2.50535068087092,-4.8513784339963,0.553570930167132
17,"young_lifetime","Fully funded system",0.48,0.0242021426680683,"capitalization","funded_only",TRUE,0.612675051031088,FALSE,0.451327808094892,1.03881016910462,-2.33690806784062,-4.40765539469607,0.526548721219251
17,"young_lifetime","Fully funded system",0.49,0.0240287546408929,"capitalization","funded_only",TRUE,0.641773026041807,FALSE,0.472762866139914,1.08814671755819,-2.17979038193574,-4.11131484736734,0.526548721219251
17,"young_lifetime","Fully funded system",0.5,0.0237688078223462,"capitalization","funded_only",TRUE,0.672252960621959,FALSE,0.49521594635231,1.13982642271709,-2.03323621265516,-3.83489820790508,0.526548721219251
17,"young_lifetime","Fully funded system",0.51,0.0234251416663332,"capitalization","funded_only",TRUE,0.704180488625816,FALSE,0.518735397989224,1.19396056888309,-1.89653534152266,-3.57706592926368,0.526548721219251
17,"young_lifetime","Fully funded system",0.52,0.0230014779905107,"capitalization","funded_only",TRUE,0.737624361077594,FALSE,0.543371866574755,1.2506657256194,-1.7690253002859,-3.33656852636223,0.526548721219252
17,"young_lifetime","Fully funded system",0.53,0.0225023538900762,"capitalization","funded_only",TRUE,0.772656594216209,FALSE,0.569178402957314,1.31006399876533,-1.65008816051859,-3.11224052093516,0.526548721219251
17,"young_lifetime","Fully funded system",0.54,0.0219330408840984,"capitalization","funded_only",TRUE,0.809352624571181,FALSE,0.596210577546472,1.37228329337242,-1.53914753906775,-2.90299479348959,0.526548721219251
17,"young_lifetime","Fully funded system",0.55,0.0212994523083938,"capitalization","funded_only",TRUE,0.847791471403606,FALSE,0.62452659997529,1.43745758912834,-1.4356658048342,-2.70781731499833,0.526548721219251
17,"young_lifetime","Fully funded system",0.56,0.0206080412279339,"capitalization","funded_only",TRUE,0.88805590686199,FALSE,0.654187444445826,1.50572722886157,-1.33914147335001,-2.52576223279784,0.526548721219252
17,"young_lifetime","Fully funded system",0.57,0.0198656913291574,"capitalization","funded_only",TRUE,0.930232634219345,FALSE,0.685256981027699,1.57723922074803,-1.24910677652669,-2.35594728687665,0.526548721219252
17,"young_lifetime","Fully funded system",0.58,0.0190796033639485,"capitalization","funded_only",TRUE,0.974412474575366,FALSE,0.71780211319247,1.65214755487069,-1.16512539579684,-2.19754953434119,0.526548721219251
17,"young_lifetime","Fully funded system",0.59,0.0182571797508447,"capitalization","funded_only",TRUE,1.0206905624257,FALSE,0.751892921879988,1.73061353481347,-1.08679034766387,-2.04980136133921,0.526548721219251
17,"young_lifetime","Fully funded system",0.6,0.0174059098965294,"capitalization","funded_only",TRUE,1.06916655051949,FALSE,0.787602816406917,1.81280612500376,-1.01372201141285,-1.91198676311418,0.526548721219252
17,"young_lifetime","Fully funded system",0.61,0.0165332586858387,"capitalization","funded_only",TRUE,1.11994482444619,FALSE,0.825008692542417,1.89890231455133,-0.945566289424519,-1.78343787416329,0.526548721219252
17,"young_lifetime","Fully funded system",0.62,0.0156465604078046,"capitalization","funded_only",TRUE,1.17313472741396,FALSE,0.864191098091371,1.98908749836716,-0.881992891177267,-1.66353173168393,0.526548721219251
17,"young_lifetime","Fully funded system",0.63,0.0147529201472209,"capitalization","funded_only",TRUE,1.22885079570343,FALSE,0.90523440634169,2.08355587638291,-0.822693732620987,-1.55168725662376,0.526548721219251
17,"young_lifetime","Fully funded system",0.64,0.0138591243861013,"capitalization","funded_only",TRUE,1.28721300530394,FALSE,0.948226997749231,2.1825108717306,-0.767381443166101,-1.44736243770433,0.526548721219251
17,"young_lifetime","Fully funded system",0.65,0.0129715622386452,"capitalization","funded_only",TRUE,1.34834703026346,FALSE,0.993261450251519,2.28616556878308,-0.715787973052397,-1.3500517047717,0.526548721219251
17,"young_lifetime","Fully funded system",0.66,0.0120961583990884,"capitalization","funded_only",TRUE,1.41238451330827,FALSE,1.04043473862011,2.39474317199846,-0.667663294348858,-1.25928347874487,0.526548721219252
17,"young_lifetime","Fully funded system",0.67,0.0112383185264294,"capitalization","funded_only",TRUE,1.47946334931539,FALSE,1.08984844328085,2.50847748655661,-0.622774189289344,-1.17461788628899,0.526548721219252
17,"young_lifetime","Fully funded system",0.68,0.0104028874355191,"capitalization","funded_only",TRUE,1.54972798224798,FALSE,1.14160896905171,2.62761342182269,-0.580903120072296,-1.09564462813822,0.526548721219252
17,"young_lifetime","Fully funded system",0.69,0.00959412012165592,"capitalization","funded_only",TRUE,1.6233297161932,FALSE,1.19582777426921,2.75240751872177,-0.541847174647356,-1.02198099073794,0.526548721219251
17,"young_lifetime","Fully funded system",0.7,0.00881566532576298,"capitalization","funded_only",TRUE,1.70042704117233,FALSE,1.25262161079683,2.88312850216038,-0.505417083380069,-0.953269991570609,0.526548721219252
17,"young_lifetime","Fully funded system",0.71,0.00807056105809019,"capitalization","funded_only",TRUE,1.78118597442466,FALSE,1.31211277543216,3.02005785968419,-0.471436301829322,-0.889178649177095,0.526548721219252
17,"young_lifetime","Fully funded system",0.72,0.00736124124713052,"capitalization","funded_only",TRUE,1.86578041790008,FALSE,1.37442937325432,3.16349044761825,-0.43974015519253,-0.829396369489974,0.526548721219251
17,"young_lifetime","Fully funded system",0.73,0.00668955247216793,"capitalization","funded_only",TRUE,1.95439253273025,FALSE,1.43970559347848,3.3137351259947,-0.410175040272478,-0.773633440658722,0.526548721219252
17,"young_lifetime","Fully funded system",0.74,0.00605677957576838,"capitalization","funded_only",TRUE,2.04721313148454,FALSE,1.50808199841177,3.47111542363546,-0.382597681098437,-0.721619629072523,0.526548721219251
17,"young_lifetime","Fully funded system",0.75,0.00546367883789977,"capitalization","funded_only",TRUE,2.14444208905561,FALSE,1.5797058261326,3.63597023482173,-0.356874434594219,-0.673102869776903,0.526548721219251
17,"young_lifetime","Fully funded system",0.76,0.0049105173257538,"capitalization","funded_only",TRUE,2.24628877305925,FALSE,1.6547313075452,3.80865454905079,-0.33288064292835,-0.627848044937771,0.526548721219252
17,"young_lifetime","Fully funded system",0.77,0.00439711701067287,"capitalization","funded_only",TRUE,2.35297249467536,FALSE,1.73331999849218,3.98954021545133,-0.310500029407784,-0.585353645657103,0.52605828586366
17,"young_lifetime","Fully funded system",0.78,0.00392290226240524,"capitalization","funded_only",TRUE,2.46472298090088,FALSE,1.8156411276402,4.17901674350335,-0.289624134987587,-0.545605063989596,0.525325141088321
17,"young_lifetime","Fully funded system",0.79,0.00348694938664893,"capitalization","funded_only",TRUE,2.58178086923158,FALSE,1.90187196088794,4.37749214178698,-0.270151792665836,-0.508606957822125,0.52469495127802
17,"young_lifetime","Fully funded system",0.8,0.00308803695908519,"capitalization","funded_only",TRUE,2.70439822583787,FALSE,1.99219818308088,4.58539379656625,-0.251988637216622,-0.474158869565732,0.524153171137277
17,"young_lifetime","Fully funded system",0.81,0.00272469582188591,"capitalization","funded_only",TRUE,2.8328390883506,FALSE,2.08681429785515,4.80316939209972,-0.235046647885229,-0.442076924665344,0.523687330299196
17,"young_lifetime","Fully funded system",0.82,0.0023952577407798,"capitalization","funded_only",TRUE,2.96738003442551,FALSE,2.18592404647117,5.0312878746597,-0.21924372182937,-0.412192091946951,0.523286733086175
17,"young_lifetime","Fully funded system",0.83,0.00209790186595431,"capitalization","funded_only",TRUE,3.10831077731068,FALSE,2.28974084653918,5.27024046233599,-0.204503276239298,-0.384348687606164,0.52294220249046
17,"young_lifetime","Fully funded system",0.84,0.00183069829236669,"capitalization","funded_only",TRUE,3.2559347896995,FALSE,2.3984882515812,5.52054170279854,-0.190753877208648,-0.358403080525969,0.522645861769964
17,"young_lifetime","Fully funded system",0.85,0.00159164816888775,"capitalization","funded_only",TRUE,3.41056995721246,FALSE,2.51240043241925,5.78273058129673,-0.177928893557451,-0.334222564813852,0.522390948029487
17,"young_lifetime","Fully funded system",0.86,0.00137871995615396,"capitalization","funded_only",TRUE,3.572549262915,FALSE,2.63172268142616,6.05737168128133,-0.165966173929719,-0.31168437198681,0.522171653002652
17,"young_lifetime","Fully funded system",0.87,0.00118988157581876,"capitalization","funded_only",TRUE,3.74222150434529,FALSE,2.75671194072505,6.3450564001481,-0.154807745600777,-0.290674800448292,0.521982986975323
17,"young_lifetime","Fully funded system",0.88,0.0010231283256207,"capitalization","funded_only",TRUE,3.91995204459621,FALSE,2.88763735547464,6.64640422272126,-0.144399533534728,-0.271088444066496,0.521820662409416
17,"young_lifetime","Fully funded system",0.89,0.000876506552691064,"capitalization","funded_only",TRUE,4.10612359906855,FALSE,3.02478085343202,6.96206405521878,-0.134691098330563,-0.252827504995748,0.521680994350467
17,"young_lifetime","Fully funded system",0.9,0.000748133179985062,"capitalization","funded_only",TRUE,4.30113705958983,FALSE,3.16843775204074,7.29271562257223,-0.125635391786985,-0.235801178553795,0.52156081514593
17,"young_lifetime","Fully funded system",0.91,0.000636211266591,"capitalization","funded_only",TRUE,4.50541235767321,FALSE,3.31891739435153,7.63907093210991,-0.117188528901375,-0.219925100113948,0.52145740137592
17,"young_lifetime","Fully funded system",0.92,0.000539041851611795,"capitalization","funded_only",TRUE,4.71938936877548,FALSE,3.47654381514499,8.00187580675523,-0.109309575197991,-0.205120845699737,0.521368411214488
17,"young_lifetime","Fully funded system",0.93,0.000455032383605845,"capitalization","funded_only",TRUE,4.94352885950123,FALSE,3.64165643869073,8.38191149104169,-0.101960348354753,-0.19131547936609,0.521291830706685
17,"young_lifetime","Fully funded system",0.94,0.00038270207402884,"capitalization","funded_only",TRUE,5.17831347979294,FALSE,3.81461080964531,8.77999633340297,-0.0951052331672918,-0.178441141582375,0.521225927672382
17,"young_lifetime","Fully funded system",0.95,0.000320684534961157,"capitalization","funded_only",TRUE,5.42424880224341,FALSE,3.99577935866306,9.19698754836041,-0.0887110089535439,-0.166434673752282,0.521169212138799
17,"young_lifetime","Fully funded system",0.96,0.000267728070175611,"capitalization","funded_only",TRUE,5.68186441076864,FALSE,4.18555220436822,9.63378306240283,-0.0827466885624781,-0.155237274755506,0.521120402365305
17,"young_lifetime","Fully funded system",0.97,0.000222693986042829,"capitalization","funded_only",TRUE,5.95171504098543,FALSE,4.38433799341546,10.0913234475331,-0.0771833682067732,-0.144794186010352,0.521078395661207
17,"young_lifetime","Fully funded system",0.98,0.00018455327674269,"capitalization","funded_only",TRUE,6.23438177474921,FALSE,4.59256478044759,10.5705939466456,-0.0719940873917182,-0.135054402061037,0.521042243313614
17,"young_lifetime","Fully funded system",0.99,0.000152382018630337,"capitalization","funded_only",TRUE,6.53047329142455,FALSE,4.8106809498455,11.0726265950949,-0.0671536982615318,-0.125970404110133,0.521011129041382
17,"young_lifetime","Fully funded system",1,6.26778916131105e-05,"capitalization","funded_only",TRUE,6.84062717858259,FALSE,5.03915618125499,11.5985024430258,-0.0626387437299416,-0.117497914261974,0.520984350475426
18,"young_lifetime","Fully funded system",0,0.000223648618482682,"informal","informal",FALSE,0.0797255618913313,TRUE,0.08215,0.0982318095933686,-33.0658531497866,-37.4783291935855,0.0870937342829623
18,"young_lifetime","Fully funded system",0.01,0.000530074028894635,"informal","informal",FALSE,0.0820714542192857,TRUE,0.084567230436132,0.0982318095933686,-31.8606091387123,-35.8829724428766,0.0824875028920236
18,"young_lifetime","Fully funded system",0.02,0.000625857596014926,"informal","informal",FALSE,0.0844863734776725,TRUE,0.0868469212566583,0.100377974519746,-30.6486780106729,-34.3555259543591,0.0790872721042695
18,"young_lifetime","Fully funded system",0.03,0.00073622950670148,"informal","informal",FALSE,0.0869723507559274,TRUE,0.0891497184808058,0.103039555583817,-29.4688659516128,-32.8930989616206,0.0760379265099131
18,"young_lifetime","Fully funded system",0.04,0.000862878406729994,"informal","informal",FALSE,0.0895314769074694,TRUE,0.0915202745794323,0.105779452591362,-28.3313595522048,-31.4929237507913,0.0730757419937065
18,"young_lifetime","Fully funded system",0.05,0.00100759191313581,"informal","informal",FALSE,0.0921659043082312,TRUE,0.0939605833299413,0.108599969957257,-27.2348401685817,-30.1523504225122,0.0701982271838753
18,"young_lifetime","Fully funded system",0.06,0.00117224512608808,"informal","informal",FALSE,0.0948778486669347,TRUE,0.0964726971758283,0.111503479902853,-26.1780176618751,-28.8688418768717,0.0674029619208589
18,"young_lifetime","Fully funded system",0.07,0.00135878545245099,"informal","informal",FALSE,0.097669590888632,TRUE,0.0990587289529059,0.114492424451153,-25.1596306153422,-27.6399690118215,0.0646875952218131
18,"young_lifetime","Fully funded system",0.08,0.00156921348536889,"informal","informal",FALSE,0.100543478993082,TRUE,0.101720853666324,0.117569317480696,-24.1784464813633,-26.4634061259835,0.0620498433032957
18,"young_lifetime","Fully funded system",0.09,0.00180555975146526,"informal","informal",FALSE,0.103501930089572,TRUE,0.104461310319876,0.120736746839876,-23.2332616627283,-25.3369265171469,0.0594874876604694
18,"young_lifetime","Fully funded system",0.1,0.00206985722142662,"informal","informal",FALSE,0.106547432409851,TRUE,0.107282403799136,0.123997376523479,-22.3229015325162,-24.2583982681271,0.0569983732012092
18,"young_lifetime","Fully funded system",0.11,0.00236410958058029,"informal","informal",FALSE,0.109682547400878,TRUE,0.110186506809999,0.127353948913255,-21.4462203967607,-23.2257802120088,0.054580406433542
18,"young_lifetime","Fully funded system",0.12,0.00269025537259384,"informal","informal",FALSE,0.112909911879148,TRUE,0.113176061874272,0.130809287084427,-20.602101403961,-22.2371180691391,0.052231553704897
18,"young_lifetime","Fully funded system",0.13,0.0030501282598838,"informal","informal",FALSE,0.116232240248414,TRUE,0.116253583383971,0.13436629718006,-19.7894564053692,-21.2905407485582,0.0499498394916835
18,"young_lifetime","Fully funded system",0.14,0.00344541378616971,"informal","informal",FALSE,0.11965232678266,TRUE,0.119421659716082,0.138027970855301,-19.0072257698434,-20.3842568068699,0.047733344737761
18,"young_lifetime","Fully funded system",0.15,0.0038776031764757,"informal","informal",FALSE,0.123173047976246,TRUE,0.122682955409531,0.141797387793536,-18.2543781569169,-19.5165510578476,0.0455802052403964
18,"young_lifetime","Fully funded system",0.16,0.00434794486360459,"informal","informal",FALSE,0.126797364963212,TRUE,0.126040213406224,0.145677718296587,-17.5299102515842,-18.6857813263618,0.0434886100823633
18,"young_lifetime","Fully funded system",0.17,0.00485739458280167,"informal","informal",FALSE,0.13052832600777,TRUE,0.129496257358018,0.149672225951119,-16.83284646416,-17.8903753404839,0.0414568001088513
18,"young_lifetime","Fully funded system",0.18,0.00540656502249209,"informal","informal",FALSE,0.134369069068066,TRUE,0.133053994001581,0.153784270373514,-16.1622385984185,-17.1288277558855,0.0394830664479144
18,"young_lifetime","Fully funded system",0.19,0.00599567615266305,"informal","informal",FALSE,0.138322824435395,TRUE,0.136716415603131,0.158017310035501,-15.5171654910697,-16.3996973069017,0.037565749073208
18,"young_lifetime","Fully funded system",0.2,0.00662450746745946,"informal","informal",FALSE,0.142392917451061,TRUE,0.140486602475104,0.162374905172939,-14.896732625483,-15.7016040788657,0.0357032354078106
18,"young_lifetime","Fully funded system",0.21,0.00729235346863131,"informal","informal",FALSE,0.14658277130319,TRUE,0.144367725566879,0.166860720780184,-14.3000717224209,-15.0332268965535,0.0338939589679497
18,"young_lifetime","Fully funded system",0.22,0.00799798377561329,"informal","informal",FALSE,0.150895909905827,TRUE,0.148363049131738,0.171478529692562,-13.7263403104006,-14.3933008237962,0.032136398045497
18,"young_lifetime","Fully funded system",0.23,0.0087396092707509,"informal","informal",FALSE,0.155335960862762,TRUE,0.15247593347229,0.17623221575955,-13.1747212781561,-13.7806147695268,0.0304290744281233
18,"young_lifetime","Fully funded system",0.24,0.0095148556698428,"informal","informal",FALSE,0.159906658518553,TRUE,0.156709837766686,0.181125777111321,-12.6444224115385,-13.1940091957318,0.0287705521560337
18,"young_lifetime","Fully funded system",0.25,0.010320745845168,"informal","informal",FALSE,0.164611847099335,TRUE,0.161068322977991,0.186163329521407,-12.1346759170485,-12.6323739229692,0.0271594363142416
18,"young_lifetime","Fully funded system",0.26,0.0111536921182913,"capitalization","funded_only",TRUE,0.220751172673963,FALSE,0.162636882193659,0.374321808527839,-10.8032096583439,-12.0946460293005,0.0781857111738846
18,"young_lifetime","Fully funded system",0.27,0.0120094995825537,"capitalization","funded_only",TRUE,0.231235379751179,FALSE,0.170361048415097,0.392099595647096,-10.0768758648914,-11.5798078386594,0.0971103090849403
18,"young_lifetime","Fully funded system",0.28,0.0128833813113884,"capitalization","funded_only",TRUE,0.242217516677222,FALSE,0.17845206096937,0.410721708978871,-9.39937577884589,-11.0868849948502,0.116367076493685
18,"young_lifetime","Fully funded system",0.29,0.0137699860614464,"capitalization","funded_only",TRUE,0.253721231795981,FALSE,0.186927342608405,0.43022824838196,-8.76742615633152,-10.6149446175323,0.135961843726114
18,"young_lifetime","Fully funded system",0.3,0.0146634387938913,"capitalization","funded_only",TRUE,0.265771296589812,FALSE,0.195805143548537,0.450661218190761,-8.17796449629385,-10.1630935366981,0.155900543443635
18,"young_lifetime","Fully funded system",0.31,0.0155573940198842,"capitalization","funded_only",TRUE,0.278393659021124,FALSE,0.205104580769552,0.472064617665158,-7.62813419926498,-9.73047660230625,0.176189212439281
18,"young_lifetime","Fully funded system",0.32,0.0164451016357299,"capitalization","funded_only",TRUE,0.291615499407323,FALSE,0.214845679180157,0.494484535736163,-7.11527072395169,-9.31627506586847,0.196833993465455
18,"young_lifetime","Fully funded system",0.33,0.0173194845593781,"capitalization","funded_only",TRUE,0.30546528894945,FALSE,0.225049414738549,0.517969250251342,-6.63688867455979,-8.91970503092844,0.217841137093761
18,"young_lifetime","Fully funded system",0.34,0.0181732271241403,"capitalization","funded_only",TRUE,0.319972851040537,FALSE,0.235737759620911,0.542569331933745,-6.19066975627829,-8.54001596949986,0.239217003607471
18,"young_lifetime","Fully funded system",0.35,0.0189988728395791,"capitalization","funded_only",TRUE,0.335169425485697,FALSE,0.246933729535123,0.568337753278177,-5.77445154055422,-8.1764893016559,0.260968064927214
18,"young_lifetime","Fully funded system",0.36,0.0197889298058682,"capitalization","funded_only",TRUE,0.351087735772246,FALSE,0.258661433281546,0.595330002619333,-5.38621698571351,-7.82843703558187,0.283100906570467
18,"young_lifetime","Fully funded system",0.37,0.0205359817787106,"capitalization","funded_only",TRUE,0.3677620595347,FALSE,0.270946124667618,0.623604203617392,-5.0240846621434,-7.49520046551748,0.305622229645432
18,"young_lifetime","Fully funded system",0.38,0.0212328026386743,"capitalization","funded_only",TRUE,0.385228302366398,FALSE,0.283814256888053,0.653221240418386,-4.68629963466664,-7.1761489251242,0.328538852879916
18,"young_lifetime","Fully funded system",0.39,0.0218724718319488,"capitalization","funded_only",TRUE,0.403524075136669,FALSE,0.297293539487722,0.684244888758852,-4.37122495792248,-6.87067859391881,0.351857714685823
18,"young_lifetime","Fully funded system",0.4,0.0224484882277816,"capitalization","funded_only",TRUE,0.422688774980069,FALSE,0.311412998029903,0.716741953297077,-4.07733374353976,-6.57821135451382,0.37558587525988
18,"young_lifetime","Fully funded system",0.41,0.0229548797878943,"capitalization","funded_only",TRUE,0.442763670132047,FALSE,0.32620303659837,0.750782411466663,-3.80320176065914,-6.29819369850236,0.399730518721235
18,"young_lifetime","Fully funded system",0.42,0.0233863064692461,"capitalization","funded_only",TRUE,0.463791988793749,FALSE,0.341695503267914,0.786439564162172,-3.54750053394538,-6.03009567891675,0.424298955286576
18,"young_lifetime","Fully funded system",0.43,0.0237381538851594,"capitalization","funded_only",TRUE,0.485819012217309,FALSE,0.357923758684275,0.82379019358134,-3.308990905642,-5.77340990727817,0.449298623483429
18,"young_lifetime","Fully funded system",0.44,0.0240066154297712,"capitalization","funded_only",TRUE,0.508892172212059,FALSE,0.37492274790117,0.862914728563734,-3.08651703046933,-5.52765059333943,0.474737092402303
18,"young_lifetime","Fully funded system",0.45,0.0241887608228689,"capitalization","funded_only",TRUE,0.533061153281643,FALSE,0.392729075629088,0.903897417781897,-2.87900077426441,-5.29235262570342,0.500622063988364
18,"young_lifetime","Fully funded system",0.46,0.0242825893494975,"capitalization","funded_only",TRUE,0.558377999611962,FALSE,0.411381085057914,0.946826511157916,-2.68543648921799,-5.06707069157726,0.526961375373337
18,"young_lifetime","Fully funded system",0.47,0.0242870664418367,"capitalization","funded_only",TRUE,0.584897227140325,FALSE,0.430918940423091,0.991794449896068,-2.50488614038876,-4.8513784339963,0.553763001248338
18,"young_lifetime","Fully funded system",0.48,0.0242021426680683,"capitalization","funded_only",TRUE,0.61267594094714,FALSE,0.45138471349313,1.03889806554074,-2.33647475987743,-4.40765539469607,0.526737451490721
18,"young_lifetime","Fully funded system",0.49,0.0240287546408929,"capitalization","funded_only",TRUE,0.641773958222931,FALSE,0.472822474164695,1.08823878848827,-2.17938620663095,-4.11131484736734,0.526737451490721
18,"young_lifetime","Fully funded system",0.5,0.0237688078223462,"capitalization","funded_only",TRUE,0.672253937075462,FALSE,0.495278385360356,1.13992286640173,-2.03285921132844,-3.83489820790508,0.526737451490721
18,"young_lifetime","Fully funded system",0.51,0.0234251416663332,"capitalization","funded_only",TRUE,0.704181511454343,FALSE,0.51880080243334,1.19406159299894,-1.89618368718192,-3.57706592926368,0.526737451490721
18,"young_lifetime","Fully funded system",0.52,0.0230014779905107,"capitalization","funded_only",TRUE,0.737625432483648,FALSE,0.543440377293359,1.25077154770637,-1.76869728877349,-3.33656852636223,0.526737451490721
18,"young_lifetime","Fully funded system",0.53,0.0225023538900762,"capitalization","funded_only",TRUE,0.772657716506898,FALSE,0.569250167477709,1.31017484669501,-1.64978220225273,-3.11224052093516,0.526737451490721
18,"young_lifetime","Fully funded system",0.54,0.0219330408840984,"capitalization","funded_only",TRUE,0.809353800163186,FALSE,0.59628575040252,1.37239940583879,-1.53886215133925,-2.90299479348959,0.526737451490721
18,"young_lifetime","Fully funded system",0.55,0.0212994523083938,"capitalization","funded_only",TRUE,0.847792702828384,FALSE,0.624605343040185,1.43757921616176,-1.43539960462107,-2.70781731499833,0.526737451490721
18,"young_lifetime","Fully funded system",0.56,0.0206080412279339,"capitalization","funded_only",TRUE,0.888057196771225,FALSE,0.654269927280654,1.50585463236715,-1.3388931706152,-2.52576223279784,0.526737451490721
18,"young_lifetime","Fully funded system",0.57,0.0198656913291574,"capitalization","funded_only",TRUE,0.930233985390658,FALSE,0.685343381246566,1.57737267506965,-1.24887516796639,-2.35594728687665,0.526737451490721
18,"young_lifetime","Fully funded system",0.58,0.0190796033639485,"capitalization","funded_only",TRUE,0.974413889918296,FALSE,0.717892616844969,1.65228734738171,-1.16490935900914,-2.19754953434119,0.526737451490721
18,"young_lifetime","Fully funded system",0.59,0.0182571797508447,"capitalization","funded_only",TRUE,1.02069204498798,FALSE,0.751987723851824,1.73075996653558,-1.08658883570949,-2.04980136133921,0.526737451490721
18,"young_lifetime","Fully funded system",0.6,0.0174059098965294,"capitalization","funded_only",TRUE,1.06916810349357,FALSE,0.787702120839564,1.81295951125517,-1.01353404774151,-1.91198676311418,0.526737451490721
18,"young_lifetime","Fully funded system",0.61,0.0165332586858387,"capitalization","funded_only",TRUE,1.11994645117617,FALSE,0.825112713272708,1.89906298562575,-0.94539096314251,-1.78343787416329,0.526737451490721
18,"young_lifetime","Fully funded system",0.62,0.0156465604078046,"capitalization","funded_only",TRUE,1.17313643140276,FALSE,0.86430005911196,1.98925580024505,-0.881829352633118,-1.66353173168393,0.526737451490721
18,"young_lifetime","Fully funded system",0.63,0.0147529201472209,"capitalization","funded_only",TRUE,1.22885258062032,FALSE,0.905348542283388,2.0837321714765,-0.822541189287975,-1.55168725662376,0.526737451490721
18,"young_lifetime","Fully funded system",0.64,0.0138591243861013,"capitalization","funded_only",TRUE,1.28721487499247,FALSE,0.948346554386244,2.18269553966428,-0.767239155801568,-1.44736243770433,0.526737451490721
18,"young_lifetime","Fully funded system",0.65,0.0129715622386452,"capitalization","funded_only",TRUE,1.34834898874971,FALSE,0.993386685030691,2.28635900721086,-0.715655252115298,-1.3500517047717,0.526737451490721
18,"young_lifetime","Fully funded system",0.66,0.0120961583990884,"capitalization","funded_only",TRUE,1.41238656480955,FALSE,1.04056592121529,2.39494579746026,-0.66753949665816,-1.25928347874487,0.526737451490721
18,"young_lifetime","Fully funded system",0.67,0.0112383185264294,"capitalization","funded_only",TRUE,1.47946549824929,FALSE,1.08998585617358,2.50868973537522,-0.622658714907103,-1.17461788628899,0.526737451490721
18,"young_lifetime","Fully funded system",0.68,0.0104028874355191,"capitalization","funded_only",TRUE,1.54973023324189,FALSE,1.14175290813955,2.62783575104331,-0.580795409396282,-1.09564462813822,0.526737451490721
18,"young_lifetime","Fully funded system",0.69,0.00959412012165592,"capitalization","funded_only",TRUE,1.62333207409429,FALSE,1.19597854950286,2.75264040709622,-0.54174670569916,-1.02198099073794,0.526737451490721
18,"young_lifetime","Fully funded system",0.7,0.00881566532576298,"capitalization","funded_only",TRUE,1.70042951105798,FALSE,1.25277954684758,2.88337245117797,-0.505323369275534,-0.953269991570609,0.526737451490721
18,"young_lifetime","Fully funded system",0.71,0.00807056105809019,"capitalization","funded_only",TRUE,1.78118856161339,FALSE,1.31227821239102,3.02031339465163,-0.471348888419043,-0.889178649177095,0.526737451490721
18,"young_lifetime","Fully funded system",0.72,0.00736124124713052,"capitalization","funded_only",TRUE,1.86578312796301,FALSE,1.37460266736434,3.16375811879081,-0.439658618860998,-0.829396369489974,0.526737451490721
18,"young_lifetime","Fully funded system",0.73,0.00668955247216793,"capitalization","funded_only",TRUE,1.95439537150307,FALSE,1.4398871179019,3.31401550976113,-0.410098985885189,-0.773633440658722,0.526737451490721
18,"young_lifetime","Fully funded system",0.74,0.00605677957576838,"capitalization","funded_only",TRUE,2.04721610508013,FALSE,1.50827214403355,3.47140912375908,-0.382526740087022,-0.721619629072523,0.526737451490721
18,"young_lifetime","Fully funded system",0.75,0.00546367883789977,"capitalization","funded_only",TRUE,2.14444520387713,FALSE,1.57990500240209,3.63627788374063,-0.356808263170321,-0.673102869776903,0.526737451490721
18,"young_lifetime","Fully funded system",0.76,0.0049105173257538,"capitalization","funded_only",TRUE,2.246292035814,FALSE,1.65493994335789,3.80897680923963,-0.332818920417586,-0.627848044937771,0.526737451490721
18,"young_lifetime","Fully funded system",0.77,0.00439711701067287,"capitalization","funded_only",TRUE,2.35297591238918,FALSE,1.73353854311322,3.9898777808479,-0.310442456695719,-0.585353645657103,0.526246955501625
18,"young_lifetime","Fully funded system",0.78,0.00392290226240524,"capitalization","funded_only",TRUE,2.4647265609333,FALSE,1.81587005167185,4.17937034100283,-0.28957043307019,-0.545605063989596,0.525513720086132
18,"young_lifetime","Fully funded system",0.79,0.00348694938664893,"capitalization","funded_only",TRUE,2.58178461929164,FALSE,1.90211175728291,4.37786253280725,-0.270101701297398,-0.508606957822125,0.524883452364204
18,"young_lifetime","Fully funded system",0.8,0.00308803695908519,"capitalization","funded_only",TRUE,2.70440215400074,FALSE,1.99244936820385,4.58578177868743,-0.25194191364857,-0.474158869565732,0.524341605242099
18,"young_lifetime","Fully funded system",0.81,0.00272469582188591,"capitalization","funded_only",TRUE,2.83284320307499,FALSE,2.08707741259467,4.80357580078168,-0.235003065689742,-0.442076924665344,0.523875706811183
18,"young_lifetime","Fully funded system",0.82,0.0023952577407798,"capitalization","funded_only",TRUE,2.96738434457184,FALSE,2.1861996574044,5.03171358504108,-0.21920306980208,-0.412192091946951,0.523475060071528
18,"young_lifetime","Fully funded system",0.83,0.00209790186595431,"capitalization","funded_only",TRUE,3.10831529216018,FALSE,2.29002954715189,5.27068639111865,-0.204465357375774,-0.384348687606164,0.523130486880806
18,"young_lifetime","Fully funded system",0.84,0.00183069829236669,"capitalization","funded_only",TRUE,3.25593951897422,FALSE,2.3987906635458,5.52100881022158,-0.190718507749686,-0.358403080525969,0.522834109523114
18,"young_lifetime","Fully funded system",0.85,0.00159164816888775,"capitalization","funded_only",TRUE,3.41057491109617,FALSE,2.51271720693342,5.78321987320419,-0.177895902098557,-0.334222564813852,0.522579164267141
18,"young_lifetime","Fully funded system",0.86,0.00137871995615396,"capitalization","funded_only",TRUE,3.5725544520751,FALSE,2.63205450061513,6.05788421128812,-0.165935400590462,-0.31168437198681,0.522359842128424
18,"young_lifetime","Fully funded system",0.87,0.00118988157581876,"capitalization","funded_only",TRUE,3.74222693995586,FALSE,2.75705951911042,6.34559327190882,-0.154779041249992,-0.290674800448292,0.522171152775937
18,"young_lifetime","Fully funded system",0.88,0.0010231283256207,"capitalization","funded_only",TRUE,3.919957738362,FALSE,2.88800144151306,6.64696659230672,-0.144372759067806,-0.271088444066496,0.52200880814152
18,"young_lifetime","Fully funded system",0.89,0.000876506552691064,"capitalization","funded_only",TRUE,4.10612956325021,FALSE,3.02516223112681,6.96265313360545,-0.134666123995338,-0.252827504995748,0.521869122815129
18,"young_lifetime","Fully funded system",0.9,0.000748133179985062,"capitalization","funded_only",TRUE,4.3011433070303,FALSE,3.16883724263015,7.29333267824988,-0.125612096554935,-0.235801178553795,0.521748928752596
18,"young_lifetime","Fully funded system",0.91,0.000636211266591,"capitalization","funded_only",TRUE,4.50541890182539,FALSE,3.31933585807713,7.63971729381309,-0.117166799881109,-0.219925100113948,0.521645502197335
18,"young_lifetime","Fully funded system",0.92,0.000539041851611795,"capitalization","funded_only",TRUE,4.71939622373121,FALSE,3.4769821531041,8.00255286632452,-0.109289307088159,-0.205120845699737,0.521556501033872
18,"young_lifetime","Fully funded system",0.93,0.000455032383605845,"capitalization","funded_only",TRUE,4.9435360400216,FALSE,3.64211559477677,8.38262070642082,-0.101941442933748,-0.19131547936609,0.521479911058266
18,"young_lifetime","Fully funded system",0.94,0.00038270207402884,"capitalization","funded_only",TRUE,5.17832100134009,FALSE,3.81509177258035,8.78073923177823,-0.0950875988172549,-0.178441141582375,0.52141399987624
18,"young_lifetime","Fully funded system",0.95,0.000320684534961157,"capitalization","funded_only",TRUE,5.42425668101384,FALSE,3.99628316412684,9.19776572944928,-0.0886945602163723,-0.166434673752282,0.521357277330802
18,"young_lifetime","Fully funded system",0.96,0.000267728070175611,"capitalization","funded_only",TRUE,5.68187266372807,FALSE,4.18607993722838,9.63459820189867,-0.0827313457256866,-0.155237274755506,0.521308461522858
18,"young_lifetime","Fully funded system",0.97,0.000222693986042829,"capitalization","funded_only",TRUE,5.95172368590534,FALSE,4.38489079006359,10.0921773007136,-0.0771690569171979,-0.144794186010352,0.521266449625387
18,"young_lifetime","Fully funded system",0.98,0.00018455327674269,"capitalization","funded_only",TRUE,6.23439083024511,FALSE,4.59314383124631,10.5714883521522,-0.0719807382951925,-0.135054402061037,0.521230292808207
18,"young_lifetime","Fully funded system",0.99,0.000152382018630337,"capitalization","funded_only",TRUE,6.53048277699606,FALSE,4.81128750169171,11.0735634788924,-0.067141246666788,-0.125970404110133,0.521199174689255
18,"young_lifetime","Fully funded system",1,6.26778916131105e-05,"capitalization","funded_only",TRUE,6.84063711465542,FALSE,5.03979154026486,11.5994838225496,-0.0626271292951096,-0.117497914261974,0.521172392812612
19,"young_lifetime","Fully funded system",0,0.000223648618482682,"informal","informal",FALSE,0.0797187101725442,TRUE,0.08215,0.0982528504111061,-33.0643267392896,-37.4783291935855,0.0871271910561446
19,"young_lifetime","Fully funded system",0.01,0.000530074028894635,"informal","informal",FALSE,0.0820644008914518,TRUE,0.084567230436132,0.0982528504111061,-31.8590827282152,-35.8829724428766,0.0825220782145992
19,"young_lifetime","Fully funded system",0.02,0.000625857596014926,"informal","informal",FALSE,0.0844791126085273,TRUE,0.0868483238181385,0.100384869757876,-30.6475730217173,-34.3555259543591,0.0791132093914166
19,"young_lifetime","Fully funded system",0.03,0.00073622950670148,"informal","informal",FALSE,0.0869648762386521,TRUE,0.0891511393759624,0.103046611858191,-29.4678128478488,-32.8930989616206,0.0760635629073203
19,"young_lifetime","Fully funded system",0.04,0.000862878406729994,"informal","informal",FALSE,0.0895237824555544,TRUE,0.0915217143477263,0.105786674640406,-28.3303558786313,-31.4929237507913,0.0731010861018659
19,"young_lifetime","Fully funded system",0.05,0.00100759191313581,"informal","informal",FALSE,0.0921579834501889,TRUE,0.0939620425267072,0.108607362658823,-27.2338835843327,-30.1523504225122,0.0702232873574478
19,"young_lifetime","Fully funded system",0.06,0.00117224512608808,"informal","informal",FALSE,0.0948696947408565,TRUE,0.096474176372741,0.111511048278324,-26.177105935276,-28.8688418768717,0.0674277462756983
19,"young_lifetime","Fully funded system",0.07,0.00135878545245099,"informal","informal",FALSE,0.0976611970365857,TRUE,0.0990602287384614,0.114500173669661,-25.1587616191414,-27.6399690118215,0.0647121116417939
19,"young_lifetime","Fully funded system",0.08,0.00156921348536889,"informal","informal",FALSE,0.100534838155343,TRUE,0.101722374646335,0.117577252863474,-24.1776181881358,-26.4634061259835,0.0620740994469438
19,"young_lifetime","Fully funded system",0.09,0.00180555975146526,"informal","informal",FALSE,0.103493034998687,TRUE,0.104462853117981,0.120744873864733,-23.232472140448,-25.3369265171469,0.0595114909674024
19,"young_lifetime","Fully funded system",0.1,0.00206985722142662,"informal","informal",FALSE,0.106538275584524,TRUE,0.107283969057323,0.124005700829405,-22.3221489402959,-24.2583982681271,0.0570221308983945
19,"young_lifetime","Fully funded system",0.11,0.00236410958058029,"informal","informal",FALSE,0.109673121139678,TRUE,0.110188095189147,0.127362476305165,-21.445502980754,-23.2257802120088,0.0546039255413742
19,"young_lifetime","Fully funded system",0.12,0.00269025537259384,"informal","informal",FALSE,0.112900208254035,TRUE,0.113177674054706,0.130818023538044,-20.6014174934243,-22.2371180691391,0.0522548410431036
19,"young_lifetime","Fully funded system",0.13,0.0030501282598838,"informal","informal",FALSE,0.116222251098068,TRUE,0.116255220066034,0.13437524884694,-19.7888044088792,-21.2905407485582,0.0499729016850599
19,"young_lifetime","Fully funded system",0.14,0.00344541378616971,"informal","informal",FALSE,0.119642043705615,TRUE,0.119423321620725,0.138037144068008,-19.0066041716667,-20.3842568068699,0.0477561882217421
19,"young_lifetime","Fully funded system",0.15,0.0038776031764757,"informal","informal",FALSE,0.123162462323829,TRUE,0.122684643278918,0.141806789070965,-18.2537855135274,-19.5165510578476,0.0456028362664707
19,"young_lifetime","Fully funded system",0.16,0.00434794486360459,"informal","informal",FALSE,0.126786467832266,TRUE,0.126041928004356,0.14568735434945,-17.5293451883239,-18.6857813263618,0.0435110347233281
19,"young_lifetime","Fully funded system",0.17,0.00485739458280167,"informal","informal",FALSE,0.130517108233165,TRUE,0.129497999471379,0.149682103687588,-16.8323076720398,-17.8903753404839,0.0414790242639231
19,"young_lifetime","Fully funded system",0.18,0.00540656502249209,"informal","informal",FALSE,0.134357521214993,TRUE,0.133055764439795,0.153794396905031,-16.161724831054,-17.1288277558855,0.039505095847689
19,"young_lifetime","Fully funded system",0.19,0.00599567615266305,"informal","informal",FALSE,0.138310936791427,TRUE,0.136718215199645,0.15802769268276,-15.5166755617479,-16.3996973069017,0.0375875892844801
19,"young_lifetime","Fully funded system",0.2,0.00662450746745946,"informal","informal",FALSE,0.142380680017991,TRUE,0.140488432087888,0.162385551472042,-14.8962654043558,-15.7016040788657,0.0357248918382564
19,"young_lifetime","Fully funded system",0.21,0.00729235346863131,"informal","informal",FALSE,0.146570173788613,TRUE,0.144369586079152,0.166871638488978,-14.2996261338214,-15.0332268965535,0.0339154368706751
19,"young_lifetime","Fully funded system",0.22,0.00799798377561329,"informal","informal",FALSE,0.150882941714493,TRUE,0.148364941452704,0.171489726797168,-13.7259153302766,-14.3933008237962,0.0321577025234556
19,"young_lifetime","Fully funded system",0.23,0.0087396092707509,"informal","informal",FALSE,0.155322611087657,TRUE,0.152477858537906,0.176243700481077,-13.1743159316187,-13.7806147695268,0.0304502104384077
19,"young_lifetime","Fully funded system",0.24,0.0095148556698428,"informal","informal",FALSE,0.159892915931729,TRUE,0.156711796540451,0.18113755791278,-12.6440357705196,-13.1940091957318,0.0287915245140462
19,"young_lifetime","Fully funded system",0.25,0.010320745845168,"informal","informal",FALSE,0.164597700142467,TRUE,0.161070316451753,0.18617541511483,-12.1343070980645,-12.6323739229692,0.0271802496977422
19,"young_lifetime","Fully funded system",0.26,0.0111536921182913,"capitalization","funded_only",TRUE,0.220751648823824,FALSE,0.162651211451021,0.37440396384645,-10.8016562356086,-12.0946460293005,0.0782890803867546
19,"young_lifetime","Fully funded system",0.27,0.0120094995825537,"capitalization","funded_only",TRUE,0.23123587851498,FALSE,0.17037605821653,0.392185652794913,-10.0754268836568,-11.5798078386594,0.0972154926613003
19,"young_lifetime","Fully funded system",0.28,0.0128833813113884,"capitalization","funded_only",TRUE,0.242218039128975,FALSE,0.178467783636173,0.410811853266736,-9.39802421718099,-11.0868849948502,0.116474106279718
19,"young_lifetime","Fully funded system",0.29,0.0137699860614464,"capitalization","funded_only",TRUE,0.253721779060704,FALSE,0.186943811996923,0.430322673921739,-8.76616546441202,-10.6149446175323,0.136070752126976
19,"young_lifetime","Fully funded system",0.3,0.0146634387938913,"capitalization","funded_only",TRUE,0.265771869845956,FALSE,0.195822395123069,0.450760128313342,-8.17678856466071,-10.1630935366981,0.156011363433265
19,"young_lifetime","Fully funded system",0.31,0.0155573940198842,"capitalization","funded_only",TRUE,0.278394259503108,FALSE,0.205122651678711,0.472168225358287,-7.62703732921733,-9.73047660230625,0.176301977570385
19,"young_lifetime","Fully funded system",0.32,0.0164451016357299,"capitalization","funded_only",TRUE,0.291616128408193,FALSE,0.21486460833687,0.494593064103082,-7.11424759993025,-9.31627506586847,0.196948737879667
19,"young_lifetime","Fully funded system",0.33,0.0173194845593781,"capitalization","funded_only",TRUE,0.305465947823663,FALSE,0.225069242903843,0.518082932991209,-6.63593433838707,-8.91970503092844,0.217957895531975
19,"young_lifetime","Fully funded system",0.34,0.0181732271241403,"capitalization","funded_only",TRUE,0.319973541206876,FALSE,0.235758529491694,0.542688413844866,-6.18977958313068,-8.54001596949986,0.239335811420365
19,"young_lifetime","Fully funded system",0.35,0.0189988728395791,"capitalization","funded_only",TRUE,0.33517014843033,FALSE,0.246955485836119,0.568462490785145,-5.77362121654956,-8.1764893016559,0.261088958085949
19,"young_lifetime","Fully funded system",0.36,0.0197889298058682,"capitalization","funded_only",TRUE,0.351088493051923,FALSE,0.258684222861604,0.595460664325197,-5.38544248700551,-7.82843703558187,0.283223921677578
19,"young_lifetime","Fully funded system",0.37,0.0205359817787106,"capitalization","funded_only",TRUE,0.367762852780107,FALSE,0.270969996600598,0.623741070882051,-5.02336223542163,-7.49520046551748,0.305747403945912
19,"young_lifetime","Fully funded system",0.38,0.0212328026386743,"capitalization","funded_only",TRUE,0.385229133285666,FALSE,0.283839262578492,0.653364607964459,-4.68562577896756,-7.1761489251242,0.328666224272493
19,"young_lifetime","Fully funded system",0.39,0.0218724718319488,"capitalization","funded_only",TRUE,0.403524945519056,FALSE,0.297319732781531,0.684395065306313,-4.37059640766331,-6.87067859391881,0.351987321734433
19,"young_lifetime","Fully funded system",0.4,0.0224484882277816,"capitalization","funded_only",TRUE,0.422689686699809,FALSE,0.311440435330315,0.716899262228038,-4.07674745269317,-6.57821135451382,0.375717757205343
19,"young_lifetime","Fully funded system",0.41,0.0229548797878943,"capitalization","funded_only",TRUE,0.442764625152388,FALSE,0.326231776987394,0.750947191521729,-3.80265488799179,-6.29819369850236,0.399864715493137
19,"young_lifetime","Fully funded system",0.42,0.0233863064692461,"capitalization","funded_only",TRUE,0.463792989171182,FALSE,0.34172560863356,0.786612170169864,-3.54699042924899,-6.03009567891675,0.424435507515356
19,"young_lifetime","Fully funded system",0.43,0.0237381538851594,"capitalization","funded_only",TRUE,0.485820060105991,FALSE,0.357955293853821,0.823970997222166,-3.30851509689014,-5.77340990727817,0.449437572512683
19,"young_lifetime","Fully funded system",0.44,0.0240066154297712,"capitalization","funded_only",TRUE,0.508893269868458,FALSE,0.374955780780756,0.863104119170544,-3.08607321183769,-5.52765059333943,0.4748784803013
19,"young_lifetime","Fully funded system",0.45,0.0241887608228689,"capitalization","funded_only",TRUE,0.533062303069395,FALSE,0.392763677349944,0.904095803178253,-2.8785867949565,-5.29235262570342,0.500765933564786
19,"young_lifetime","Fully funded system",0.46,0.0242825893494975,"capitalization","funded_only",TRUE,0.558379204006956,FALSE,0.411417330129526,0.947034318536278,-2.68505034304214,-5.06707069157726,0.527107770186234
19,"young_lifetime","Fully funded system",0.47,0.0242870664418367,"capitalization","funded_only",TRUE,0.584898488736041,FALSE,0.430956906893651,0.992012126737683,-2.50452595603589,-4.8513784339963,0.553911965621322
19,"young_lifetime","Fully funded system",0.48,0.0242021426680683,"capitalization","funded_only",TRUE,0.612677262460231,FALSE,0.451424483117596,1.03912608057923,-2.33613879185245,-4.40765539469607,0.526883824835298
19,"young_lifetime","Fully funded system",0.49,0.0240287546408929,"capitalization","funded_only",TRUE,0.641775342499072,FALSE,0.472864132580842,1.08847763271897,-2.17907282679391,-4.11131484736734,0.526883824835298
19,"young_lifetime","Fully funded system",0.5,0.0237688078223462,"capitalization","funded_only",TRUE,0.672255387095479,FALSE,0.495322022273178,1.14017305413899,-2.03256690100435,-3.83489820790508,0.526883824835298
19,"young_lifetime","Fully funded system",0.51,0.0234251416663332,"capitalization","funded_only",TRUE,0.704183030340631,FALSE,0.518846511808223,1.19432366298359,-1.8959110298011,-3.57706592926368,0.526883824835298
19,"young_lifetime","Fully funded system",0.52,0.0230014779905107,"capitalization","funded_only",TRUE,0.737627023506896,FALSE,0.543488257558416,1.25104606426584,-1.7684429630067,-3.33656852636223,0.526883824835298
19,"young_lifetime","Fully funded system",0.53,0.0225023538900762,"capitalization","funded_only",TRUE,0.772659383093129,FALSE,0.569300321735731,1.31046240095852,-1.64954497560785,-3.11224052093516,0.526883824835298
19,"young_lifetime","Fully funded system",0.54,0.0219330408840984,"capitalization","funded_only",TRUE,0.809355545901138,FALSE,0.596338286652994,1.37270061701025,-1.53864087418848,-2.90299479348959,0.526883824835298
19,"young_lifetime","Fully funded system",0.55,0.0212994523083938,"capitalization","funded_only",TRUE,0.847794531477235,FALSE,0.62466037441185,1.43789473285313,-1.43519320462973,-2.70781731499833,0.526883824835298
19,"young_lifetime","Fully funded system",0.56,0.0206080412279339,"capitalization","funded_only",TRUE,0.888059112268689,FALSE,0.654327572275111,1.50618513399513,-1.33870064754502,-2.52576223279784,0.526883824835298
19,"young_lifetime","Fully funded system",0.57,0.0198656913291574,"capitalization","funded_only",TRUE,0.930235991861464,FALSE,0.685403763993451,1.57771887331869,-1.24869558882827,-2.35594728687665,0.526883824835298
19,"young_lifetime","Fully funded system",0.58,0.0190796033639485,"capitalization","funded_only",TRUE,0.974415991683071,FALSE,0.717955867369246,1.65264998773653,-1.16474185354179,-2.19754953434119,0.526883824835298
19,"young_lifetime","Fully funded system",0.59,0.0182571797508447,"capitalization","funded_only",TRUE,1.02069424657255,FALSE,0.752053978353774,1.73113982988645,-1.08643259216201,-2.04980136133921,0.526883824835298
19,"young_lifetime","Fully funded system",0.6,0.0174059098965294,"capitalization","funded_only",TRUE,1.06917040963871,FALSE,0.787771521988075,1.81335741557942,-1.01338830893957,-1.91198676311418,0.526883824835298
19,"young_lifetime","Fully funded system",0.61,0.0165332586858387,"capitalization","funded_only",TRUE,1.11994886684781,FALSE,0.825185410512487,1.89947978774919,-0.945255022819005,-1.78343787416329,0.526883824835298
19,"young_lifetime","Fully funded system",0.62,0.0156465604078046,"capitalization","funded_only",TRUE,1.17313896180268,FALSE,0.864376208985337,1.989692397687,-0.881702552005498,-1.66353173168393,0.526883824835298
19,"young_lifetime","Fully funded system",0.63,0.0147529201472209,"capitalization","funded_only",TRUE,1.22885523119734,FALSE,0.905428308767412,2.08418950438243,-0.822422913865713,-1.55168725662376,0.526883824835298
19,"young_lifetime","Fully funded system",0.64,0.0138591243861013,"capitalization","funded_only",TRUE,1.28721765145421,FALSE,0.948430109245778,2.18317459283032,-0.767128832408272,-1.44736243770433,0.526883824835298
19,"young_lifetime","Fully funded system",0.65,0.0129715622386452,"capitalization","funded_only",TRUE,1.34835189707485,FALSE,0.993474208188282,2.28686081220436,-0.715552346111027,-1.3500517047717,0.526883824835298
19,"young_lifetime","Fully funded system",0.66,0.0120961583990884,"capitalization","funded_only",TRUE,1.41238961126071,FALSE,1.0406576011386,2.39547143484116,-0.667443509348501,-1.25928347874487,0.526883824835298
19,"young_lifetime","Fully funded system",0.67,0.0112383185264294,"capitalization","funded_only",TRUE,1.47946868938655,FALSE,1.09008189028125,2.50924033702282,-0.622569181126436,-1.17461788628899,0.526883824835298
19,"young_lifetime","Fully funded system",0.68,0.0104028874355191,"capitalization","funded_only",TRUE,1.54973357593687,FALSE,1.14185350322625,2.62841250259363,-0.58071189525354,-1.09564462813822,0.526883824835298
19,"young_lifetime","Fully funded system",0.69,0.00959412012165592,"capitalization","funded_only",TRUE,1.62333557554497,FALSE,1.19608392218466,2.75324455049507,-0.541668806475134,-1.02198099073794,0.526883824835298
19,"young_lifetime","Fully funded system",0.7,0.00881566532576298,"capitalization","funded_only",TRUE,1.70043317880419,FALSE,1.25288992402835,2.8840052873553,-0.505250707461562,-0.953269991570609,0.526883824835298
19,"young_lifetime","Fully funded system",0.71,0.00807056105809019,"capitalization","funded_only",TRUE,1.78119240355306,FALSE,1.31239383175105,3.02097628632289,-0.471281111887562,-0.889178649177095,0.526883824835298
19,"young_lifetime","Fully funded system",0.72,0.00736124124713052,"capitalization","funded_only",TRUE,1.86578715236916,FALSE,1.37472377787216,3.16445249339132,-0.439595399159086,-0.829396369489974,0.526883824835298
19,"young_lifetime","Fully funded system",0.73,0.00668955247216793,"capitalization","funded_only",TRUE,1.95439958704166,FALSE,1.44001398035037,3.31474286251986,-0.41004001664285,-0.773633440658722,0.526883824835298
19,"young_lifetime","Fully funded system",0.74,0.00605677957576838,"capitalization","funded_only",TRUE,2.04722052082865,FALSE,1.50840503160144,3.47217102091841,-0.382471735532479,-0.721619629072523,0.526883824835298
19,"young_lifetime","Fully funded system",0.75,0.00546367883789977,"capitalization","funded_only",TRUE,2.14444982934424,FALSE,1.58004420124237,3.63707596592898,-0.356756956745132,-0.673102869776903,0.526883824835298
19,"young_lifetime","Fully funded system",0.76,0.0049105173257538,"capitalization","funded_only",TRUE,2.24629688095991,FALSE,1.65508575321386,3.80981279500433,-0.332771063484873,-0.627848044937771,0.526883824835298
19,"young_lifetime","Fully funded system",0.77,0.00439711701067287,"capitalization","funded_only",TRUE,2.35298098764718,FALSE,1.733691277964,3.9907534703558,-0.310397817335245,-0.585353645657103,0.526393281820738
19,"young_lifetime","Fully funded system",0.78,0.00392290226240524,"capitalization","funded_only",TRUE,2.46473187723218,FALSE,1.81603004040846,4.18028761991669,-0.289528794954444,-0.545605063989596,0.525659976107552
19,"young_lifetime","Fully funded system",0.79,0.00348694938664893,"capitalization","funded_only",TRUE,2.58179018807922,FALSE,1.9022793444165,4.37882337634622,-0.270062862643248,-0.508606957822125,0.525029647959782
19,"young_lifetime","Fully funded system",0.8,0.00308803695908519,"capitalization","funded_only",TRUE,2.70440798726856,FALSE,1.99262491460756,4.58678825588039,-0.251905686239401,-0.474158869565732,0.52448774888901
19,"young_lifetime","Fully funded system",0.81,0.00272469582188591,"capitalization","funded_only",TRUE,2.83284931338409,FALSE,2.08726129628069,4.80463007892257,-0.234969273963334,-0.442076924665344,0.524021805790878
19,"young_lifetime","Fully funded system",0.82,0.0023952577407798,"capitalization","funded_only",TRUE,2.96739074507983,FALSE,2.18639227433799,5.03281793435582,-0.219171549999814,-0.412192091946951,0.523621120639902
19,"young_lifetime","Fully funded system",0.83,0.00209790186595431,"capitalization","funded_only",TRUE,3.10832199664958,FALSE,2.29023131210402,5.27184318965376,-0.204435956749038,-0.384348687606164,0.523276514413814
19,"young_lifetime","Fully funded system",0.84,0.00183069829236669,"capitalization","funded_only",TRUE,3.25594654188211,FALSE,2.39900201098627,5.52222054896489,-0.190691083819637,-0.358403080525969,0.522980108641449
19,"young_lifetime","Fully funded system",0.85,0.00159164816888775,"capitalization","funded_only",TRUE,3.4105822675453,FALSE,2.51293859196645,5.78448916144884,-0.177870321965655,-0.334222564813852,0.522725138943036
19,"young_lifetime","Fully funded system",0.86,0.00137871995615396,"capitalization","funded_only",TRUE,3.57256215790646,FALSE,2.63228639995938,6.05921378225126,-0.16591154029042,-0.31168437198681,0.522505795777183
19,"young_lifetime","Fully funded system",0.87,0.00118988157581876,"capitalization","funded_only",TRUE,3.74223501176277,FALSE,2.75730243212548,6.34698598861716,-0.154756785153033,-0.290674800448292,0.522317088334427
19,"young_lifetime","Fully funded system",0.88,0.0010231283256207,"capitalization","funded_only",TRUE,3.91996619352585,FALSE,2.88825589127477,6.64842545376162,-0.144351999318308,-0.271088444066496,0.522154728135495
19,"young_lifetime","Fully funded system",0.89,0.000876506552691064,"capitalization","funded_only",TRUE,4.1061384199779,FALSE,3.02542876555362,6.96418128124083,-0.134646759989149,-0.252827504995748,0.522015029417012
19,"young_lifetime","Fully funded system",0.9,0.000748133179985062,"capitalization","funded_only",TRUE,4.30115258439343,FALSE,3.16911643566298,7.29493340269678,-0.125594034451839,-0.235801178553795,0.521894823831079
19,"young_lifetime","Fully funded system",0.91,0.000636211266591,"capitalization","funded_only",TRUE,4.50542861980134,FALSE,3.31962831091527,7.64139404198558,-0.117149952150063,-0.219925100113948,0.521791387359974
19,"young_lifetime","Fully funded system",0.92,0.000539041851611795,"capitalization","funded_only",TRUE,4.71940640324614,FALSE,3.47728849549978,8.00430924884208,-0.109273592083108,-0.205120845699737,0.521702377663675
19,"young_lifetime","Fully funded system",0.93,0.000455032383605845,"capitalization","funded_only",TRUE,4.94354670299554,FALSE,3.64243648639126,8.38446050538322,-0.101926784497957,-0.19131547936609,0.521625780345137
19,"young_lifetime","Fully funded system",0.94,0.00038270207402884,"capitalization","funded_only",TRUE,5.17833217073412,FALSE,3.81542790440441,8.78266640890977,-0.0950739259142459,-0.178441141582375,0.521559862843989
19,"young_lifetime","Fully funded system",0.95,0.000320684534961157,"capitalization","funded_only",TRUE,5.42426838087952,FALSE,3.9966352599687,9.19978443462969,-0.0886818065856745,-0.166434673752282,0.521503134860375
19,"young_lifetime","Fully funded system",0.96,0.000267728070175611,"capitalization","funded_only",TRUE,5.68188491925927,FALSE,4.18644875527231,9.63671278209927,-0.0827194495617286,-0.155237274755506,0.521454314372298
19,"young_lifetime","Fully funded system",0.97,0.000222693986042829,"capitalization","funded_only",TRUE,5.95173652349246,FALSE,4.38527712450256,10.0943923093578,-0.0771579605697915,-0.144794186010352,0.521412298447009
19,"young_lifetime","Fully funded system",0.98,0.00018455327674269,"capitalization","funded_only",TRUE,6.23440427753191,FALSE,4.59354851399215,10.5738085589207,-0.0719703879901531,-0.135054402061037,0.521376138163355
19,"young_lifetime","Fully funded system",0.99,0.000152382018630337,"capitalization","funded_only",TRUE,6.53049686293922,FALSE,4.81171140416652,11.075993879994,-0.0671315922453388,-0.125970404110133,0.521345017061007
19,"young_lifetime","Fully funded system",1,6.26778916131105e-05,"capitalization","funded_only",TRUE,6.84065186958685,FALSE,5.04023557527746,11.6020296514793,-0.0626181239708062,-0.117497914261974,0.521318232616697
20,"young_lifetime","Fully funded system",0,0.000223648618482682,"informal","informal",FALSE,0.079701638435246,TRUE,0.08215,0.0982528504111061,-33.0643267392896,-37.4783291935855,0.0871271910561446
20,"young_lifetime","Fully funded system",0.01,0.000530074028894635,"informal","informal",FALSE,0.0820468268252066,TRUE,0.084567230436132,0.0982528504111061,-31.8590827282152,-35.8829724428766,0.0825220782145992
20,"young_lifetime","Fully funded system",0.02,0.000625857596014926,"informal","informal",FALSE,0.0844610214325096,TRUE,0.0868490356071312,0.10037709291071,-30.6477874072718,-34.3555259543591,0.0791081770204478
20,"young_lifetime","Fully funded system",0.03,0.00073622950670148,"informal","informal",FALSE,0.0869462527371165,TRUE,0.0891518212708003,0.103038572441251,-29.468043159994,-32.8930989616206,0.0760579561368699
20,"young_lifetime","Fully funded system",0.04,0.000862878406729994,"informal","informal",FALSE,0.0895046109650384,TRUE,0.0915223654687861,0.105778364927681,-28.3306000087446,-31.4929237507913,0.073094921350302
20,"young_lifetime","Fully funded system",0.05,0.00100759191313581,"informal","informal",FALSE,0.092138247846339,TRUE,0.0939626619684829,0.108598774696971,-27.2341395867906,-30.1523504225122,0.0702165805738428
20,"young_lifetime","Fully funded system",0.06,0.00117224512608808,"informal","informal",FALSE,0.0948493784248666,TRUE,0.0964747632030824,0.111502173879976,-26.1773720175275,-28.8688418768717,0.067420512953245
20,"young_lifetime","Fully funded system",0.07,0.00135878545245099,"informal","informal",FALSE,0.0976402829212365,TRUE,0.0990607819977904,0.11449100440654,-25.1590361322548,-27.6399690118215,0.064704366830834
20,"young_lifetime","Fully funded system",0.08,0.00156921348536889,"informal","informal",FALSE,0.100513308650631,TRUE,0.101722893346838,0.117567780059303,-24.1778996178055,-26.4634061259835,0.0620658577676267
20,"young_lifetime","Fully funded system",0.09,0.00180555975146526,"informal","informal",FALSE,0.103470871997029,TRUE,0.104463336242779,0.12073508858794,-23.2327590984469,-25.3369265171469,0.0595027666219834
20,"young_lifetime","Fully funded system",0.1,0.00206985722142662,"informal","informal",FALSE,0.10651546044553,TRUE,0.107284415559615,0.123995593885609,-22.3224401563609,-24.2583982681271,0.0570129376831767
20,"young_lifetime","Fully funded system",0.11,0.00236410958058029,"informal","informal",FALSE,0.109649634674472,TRUE,0.110188503991331,0.127352038229447,-21.4457972948886,-23.2257802120088,0.0545942768583143
20,"young_lifetime","Fully funded system",0.12,0.00269025537259384,"informal","informal",FALSE,0.112876030709114,TRUE,0.11317804404747,0.13080724458698,-20.6017138486053,-22.2371180691391,0.0522447499110825
20,"young_lifetime","Fully funded system",0.13,0.0030501282598838,"informal","informal",FALSE,0.116197362138692,TRUE,0.116255550107429,0.134364118990411,-19.7891018441516,-21.2905407485582,0.0499623807508338
20,"young_lifetime","Fully funded system",0.14,0.00344541378616971,"informal","informal",FALSE,0.119616422398703,TRUE,0.119423610535196,0.138025652980763,-19.0069018156134,-20.3842568068699,0.047745249770577
20,"young_lifetime","Fully funded system",0.15,0.0038776031764757,"informal","informal",FALSE,0.123136087120351,TRUE,0.122684889856323,0.141794926123937,-18.2540825780979,-19.5165510578476,0.0455914922324769
20,"young_lifetime","Fully funded system",0.16,0.00434794486360459,"informal","informal",FALSE,0.126759316549122,TRUE,0.126042130998945,0.145675108600816,-17.5296409630084,-18.6857813263618,0.0434992966994971
20,"young_lifetime","Fully funded system",0.17,0.00485739458280167,"informal","informal",FALSE,0.130489158034525,TRUE,0.129498157600743,0.149669463873566,-16.8326015183741,-17.8903753404839,0.0414669035118778
20,"young_lifetime","Fully funded system",0.18,0.00540656502249209,"informal","informal",FALSE,0.134328748593092,TRUE,0.133055876383795,0.153781351430406,-16.1620161774405,-17.1288277558855,0.0394926033071539
20,"young_lifetime","Fully funded system",0.19,0.00599567615266305,"informal","informal",FALSE,0.138281317546795,TRUE,0.136718279599294,0.158014229611134,-15.5169638985797,-16.3996973069017,0.0375747355824851
20,"young_lifetime","Fully funded system",0.2,0.00662450746745946,"informal","informal",FALSE,0.142350189239096,TRUE,0.140488447544214,0.162371658515792,-14.8965502794294,-15.7016040788657,0.0357116872980736
20,"young_lifetime","Fully funded system",0.21,0.00729235346863131,"informal","informal",FALSE,0.146538785830915,TRUE,0.144369551152016,0.166857302998924,-14.299907148025,-15.0332268965535,0.0339018915204996
20,"young_lifetime","Fully funded system",0.22,0.00799798377561329,"informal","informal",FALSE,0.150850630178868,TRUE,0.148364854659594,0.171474935751932,-13.7261921335413,-14.3933008237962,0.0321438261048419
20,"young_lifetime","Fully funded system",0.23,0.0087396092707509,"informal","informal",FALSE,0.155289348798199,TRUE,0.152477718352687,0.176228440476132,-13.174588219119,-13.7806147695268,0.0304360124144627
20,"young_lifetime","Fully funded system",0.24,0.0095148556698428,"informal","informal",FALSE,0.159858674912893,TRUE,0.156711601392081,0.181121815149177,-12.6443032791117,-13.1940091957318,0.0287770140773871
20,"young_lifetime","Fully funded system",0.25,0.010320745845168,"informal","informal",FALSE,0.164562451595537,TRUE,0.161070064722965,0.186159175387591,-12.1345696029501,-12.6323739229692,0.0271654357782289
20,"young_lifetime","Fully funded system",0.26,0.0111536921182913,"capitalization","funded_only",TRUE,0.220751115361343,FALSE,0.16268565747607,0.374403059071927,-10.7984309416941,-12.0946460293005,0.0785037798571355
20,"young_lifetime","Fully funded system",0.27,0.0120094995825537,"capitalization","funded_only",TRUE,0.231235319716592,FALSE,0.170412140197824,0.39218470504964,-10.0724184364052,-11.5798078386594,0.0974339605930017
20,"young_lifetime","Fully funded system",0.28,0.0128833813113884,"capitalization","funded_only",TRUE,0.242217453791393,FALSE,0.178505579270713,0.410810860509889,-9.39521803730867,-11.0868849948502,0.116696408817759
20,"young_lifetime","Fully funded system",0.29,0.0137699860614464,"capitalization","funded_only",TRUE,0.253721165923494,FALSE,0.186983402671799,0.430321634015569,-8.76354795284627,-10.6149446175323,0.136296956577372
20,"young_lifetime","Fully funded system",0.3,0.0146634387938913,"capitalization","funded_only",TRUE,0.265771227588822,FALSE,0.195863866090714,0.450759039018571,-8.17434703663736,-10.1630935366981,0.156241538283403
20,"young_lifetime","Fully funded system",0.31,0.0155573940198842,"capitalization","funded_only",TRUE,0.278393586743048,FALSE,0.20516609224048,0.472167084329286,-7.62475995280883,-9.73047660230625,0.176536192509761
20,"young_lifetime","Fully funded system",0.32,0.0164451016357299,"capitalization","funded_only",TRUE,0.29161542369652,FALSE,0.214910112035335,0.494591868882821,-7.11212333870679,-9.31627506586847,0.197187063820985
20,"young_lifetime","Fully funded system",0.33,0.0173194845593781,"capitalization","funded_only",TRUE,0.30546520964289,FALSE,0.225116907724225,0.518081681005964,-6.63395289793277,-8.91970503092844,0.218200404632618
20,"young_lifetime","Fully funded system",0.34,0.0181732271241403,"capitalization","funded_only",TRUE,0.319972767967445,FALSE,0.235808458072858,0.542687102398679,-6.18793136115562,-8.54001596949986,0.239582577104239
20,"young_lifetime","Fully funded system",0.35,0.0189988728395791,"capitalization","funded_only",TRUE,0.335169338467188,FALSE,0.24700778569159,0.568461117054019,-5.77189725635603,-8.1764893016559,0.261340055065719
20,"young_lifetime","Fully funded system",0.36,0.0197889298058682,"capitalization","funded_only",TRUE,0.351087644620938,FALSE,0.258739006611082,0.595459225351012,-5.38383443408276,-7.82843703558187,0.283479425977283
20,"young_lifetime","Fully funded system",0.37,0.0205359817787106,"capitalization","funded_only",TRUE,0.367761964054314,FALSE,0.271027382212467,0.623739563566199,-5.02186229695896,-7.49520046551748,0.306007392923987
20,"young_lifetime","Fully funded system",0.38,0.0212328026386743,"capitalization","funded_only",TRUE,0.38522820235133,FALSE,0.283899373623847,0.653363029061166,-4.68422668608949,-7.1761489251242,0.328930776645186
20,"young_lifetime","Fully funded system",0.39,0.0218724718319488,"capitalization","funded_only",TRUE,0.403523970371554,FALSE,0.297382698700269,0.684393411415653,-4.36929138020373,-6.87067859391881,0.35225651759964
20,"young_lifetime","Fully funded system",0.4,0.0224484882277816,"capitalization","funded_only",TRUE,0.42268866523931,FALSE,0.311506391709864,0.716897529788613,-4.07553016633788,-6.57821135451382,0.375991678066862
20,"young_lifetime","Fully funded system",0.41,0.0229548797878943,"capitalization","funded_only",TRUE,0.442763555179334,FALSE,0.326300865854679,0.750945376802996,-3.80151944363014,-6.29819369850236,0.400143444285339
20,"young_lifetime","Fully funded system",0.42,0.0233863064692461,"capitalization","funded_only",TRUE,0.463791868381551,FALSE,0.341797978760838,0.786610269264106,-3.54593132438611,-6.03009567891675,0.4247191286283
20,"young_lifetime","Fully funded system",0.43,0.0237381538851594,"capitalization","funded_only",TRUE,0.485818886086335,FALSE,0.358031101079039,0.823969006036073,-3.30752719898122,-5.77340990727817,0.449726171817664
20,"young_lifetime","Fully funded system",0.44,0.0240066154297712,"capitalization","funded_only",TRUE,0.508892040090705,FALSE,0.37503518834312,0.863102033416404,-3.08515173341505,-5.52765059333943,0.475172145176848
20,"young_lifetime","Fully funded system",0.45,0.0241887608228689,"capitalization","funded_only",TRUE,0.533061014885407,FALSE,0.392846856241435,0.904093618364715,-2.877727270429,-5.29235262570342,0.501064752923122
20,"young_lifetime","Fully funded system",0.46,0.0242825893494975,"capitalization","funded_only",TRUE,0.558377854642829,FALSE,0.411504459463102,0.947032029958682,-2.68424860705437,-5.06707069157726,0.52741183450019
20,"young_lifetime","Fully funded system",0.47,0.0242870664418367,"capitalization","funded_only",TRUE,0.584897075286125,FALSE,0.43104817428894,0.992009729467928,-2.50377812328242,-4.8513784339963,0.554221366951731
20,"young_lifetime","Fully funded system",0.48,0.0242021426680683,"capitalization","funded_only",TRUE,0.612675781880879,FALSE,0.451520085104906,1.03912356945516,-2.33544123824915,-4.40765539469607,0.527187844559218
20,"young_lifetime","Fully funded system",0.49,0.0240287546408929,"capitalization","funded_only",TRUE,0.641773791602085,FALSE,0.472964275024357,1.08847500233327,-2.17842217191523,-4.11131484736734,0.527187844559218
20,"young_lifetime","Fully funded system",0.5,0.0237688078223462,"capitalization","funded_only",TRUE,0.672253762541239,FALSE,0.49542692081426,1.14017029882753,-2.03195999170141,-3.83489820790508,0.527187844559218
20,"young_lifetime","Fully funded system",0.51,0.0234251416663332,"capitalization","funded_only",TRUE,0.704181328630909,FALSE,0.518956392329756,1.19432077681323,-1.89534492492112,-3.57706592926368,0.527187844559219
20,"young_lifetime","Fully funded system",0.52,0.0230014779905107,"capitalization","funded_only",TRUE,0.737625240977322,FALSE,0.543603356671214,1.25104304102166,-1.76791491913987,-3.33656852636223,0.527187844559219
20,"young_lifetime","Fully funded system",0.53,0.0225023538900762,"capitalization","funded_only",TRUE,0.7726575159053,FALSE,0.569420887288043,1.31045923413042,-1.64905243379245,-3.11224052093516,0.527187844559218
20,"young_lifetime","Fully funded system",0.54,0.0219330408840984,"capitalization","funded_only",TRUE,0.80935359003435,FALSE,0.596464578264205,1.37269729977896,-1.53818144750984,-2.90299479348959,0.527187844559219
20,"young_lifetime","Fully funded system",0.55,0.0212994523083938,"capitalization","funded_only",TRUE,0.847792482719832,FALSE,0.624792664031534,1.43789125807549,-1.43476466665295,-2.70781731499833,0.527187844559219
20,"young_lifetime","Fully funded system",0.56,0.0206080412279339,"capitalization","funded_only",TRUE,0.888056966208985,FALSE,0.65446614476863,1.50618149418875,-1.33830092152544,-2.52576223279784,0.527187844559218
20,"young_lifetime","Fully funded system",0.57,0.0198656913291574,"capitalization","funded_only",TRUE,0.930233743878251,FALSE,0.685548917755371,1.5777150606458,-1.24832273764731,-2.35594728687665,0.527187844559219
20,"young_lifetime","Fully funded system",0.58,0.0190796033639485,"capitalization","funded_only",TRUE,0.974413636935662,FALSE,0.718107914965883,1.65264599398713,-1.16439407031945,-2.19754953434119,0.527187844559219
20,"young_lifetime","Fully funded system",0.59,0.0182571797508447,"capitalization","funded_only",TRUE,1.02069177999035,FALSE,0.752213247196258,1.73113564646062,-1.08610819150051,-2.04980136133921,0.527187844559218
20,"young_lifetime","Fully funded system",0.6,0.0174059098965294,"capitalization","funded_only",TRUE,1.06916782591033,FALSE,0.787938355037377,1.81335303346879,-1.01308571875576,-1.91198676311418,0.527187844559218
20,"young_lifetime","Fully funded system",0.61,0.0165332586858387,"capitalization","funded_only",TRUE,1.11994616040958,FALSE,0.825360167017936,1.89947519751756,-0.944972776725789,-1.78343787416329,0.527187844559219
20,"young_lifetime","Fully funded system",0.62,0.0156465604078046,"capitalization","funded_only",TRUE,1.1731361268267,FALSE,0.864559265258208,1.98968758945,-0.88143928220563,-1.66353173168393,0.527187844559218
20,"young_lifetime","Fully funded system",0.63,0.0147529201472209,"capitalization","funded_only",TRUE,1.22885226157893,FALSE,0.905620058991252,2.08418446778628,-0.822177344523254,-1.55168725662376,0.527187844559219
20,"young_lifetime","Fully funded system",0.64,0.0138591243861013,"capitalization","funded_only",TRUE,1.28721454079874,FALSE,0.948630966325222,2.18316931702947,-0.76689977346575,-1.44736243770433,0.527187844559219
20,"young_lifetime","Fully funded system",0.65,0.0129715622386452,"capitalization","funded_only",TRUE,1.34834863868401,FALSE,0.993684604638178,2.28685528583819,-0.71533868752228,-1.3500517047717,0.527187844559219
20,"young_lifetime","Fully funded system",0.66,0.0120961583990884,"capitalization","funded_only",TRUE,1.41238619811806,FALSE,1.04087799001536,2.39546564600948,-0.667244215699266,-1.25928347874487,0.527187844559218
20,"young_lifetime","Fully funded system",0.67,0.0112383185264294,"capitalization","funded_only",TRUE,1.47946511414241,FALSE,1.09031274615845,2.50923427326028,-0.622383286616608,-1.17461788628899,0.527187844559219
20,"young_lifetime","Fully funded system",0.68,0.0104028874355191,"capitalization","funded_only",TRUE,1.5497298308925,FALSE,1.14209532321654,2.62840615084285,-0.580538499016796,-1.09564462813822,0.527187844559218
20,"young_lifetime","Fully funded system",0.69,0.00959412012165592,"capitalization","funded_only",TRUE,1.62333165263599,FALSE,1.19633722701022,2.75323789707853,-0.541507068213232,-1.02198099073794,0.527187844559218
20,"young_lifetime","Fully funded system",0.7,0.00881566532576298,"capitalization","funded_only",TRUE,1.70042906958323,FALSE,1.25315525914218,2.88399831794589,-0.505099843372155,-0.953269991570609,0.527187844559218
20,"young_lifetime","Fully funded system",0.71,0.00807056105809019,"capitalization","funded_only",TRUE,1.78118809917153,FALSE,1.31267176851155,3.02096898591306,-0.4711403908658,-0.889178649177095,0.527187844559219
20,"young_lifetime","Fully funded system",0.72,0.00736124124713052,"capitalization","funded_only",TRUE,1.86578264355824,FALSE,1.37501491477342,3.16444484626076,-0.439464139254602,-0.829396369489974,0.527187844559218
20,"young_lifetime","Fully funded system",0.73,0.00668955247216793,"capitalization","funded_only",TRUE,1.95439486409232,FALSE,1.44031894431095,3.31473485220164,-0.409917581754946,-0.773633440658722,0.527187844559218
20,"young_lifetime","Fully funded system",0.74,0.00605677957576838,"capitalization","funded_only",TRUE,2.04721557357075,FALSE,1.50872447931436,3.47216263016356,-0.382357532327509,-0.721619629072523,0.527187844559218
20,"young_lifetime","Fully funded system",0.75,0.00546367883789977,"capitalization","funded_only",TRUE,2.14444464712461,FALSE,1.58037882058919,3.63706717666928,-0.35665043178114,-0.673102869776903,0.527187844559218
20,"young_lifetime","Fully funded system",0.76,0.0049105173257538,"capitalization","funded_only",TRUE,2.24629145261944,FALSE,1.65543626474589,3.80980358831347,-0.332671700529547,-0.627848044937771,0.527187844559219
20,"young_lifetime","Fully funded system",0.77,0.00439711701067287,"capitalization","funded_only",TRUE,2.35297530149678,FALSE,1.73405843645396,3.99074382640857,-0.310305134864196,-0.585353645657103,0.526697203872033
20,"young_lifetime","Fully funded system",0.78,0.00392290226240524,"capitalization","funded_only",TRUE,2.46472592102758,FALSE,1.81641463647573,4.18027751794635,-0.289442343817685,-0.545605063989596,0.525963752149441
20,"young_lifetime","Fully funded system",0.79,0.00348694938664893,"capitalization","funded_only",TRUE,2.58178394899467,FALSE,1.90268220622959,4.37881279459972,-0.269982223888559,-0.508606957822125,0.525333298496256
20,"young_lifetime","Fully funded system",0.8,0.00308803695908519,"capitalization","funded_only",TRUE,2.70440145186915,FALSE,1.99304690966747,4.58677717157158,-0.251830469082038,-0.474158869565732,0.52479129152729
20,"young_lifetime","Fully funded system",0.81,0.00272469582188591,"capitalization","funded_only",TRUE,2.83284246759683,FALSE,2.08770333328892,4.80461846818308,-0.234899113892241,-0.442076924665344,0.524325255654652
20,"young_lifetime","Fully funded system",0.82,0.0023952577407798,"capitalization","funded_only",TRUE,2.96738357416337,FALSE,2.1868553051533,5.03280577218371,-0.219106107011162,-0.412192091946951,0.523924490722761
20,"young_lifetime","Fully funded system",0.83,0.00209790186595431,"capitalization","funded_only",TRUE,3.10831448516246,FALSE,2.29071633379208,5.27183044985966,-0.204374913698525,-0.384348687606164,0.523579815881702
20,"young_lifetime","Fully funded system",0.84,0.00183069829236669,"capitalization","funded_only",TRUE,3.25593867364949,FALSE,2.39951006796675,5.52220720411562,-0.190634144885572,-0.358403080525969,0.523283351091617
20,"young_lifetime","Fully funded system",0.85,0.00159164816888775,"capitalization","funded_only",TRUE,3.41057402562416,FALSE,2.51347077826198,5.78447518280832,-0.177817211215368,-0.334222564813852,0.523028330625872
20,"young_lifetime","Fully funded system",0.86,0.00137871995615396,"capitalization","funded_only",TRUE,3.57255352454909,FALSE,2.63284386155133,6.05919913971863,-0.165862000343066,-0.31168437198681,0.522808943786331
20,"young_lifetime","Fully funded system",0.87,0.00118988157581876,"capitalization","funded_only",TRUE,3.74222596837855,FALSE,2.75788636942172,6.34697065066197,-0.15471057593229,-0.290674800448292,0.522620198769803
20,"young_lifetime","Fully funded system",0.88,0.0010231283256207,"capitalization","funded_only",TRUE,3.91995672064125,FALSE,2.8888675616945,6.64840938735595,-0.14430889688894,-0.271088444066496,0.522457806243131
20,"young_lifetime","Fully funded system",0.89,0.000876506552691064,"capitalization","funded_only",TRUE,4.10612849719452,FALSE,3.02606948623508,6.96416445178814,-0.134606555471793,-0.252827504995748,0.522318079709064
20,"young_lifetime","Fully funded system",0.9,0.000748133179985062,"capitalization","funded_only",TRUE,4.30114219034408,FALSE,3.16978758629968,7.29491577395743,-0.125556533010747,-0.235801178553795,0.522197850188849
20,"young_lifetime","Fully funded system",0.91,0.000636211266591,"capitalization","funded_only",TRUE,4.50541773210403,FALSE,3.32033133672694,7.6413755759988,-0.117114972048909,-0.219925100113948,0.52209439312238
20,"young_lifetime","Fully funded system",0.92,0.000539041851611795,"capitalization","funded_only",TRUE,4.71939499845589,FALSE,3.47802491034446,8.00428990584419,-0.10924096380427,-0.205120845699737,0.522005365703251
20,"young_lifetime","Fully funded system",0.93,0.000455032383605845,"capitalization","funded_only",TRUE,4.94353475655388,FALSE,3.64320787602512,8.38444024372206,-0.101896349921018,-0.19131547936609,0.521928753133326
20,"young_lifetime","Fully funded system",0.94,0.00038270207402884,"capitalization","funded_only",TRUE,5.17831965691623,FALSE,3.81623592989646,8.78264518495495,-0.0950455375497219,-0.178441141582375,0.521862822507263
20,"young_lifetime","Fully funded system",0.95,0.000320684534961157,"capitalization","funded_only",TRUE,5.42425527273882,FALSE,3.99748166127765,9.19976220267871,-0.0886553268602629,-0.166434673752282,0.521806083228469
20,"young_lifetime","Fully funded system",0.96,0.000267728070175611,"capitalization","funded_only",TRUE,5.68187118856939,FALSE,4.18733535499329,9.63668949427903,-0.0826947501516137,-0.155237274755506,0.521757253019685
20,"young_lifetime","Fully funded system",0.97,0.000222693986042829,"capitalization","funded_only",TRUE,5.95172214068647,FALSE,4.38620583179178,10.0943679155216,-0.0771349217787715,-0.144794186010352,0.521715228728553
20,"young_lifetime","Fully funded system",0.98,0.00018455327674269,"capitalization","funded_only",TRUE,6.23438921163865,FALSE,4.59452132867803,10.5737830065401,-0.0719488981695787,-0.135054402061037,0.521679061244981
20,"young_lifetime","Fully funded system",0.99,0.000152382018630337,"capitalization","funded_only",TRUE,6.5304810815166,FALSE,4.81273042105595,11.0759671140458,-0.0671115472530508,-0.125970404110133,0.521647933946071
20,"young_lifetime","Fully funded system",1,6.26778916131105e-05,"capitalization","funded_only",TRUE,6.84063533865201,FALSE,5.04130298866669,11.6020016143273,-0.0625994266664507,-0.117497914261974,0.521621144168678
