"time","capital","consumption","government_spending","payroll_requirement","output","formal_output","informal_output","formal_share","informal_share","payroll_tax","net_return","wage_formal","government_share_output","scenario","path_type","capital_gap_final","consumption_gap_final"
0,2.58536554145887,0.807605271144521,0.166174301565036,0.0830871507825181,1.12890150519709,0.796501505197032,0.332400000000058,0.445999999999904,0.554000000000096,0.155694210243899,0.0416666666666803,1.19653813561015,0.147200000000022,"Lump-sum financing","step",0,0.0225780301039452
1,2.58536554145887,0.785027241040576,0.188752331668981,0.0830871507825181,1.12890150519709,0.796501505197032,0.332400000000058,0.445999999999904,0.554000000000096,0.155694210243899,0.0416666666666803,1.19653813561015,0.167200000000025,"Lump-sum financing","step",0,0
2,2.58536554145887,0.785027241040576,0.188752331668981,0.0830871507825181,1.12890150519709,0.796501505197032,0.332400000000058,0.445999999999904,0.554000000000096,0.155694210243899,0.0416666666666803,1.19653813561015,0.167200000000025,"Lump-sum financing","step",0,0
3,2.58536554145887,0.785027241040576,0.188752331668981,0.0830871507825181,1.12890150519709,0.796501505197032,0.332400000000058,0.445999999999904,0.554000000000096,0.155694210243899,0.0416666666666803,1.19653813561015,0.167200000000025,"Lump-sum financing","step",0,0
4,2.58536554145887,0.785027241040576,0.188752331668981,0.0830871507825181,1.12890150519709,0.796501505197032,0.332400000000058,0.445999999999904,0.554000000000096,0.155694210243899,0.0416666666666803,1.19653813561015,0.167200000000025,"Lump-sum financing","step",0,0
5,2.58536554145887,0.785027241040576,0.188752331668981,0.0830871507825181,1.12890150519709,0.796501505197032,0.332400000000058,0.445999999999904,0.554000000000096,0.155694210243899,0.0416666666666803,1.19653813561015,0.167200000000025,"Lump-sum financing","step",0,0
6,2.58536554145887,0.785027241040576,0.188752331668981,0.0830871507825181,1.12890150519709,0.796501505197032,0.332400000000058,0.445999999999904,0.554000000000096,0.155694210243899,0.0416666666666803,1.19653813561015,0.167200000000025,"Lump-sum financing","step",0,0
7,2.58536554145887,0.785027241040576,0.188752331668981,0.0830871507825181,1.12890150519709,0.796501505197032,0.332400000000058,0.445999999999904,0.554000000000096,0.155694210243899,0.0416666666666803,1.19653813561015,0.167200000000025,"Lump-sum financing","step",0,0
8,2.58536554145887,0.785027241040576,0.188752331668981,0.0830871507825181,1.12890150519709,0.796501505197032,0.332400000000058,0.445999999999904,0.554000000000096,0.155694210243899,0.0416666666666803,1.19653813561015,0.167200000000025,"Lump-sum financing","step",0,0
9,2.58536554145887,0.785027241040576,0.188752331668981,0.0830871507825181,1.12890150519709,0.796501505197032,0.332400000000058,0.445999999999904,0.554000000000096,0.155694210243899,0.0416666666666803,1.19653813561015,0.167200000000025,"Lump-sum financing","step",0,0
10,2.58536554145887,0.785027241040576,0.188752331668981,0.0830871507825181,1.12890150519709,0.796501505197032,0.332400000000058,0.445999999999904,0.554000000000096,0.155694210243899,0.0416666666666803,1.19653813561015,0.167200000000025,"Lump-sum financing","step",0,0
11,2.58536554145887,0.785027241040576,0.188752331668981,0.0830871507825181,1.12890150519709,0.796501505197032,0.332400000000058,0.445999999999904,0.554000000000096,0.155694210243899,0.0416666666666803,1.19653813561015,0.167200000000025,"Lump-sum financing","step",0,0
12,2.58536554145887,0.785027241040576,0.188752331668981,0.0830871507825181,1.12890150519709,0.796501505197032,0.332400000000058,0.445999999999904,0.554000000000096,0.155694210243899,0.0416666666666803,1.19653813561015,0.167200000000025,"Lump-sum financing","step",0,0
13,2.58536554145887,0.785027241040576,0.188752331668981,0.0830871507825181,1.12890150519709,0.796501505197032,0.332400000000058,0.445999999999904,0.554000000000096,0.155694210243899,0.0416666666666803,1.19653813561015,0.167200000000025,"Lump-sum financing","step",0,0
14,2.58536554145887,0.785027241040576,0.188752331668981,0.0830871507825181,1.12890150519709,0.796501505197032,0.332400000000058,0.445999999999904,0.554000000000096,0.155694210243899,0.0416666666666803,1.19653813561015,0.167200000000025,"Lump-sum financing","step",0,0
15,2.58536554145887,0.785027241040576,0.188752331668981,0.0830871507825181,1.12890150519709,0.796501505197032,0.332400000000058,0.445999999999904,0.554000000000096,0.155694210243899,0.0416666666666803,1.19653813561015,0.167200000000025,"Lump-sum financing","step",0,0
16,2.58536554145887,0.785027241040576,0.188752331668981,0.0830871507825181,1.12890150519709,0.796501505197032,0.332400000000058,0.445999999999904,0.554000000000096,0.155694210243899,0.0416666666666803,1.19653813561015,0.167200000000025,"Lump-sum financing","step",0,0
17,2.58536554145887,0.785027241040576,0.188752331668981,0.0830871507825181,1.12890150519709,0.796501505197032,0.332400000000058,0.445999999999904,0.554000000000096,0.155694210243899,0.0416666666666803,1.19653813561015,0.167200000000025,"Lump-sum financing","step",0,0
18,2.58536554145887,0.785027241040576,0.188752331668981,0.0830871507825181,1.12890150519709,0.796501505197032,0.332400000000058,0.445999999999904,0.554000000000096,0.155694210243899,0.0416666666666803,1.19653813561015,0.167200000000025,"Lump-sum financing","step",0,0
19,2.58536554145887,0.785027241040576,0.188752331668981,0.0830871507825181,1.12890150519709,0.796501505197032,0.332400000000058,0.445999999999904,0.554000000000096,0.155694210243899,0.0416666666666803,1.19653813561015,0.167200000000025,"Lump-sum financing","step",0,0
20,2.58536554145887,0.785027241040576,0.188752331668981,0.0830871507825181,1.12890150519709,0.796501505197032,0.332400000000058,0.445999999999904,0.554000000000096,0.155694210243899,0.0416666666666803,1.19653813561015,0.167200000000025,"Lump-sum financing","step",0,0
21,2.58536554145887,0.785027241040576,0.188752331668981,0.0830871507825181,1.12890150519709,0.796501505197032,0.332400000000058,0.445999999999904,0.554000000000096,0.155694210243899,0.0416666666666803,1.19653813561015,0.167200000000025,"Lump-sum financing","step",0,0
22,2.58536554145887,0.785027241040576,0.188752331668981,0.0830871507825181,1.12890150519709,0.796501505197032,0.332400000000058,0.445999999999904,0.554000000000096,0.155694210243899,0.0416666666666803,1.19653813561015,0.167200000000025,"Lump-sum financing","step",0,0
23,2.58536554145887,0.785027241040576,0.188752331668981,0.0830871507825181,1.12890150519709,0.796501505197032,0.332400000000058,0.445999999999904,0.554000000000096,0.155694210243899,0.0416666666666803,1.19653813561015,0.167200000000025,"Lump-sum financing","step",0,0
24,2.58536554145887,0.785027241040576,0.188752331668981,0.0830871507825181,1.12890150519709,0.796501505197032,0.332400000000058,0.445999999999904,0.554000000000096,0.155694210243899,0.0416666666666803,1.19653813561015,0.167200000000025,"Lump-sum financing","step",0,0
25,2.58536554145887,0.785027241040576,0.188752331668981,0.0830871507825181,1.12890150519709,0.796501505197032,0.332400000000058,0.445999999999904,0.554000000000096,0.155694210243899,0.0416666666666803,1.19653813561015,0.167200000000025,"Lump-sum financing","step",0,0
26,2.58536554145887,0.785027241040576,0.188752331668981,0.0830871507825181,1.12890150519709,0.796501505197032,0.332400000000058,0.445999999999904,0.554000000000096,0.155694210243899,0.0416666666666803,1.19653813561015,0.167200000000025,"Lump-sum financing","step",0,0
27,2.58536554145887,0.785027241040576,0.188752331668981,0.0830871507825181,1.12890150519709,0.796501505197032,0.332400000000058,0.445999999999904,0.554000000000096,0.155694210243899,0.0416666666666803,1.19653813561015,0.167200000000025,"Lump-sum financing","step",0,0
28,2.58536554145887,0.785027241040576,0.188752331668981,0.0830871507825181,1.12890150519709,0.796501505197032,0.332400000000058,0.445999999999904,0.554000000000096,0.155694210243899,0.0416666666666803,1.19653813561015,0.167200000000025,"Lump-sum financing","step",0,0
29,2.58536554145887,0.785027241040576,0.188752331668981,0.0830871507825181,1.12890150519709,0.796501505197032,0.332400000000058,0.445999999999904,0.554000000000096,0.155694210243899,0.0416666666666803,1.19653813561015,0.167200000000025,"Lump-sum financing","step",0,0
30,2.58536554145887,0.785027241040576,0.188752331668981,0.0830871507825181,1.12890150519709,0.796501505197032,0.332400000000058,0.445999999999904,0.554000000000096,0.155694210243899,0.0416666666666803,1.19653813561015,0.167200000000025,"Lump-sum financing","step",0,0
31,2.58536554145887,0.785027241040576,0.188752331668981,0.0830871507825181,1.12890150519709,0.796501505197032,0.332400000000058,0.445999999999904,0.554000000000096,0.155694210243899,0.0416666666666803,1.19653813561015,0.167200000000025,"Lump-sum financing","step",0,0
32,2.58536554145887,0.785027241040576,0.188752331668981,0.0830871507825181,1.12890150519709,0.796501505197032,0.332400000000058,0.445999999999904,0.554000000000096,0.155694210243899,0.0416666666666803,1.19653813561015,0.167200000000025,"Lump-sum financing","step",0,0
33,2.58536554145887,0.785027241040576,0.188752331668981,0.0830871507825181,1.12890150519709,0.796501505197032,0.332400000000058,0.445999999999904,0.554000000000096,0.155694210243899,0.0416666666666803,1.19653813561015,0.167200000000025,"Lump-sum financing","step",0,0
34,2.58536554145887,0.785027241040576,0.188752331668981,0.0830871507825181,1.12890150519709,0.796501505197032,0.332400000000058,0.445999999999904,0.554000000000096,0.155694210243899,0.0416666666666803,1.19653813561015,0.167200000000025,"Lump-sum financing","step",0,0
35,2.58536554145887,0.785027241040576,0.188752331668981,0.0830871507825181,1.12890150519709,0.796501505197032,0.332400000000058,0.445999999999904,0.554000000000096,0.155694210243899,0.0416666666666803,1.19653813561015,0.167200000000025,"Lump-sum financing","step",0,0
36,2.58536554145887,0.785027241040576,0.188752331668981,0.0830871507825181,1.12890150519709,0.796501505197032,0.332400000000058,0.445999999999904,0.554000000000096,0.155694210243899,0.0416666666666803,1.19653813561015,0.167200000000025,"Lump-sum financing","step",0,0
37,2.58536554145887,0.785027241040576,0.188752331668981,0.0830871507825181,1.12890150519709,0.796501505197032,0.332400000000058,0.445999999999904,0.554000000000096,0.155694210243899,0.0416666666666803,1.19653813561015,0.167200000000025,"Lump-sum financing","step",0,0
38,2.58536554145887,0.785027241040576,0.188752331668981,0.0830871507825181,1.12890150519709,0.796501505197032,0.332400000000058,0.445999999999904,0.554000000000096,0.155694210243899,0.0416666666666803,1.19653813561015,0.167200000000025,"Lump-sum financing","step",0,0
39,2.58536554145887,0.785027241040576,0.188752331668981,0.0830871507825181,1.12890150519709,0.796501505197032,0.332400000000058,0.445999999999904,0.554000000000096,0.155694210243899,0.0416666666666803,1.19653813561015,0.167200000000025,"Lump-sum financing","step",0,0
40,2.58536554145887,0.785027241040576,0.188752331668981,0.0830871507825181,1.12890150519709,0.796501505197032,0.332400000000058,0.445999999999904,0.554000000000096,0.155694210243899,0.0416666666666803,1.19653813561015,0.167200000000025,"Lump-sum financing","step",0,0
41,2.58536554145887,0.785027241040576,0.188752331668981,0.0830871507825181,1.12890150519709,0.796501505197032,0.332400000000058,0.445999999999904,0.554000000000096,0.155694210243899,0.0416666666666803,1.19653813561015,0.167200000000025,"Lump-sum financing","step",0,0
42,2.58536554145887,0.785027241040576,0.188752331668981,0.0830871507825181,1.12890150519709,0.796501505197032,0.332400000000058,0.445999999999904,0.554000000000096,0.155694210243899,0.0416666666666803,1.19653813561015,0.167200000000025,"Lump-sum financing","step",0,0
43,2.58536554145887,0.785027241040576,0.188752331668981,0.0830871507825181,1.12890150519709,0.796501505197032,0.332400000000058,0.445999999999904,0.554000000000096,0.155694210243899,0.0416666666666803,1.19653813561015,0.167200000000025,"Lump-sum financing","step",0,0
44,2.58536554145887,0.785027241040576,0.188752331668981,0.0830871507825181,1.12890150519709,0.796501505197032,0.332400000000058,0.445999999999904,0.554000000000096,0.155694210243899,0.0416666666666803,1.19653813561015,0.167200000000025,"Lump-sum financing","step",0,0
45,2.58536554145887,0.785027241040576,0.188752331668981,0.0830871507825181,1.12890150519709,0.796501505197032,0.332400000000058,0.445999999999904,0.554000000000096,0.155694210243899,0.0416666666666803,1.19653813561015,0.167200000000025,"Lump-sum financing","step",0,0
46,2.58536554145887,0.785027241040576,0.188752331668981,0.0830871507825181,1.12890150519709,0.796501505197032,0.332400000000058,0.445999999999904,0.554000000000096,0.155694210243899,0.0416666666666803,1.19653813561015,0.167200000000025,"Lump-sum financing","step",0,0
47,2.58536554145887,0.785027241040576,0.188752331668981,0.0830871507825181,1.12890150519709,0.796501505197032,0.332400000000058,0.445999999999904,0.554000000000096,0.155694210243899,0.0416666666666803,1.19653813561015,0.167200000000025,"Lump-sum financing","step",0,0
48,2.58536554145887,0.785027241040576,0.188752331668981,0.0830871507825181,1.12890150519709,0.796501505197032,0.332400000000058,0.445999999999904,0.554000000000096,0.155694210243899,0.0416666666666803,1.19653813561015,0.167200000000025,"Lump-sum financing","step",0,0
49,2.58536554145887,0.785027241040576,0.188752331668981,0.0830871507825181,1.12890150519709,0.796501505197032,0.332400000000058,0.445999999999904,0.554000000000096,0.155694210243899,0.0416666666666803,1.19653813561015,0.167200000000025,"Lump-sum financing","step",0,0
50,2.58536554145887,0.785027241040576,0.188752331668981,0.0830871507825181,1.12890150519709,0.796501505197032,0.332400000000058,0.445999999999904,0.554000000000096,0.155694210243899,0.0416666666666803,1.19653813561015,0.167200000000025,"Lump-sum financing","step",0,0
51,2.58536554145887,0.785027241040576,0.188752331668981,0.0830871507825181,1.12890150519709,0.796501505197032,0.332400000000058,0.445999999999904,0.554000000000096,0.155694210243899,0.0416666666666803,1.19653813561015,0.167200000000025,"Lump-sum financing","step",0,0
52,2.58536554145887,0.785027241040576,0.188752331668981,0.0830871507825181,1.12890150519709,0.796501505197032,0.332400000000058,0.445999999999904,0.554000000000096,0.155694210243899,0.0416666666666803,1.19653813561015,0.167200000000025,"Lump-sum financing","step",0,0
53,2.58536554145887,0.785027241040576,0.188752331668981,0.0830871507825181,1.12890150519709,0.796501505197032,0.332400000000058,0.445999999999904,0.554000000000096,0.155694210243899,0.0416666666666803,1.19653813561015,0.167200000000025,"Lump-sum financing","step",0,0
54,2.58536554145887,0.785027241040576,0.188752331668981,0.0830871507825181,1.12890150519709,0.796501505197032,0.332400000000058,0.445999999999904,0.554000000000096,0.155694210243899,0.0416666666666803,1.19653813561015,0.167200000000025,"Lump-sum financing","step",0,0
55,2.58536554145887,0.785027241040576,0.188752331668981,0.0830871507825181,1.12890150519709,0.796501505197032,0.332400000000058,0.445999999999904,0.554000000000096,0.155694210243899,0.0416666666666803,1.19653813561015,0.167200000000025,"Lump-sum financing","step",0,0
56,2.58536554145887,0.785027241040576,0.188752331668981,0.0830871507825181,1.12890150519709,0.796501505197032,0.332400000000058,0.445999999999904,0.554000000000096,0.155694210243899,0.0416666666666803,1.19653813561015,0.167200000000025,"Lump-sum financing","step",0,0
57,2.58536554145887,0.785027241040576,0.188752331668981,0.0830871507825181,1.12890150519709,0.796501505197032,0.332400000000058,0.445999999999904,0.554000000000096,0.155694210243899,0.0416666666666803,1.19653813561015,0.167200000000025,"Lump-sum financing","step",0,0
58,2.58536554145887,0.785027241040576,0.188752331668981,0.0830871507825181,1.12890150519709,0.796501505197032,0.332400000000058,0.445999999999904,0.554000000000096,0.155694210243899,0.0416666666666803,1.19653813561015,0.167200000000025,"Lump-sum financing","step",0,0
59,2.58536554145887,0.785027241040576,0.188752331668981,0.0830871507825181,1.12890150519709,0.796501505197032,0.332400000000058,0.445999999999904,0.554000000000096,0.155694210243899,0.0416666666666803,1.19653813561015,0.167200000000025,"Lump-sum financing","step",0,0
60,2.58536554145887,0.785027241040576,0.188752331668981,0.0830871507825181,1.12890150519709,0.796501505197032,0.332400000000058,0.445999999999904,0.554000000000096,0.155694210243899,0.0416666666666803,1.19653813561015,0.167200000000025,"Lump-sum financing","step",0,0
61,2.58536554145887,0.785027241040576,0.188752331668981,0.0830871507825181,1.12890150519709,0.796501505197032,0.332400000000058,0.445999999999904,0.554000000000096,0.155694210243899,0.0416666666666803,1.19653813561015,0.167200000000025,"Lump-sum financing","step",0,0
62,2.58536554145887,0.785027241040576,0.188752331668981,0.0830871507825181,1.12890150519709,0.796501505197032,0.332400000000058,0.445999999999904,0.554000000000096,0.155694210243899,0.0416666666666803,1.19653813561015,0.167200000000025,"Lump-sum financing","step",0,0
63,2.58536554145887,0.785027241040576,0.188752331668981,0.0830871507825181,1.12890150519709,0.796501505197032,0.332400000000058,0.445999999999904,0.554000000000096,0.155694210243899,0.0416666666666803,1.19653813561015,0.167200000000025,"Lump-sum financing","step",0,0
64,2.58536554145887,0.785027241040576,0.188752331668981,0.0830871507825181,1.12890150519709,0.796501505197032,0.332400000000058,0.445999999999904,0.554000000000096,0.155694210243899,0.0416666666666803,1.19653813561015,0.167200000000025,"Lump-sum financing","step",0,0
65,2.58536554145887,0.785027241040576,0.188752331668981,0.0830871507825181,1.12890150519709,0.796501505197032,0.332400000000058,0.445999999999904,0.554000000000096,0.155694210243899,0.0416666666666803,1.19653813561015,0.167200000000025,"Lump-sum financing","step",0,0
66,2.58536554145887,0.785027241040576,0.188752331668981,0.0830871507825181,1.12890150519709,0.796501505197032,0.332400000000058,0.445999999999904,0.554000000000096,0.155694210243899,0.0416666666666803,1.19653813561015,0.167200000000025,"Lump-sum financing","step",0,0
67,2.58536554145887,0.785027241040576,0.188752331668981,0.0830871507825181,1.12890150519709,0.796501505197032,0.332400000000058,0.445999999999904,0.554000000000096,0.155694210243899,0.0416666666666803,1.19653813561015,0.167200000000025,"Lump-sum financing","step",0,0
68,2.58536554145887,0.785027241040576,0.188752331668981,0.0830871507825181,1.12890150519709,0.796501505197032,0.332400000000058,0.445999999999904,0.554000000000096,0.155694210243899,0.0416666666666803,1.19653813561015,0.167200000000025,"Lump-sum financing","step",0,0
69,2.58536554145887,0.785027241040576,0.188752331668981,0.0830871507825181,1.12890150519709,0.796501505197032,0.332400000000058,0.445999999999904,0.554000000000096,0.155694210243899,0.0416666666666803,1.19653813561015,0.167200000000025,"Lump-sum financing","step",0,0
70,2.58536554145887,0.785027241040576,0.188752331668981,0.0830871507825181,1.12890150519709,0.796501505197032,0.332400000000058,0.445999999999904,0.554000000000096,0.155694210243899,0.0416666666666803,1.19653813561015,0.167200000000025,"Lump-sum financing","step",0,0
71,2.58536554145887,0.785027241040576,0.188752331668981,0.0830871507825181,1.12890150519709,0.796501505197032,0.332400000000058,0.445999999999904,0.554000000000096,0.155694210243899,0.0416666666666803,1.19653813561015,0.167200000000025,"Lump-sum financing","step",0,0
72,2.58536554145887,0.785027241040576,0.188752331668981,0.0830871507825181,1.12890150519709,0.796501505197032,0.332400000000058,0.445999999999904,0.554000000000096,0.155694210243899,0.0416666666666803,1.19653813561015,0.167200000000025,"Lump-sum financing","step",0,0
73,2.58536554145887,0.785027241040576,0.188752331668981,0.0830871507825181,1.12890150519709,0.796501505197032,0.332400000000058,0.445999999999904,0.554000000000096,0.155694210243899,0.0416666666666803,1.19653813561015,0.167200000000025,"Lump-sum financing","step",0,0
74,2.58536554145887,0.785027241040576,0.188752331668981,0.0830871507825181,1.12890150519709,0.796501505197032,0.332400000000058,0.445999999999904,0.554000000000096,0.155694210243899,0.0416666666666803,1.19653813561015,0.167200000000025,"Lump-sum financing","step",0,0
75,2.58536554145887,0.785027241040576,0.188752331668981,0.0830871507825181,1.12890150519709,0.796501505197032,0.332400000000058,0.445999999999904,0.554000000000096,0.155694210243899,0.0416666666666803,1.19653813561015,0.167200000000025,"Lump-sum financing","step",0,0
76,2.58536554145887,0.785027241040576,0.188752331668981,0.0830871507825181,1.12890150519709,0.796501505197032,0.332400000000058,0.445999999999904,0.554000000000096,0.155694210243899,0.0416666666666803,1.19653813561015,0.167200000000025,"Lump-sum financing","step",0,0
77,2.58536554145887,0.785027241040576,0.188752331668981,0.0830871507825181,1.12890150519709,0.796501505197032,0.332400000000058,0.445999999999904,0.554000000000096,0.155694210243899,0.0416666666666803,1.19653813561015,0.167200000000025,"Lump-sum financing","step",0,0
78,2.58536554145887,0.785027241040576,0.188752331668981,0.0830871507825181,1.12890150519709,0.796501505197032,0.332400000000058,0.445999999999904,0.554000000000096,0.155694210243899,0.0416666666666803,1.19653813561015,0.167200000000025,"Lump-sum financing","step",0,0
79,2.58536554145887,0.785027241040576,0.188752331668981,0.0830871507825181,1.12890150519709,0.796501505197032,0.332400000000058,0.445999999999904,0.554000000000096,0.155694210243899,0.0416666666666803,1.19653813561015,0.167200000000025,"Lump-sum financing","step",0,0
80,2.58536554145887,0.785027241040576,0.188752331668981,0.0830871507825181,1.12890150519709,0.796501505197032,0.332400000000058,0.445999999999904,0.554000000000096,0.155694210243899,0.0416666666666803,1.19653813561015,0.167200000000025,"Lump-sum financing","step",0,0
81,2.58536554145887,0.785027241040576,0.188752331668981,0.0830871507825181,1.12890150519709,0.796501505197032,0.332400000000058,0.445999999999904,0.554000000000096,0.155694210243899,0.0416666666666803,1.19653813561015,0.167200000000025,"Lump-sum financing","step",0,0
82,2.58536554145887,0.785027241040576,0.188752331668981,0.0830871507825181,1.12890150519709,0.796501505197032,0.332400000000058,0.445999999999904,0.554000000000096,0.155694210243899,0.0416666666666803,1.19653813561015,0.167200000000025,"Lump-sum financing","step",0,0
83,2.58536554145887,0.785027241040576,0.188752331668981,0.0830871507825181,1.12890150519709,0.796501505197032,0.332400000000058,0.445999999999904,0.554000000000096,0.155694210243899,0.0416666666666803,1.19653813561015,0.167200000000025,"Lump-sum financing","step",0,0
84,2.58536554145887,0.785027241040576,0.188752331668981,0.0830871507825181,1.12890150519709,0.796501505197032,0.332400000000058,0.445999999999904,0.554000000000096,0.155694210243899,0.0416666666666803,1.19653813561015,0.167200000000025,"Lump-sum financing","step",0,0
85,2.58536554145887,0.785027241040576,0.188752331668981,0.0830871507825181,1.12890150519709,0.796501505197032,0.332400000000058,0.445999999999904,0.554000000000096,0.155694210243899,0.0416666666666803,1.19653813561015,0.167200000000025,"Lump-sum financing","step",0,0
86,2.58536554145887,0.785027241040576,0.188752331668981,0.0830871507825181,1.12890150519709,0.796501505197032,0.332400000000058,0.445999999999904,0.554000000000096,0.155694210243899,0.0416666666666803,1.19653813561015,0.167200000000025,"Lump-sum financing","step",0,0
87,2.58536554145887,0.785027241040576,0.188752331668981,0.0830871507825181,1.12890150519709,0.796501505197032,0.332400000000058,0.445999999999904,0.554000000000096,0.155694210243899,0.0416666666666803,1.19653813561015,0.167200000000025,"Lump-sum financing","step",0,0
88,2.58536554145887,0.785027241040576,0.188752331668981,0.0830871507825181,1.12890150519709,0.796501505197032,0.332400000000058,0.445999999999904,0.554000000000096,0.155694210243899,0.0416666666666803,1.19653813561015,0.167200000000025,"Lump-sum financing","step",0,0
89,2.58536554145887,0.785027241040576,0.188752331668981,0.0830871507825181,1.12890150519709,0.796501505197032,0.332400000000058,0.445999999999904,0.554000000000096,0.155694210243899,0.0416666666666803,1.19653813561015,0.167200000000025,"Lump-sum financing","step",0,0
90,2.58536554145887,0.785027241040576,0.188752331668981,0.0830871507825181,1.12890150519709,0.796501505197032,0.332400000000058,0.445999999999904,0.554000000000096,0.155694210243899,0.0416666666666803,1.19653813561015,0.167200000000025,"Lump-sum financing","step",0,0
91,2.58536554145887,0.785027241040576,0.188752331668981,0.0830871507825181,1.12890150519709,0.796501505197032,0.332400000000058,0.445999999999904,0.554000000000096,0.155694210243899,0.0416666666666803,1.19653813561015,0.167200000000025,"Lump-sum financing","step",0,0
92,2.58536554145887,0.785027241040576,0.188752331668981,0.0830871507825181,1.12890150519709,0.796501505197032,0.332400000000058,0.445999999999904,0.554000000000096,0.155694210243899,0.0416666666666803,1.19653813561015,0.167200000000025,"Lump-sum financing","step",0,0
93,2.58536554145887,0.785027241040576,0.188752331668981,0.0830871507825181,1.12890150519709,0.796501505197032,0.332400000000058,0.445999999999904,0.554000000000096,0.155694210243899,0.0416666666666803,1.19653813561015,0.167200000000025,"Lump-sum financing","step",0,0
94,2.58536554145887,0.785027241040576,0.188752331668981,0.0830871507825181,1.12890150519709,0.796501505197032,0.332400000000058,0.445999999999904,0.554000000000096,0.155694210243899,0.0416666666666803,1.19653813561015,0.167200000000025,"Lump-sum financing","step",0,0
95,2.58536554145887,0.785027241040576,0.188752331668981,0.0830871507825181,1.12890150519709,0.796501505197032,0.332400000000058,0.445999999999904,0.554000000000096,0.155694210243899,0.0416666666666803,1.19653813561015,0.167200000000025,"Lump-sum financing","step",0,0
96,2.58536554145887,0.785027241040576,0.188752331668981,0.0830871507825181,1.12890150519709,0.796501505197032,0.332400000000058,0.445999999999904,0.554000000000096,0.155694210243899,0.0416666666666803,1.19653813561015,0.167200000000025,"Lump-sum financing","step",0,0
97,2.58536554145887,0.785027241040576,0.188752331668981,0.0830871507825181,1.12890150519709,0.796501505197032,0.332400000000058,0.445999999999904,0.554000000000096,0.155694210243899,0.0416666666666803,1.19653813561015,0.167200000000025,"Lump-sum financing","step",0,0
98,2.58536554145887,0.785027241040576,0.188752331668981,0.0830871507825181,1.12890150519709,0.796501505197032,0.332400000000058,0.445999999999904,0.554000000000096,0.155694210243899,0.0416666666666803,1.19653813561015,0.167200000000025,"Lump-sum financing","step",0,0
99,2.58536554145887,0.785027241040576,0.188752331668981,0.0830871507825181,1.12890150519709,0.796501505197032,0.332400000000058,0.445999999999904,0.554000000000096,0.155694210243899,0.0416666666666803,1.19653813561015,0.167200000000025,"Lump-sum financing","step",0,0
100,2.58536554145887,0.785027241040576,0.188752331668981,0.0830871507825181,1.12890150519709,0.796501505197032,0.332400000000058,0.445999999999904,0.554000000000096,0.155694210243899,0.0416666666666803,1.19653813561015,0.167200000000025,"Lump-sum financing","step",0,0
101,2.58536554145887,0.785027241040576,0.188752331668981,0.0830871507825181,1.12890150519709,0.796501505197032,0.332400000000058,0.445999999999904,0.554000000000096,0.155694210243899,0.0416666666666803,1.19653813561015,0.167200000000025,"Lump-sum financing","step",0,0
102,2.58536554145887,0.785027241040576,0.188752331668981,0.0830871507825181,1.12890150519709,0.796501505197032,0.332400000000058,0.445999999999904,0.554000000000096,0.155694210243899,0.0416666666666803,1.19653813561015,0.167200000000025,"Lump-sum financing","step",0,0
103,2.58536554145887,0.785027241040576,0.188752331668981,0.0830871507825181,1.12890150519709,0.796501505197032,0.332400000000058,0.445999999999904,0.554000000000096,0.155694210243899,0.0416666666666803,1.19653813561015,0.167200000000025,"Lump-sum financing","step",0,0
104,2.58536554145887,0.785027241040576,0.188752331668981,0.0830871507825181,1.12890150519709,0.796501505197032,0.332400000000058,0.445999999999904,0.554000000000096,0.155694210243899,0.0416666666666803,1.19653813561015,0.167200000000025,"Lump-sum financing","step",0,0
105,2.58536554145887,0.785027241040576,0.188752331668981,0.0830871507825181,1.12890150519709,0.796501505197032,0.332400000000058,0.445999999999904,0.554000000000096,0.155694210243899,0.0416666666666803,1.19653813561015,0.167200000000025,"Lump-sum financing","step",0,0
106,2.58536554145887,0.785027241040576,0.188752331668981,0.0830871507825181,1.12890150519709,0.796501505197032,0.332400000000058,0.445999999999904,0.554000000000096,0.155694210243899,0.0416666666666803,1.19653813561015,0.167200000000025,"Lump-sum financing","step",0,0
107,2.58536554145887,0.785027241040576,0.188752331668981,0.0830871507825181,1.12890150519709,0.796501505197032,0.332400000000058,0.445999999999904,0.554000000000096,0.155694210243899,0.0416666666666803,1.19653813561015,0.167200000000025,"Lump-sum financing","step",0,0
108,2.58536554145887,0.785027241040576,0.188752331668981,0.0830871507825181,1.12890150519709,0.796501505197032,0.332400000000058,0.445999999999904,0.554000000000096,0.155694210243899,0.0416666666666803,1.19653813561015,0.167200000000025,"Lump-sum financing","step",0,0
109,2.58536554145887,0.785027241040576,0.188752331668981,0.0830871507825181,1.12890150519709,0.796501505197032,0.332400000000058,0.445999999999904,0.554000000000096,0.155694210243899,0.0416666666666803,1.19653813561015,0.167200000000025,"Lump-sum financing","step",0,0
110,2.58536554145887,0.785027241040576,0.188752331668981,0.0830871507825181,1.12890150519709,0.796501505197032,0.332400000000058,0.445999999999904,0.554000000000096,0.155694210243899,0.0416666666666803,1.19653813561015,0.167200000000025,"Lump-sum financing","step",0,0
111,2.58536554145887,0.785027241040576,0.188752331668981,0.0830871507825181,1.12890150519709,0.796501505197032,0.332400000000058,0.445999999999904,0.554000000000096,0.155694210243899,0.0416666666666803,1.19653813561015,0.167200000000025,"Lump-sum financing","step",0,0
112,2.58536554145887,0.785027241040576,0.188752331668981,0.0830871507825181,1.12890150519709,0.796501505197032,0.332400000000058,0.445999999999904,0.554000000000096,0.155694210243899,0.0416666666666803,1.19653813561015,0.167200000000025,"Lump-sum financing","step",0,0
113,2.58536554145887,0.785027241040576,0.188752331668981,0.0830871507825181,1.12890150519709,0.796501505197032,0.332400000000058,0.445999999999904,0.554000000000096,0.155694210243899,0.0416666666666803,1.19653813561015,0.167200000000025,"Lump-sum financing","step",0,0
114,2.58536554145887,0.785027241040576,0.188752331668981,0.0830871507825181,1.12890150519709,0.796501505197032,0.332400000000058,0.445999999999904,0.554000000000096,0.155694210243899,0.0416666666666803,1.19653813561015,0.167200000000025,"Lump-sum financing","step",0,0
115,2.58536554145887,0.785027241040576,0.188752331668981,0.0830871507825181,1.12890150519709,0.796501505197032,0.332400000000058,0.445999999999904,0.554000000000096,0.155694210243899,0.0416666666666803,1.19653813561015,0.167200000000025,"Lump-sum financing","step",0,0
116,2.58536554145887,0.785027241040576,0.188752331668981,0.0830871507825181,1.12890150519709,0.796501505197032,0.332400000000058,0.445999999999904,0.554000000000096,0.155694210243899,0.0416666666666803,1.19653813561015,0.167200000000025,"Lump-sum financing","step",0,0
117,2.58536554145887,0.785027241040576,0.188752331668981,0.0830871507825181,1.12890150519709,0.796501505197032,0.332400000000058,0.445999999999904,0.554000000000096,0.155694210243899,0.0416666666666803,1.19653813561015,0.167200000000025,"Lump-sum financing","step",0,0
118,2.58536554145887,0.785027241040576,0.188752331668981,0.0830871507825181,1.12890150519709,0.796501505197032,0.332400000000058,0.445999999999904,0.554000000000096,0.155694210243899,0.0416666666666803,1.19653813561015,0.167200000000025,"Lump-sum financing","step",0,0
119,2.58536554145887,0.785027241040576,0.188752331668981,0.0830871507825181,1.12890150519709,0.796501505197032,0.332400000000058,0.445999999999904,0.554000000000096,0.155694210243899,0.0416666666666803,1.19653813561015,0.167200000000025,"Lump-sum financing","step",0,0
120,2.58536554145887,0.785027241040576,0.188752331668981,0.0830871507825181,1.12890150519709,0.796501505197032,0.332400000000058,0.445999999999904,0.554000000000096,0.155694210243899,0.0416666666666803,1.19653813561015,0.167200000000025,"Lump-sum financing","step",0,0
121,2.58536554145887,0.785027241040576,0.188752331668981,0.0830871507825181,1.12890150519709,0.796501505197032,0.332400000000058,0.445999999999904,0.554000000000096,0.155694210243899,0.0416666666666803,1.19653813561015,0.167200000000025,"Lump-sum financing","step",0,0
122,2.58536554145887,0.785027241040576,0.188752331668981,0.0830871507825181,1.12890150519709,0.796501505197032,0.332400000000058,0.445999999999904,0.554000000000096,0.155694210243899,0.0416666666666803,1.19653813561015,0.167200000000025,"Lump-sum financing","step",0,0
123,2.58536554145887,0.785027241040576,0.188752331668981,0.0830871507825181,1.12890150519709,0.796501505197032,0.332400000000058,0.445999999999904,0.554000000000096,0.155694210243899,0.0416666666666803,1.19653813561015,0.167200000000025,"Lump-sum financing","step",0,0
124,2.58536554145887,0.785027241040576,0.188752331668981,0.0830871507825181,1.12890150519709,0.796501505197032,0.332400000000058,0.445999999999904,0.554000000000096,0.155694210243899,0.0416666666666803,1.19653813561015,0.167200000000025,"Lump-sum financing","step",0,0
125,2.58536554145887,0.785027241040576,0.188752331668981,0.0830871507825181,1.12890150519709,0.796501505197032,0.332400000000058,0.445999999999904,0.554000000000096,0.155694210243899,0.0416666666666803,1.19653813561015,0.167200000000025,"Lump-sum financing","step",0,0
126,2.58536554145887,0.785027241040576,0.188752331668981,0.0830871507825181,1.12890150519709,0.796501505197032,0.332400000000058,0.445999999999904,0.554000000000096,0.155694210243899,0.0416666666666803,1.19653813561015,0.167200000000025,"Lump-sum financing","step",0,0
127,2.58536554145887,0.785027241040576,0.188752331668981,0.0830871507825181,1.12890150519709,0.796501505197032,0.332400000000058,0.445999999999904,0.554000000000096,0.155694210243899,0.0416666666666803,1.19653813561015,0.167200000000025,"Lump-sum financing","step",0,0
128,2.58536554145887,0.785027241040576,0.188752331668981,0.0830871507825181,1.12890150519709,0.796501505197032,0.332400000000058,0.445999999999904,0.554000000000096,0.155694210243899,0.0416666666666803,1.19653813561015,0.167200000000025,"Lump-sum financing","step",0,0
129,2.58536554145887,0.785027241040576,0.188752331668981,0.0830871507825181,1.12890150519709,0.796501505197032,0.332400000000058,0.445999999999904,0.554000000000096,0.155694210243899,0.0416666666666803,1.19653813561015,0.167200000000025,"Lump-sum financing","step",0,0
130,2.58536554145887,0.785027241040576,0.188752331668981,0.0830871507825181,1.12890150519709,0.796501505197032,0.332400000000058,0.445999999999904,0.554000000000096,0.155694210243899,0.0416666666666803,1.19653813561015,0.167200000000025,"Lump-sum financing","step",0,0
131,2.58536554145887,0.785027241040576,0.188752331668981,0.0830871507825181,1.12890150519709,0.796501505197032,0.332400000000058,0.445999999999904,0.554000000000096,0.155694210243899,0.0416666666666803,1.19653813561015,0.167200000000025,"Lump-sum financing","step",0,0
132,2.58536554145887,0.785027241040576,0.188752331668981,0.0830871507825181,1.12890150519709,0.796501505197032,0.332400000000058,0.445999999999904,0.554000000000096,0.155694210243899,0.0416666666666803,1.19653813561015,0.167200000000025,"Lump-sum financing","step",0,0
133,2.58536554145887,0.785027241040576,0.188752331668981,0.0830871507825181,1.12890150519709,0.796501505197032,0.332400000000058,0.445999999999904,0.554000000000096,0.155694210243899,0.0416666666666803,1.19653813561015,0.167200000000025,"Lump-sum financing","step",0,0
134,2.58536554145887,0.785027241040576,0.188752331668981,0.0830871507825181,1.12890150519709,0.796501505197032,0.332400000000058,0.445999999999904,0.554000000000096,0.155694210243899,0.0416666666666803,1.19653813561015,0.167200000000025,"Lump-sum financing","step",0,0
135,2.58536554145887,0.785027241040576,0.188752331668981,0.0830871507825181,1.12890150519709,0.796501505197032,0.332400000000058,0.445999999999904,0.554000000000096,0.155694210243899,0.0416666666666803,1.19653813561015,0.167200000000025,"Lump-sum financing","step",0,0
136,2.58536554145887,0.785027241040576,0.188752331668981,0.0830871507825181,1.12890150519709,0.796501505197032,0.332400000000058,0.445999999999904,0.554000000000096,0.155694210243899,0.0416666666666803,1.19653813561015,0.167200000000025,"Lump-sum financing","step",0,0
137,2.58536554145887,0.785027241040576,0.188752331668981,0.0830871507825181,1.12890150519709,0.796501505197032,0.332400000000058,0.445999999999904,0.554000000000096,0.155694210243899,0.0416666666666803,1.19653813561015,0.167200000000025,"Lump-sum financing","step",0,0
138,2.58536554145887,0.785027241040576,0.188752331668981,0.0830871507825181,1.12890150519709,0.796501505197032,0.332400000000058,0.445999999999904,0.554000000000096,0.155694210243899,0.0416666666666803,1.19653813561015,0.167200000000025,"Lump-sum financing","step",0,0
139,2.58536554145887,0.785027241040576,0.188752331668981,0.0830871507825181,1.12890150519709,0.796501505197032,0.332400000000058,0.445999999999904,0.554000000000096,0.155694210243899,0.0416666666666803,1.19653813561015,0.167200000000025,"Lump-sum financing","step",0,0
140,2.58536554145887,0.785027241040576,0.188752331668981,0.0830871507825181,1.12890150519709,0.796501505197032,0.332400000000058,0.445999999999904,0.554000000000096,0.155694210243899,0.0416666666666803,1.19653813561015,0.167200000000025,"Lump-sum financing","step",0,0
141,2.58536554145887,0.785027241040576,0.188752331668981,0.0830871507825181,1.12890150519709,0.796501505197032,0.332400000000058,0.445999999999904,0.554000000000096,0.155694210243899,0.0416666666666803,1.19653813561015,0.167200000000025,"Lump-sum financing","step",0,0
142,2.58536554145887,0.785027241040576,0.188752331668981,0.0830871507825181,1.12890150519709,0.796501505197032,0.332400000000058,0.445999999999904,0.554000000000096,0.155694210243899,0.0416666666666803,1.19653813561015,0.167200000000025,"Lump-sum financing","step",0,0
143,2.58536554145887,0.785027241040576,0.188752331668981,0.0830871507825181,1.12890150519709,0.796501505197032,0.332400000000058,0.445999999999904,0.554000000000096,0.155694210243899,0.0416666666666803,1.19653813561015,0.167200000000025,"Lump-sum financing","step",0,0
144,2.58536554145887,0.785027241040576,0.188752331668981,0.0830871507825181,1.12890150519709,0.796501505197032,0.332400000000058,0.445999999999904,0.554000000000096,0.155694210243899,0.0416666666666803,1.19653813561015,0.167200000000025,"Lump-sum financing","step",0,0
145,2.58536554145887,0.785027241040576,0.188752331668981,0.0830871507825181,1.12890150519709,0.796501505197032,0.332400000000058,0.445999999999904,0.554000000000096,0.155694210243899,0.0416666666666803,1.19653813561015,0.167200000000025,"Lump-sum financing","step",0,0
146,2.58536554145887,0.785027241040576,0.188752331668981,0.0830871507825181,1.12890150519709,0.796501505197032,0.332400000000058,0.445999999999904,0.554000000000096,0.155694210243899,0.0416666666666803,1.19653813561015,0.167200000000025,"Lump-sum financing","step",0,0
147,2.58536554145887,0.785027241040576,0.188752331668981,0.0830871507825181,1.12890150519709,0.796501505197032,0.332400000000058,0.445999999999904,0.554000000000096,0.155694210243899,0.0416666666666803,1.19653813561015,0.167200000000025,"Lump-sum financing","step",0,0
148,2.58536554145887,0.785027241040576,0.188752331668981,0.0830871507825181,1.12890150519709,0.796501505197032,0.332400000000058,0.445999999999904,0.554000000000096,0.155694210243899,0.0416666666666803,1.19653813561015,0.167200000000025,"Lump-sum financing","step",0,0
149,2.58536554145887,0.785027241040576,0.188752331668981,0.0830871507825181,1.12890150519709,0.796501505197032,0.332400000000058,0.445999999999904,0.554000000000096,0.155694210243899,0.0416666666666803,1.19653813561015,0.167200000000025,"Lump-sum financing","step",0,0
150,2.58536554145887,0.785027241040576,0.188752331668981,0.0830871507825181,1.12890150519709,0.796501505197032,0.332400000000058,0.445999999999904,0.554000000000096,0.155694210243899,0.0416666666666803,1.19653813561015,0.167200000000025,"Lump-sum financing","step",0,0
151,2.58536554145887,0.785027241040576,0.188752331668981,0.0830871507825181,1.12890150519709,0.796501505197032,0.332400000000058,0.445999999999904,0.554000000000096,0.155694210243899,0.0416666666666803,1.19653813561015,0.167200000000025,"Lump-sum financing","step",0,0
152,2.58536554145887,0.785027241040576,0.188752331668981,0.0830871507825181,1.12890150519709,0.796501505197032,0.332400000000058,0.445999999999904,0.554000000000096,0.155694210243899,0.0416666666666803,1.19653813561015,0.167200000000025,"Lump-sum financing","step",0,0
153,2.58536554145887,0.785027241040576,0.188752331668981,0.0830871507825181,1.12890150519709,0.796501505197032,0.332400000000058,0.445999999999904,0.554000000000096,0.155694210243899,0.0416666666666803,1.19653813561015,0.167200000000025,"Lump-sum financing","step",0,0
154,2.58536554145887,0.785027241040576,0.188752331668981,0.0830871507825181,1.12890150519709,0.796501505197032,0.332400000000058,0.445999999999904,0.554000000000096,0.155694210243899,0.0416666666666803,1.19653813561015,0.167200000000025,"Lump-sum financing","step",0,0
155,2.58536554145887,0.785027241040576,0.188752331668981,0.0830871507825181,1.12890150519709,0.796501505197032,0.332400000000058,0.445999999999904,0.554000000000096,0.155694210243899,0.0416666666666803,1.19653813561015,0.167200000000025,"Lump-sum financing","step",0,0
156,2.58536554145887,0.785027241040576,0.188752331668981,0.0830871507825181,1.12890150519709,0.796501505197032,0.332400000000058,0.445999999999904,0.554000000000096,0.155694210243899,0.0416666666666803,1.19653813561015,0.167200000000025,"Lump-sum financing","step",0,0
157,2.58536554145887,0.785027241040576,0.188752331668981,0.0830871507825181,1.12890150519709,0.796501505197032,0.332400000000058,0.445999999999904,0.554000000000096,0.155694210243899,0.0416666666666803,1.19653813561015,0.167200000000025,"Lump-sum financing","step",0,0
158,2.58536554145887,0.785027241040576,0.188752331668981,0.0830871507825181,1.12890150519709,0.796501505197032,0.332400000000058,0.445999999999904,0.554000000000096,0.155694210243899,0.0416666666666803,1.19653813561015,0.167200000000025,"Lump-sum financing","step",0,0
159,2.58536554145887,0.785027241040576,0.188752331668981,0.0830871507825181,1.12890150519709,0.796501505197032,0.332400000000058,0.445999999999904,0.554000000000096,0.155694210243899,0.0416666666666803,1.19653813561015,0.167200000000025,"Lump-sum financing","step",0,0
160,2.58536554145887,0.785027241040576,0.188752331668981,0.0830871507825181,1.12890150519709,0.796501505197032,0.332400000000058,0.445999999999904,0.554000000000096,0.155694210243899,0.0416666666666803,1.19653813561015,0.167200000000025,"Lump-sum financing","step",0,0
161,2.58536554145887,0.785027241040576,0.188752331668981,0.0830871507825181,1.12890150519709,0.796501505197032,0.332400000000058,0.445999999999904,0.554000000000096,0.155694210243899,0.0416666666666803,1.19653813561015,0.167200000000025,"Lump-sum financing","step",0,0
162,2.58536554145887,0.785027241040576,0.188752331668981,0.0830871507825181,1.12890150519709,0.796501505197032,0.332400000000058,0.445999999999904,0.554000000000096,0.155694210243899,0.0416666666666803,1.19653813561015,0.167200000000025,"Lump-sum financing","step",0,0
163,2.58536554145887,0.785027241040576,0.188752331668981,0.0830871507825181,1.12890150519709,0.796501505197032,0.332400000000058,0.445999999999904,0.554000000000096,0.155694210243899,0.0416666666666803,1.19653813561015,0.167200000000025,"Lump-sum financing","step",0,0
164,2.58536554145887,0.785027241040576,0.188752331668981,0.0830871507825181,1.12890150519709,0.796501505197032,0.332400000000058,0.445999999999904,0.554000000000096,0.155694210243899,0.0416666666666803,1.19653813561015,0.167200000000025,"Lump-sum financing","step",0,0
165,2.58536554145887,0.785027241040576,0.188752331668981,0.0830871507825181,1.12890150519709,0.796501505197032,0.332400000000058,0.445999999999904,0.554000000000096,0.155694210243899,0.0416666666666803,1.19653813561015,0.167200000000025,"Lump-sum financing","step",0,0
166,2.58536554145887,0.785027241040576,0.188752331668981,0.0830871507825181,1.12890150519709,0.796501505197032,0.332400000000058,0.445999999999904,0.554000000000096,0.155694210243899,0.0416666666666803,1.19653813561015,0.167200000000025,"Lump-sum financing","step",0,0
167,2.58536554145887,0.785027241040576,0.188752331668981,0.0830871507825181,1.12890150519709,0.796501505197032,0.332400000000058,0.445999999999904,0.554000000000096,0.155694210243899,0.0416666666666803,1.19653813561015,0.167200000000025,"Lump-sum financing","step",0,0
168,2.58536554145887,0.785027241040576,0.188752331668981,0.0830871507825181,1.12890150519709,0.796501505197032,0.332400000000058,0.445999999999904,0.554000000000096,0.155694210243899,0.0416666666666803,1.19653813561015,0.167200000000025,"Lump-sum financing","step",0,0
169,2.58536554145887,0.785027241040576,0.188752331668981,0.0830871507825181,1.12890150519709,0.796501505197032,0.332400000000058,0.445999999999904,0.554000000000096,0.155694210243899,0.0416666666666803,1.19653813561015,0.167200000000025,"Lump-sum financing","step",0,0
170,2.58536554145887,0.785027241040576,0.188752331668981,0.0830871507825181,1.12890150519709,0.796501505197032,0.332400000000058,0.445999999999904,0.554000000000096,0.155694210243899,0.0416666666666803,1.19653813561015,0.167200000000025,"Lump-sum financing","step",0,0
171,2.58536554145887,0.785027241040576,0.188752331668981,0.0830871507825181,1.12890150519709,0.796501505197032,0.332400000000058,0.445999999999904,0.554000000000096,0.155694210243899,0.0416666666666803,1.19653813561015,0.167200000000025,"Lump-sum financing","step",0,0
172,2.58536554145887,0.785027241040576,0.188752331668981,0.0830871507825181,1.12890150519709,0.796501505197032,0.332400000000058,0.445999999999904,0.554000000000096,0.155694210243899,0.0416666666666803,1.19653813561015,0.167200000000025,"Lump-sum financing","step",0,0
173,2.58536554145887,0.785027241040576,0.188752331668981,0.0830871507825181,1.12890150519709,0.796501505197032,0.332400000000058,0.445999999999904,0.554000000000096,0.155694210243899,0.0416666666666803,1.19653813561015,0.167200000000025,"Lump-sum financing","step",0,0
174,2.58536554145887,0.785027241040576,0.188752331668981,0.0830871507825181,1.12890150519709,0.796501505197032,0.332400000000058,0.445999999999904,0.554000000000096,0.155694210243899,0.0416666666666803,1.19653813561015,0.167200000000025,"Lump-sum financing","step",0,0
175,2.58536554145887,0.785027241040576,0.188752331668981,0.0830871507825181,1.12890150519709,0.796501505197032,0.332400000000058,0.445999999999904,0.554000000000096,0.155694210243899,0.0416666666666803,1.19653813561015,0.167200000000025,"Lump-sum financing","step",0,0
176,2.58536554145887,0.785027241040576,0.188752331668981,0.0830871507825181,1.12890150519709,0.796501505197032,0.332400000000058,0.445999999999904,0.554000000000096,0.155694210243899,0.0416666666666803,1.19653813561015,0.167200000000025,"Lump-sum financing","step",0,0
177,2.58536554145887,0.785027241040576,0.188752331668981,0.0830871507825181,1.12890150519709,0.796501505197032,0.332400000000058,0.445999999999904,0.554000000000096,0.155694210243899,0.0416666666666803,1.19653813561015,0.167200000000025,"Lump-sum financing","step",0,0
178,2.58536554145887,0.785027241040576,0.188752331668981,0.0830871507825181,1.12890150519709,0.796501505197032,0.332400000000058,0.445999999999904,0.554000000000096,0.155694210243899,0.0416666666666803,1.19653813561015,0.167200000000025,"Lump-sum financing","step",0,0
179,2.58536554145887,0.785027241040576,0.188752331668981,0.0830871507825181,1.12890150519709,0.796501505197032,0.332400000000058,0.445999999999904,0.554000000000096,0.155694210243899,0.0416666666666803,1.19653813561015,0.167200000000025,"Lump-sum financing","step",0,0
180,2.58536554145887,0.785027241040576,0.188752331668981,0.0830871507825181,1.12890150519709,0.796501505197032,0.332400000000058,0.445999999999904,0.554000000000096,0.155694210243899,0.0416666666666803,1.19653813561015,0.167200000000025,"Lump-sum financing","step",0,0
181,2.58536554145887,0.785027241040576,0.188752331668981,0.0830871507825181,1.12890150519709,0.796501505197032,0.332400000000058,0.445999999999904,0.554000000000096,0.155694210243899,0.0416666666666803,1.19653813561015,0.167200000000025,"Lump-sum financing","step",0,0
182,2.58536554145887,0.785027241040576,0.188752331668981,0.0830871507825181,1.12890150519709,0.796501505197032,0.332400000000058,0.445999999999904,0.554000000000096,0.155694210243899,0.0416666666666803,1.19653813561015,0.167200000000025,"Lump-sum financing","step",0,0
183,2.58536554145887,0.785027241040576,0.188752331668981,0.0830871507825181,1.12890150519709,0.796501505197032,0.332400000000058,0.445999999999904,0.554000000000096,0.155694210243899,0.0416666666666803,1.19653813561015,0.167200000000025,"Lump-sum financing","step",0,0
184,2.58536554145887,0.785027241040576,0.188752331668981,0.0830871507825181,1.12890150519709,0.796501505197032,0.332400000000058,0.445999999999904,0.554000000000096,0.155694210243899,0.0416666666666803,1.19653813561015,0.167200000000025,"Lump-sum financing","step",0,0
185,2.58536554145887,0.785027241040576,0.188752331668981,0.0830871507825181,1.12890150519709,0.796501505197032,0.332400000000058,0.445999999999904,0.554000000000096,0.155694210243899,0.0416666666666803,1.19653813561015,0.167200000000025,"Lump-sum financing","step",0,0
186,2.58536554145887,0.785027241040576,0.188752331668981,0.0830871507825181,1.12890150519709,0.796501505197032,0.332400000000058,0.445999999999904,0.554000000000096,0.155694210243899,0.0416666666666803,1.19653813561015,0.167200000000025,"Lump-sum financing","step",0,0
187,2.58536554145887,0.785027241040576,0.188752331668981,0.0830871507825181,1.12890150519709,0.796501505197032,0.332400000000058,0.445999999999904,0.554000000000096,0.155694210243899,0.0416666666666803,1.19653813561015,0.167200000000025,"Lump-sum financing","step",0,0
188,2.58536554145887,0.785027241040576,0.188752331668981,0.0830871507825181,1.12890150519709,0.796501505197032,0.332400000000058,0.445999999999904,0.554000000000096,0.155694210243899,0.0416666666666803,1.19653813561015,0.167200000000025,"Lump-sum financing","step",0,0
189,2.58536554145887,0.785027241040576,0.188752331668981,0.0830871507825181,1.12890150519709,0.796501505197032,0.332400000000058,0.445999999999904,0.554000000000096,0.155694210243899,0.0416666666666803,1.19653813561015,0.167200000000025,"Lump-sum financing","step",0,0
190,2.58536554145887,0.785027241040576,0.188752331668981,0.0830871507825181,1.12890150519709,0.796501505197032,0.332400000000058,0.445999999999904,0.554000000000096,0.155694210243899,0.0416666666666803,1.19653813561015,0.167200000000025,"Lump-sum financing","step",0,0
191,2.58536554145887,0.785027241040576,0.188752331668981,0.0830871507825181,1.12890150519709,0.796501505197032,0.332400000000058,0.445999999999904,0.554000000000096,0.155694210243899,0.0416666666666803,1.19653813561015,0.167200000000025,"Lump-sum financing","step",0,0
192,2.58536554145887,0.785027241040576,0.188752331668981,0.0830871507825181,1.12890150519709,0.796501505197032,0.332400000000058,0.445999999999904,0.554000000000096,0.155694210243899,0.0416666666666803,1.19653813561015,0.167200000000025,"Lump-sum financing","step",0,0
193,2.58536554145887,0.785027241040576,0.188752331668981,0.0830871507825181,1.12890150519709,0.796501505197032,0.332400000000058,0.445999999999904,0.554000000000096,0.155694210243899,0.0416666666666803,1.19653813561015,0.167200000000025,"Lump-sum financing","step",0,0
194,2.58536554145887,0.785027241040576,0.188752331668981,0.0830871507825181,1.12890150519709,0.796501505197032,0.332400000000058,0.445999999999904,0.554000000000096,0.155694210243899,0.0416666666666803,1.19653813561015,0.167200000000025,"Lump-sum financing","step",0,0
195,2.58536554145887,0.785027241040576,0.188752331668981,0.0830871507825181,1.12890150519709,0.796501505197032,0.332400000000058,0.445999999999904,0.554000000000096,0.155694210243899,0.0416666666666803,1.19653813561015,0.167200000000025,"Lump-sum financing","step",0,0
196,2.58536554145887,0.785027241040576,0.188752331668981,0.0830871507825181,1.12890150519709,0.796501505197032,0.332400000000058,0.445999999999904,0.554000000000096,0.155694210243899,0.0416666666666803,1.19653813561015,0.167200000000025,"Lump-sum financing","step",0,0
197,2.58536554145887,0.785027241040576,0.188752331668981,0.0830871507825181,1.12890150519709,0.796501505197032,0.332400000000058,0.445999999999904,0.554000000000096,0.155694210243899,0.0416666666666803,1.19653813561015,0.167200000000025,"Lump-sum financing","step",0,0
198,2.58536554145887,0.785027241040576,0.188752331668981,0.0830871507825181,1.12890150519709,0.796501505197032,0.332400000000058,0.445999999999904,0.554000000000096,0.155694210243899,0.0416666666666803,1.19653813561015,0.167200000000025,"Lump-sum financing","step",0,0
199,2.58536554145887,0.785027241040576,0.188752331668981,0.0830871507825181,1.12890150519709,0.796501505197032,0.332400000000058,0.445999999999904,0.554000000000096,0.155694210243899,0.0416666666666803,1.19653813561015,0.167200000000025,"Lump-sum financing","step",0,0
200,2.58536554145887,0.785027241040576,0.188752331668981,0.0830871507825181,1.12890150519709,0.796501505197032,0.332400000000058,0.445999999999904,0.554000000000096,0.155694210243899,0.0416666666666803,1.19653813561015,0.167200000000025,"Lump-sum financing","step",0,0
201,2.58536554145887,0.785027241040576,0.188752331668981,0.0830871507825181,1.12890150519709,0.796501505197032,0.332400000000058,0.445999999999904,0.554000000000096,0.155694210243899,0.0416666666666803,1.19653813561015,0.167200000000025,"Lump-sum financing","step",0,0
202,2.58536554145887,0.785027241040576,0.188752331668981,0.0830871507825181,1.12890150519709,0.796501505197032,0.332400000000058,0.445999999999904,0.554000000000096,0.155694210243899,0.0416666666666803,1.19653813561015,0.167200000000025,"Lump-sum financing","step",0,0
203,2.58536554145887,0.785027241040576,0.188752331668981,0.0830871507825181,1.12890150519709,0.796501505197032,0.332400000000058,0.445999999999904,0.554000000000096,0.155694210243899,0.0416666666666803,1.19653813561015,0.167200000000025,"Lump-sum financing","step",0,0
204,2.58536554145887,0.785027241040576,0.188752331668981,0.0830871507825181,1.12890150519709,0.796501505197032,0.332400000000058,0.445999999999904,0.554000000000096,0.155694210243899,0.0416666666666803,1.19653813561015,0.167200000000025,"Lump-sum financing","step",0,0
205,2.58536554145887,0.785027241040576,0.188752331668981,0.0830871507825181,1.12890150519709,0.796501505197032,0.332400000000058,0.445999999999904,0.554000000000096,0.155694210243899,0.0416666666666803,1.19653813561015,0.167200000000025,"Lump-sum financing","step",0,0
206,2.58536554145887,0.785027241040576,0.188752331668981,0.0830871507825181,1.12890150519709,0.796501505197032,0.332400000000058,0.445999999999904,0.554000000000096,0.155694210243899,0.0416666666666803,1.19653813561015,0.167200000000025,"Lump-sum financing","step",0,0
207,2.58536554145887,0.785027241040576,0.188752331668981,0.0830871507825181,1.12890150519709,0.796501505197032,0.332400000000058,0.445999999999904,0.554000000000096,0.155694210243899,0.0416666666666803,1.19653813561015,0.167200000000025,"Lump-sum financing","step",0,0
208,2.58536554145887,0.785027241040576,0.188752331668981,0.0830871507825181,1.12890150519709,0.796501505197032,0.332400000000058,0.445999999999904,0.554000000000096,0.155694210243899,0.0416666666666803,1.19653813561015,0.167200000000025,"Lump-sum financing","step",0,0
209,2.58536554145887,0.785027241040576,0.188752331668981,0.0830871507825181,1.12890150519709,0.796501505197032,0.332400000000058,0.445999999999904,0.554000000000096,0.155694210243899,0.0416666666666803,1.19653813561015,0.167200000000025,"Lump-sum financing","step",0,0
210,2.58536554145887,0.785027241040576,0.188752331668981,0.0830871507825181,1.12890150519709,0.796501505197032,0.332400000000058,0.445999999999904,0.554000000000096,0.155694210243899,0.0416666666666803,1.19653813561015,0.167200000000025,"Lump-sum financing","step",0,0
211,2.58536554145887,0.785027241040576,0.188752331668981,0.0830871507825181,1.12890150519709,0.796501505197032,0.332400000000058,0.445999999999904,0.554000000000096,0.155694210243899,0.0416666666666803,1.19653813561015,0.167200000000025,"Lump-sum financing","step",0,0
212,2.58536554145887,0.785027241040576,0.188752331668981,0.0830871507825181,1.12890150519709,0.796501505197032,0.332400000000058,0.445999999999904,0.554000000000096,0.155694210243899,0.0416666666666803,1.19653813561015,0.167200000000025,"Lump-sum financing","step",0,0
213,2.58536554145887,0.785027241040576,0.188752331668981,0.0830871507825181,1.12890150519709,0.796501505197032,0.332400000000058,0.445999999999904,0.554000000000096,0.155694210243899,0.0416666666666803,1.19653813561015,0.167200000000025,"Lump-sum financing","step",0,0
214,2.58536554145887,0.785027241040576,0.188752331668981,0.0830871507825181,1.12890150519709,0.796501505197032,0.332400000000058,0.445999999999904,0.554000000000096,0.155694210243899,0.0416666666666803,1.19653813561015,0.167200000000025,"Lump-sum financing","step",0,0
215,2.58536554145887,0.785027241040576,0.188752331668981,0.0830871507825181,1.12890150519709,0.796501505197032,0.332400000000058,0.445999999999904,0.554000000000096,0.155694210243899,0.0416666666666803,1.19653813561015,0.167200000000025,"Lump-sum financing","step",0,0
216,2.58536554145887,0.785027241040576,0.188752331668981,0.0830871507825181,1.12890150519709,0.796501505197032,0.332400000000058,0.445999999999904,0.554000000000096,0.155694210243899,0.0416666666666803,1.19653813561015,0.167200000000025,"Lump-sum financing","step",0,0
217,2.58536554145887,0.785027241040576,0.188752331668981,0.0830871507825181,1.12890150519709,0.796501505197032,0.332400000000058,0.445999999999904,0.554000000000096,0.155694210243899,0.0416666666666803,1.19653813561015,0.167200000000025,"Lump-sum financing","step",0,0
218,2.58536554145887,0.785027241040576,0.188752331668981,0.0830871507825181,1.12890150519709,0.796501505197032,0.332400000000058,0.445999999999904,0.554000000000096,0.155694210243899,0.0416666666666803,1.19653813561015,0.167200000000025,"Lump-sum financing","step",0,0
219,2.58536554145887,0.785027241040576,0.188752331668981,0.0830871507825181,1.12890150519709,0.796501505197032,0.332400000000058,0.445999999999904,0.554000000000096,0.155694210243899,0.0416666666666803,1.19653813561015,0.167200000000025,"Lump-sum financing","step",0,0
220,2.58536554145887,0.785027241040576,0.188752331668981,0.0830871507825181,1.12890150519709,0.796501505197032,0.332400000000058,0.445999999999904,0.554000000000096,0.155694210243899,0.0416666666666803,1.19653813561015,0.167200000000025,"Lump-sum financing","step",0,0
221,2.58536554145887,0.785027241040576,0.188752331668981,0.0830871507825181,1.12890150519709,0.796501505197032,0.332400000000058,0.445999999999904,0.554000000000096,0.155694210243899,0.0416666666666803,1.19653813561015,0.167200000000025,"Lump-sum financing","step",0,0
222,2.58536554145887,0.785027241040576,0.188752331668981,0.0830871507825181,1.12890150519709,0.796501505197032,0.332400000000058,0.445999999999904,0.554000000000096,0.155694210243899,0.0416666666666803,1.19653813561015,0.167200000000025,"Lump-sum financing","step",0,0
223,2.58536554145887,0.785027241040576,0.188752331668981,0.0830871507825181,1.12890150519709,0.796501505197032,0.332400000000058,0.445999999999904,0.554000000000096,0.155694210243899,0.0416666666666803,1.19653813561015,0.167200000000025,"Lump-sum financing","step",0,0
224,2.58536554145887,0.785027241040576,0.188752331668981,0.0830871507825181,1.12890150519709,0.796501505197032,0.332400000000058,0.445999999999904,0.554000000000096,0.155694210243899,0.0416666666666803,1.19653813561015,0.167200000000025,"Lump-sum financing","step",0,0
225,2.58536554145887,0.785027241040576,0.188752331668981,0.0830871507825181,1.12890150519709,0.796501505197032,0.332400000000058,0.445999999999904,0.554000000000096,0.155694210243899,0.0416666666666803,1.19653813561015,0.167200000000025,"Lump-sum financing","step",0,0
226,2.58536554145887,0.785027241040576,0.188752331668981,0.0830871507825181,1.12890150519709,0.796501505197032,0.332400000000058,0.445999999999904,0.554000000000096,0.155694210243899,0.0416666666666803,1.19653813561015,0.167200000000025,"Lump-sum financing","step",0,0
227,2.58536554145887,0.785027241040576,0.188752331668981,0.0830871507825181,1.12890150519709,0.796501505197032,0.332400000000058,0.445999999999904,0.554000000000096,0.155694210243899,0.0416666666666803,1.19653813561015,0.167200000000025,"Lump-sum financing","step",0,0
228,2.58536554145887,0.785027241040576,0.188752331668981,0.0830871507825181,1.12890150519709,0.796501505197032,0.332400000000058,0.445999999999904,0.554000000000096,0.155694210243899,0.0416666666666803,1.19653813561015,0.167200000000025,"Lump-sum financing","step",0,0
229,2.58536554145887,0.785027241040576,0.188752331668981,0.0830871507825181,1.12890150519709,0.796501505197032,0.332400000000058,0.445999999999904,0.554000000000096,0.155694210243899,0.0416666666666803,1.19653813561015,0.167200000000025,"Lump-sum financing","step",0,0
230,2.58536554145887,0.785027241040576,0.188752331668981,0.0830871507825181,1.12890150519709,0.796501505197032,0.332400000000058,0.445999999999904,0.554000000000096,0.155694210243899,0.0416666666666803,1.19653813561015,0.167200000000025,"Lump-sum financing","step",0,0
231,2.58536554145887,0.785027241040576,0.188752331668981,0.0830871507825181,1.12890150519709,0.796501505197032,0.332400000000058,0.445999999999904,0.554000000000096,0.155694210243899,0.0416666666666803,1.19653813561015,0.167200000000025,"Lump-sum financing","step",0,0
232,2.58536554145887,0.785027241040576,0.188752331668981,0.0830871507825181,1.12890150519709,0.796501505197032,0.332400000000058,0.445999999999904,0.554000000000096,0.155694210243899,0.0416666666666803,1.19653813561015,0.167200000000025,"Lump-sum financing","step",0,0
233,2.58536554145887,0.785027241040576,0.188752331668981,0.0830871507825181,1.12890150519709,0.796501505197032,0.332400000000058,0.445999999999904,0.554000000000096,0.155694210243899,0.0416666666666803,1.19653813561015,0.167200000000025,"Lump-sum financing","step",0,0
234,2.58536554145887,0.785027241040576,0.188752331668981,0.0830871507825181,1.12890150519709,0.796501505197032,0.332400000000058,0.445999999999904,0.554000000000096,0.155694210243899,0.0416666666666803,1.19653813561015,0.167200000000025,"Lump-sum financing","step",0,0
235,2.58536554145887,0.785027241040576,0.188752331668981,0.0830871507825181,1.12890150519709,0.796501505197032,0.332400000000058,0.445999999999904,0.554000000000096,0.155694210243899,0.0416666666666803,1.19653813561015,0.167200000000025,"Lump-sum financing","step",0,0
236,2.58536554145887,0.785027241040576,0.188752331668981,0.0830871507825181,1.12890150519709,0.796501505197032,0.332400000000058,0.445999999999904,0.554000000000096,0.155694210243899,0.0416666666666803,1.19653813561015,0.167200000000025,"Lump-sum financing","step",0,0
237,2.58536554145887,0.785027241040576,0.188752331668981,0.0830871507825181,1.12890150519709,0.796501505197032,0.332400000000058,0.445999999999904,0.554000000000096,0.155694210243899,0.0416666666666803,1.19653813561015,0.167200000000025,"Lump-sum financing","step",0,0
238,2.58536554145887,0.785027241040576,0.188752331668981,0.0830871507825181,1.12890150519709,0.796501505197032,0.332400000000058,0.445999999999904,0.554000000000096,0.155694210243899,0.0416666666666803,1.19653813561015,0.167200000000025,"Lump-sum financing","step",0,0
239,2.58536554145887,0.785027241040576,0.188752331668981,0.0830871507825181,1.12890150519709,0.796501505197032,0.332400000000058,0.445999999999904,0.554000000000096,0.155694210243899,0.0416666666666803,1.19653813561015,0.167200000000025,"Lump-sum financing","step",0,0
240,2.58536554145887,0.785027241040576,0.188752331668981,0.0830871507825181,1.12890150519709,0.796501505197032,0.332400000000058,0.445999999999904,0.554000000000096,0.155694210243899,0.0416666666666803,1.19653813561015,0.167200000000025,"Lump-sum financing","step",0,0
241,2.58536554145887,0.785027241040576,0.188752331668981,0.0830871507825181,1.12890150519709,0.796501505197032,0.332400000000058,0.445999999999904,0.554000000000096,0.155694210243899,0.0416666666666803,1.19653813561015,0.167200000000025,"Lump-sum financing","step",0,0
242,2.58536554145887,0.785027241040576,0.188752331668981,0.0830871507825181,1.12890150519709,0.796501505197032,0.332400000000058,0.445999999999904,0.554000000000096,0.155694210243899,0.0416666666666803,1.19653813561015,0.167200000000025,"Lump-sum financing","step",0,0
243,2.58536554145887,0.785027241040576,0.188752331668981,0.0830871507825181,1.12890150519709,0.796501505197032,0.332400000000058,0.445999999999904,0.554000000000096,0.155694210243899,0.0416666666666803,1.19653813561015,0.167200000000025,"Lump-sum financing","step",0,0
244,2.58536554145887,0.785027241040576,0.188752331668981,0.0830871507825181,1.12890150519709,0.796501505197032,0.332400000000058,0.445999999999904,0.554000000000096,0.155694210243899,0.0416666666666803,1.19653813561015,0.167200000000025,"Lump-sum financing","step",0,0
245,2.58536554145887,0.785027241040576,0.188752331668981,0.0830871507825181,1.12890150519709,0.796501505197032,0.332400000000058,0.445999999999904,0.554000000000096,0.155694210243899,0.0416666666666803,1.19653813561015,0.167200000000025,"Lump-sum financing","step",0,0
246,2.58536554145887,0.785027241040576,0.188752331668981,0.0830871507825181,1.12890150519709,0.796501505197032,0.332400000000058,0.445999999999904,0.554000000000096,0.155694210243899,0.0416666666666803,1.19653813561015,0.167200000000025,"Lump-sum financing","step",0,0
247,2.58536554145887,0.785027241040576,0.188752331668981,0.0830871507825181,1.12890150519709,0.796501505197032,0.332400000000058,0.445999999999904,0.554000000000096,0.155694210243899,0.0416666666666803,1.19653813561015,0.167200000000025,"Lump-sum financing","step",0,0
248,2.58536554145887,0.785027241040576,0.188752331668981,0.0830871507825181,1.12890150519709,0.796501505197032,0.332400000000058,0.445999999999904,0.554000000000096,0.155694210243899,0.0416666666666803,1.19653813561015,0.167200000000025,"Lump-sum financing","step",0,0
249,2.58536554145887,0.785027241040576,0.188752331668981,0.0830871507825181,1.12890150519709,0.796501505197032,0.332400000000058,0.445999999999904,0.554000000000096,0.155694210243899,0.0416666666666803,1.19653813561015,0.167200000000025,"Lump-sum financing","step",0,0
250,2.58536554145887,0.785027241040576,0.188752331668981,0.0830871507825181,1.12890150519709,0.796501505197032,0.332400000000058,0.445999999999904,0.554000000000096,0.155694210243899,0.0416666666666803,1.19653813561015,0.167200000000025,"Lump-sum financing","step",0,0
251,2.58536554145887,0.785027241040576,0.188752331668981,0.0830871507825181,1.12890150519709,0.796501505197032,0.332400000000058,0.445999999999904,0.554000000000096,0.155694210243899,0.0416666666666803,1.19653813561015,0.167200000000025,"Lump-sum financing","step",0,0
252,2.58536554145887,0.785027241040576,0.188752331668981,0.0830871507825181,1.12890150519709,0.796501505197032,0.332400000000058,0.445999999999904,0.554000000000096,0.155694210243899,0.0416666666666803,1.19653813561015,0.167200000000025,"Lump-sum financing","step",0,0
253,2.58536554145887,0.785027241040576,0.188752331668981,0.0830871507825181,1.12890150519709,0.796501505197032,0.332400000000058,0.445999999999904,0.554000000000096,0.155694210243899,0.0416666666666803,1.19653813561015,0.167200000000025,"Lump-sum financing","step",0,0
254,2.58536554145887,0.785027241040576,0.188752331668981,0.0830871507825181,1.12890150519709,0.796501505197032,0.332400000000058,0.445999999999904,0.554000000000096,0.155694210243899,0.0416666666666803,1.19653813561015,0.167200000000025,"Lump-sum financing","step",0,0
255,2.58536554145887,0.785027241040576,0.188752331668981,0.0830871507825181,1.12890150519709,0.796501505197032,0.332400000000058,0.445999999999904,0.554000000000096,0.155694210243899,0.0416666666666803,1.19653813561015,0.167200000000025,"Lump-sum financing","step",0,0
256,2.58536554145887,0.785027241040576,0.188752331668981,0.0830871507825181,1.12890150519709,0.796501505197032,0.332400000000058,0.445999999999904,0.554000000000096,0.155694210243899,0.0416666666666803,1.19653813561015,0.167200000000025,"Lump-sum financing","step",0,0
257,2.58536554145887,0.785027241040576,0.188752331668981,0.0830871507825181,1.12890150519709,0.796501505197032,0.332400000000058,0.445999999999904,0.554000000000096,0.155694210243899,0.0416666666666803,1.19653813561015,0.167200000000025,"Lump-sum financing","step",0,0
258,2.58536554145887,0.785027241040576,0.188752331668981,0.0830871507825181,1.12890150519709,0.796501505197032,0.332400000000058,0.445999999999904,0.554000000000096,0.155694210243899,0.0416666666666803,1.19653813561015,0.167200000000025,"Lump-sum financing","step",0,0
259,2.58536554145887,0.785027241040576,0.188752331668981,0.0830871507825181,1.12890150519709,0.796501505197032,0.332400000000058,0.445999999999904,0.554000000000096,0.155694210243899,0.0416666666666803,1.19653813561015,0.167200000000025,"Lump-sum financing","step",0,0
260,2.58536554145887,0.785027241040576,0.188752331668981,0.0830871507825181,1.12890150519709,0.796501505197032,0.332400000000058,0.445999999999904,0.554000000000096,0.155694210243899,0.0416666666666803,1.19653813561015,0.167200000000025,"Lump-sum financing","step",0,0
261,2.58536554145887,0.785027241040576,0.188752331668981,0.0830871507825181,1.12890150519709,0.796501505197032,0.332400000000058,0.445999999999904,0.554000000000096,0.155694210243899,0.0416666666666803,1.19653813561015,0.167200000000025,"Lump-sum financing","step",0,0
262,2.58536554145887,0.785027241040576,0.188752331668981,0.0830871507825181,1.12890150519709,0.796501505197032,0.332400000000058,0.445999999999904,0.554000000000096,0.155694210243899,0.0416666666666803,1.19653813561015,0.167200000000025,"Lump-sum financing","step",0,0
263,2.58536554145887,0.785027241040576,0.188752331668981,0.0830871507825181,1.12890150519709,0.796501505197032,0.332400000000058,0.445999999999904,0.554000000000096,0.155694210243899,0.0416666666666803,1.19653813561015,0.167200000000025,"Lump-sum financing","step",0,0
264,2.58536554145887,0.785027241040576,0.188752331668981,0.0830871507825181,1.12890150519709,0.796501505197032,0.332400000000058,0.445999999999904,0.554000000000096,0.155694210243899,0.0416666666666803,1.19653813561015,0.167200000000025,"Lump-sum financing","step",0,0
265,2.58536554145887,0.785027241040576,0.188752331668981,0.0830871507825181,1.12890150519709,0.796501505197032,0.332400000000058,0.445999999999904,0.554000000000096,0.155694210243899,0.0416666666666803,1.19653813561015,0.167200000000025,"Lump-sum financing","step",0,0
266,2.58536554145887,0.785027241040576,0.188752331668981,0.0830871507825181,1.12890150519709,0.796501505197032,0.332400000000058,0.445999999999904,0.554000000000096,0.155694210243899,0.0416666666666803,1.19653813561015,0.167200000000025,"Lump-sum financing","step",0,0
267,2.58536554145887,0.785027241040576,0.188752331668981,0.0830871507825181,1.12890150519709,0.796501505197032,0.332400000000058,0.445999999999904,0.554000000000096,0.155694210243899,0.0416666666666803,1.19653813561015,0.167200000000025,"Lump-sum financing","step",0,0
268,2.58536554145887,0.785027241040576,0.188752331668981,0.0830871507825181,1.12890150519709,0.796501505197032,0.332400000000058,0.445999999999904,0.554000000000096,0.155694210243899,0.0416666666666803,1.19653813561015,0.167200000000025,"Lump-sum financing","step",0,0
269,2.58536554145887,0.785027241040576,0.188752331668981,0.0830871507825181,1.12890150519709,0.796501505197032,0.332400000000058,0.445999999999904,0.554000000000096,0.155694210243899,0.0416666666666803,1.19653813561015,0.167200000000025,"Lump-sum financing","step",0,0
270,2.58536554145887,0.785027241040576,0.188752331668981,0.0830871507825181,1.12890150519709,0.796501505197032,0.332400000000058,0.445999999999904,0.554000000000096,0.155694210243899,0.0416666666666803,1.19653813561015,0.167200000000025,"Lump-sum financing","step",0,0
271,2.58536554145887,0.785027241040576,0.188752331668981,0.0830871507825181,1.12890150519709,0.796501505197032,0.332400000000058,0.445999999999904,0.554000000000096,0.155694210243899,0.0416666666666803,1.19653813561015,0.167200000000025,"Lump-sum financing","step",0,0
272,2.58536554145887,0.785027241040576,0.188752331668981,0.0830871507825181,1.12890150519709,0.796501505197032,0.332400000000058,0.445999999999904,0.554000000000096,0.155694210243899,0.0416666666666803,1.19653813561015,0.167200000000025,"Lump-sum financing","step",0,0
273,2.58536554145887,0.785027241040576,0.188752331668981,0.0830871507825181,1.12890150519709,0.796501505197032,0.332400000000058,0.445999999999904,0.554000000000096,0.155694210243899,0.0416666666666803,1.19653813561015,0.167200000000025,"Lump-sum financing","step",0,0
274,2.58536554145887,0.785027241040576,0.188752331668981,0.0830871507825181,1.12890150519709,0.796501505197032,0.332400000000058,0.445999999999904,0.554000000000096,0.155694210243899,0.0416666666666803,1.19653813561015,0.167200000000025,"Lump-sum financing","step",0,0
275,2.58536554145887,0.785027241040576,0.188752331668981,0.0830871507825181,1.12890150519709,0.796501505197032,0.332400000000058,0.445999999999904,0.554000000000096,0.155694210243899,0.0416666666666803,1.19653813561015,0.167200000000025,"Lump-sum financing","step",0,0
276,2.58536554145887,0.785027241040576,0.188752331668981,0.0830871507825181,1.12890150519709,0.796501505197032,0.332400000000058,0.445999999999904,0.554000000000096,0.155694210243899,0.0416666666666803,1.19653813561015,0.167200000000025,"Lump-sum financing","step",0,0
277,2.58536554145887,0.785027241040576,0.188752331668981,0.0830871507825181,1.12890150519709,0.796501505197032,0.332400000000058,0.445999999999904,0.554000000000096,0.155694210243899,0.0416666666666803,1.19653813561015,0.167200000000025,"Lump-sum financing","step",0,0
278,2.58536554145887,0.785027241040576,0.188752331668981,0.0830871507825181,1.12890150519709,0.796501505197032,0.332400000000058,0.445999999999904,0.554000000000096,0.155694210243899,0.0416666666666803,1.19653813561015,0.167200000000025,"Lump-sum financing","step",0,0
279,2.58536554145887,0.785027241040576,0.188752331668981,0.0830871507825181,1.12890150519709,0.796501505197032,0.332400000000058,0.445999999999904,0.554000000000096,0.155694210243899,0.0416666666666803,1.19653813561015,0.167200000000025,"Lump-sum financing","step",0,0
280,2.58536554145887,0.785027241040576,0.188752331668981,0.0830871507825181,1.12890150519709,0.796501505197032,0.332400000000058,0.445999999999904,0.554000000000096,0.155694210243899,0.0416666666666803,1.19653813561015,0.167200000000025,"Lump-sum financing","step",0,0
281,2.58536554145887,0.785027241040576,0.188752331668981,0.0830871507825181,1.12890150519709,0.796501505197032,0.332400000000058,0.445999999999904,0.554000000000096,0.155694210243899,0.0416666666666803,1.19653813561015,0.167200000000025,"Lump-sum financing","step",0,0
282,2.58536554145887,0.785027241040576,0.188752331668981,0.0830871507825181,1.12890150519709,0.796501505197032,0.332400000000058,0.445999999999904,0.554000000000096,0.155694210243899,0.0416666666666803,1.19653813561015,0.167200000000025,"Lump-sum financing","step",0,0
283,2.58536554145887,0.785027241040576,0.188752331668981,0.0830871507825181,1.12890150519709,0.796501505197032,0.332400000000058,0.445999999999904,0.554000000000096,0.155694210243899,0.0416666666666803,1.19653813561015,0.167200000000025,"Lump-sum financing","step",0,0
284,2.58536554145887,0.785027241040576,0.188752331668981,0.0830871507825181,1.12890150519709,0.796501505197032,0.332400000000058,0.445999999999904,0.554000000000096,0.155694210243899,0.0416666666666803,1.19653813561015,0.167200000000025,"Lump-sum financing","step",0,0
285,2.58536554145887,0.785027241040576,0.188752331668981,0.0830871507825181,1.12890150519709,0.796501505197032,0.332400000000058,0.445999999999904,0.554000000000096,0.155694210243899,0.0416666666666803,1.19653813561015,0.167200000000025,"Lump-sum financing","step",0,0
286,2.58536554145887,0.785027241040576,0.188752331668981,0.0830871507825181,1.12890150519709,0.796501505197032,0.332400000000058,0.445999999999904,0.554000000000096,0.155694210243899,0.0416666666666803,1.19653813561015,0.167200000000025,"Lump-sum financing","step",0,0
287,2.58536554145887,0.785027241040576,0.188752331668981,0.0830871507825181,1.12890150519709,0.796501505197032,0.332400000000058,0.445999999999904,0.554000000000096,0.155694210243899,0.0416666666666803,1.19653813561015,0.167200000000025,"Lump-sum financing","step",0,0
288,2.58536554145887,0.785027241040576,0.188752331668981,0.0830871507825181,1.12890150519709,0.796501505197032,0.332400000000058,0.445999999999904,0.554000000000096,0.155694210243899,0.0416666666666803,1.19653813561015,0.167200000000025,"Lump-sum financing","step",0,0
289,2.58536554145887,0.785027241040576,0.188752331668981,0.0830871507825181,1.12890150519709,0.796501505197032,0.332400000000058,0.445999999999904,0.554000000000096,0.155694210243899,0.0416666666666803,1.19653813561015,0.167200000000025,"Lump-sum financing","step",0,0
290,2.58536554145887,0.785027241040576,0.188752331668981,0.0830871507825181,1.12890150519709,0.796501505197032,0.332400000000058,0.445999999999904,0.554000000000096,0.155694210243899,0.0416666666666803,1.19653813561015,0.167200000000025,"Lump-sum financing","step",0,0
291,2.58536554145887,0.785027241040576,0.188752331668981,0.0830871507825181,1.12890150519709,0.796501505197032,0.332400000000058,0.445999999999904,0.554000000000096,0.155694210243899,0.0416666666666803,1.19653813561015,0.167200000000025,"Lump-sum financing","step",0,0
292,2.58536554145887,0.785027241040576,0.188752331668981,0.0830871507825181,1.12890150519709,0.796501505197032,0.332400000000058,0.445999999999904,0.554000000000096,0.155694210243899,0.0416666666666803,1.19653813561015,0.167200000000025,"Lump-sum financing","step",0,0
293,2.58536554145887,0.785027241040576,0.188752331668981,0.0830871507825181,1.12890150519709,0.796501505197032,0.332400000000058,0.445999999999904,0.554000000000096,0.155694210243899,0.0416666666666803,1.19653813561015,0.167200000000025,"Lump-sum financing","step",0,0
294,2.58536554145887,0.785027241040576,0.188752331668981,0.0830871507825181,1.12890150519709,0.796501505197032,0.332400000000058,0.445999999999904,0.554000000000096,0.155694210243899,0.0416666666666803,1.19653813561015,0.167200000000025,"Lump-sum financing","step",0,0
295,2.58536554145887,0.785027241040576,0.188752331668981,0.0830871507825181,1.12890150519709,0.796501505197032,0.332400000000058,0.445999999999904,0.554000000000096,0.155694210243899,0.0416666666666803,1.19653813561015,0.167200000000025,"Lump-sum financing","step",0,0
296,2.58536554145887,0.785027241040576,0.188752331668981,0.0830871507825181,1.12890150519709,0.796501505197032,0.332400000000058,0.445999999999904,0.554000000000096,0.155694210243899,0.0416666666666803,1.19653813561015,0.167200000000025,"Lump-sum financing","step",0,0
297,2.58536554145887,0.785027241040576,0.188752331668981,0.0830871507825181,1.12890150519709,0.796501505197032,0.332400000000058,0.445999999999904,0.554000000000096,0.155694210243899,0.0416666666666803,1.19653813561015,0.167200000000025,"Lump-sum financing","step",0,0
298,2.58536554145887,0.785027241040576,0.188752331668981,0.0830871507825181,1.12890150519709,0.796501505197032,0.332400000000058,0.445999999999904,0.554000000000096,0.155694210243899,0.0416666666666803,1.19653813561015,0.167200000000025,"Lump-sum financing","step",0,0
299,2.58536554145887,0.785027241040576,0.188752331668981,0.0830871507825181,1.12890150519709,0.796501505197032,0.332400000000058,0.445999999999904,0.554000000000096,0.155694210243899,0.0416666666666803,1.19653813561015,0.167200000000025,"Lump-sum financing","step",0,0
300,2.58536554145887,0.785027241040576,0.188752331668981,0.0830871507825181,1.12890150519709,0.796501505197032,0.332400000000058,0.445999999999904,0.554000000000096,0.155694210243899,0.0416666666666803,1.19653813561015,0.167200000000025,"Lump-sum financing","step",0,0
301,2.58536554145887,0.785027241040576,0.188752331668981,0.0830871507825181,1.12890150519709,0.796501505197032,0.332400000000058,0.445999999999904,0.554000000000096,0.155694210243899,0.0416666666666803,1.19653813561015,0.167200000000025,"Lump-sum financing","step",0,0
302,2.58536554145887,0.785027241040576,0.188752331668981,0.0830871507825181,1.12890150519709,0.796501505197032,0.332400000000058,0.445999999999904,0.554000000000096,0.155694210243899,0.0416666666666803,1.19653813561015,0.167200000000025,"Lump-sum financing","step",0,0
303,2.58536554145887,0.785027241040576,0.188752331668981,0.0830871507825181,1.12890150519709,0.796501505197032,0.332400000000058,0.445999999999904,0.554000000000096,0.155694210243899,0.0416666666666803,1.19653813561015,0.167200000000025,"Lump-sum financing","step",0,0
304,2.58536554145887,0.785027241040576,0.188752331668981,0.0830871507825181,1.12890150519709,0.796501505197032,0.332400000000058,0.445999999999904,0.554000000000096,0.155694210243899,0.0416666666666803,1.19653813561015,0.167200000000025,"Lump-sum financing","step",0,0
305,2.58536554145887,0.785027241040576,0.188752331668981,0.0830871507825181,1.12890150519709,0.796501505197032,0.332400000000058,0.445999999999904,0.554000000000096,0.155694210243899,0.0416666666666803,1.19653813561015,0.167200000000025,"Lump-sum financing","step",0,0
306,2.58536554145887,0.785027241040576,0.188752331668981,0.0830871507825181,1.12890150519709,0.796501505197032,0.332400000000058,0.445999999999904,0.554000000000096,0.155694210243899,0.0416666666666803,1.19653813561015,0.167200000000025,"Lump-sum financing","step",0,0
307,2.58536554145887,0.785027241040576,0.188752331668981,0.0830871507825181,1.12890150519709,0.796501505197032,0.332400000000058,0.445999999999904,0.554000000000096,0.155694210243899,0.0416666666666803,1.19653813561015,0.167200000000025,"Lump-sum financing","step",0,0
308,2.58536554145887,0.785027241040576,0.188752331668981,0.0830871507825181,1.12890150519709,0.796501505197032,0.332400000000058,0.445999999999904,0.554000000000096,0.155694210243899,0.0416666666666803,1.19653813561015,0.167200000000025,"Lump-sum financing","step",0,0
309,2.58536554145887,0.785027241040576,0.188752331668981,0.0830871507825181,1.12890150519709,0.796501505197032,0.332400000000058,0.445999999999904,0.554000000000096,0.155694210243899,0.0416666666666803,1.19653813561015,0.167200000000025,"Lump-sum financing","step",0,0
310,2.58536554145887,0.785027241040576,0.188752331668981,0.0830871507825181,1.12890150519709,0.796501505197032,0.332400000000058,0.445999999999904,0.554000000000096,0.155694210243899,0.0416666666666803,1.19653813561015,0.167200000000025,"Lump-sum financing","step",0,0
311,2.58536554145887,0.785027241040576,0.188752331668981,0.0830871507825181,1.12890150519709,0.796501505197032,0.332400000000058,0.445999999999904,0.554000000000096,0.155694210243899,0.0416666666666803,1.19653813561015,0.167200000000025,"Lump-sum financing","step",0,0
312,2.58536554145887,0.785027241040576,0.188752331668981,0.0830871507825181,1.12890150519709,0.796501505197032,0.332400000000058,0.445999999999904,0.554000000000096,0.155694210243899,0.0416666666666803,1.19653813561015,0.167200000000025,"Lump-sum financing","step",0,0
313,2.58536554145887,0.785027241040576,0.188752331668981,0.0830871507825181,1.12890150519709,0.796501505197032,0.332400000000058,0.445999999999904,0.554000000000096,0.155694210243899,0.0416666666666803,1.19653813561015,0.167200000000025,"Lump-sum financing","step",0,0
314,2.58536554145887,0.785027241040576,0.188752331668981,0.0830871507825181,1.12890150519709,0.796501505197032,0.332400000000058,0.445999999999904,0.554000000000096,0.155694210243899,0.0416666666666803,1.19653813561015,0.167200000000025,"Lump-sum financing","step",0,0
315,2.58536554145887,0.785027241040576,0.188752331668981,0.0830871507825181,1.12890150519709,0.796501505197032,0.332400000000058,0.445999999999904,0.554000000000096,0.155694210243899,0.0416666666666803,1.19653813561015,0.167200000000025,"Lump-sum financing","step",0,0
316,2.58536554145887,0.785027241040576,0.188752331668981,0.0830871507825181,1.12890150519709,0.796501505197032,0.332400000000058,0.445999999999904,0.554000000000096,0.155694210243899,0.0416666666666803,1.19653813561015,0.167200000000025,"Lump-sum financing","step",0,0
317,2.58536554145887,0.785027241040576,0.188752331668981,0.0830871507825181,1.12890150519709,0.796501505197032,0.332400000000058,0.445999999999904,0.554000000000096,0.155694210243899,0.0416666666666803,1.19653813561015,0.167200000000025,"Lump-sum financing","step",0,0
318,2.58536554145887,0.785027241040576,0.188752331668981,0.0830871507825181,1.12890150519709,0.796501505197032,0.332400000000058,0.445999999999904,0.554000000000096,0.155694210243899,0.0416666666666803,1.19653813561015,0.167200000000025,"Lump-sum financing","step",0,0
319,2.58536554145887,0.785027241040576,0.188752331668981,0.0830871507825181,1.12890150519709,0.796501505197032,0.332400000000058,0.445999999999904,0.554000000000096,0.155694210243899,0.0416666666666803,1.19653813561015,0.167200000000025,"Lump-sum financing","step",0,0
320,2.58536554145887,0.785027241040576,0.188752331668981,0.0830871507825181,1.12890150519709,0.796501505197032,0.332400000000058,0.445999999999904,0.554000000000096,0.155694210243899,0.0416666666666803,1.19653813561015,0.167200000000025,"Lump-sum financing","step",0,0
321,2.58536554145887,0.785027241040576,0.188752331668981,0.0830871507825181,1.12890150519709,0.796501505197032,0.332400000000058,0.445999999999904,0.554000000000096,0.155694210243899,0.0416666666666803,1.19653813561015,0.167200000000025,"Lump-sum financing","step",0,0
322,2.58536554145887,0.785027241040576,0.188752331668981,0.0830871507825181,1.12890150519709,0.796501505197032,0.332400000000058,0.445999999999904,0.554000000000096,0.155694210243899,0.0416666666666803,1.19653813561015,0.167200000000025,"Lump-sum financing","step",0,0
323,2.58536554145887,0.785027241040576,0.188752331668981,0.0830871507825181,1.12890150519709,0.796501505197032,0.332400000000058,0.445999999999904,0.554000000000096,0.155694210243899,0.0416666666666803,1.19653813561015,0.167200000000025,"Lump-sum financing","step",0,0
324,2.58536554145887,0.785027241040576,0.188752331668981,0.0830871507825181,1.12890150519709,0.796501505197032,0.332400000000058,0.445999999999904,0.554000000000096,0.155694210243899,0.0416666666666803,1.19653813561015,0.167200000000025,"Lump-sum financing","step",0,0
325,2.58536554145887,0.785027241040576,0.188752331668981,0.0830871507825181,1.12890150519709,0.796501505197032,0.332400000000058,0.445999999999904,0.554000000000096,0.155694210243899,0.0416666666666803,1.19653813561015,0.167200000000025,"Lump-sum financing","step",0,0
326,2.58536554145887,0.785027241040576,0.188752331668981,0.0830871507825181,1.12890150519709,0.796501505197032,0.332400000000058,0.445999999999904,0.554000000000096,0.155694210243899,0.0416666666666803,1.19653813561015,0.167200000000025,"Lump-sum financing","step",0,0
327,2.58536554145887,0.785027241040576,0.188752331668981,0.0830871507825181,1.12890150519709,0.796501505197032,0.332400000000058,0.445999999999904,0.554000000000096,0.155694210243899,0.0416666666666803,1.19653813561015,0.167200000000025,"Lump-sum financing","step",0,0
328,2.58536554145887,0.785027241040576,0.188752331668981,0.0830871507825181,1.12890150519709,0.796501505197032,0.332400000000058,0.445999999999904,0.554000000000096,0.155694210243899,0.0416666666666803,1.19653813561015,0.167200000000025,"Lump-sum financing","step",0,0
329,2.58536554145887,0.785027241040576,0.188752331668981,0.0830871507825181,1.12890150519709,0.796501505197032,0.332400000000058,0.445999999999904,0.554000000000096,0.155694210243899,0.0416666666666803,1.19653813561015,0.167200000000025,"Lump-sum financing","step",0,0
330,2.58536554145887,0.785027241040576,0.188752331668981,0.0830871507825181,1.12890150519709,0.796501505197032,0.332400000000058,0.445999999999904,0.554000000000096,0.155694210243899,0.0416666666666803,1.19653813561015,0.167200000000025,"Lump-sum financing","step",0,0
331,2.58536554145887,0.785027241040576,0.188752331668981,0.0830871507825181,1.12890150519709,0.796501505197032,0.332400000000058,0.445999999999904,0.554000000000096,0.155694210243899,0.0416666666666803,1.19653813561015,0.167200000000025,"Lump-sum financing","step",0,0
332,2.58536554145887,0.785027241040576,0.188752331668981,0.0830871507825181,1.12890150519709,0.796501505197032,0.332400000000058,0.445999999999904,0.554000000000096,0.155694210243899,0.0416666666666803,1.19653813561015,0.167200000000025,"Lump-sum financing","step",0,0
333,2.58536554145887,0.785027241040576,0.188752331668981,0.0830871507825181,1.12890150519709,0.796501505197032,0.332400000000058,0.445999999999904,0.554000000000096,0.155694210243899,0.0416666666666803,1.19653813561015,0.167200000000025,"Lump-sum financing","step",0,0
334,2.58536554145887,0.785027241040576,0.188752331668981,0.0830871507825181,1.12890150519709,0.796501505197032,0.332400000000058,0.445999999999904,0.554000000000096,0.155694210243899,0.0416666666666803,1.19653813561015,0.167200000000025,"Lump-sum financing","step",0,0
335,2.58536554145887,0.785027241040576,0.188752331668981,0.0830871507825181,1.12890150519709,0.796501505197032,0.332400000000058,0.445999999999904,0.554000000000096,0.155694210243899,0.0416666666666803,1.19653813561015,0.167200000000025,"Lump-sum financing","step",0,0
336,2.58536554145887,0.785027241040576,0.188752331668981,0.0830871507825181,1.12890150519709,0.796501505197032,0.332400000000058,0.445999999999904,0.554000000000096,0.155694210243899,0.0416666666666803,1.19653813561015,0.167200000000025,"Lump-sum financing","step",0,0
337,2.58536554145887,0.785027241040576,0.188752331668981,0.0830871507825181,1.12890150519709,0.796501505197032,0.332400000000058,0.445999999999904,0.554000000000096,0.155694210243899,0.0416666666666803,1.19653813561015,0.167200000000025,"Lump-sum financing","step",0,0
338,2.58536554145887,0.785027241040576,0.188752331668981,0.0830871507825181,1.12890150519709,0.796501505197032,0.332400000000058,0.445999999999904,0.554000000000096,0.155694210243899,0.0416666666666803,1.19653813561015,0.167200000000025,"Lump-sum financing","step",0,0
339,2.58536554145887,0.785027241040576,0.188752331668981,0.0830871507825181,1.12890150519709,0.796501505197032,0.332400000000058,0.445999999999904,0.554000000000096,0.155694210243899,0.0416666666666803,1.19653813561015,0.167200000000025,"Lump-sum financing","step",0,0
340,2.58536554145887,0.785027241040576,0.188752331668981,0.0830871507825181,1.12890150519709,0.796501505197032,0.332400000000058,0.445999999999904,0.554000000000096,0.155694210243899,0.0416666666666803,1.19653813561015,0.167200000000025,"Lump-sum financing","step",0,0
341,2.58536554145887,0.785027241040576,0.188752331668981,0.0830871507825181,1.12890150519709,0.796501505197032,0.332400000000058,0.445999999999904,0.554000000000096,0.155694210243899,0.0416666666666803,1.19653813561015,0.167200000000025,"Lump-sum financing","step",0,0
342,2.58536554145887,0.785027241040576,0.188752331668981,0.0830871507825181,1.12890150519709,0.796501505197032,0.332400000000058,0.445999999999904,0.554000000000096,0.155694210243899,0.0416666666666803,1.19653813561015,0.167200000000025,"Lump-sum financing","step",0,0
343,2.58536554145887,0.785027241040576,0.188752331668981,0.0830871507825181,1.12890150519709,0.796501505197032,0.332400000000058,0.445999999999904,0.554000000000096,0.155694210243899,0.0416666666666803,1.19653813561015,0.167200000000025,"Lump-sum financing","step",0,0
344,2.58536554145887,0.785027241040576,0.188752331668981,0.0830871507825181,1.12890150519709,0.796501505197032,0.332400000000058,0.445999999999904,0.554000000000096,0.155694210243899,0.0416666666666803,1.19653813561015,0.167200000000025,"Lump-sum financing","step",0,0
345,2.58536554145887,0.785027241040576,0.188752331668981,0.0830871507825181,1.12890150519709,0.796501505197032,0.332400000000058,0.445999999999904,0.554000000000096,0.155694210243899,0.0416666666666803,1.19653813561015,0.167200000000025,"Lump-sum financing","step",0,0
346,2.58536554145887,0.785027241040576,0.188752331668981,0.0830871507825181,1.12890150519709,0.796501505197032,0.332400000000058,0.445999999999904,0.554000000000096,0.155694210243899,0.0416666666666803,1.19653813561015,0.167200000000025,"Lump-sum financing","step",0,0
347,2.58536554145887,0.785027241040576,0.188752331668981,0.0830871507825181,1.12890150519709,0.796501505197032,0.332400000000058,0.445999999999904,0.554000000000096,0.155694210243899,0.0416666666666803,1.19653813561015,0.167200000000025,"Lump-sum financing","step",0,0
348,2.58536554145887,0.785027241040576,0.188752331668981,0.0830871507825181,1.12890150519709,0.796501505197032,0.332400000000058,0.445999999999904,0.554000000000096,0.155694210243899,0.0416666666666803,1.19653813561015,0.167200000000025,"Lump-sum financing","step",0,0
349,2.58536554145887,0.785027241040576,0.188752331668981,0.0830871507825181,1.12890150519709,0.796501505197032,0.332400000000058,0.445999999999904,0.554000000000096,0.155694210243899,0.0416666666666803,1.19653813561015,0.167200000000025,"Lump-sum financing","step",0,0
350,2.58536554145887,0.785027241040576,0.188752331668981,0.0830871507825181,1.12890150519709,0.796501505197032,0.332400000000058,0.445999999999904,0.554000000000096,0.155694210243899,0.0416666666666803,1.19653813561015,0.167200000000025,"Lump-sum financing","step",0,0
351,2.58536554145887,0.785027241040576,0.188752331668981,0.0830871507825181,1.12890150519709,0.796501505197032,0.332400000000058,0.445999999999904,0.554000000000096,0.155694210243899,0.0416666666666803,1.19653813561015,0.167200000000025,"Lump-sum financing","step",0,0
352,2.58536554145887,0.785027241040576,0.188752331668981,0.0830871507825181,1.12890150519709,0.796501505197032,0.332400000000058,0.445999999999904,0.554000000000096,0.155694210243899,0.0416666666666803,1.19653813561015,0.167200000000025,"Lump-sum financing","step",0,0
353,2.58536554145887,0.785027241040576,0.188752331668981,0.0830871507825181,1.12890150519709,0.796501505197032,0.332400000000058,0.445999999999904,0.554000000000096,0.155694210243899,0.0416666666666803,1.19653813561015,0.167200000000025,"Lump-sum financing","step",0,0
354,2.58536554145887,0.785027241040576,0.188752331668981,0.0830871507825181,1.12890150519709,0.796501505197032,0.332400000000058,0.445999999999904,0.554000000000096,0.155694210243899,0.0416666666666803,1.19653813561015,0.167200000000025,"Lump-sum financing","step",0,0
355,2.58536554145887,0.785027241040576,0.188752331668981,0.0830871507825181,1.12890150519709,0.796501505197032,0.332400000000058,0.445999999999904,0.554000000000096,0.155694210243899,0.0416666666666803,1.19653813561015,0.167200000000025,"Lump-sum financing","step",0,0
356,2.58536554145887,0.785027241040576,0.188752331668981,0.0830871507825181,1.12890150519709,0.796501505197032,0.332400000000058,0.445999999999904,0.554000000000096,0.155694210243899,0.0416666666666803,1.19653813561015,0.167200000000025,"Lump-sum financing","step",0,0
357,2.58536554145887,0.785027241040576,0.188752331668981,0.0830871507825181,1.12890150519709,0.796501505197032,0.332400000000058,0.445999999999904,0.554000000000096,0.155694210243899,0.0416666666666803,1.19653813561015,0.167200000000025,"Lump-sum financing","step",0,0
358,2.58536554145887,0.785027241040576,0.188752331668981,0.0830871507825181,1.12890150519709,0.796501505197032,0.332400000000058,0.445999999999904,0.554000000000096,0.155694210243899,0.0416666666666803,1.19653813561015,0.167200000000025,"Lump-sum financing","step",0,0
359,2.58536554145887,0.785027241040576,0.188752331668981,0.0830871507825181,1.12890150519709,0.796501505197032,0.332400000000058,0.445999999999904,0.554000000000096,0.155694210243899,0.0416666666666803,1.19653813561015,0.167200000000025,"Lump-sum financing","step",0,0
360,2.58536554145887,0.785027241040576,0.188752331668981,0.0830871507825181,1.12890150519709,0.796501505197032,0.332400000000058,0.445999999999904,0.554000000000096,0.155694210243899,0.0416666666666803,1.19653813561015,0.167200000000025,"Lump-sum financing","step",0,0
361,2.58536554145887,0.785027241040576,0.188752331668981,0.0830871507825181,1.12890150519709,0.796501505197032,0.332400000000058,0.445999999999904,0.554000000000096,0.155694210243899,0.0416666666666803,1.19653813561015,0.167200000000025,"Lump-sum financing","step",0,0
362,2.58536554145887,0.785027241040576,0.188752331668981,0.0830871507825181,1.12890150519709,0.796501505197032,0.332400000000058,0.445999999999904,0.554000000000096,0.155694210243899,0.0416666666666803,1.19653813561015,0.167200000000025,"Lump-sum financing","step",0,0
363,2.58536554145887,0.785027241040576,0.188752331668981,0.0830871507825181,1.12890150519709,0.796501505197032,0.332400000000058,0.445999999999904,0.554000000000096,0.155694210243899,0.0416666666666803,1.19653813561015,0.167200000000025,"Lump-sum financing","step",0,0
364,2.58536554145887,0.785027241040576,0.188752331668981,0.0830871507825181,1.12890150519709,0.796501505197032,0.332400000000058,0.445999999999904,0.554000000000096,0.155694210243899,0.0416666666666803,1.19653813561015,0.167200000000025,"Lump-sum financing","step",0,0
365,2.58536554145887,0.785027241040576,0.188752331668981,0.0830871507825181,1.12890150519709,0.796501505197032,0.332400000000058,0.445999999999904,0.554000000000096,0.155694210243899,0.0416666666666803,1.19653813561015,0.167200000000025,"Lump-sum financing","step",0,0
366,2.58536554145887,0.785027241040576,0.188752331668981,0.0830871507825181,1.12890150519709,0.796501505197032,0.332400000000058,0.445999999999904,0.554000000000096,0.155694210243899,0.0416666666666803,1.19653813561015,0.167200000000025,"Lump-sum financing","step",0,0
367,2.58536554145887,0.785027241040576,0.188752331668981,0.0830871507825181,1.12890150519709,0.796501505197032,0.332400000000058,0.445999999999904,0.554000000000096,0.155694210243899,0.0416666666666803,1.19653813561015,0.167200000000025,"Lump-sum financing","step",0,0
368,2.58536554145887,0.785027241040576,0.188752331668981,0.0830871507825181,1.12890150519709,0.796501505197032,0.332400000000058,0.445999999999904,0.554000000000096,0.155694210243899,0.0416666666666803,1.19653813561015,0.167200000000025,"Lump-sum financing","step",0,0
369,2.58536554145887,0.785027241040576,0.188752331668981,0.0830871507825181,1.12890150519709,0.796501505197032,0.332400000000058,0.445999999999904,0.554000000000096,0.155694210243899,0.0416666666666803,1.19653813561015,0.167200000000025,"Lump-sum financing","step",0,0
370,2.58536554145887,0.785027241040576,0.188752331668981,0.0830871507825181,1.12890150519709,0.796501505197032,0.332400000000058,0.445999999999904,0.554000000000096,0.155694210243899,0.0416666666666803,1.19653813561015,0.167200000000025,"Lump-sum financing","step",0,0
371,2.58536554145887,0.785027241040576,0.188752331668981,0.0830871507825181,1.12890150519709,0.796501505197032,0.332400000000058,0.445999999999904,0.554000000000096,0.155694210243899,0.0416666666666803,1.19653813561015,0.167200000000025,"Lump-sum financing","step",0,0
372,2.58536554145887,0.785027241040576,0.188752331668981,0.0830871507825181,1.12890150519709,0.796501505197032,0.332400000000058,0.445999999999904,0.554000000000096,0.155694210243899,0.0416666666666803,1.19653813561015,0.167200000000025,"Lump-sum financing","step",0,0
373,2.58536554145887,0.785027241040576,0.188752331668981,0.0830871507825181,1.12890150519709,0.796501505197032,0.332400000000058,0.445999999999904,0.554000000000096,0.155694210243899,0.0416666666666803,1.19653813561015,0.167200000000025,"Lump-sum financing","step",0,0
374,2.58536554145887,0.785027241040576,0.188752331668981,0.0830871507825181,1.12890150519709,0.796501505197032,0.332400000000058,0.445999999999904,0.554000000000096,0.155694210243899,0.0416666666666803,1.19653813561015,0.167200000000025,"Lump-sum financing","step",0,0
375,2.58536554145887,0.785027241040576,0.188752331668981,0.0830871507825181,1.12890150519709,0.796501505197032,0.332400000000058,0.445999999999904,0.554000000000096,0.155694210243899,0.0416666666666803,1.19653813561015,0.167200000000025,"Lump-sum financing","step",0,0
376,2.58536554145887,0.785027241040576,0.188752331668981,0.0830871507825181,1.12890150519709,0.796501505197032,0.332400000000058,0.445999999999904,0.554000000000096,0.155694210243899,0.0416666666666803,1.19653813561015,0.167200000000025,"Lump-sum financing","step",0,0
377,2.58536554145887,0.785027241040576,0.188752331668981,0.0830871507825181,1.12890150519709,0.796501505197032,0.332400000000058,0.445999999999904,0.554000000000096,0.155694210243899,0.0416666666666803,1.19653813561015,0.167200000000025,"Lump-sum financing","step",0,0
378,2.58536554145887,0.785027241040576,0.188752331668981,0.0830871507825181,1.12890150519709,0.796501505197032,0.332400000000058,0.445999999999904,0.554000000000096,0.155694210243899,0.0416666666666803,1.19653813561015,0.167200000000025,"Lump-sum financing","step",0,0
379,2.58536554145887,0.785027241040576,0.188752331668981,0.0830871507825181,1.12890150519709,0.796501505197032,0.332400000000058,0.445999999999904,0.554000000000096,0.155694210243899,0.0416666666666803,1.19653813561015,0.167200000000025,"Lump-sum financing","step",0,0
380,2.58536554145887,0.785027241040576,0.188752331668981,0.0830871507825181,1.12890150519709,0.796501505197032,0.332400000000058,0.445999999999904,0.554000000000096,0.155694210243899,0.0416666666666803,1.19653813561015,0.167200000000025,"Lump-sum financing","step",0,0
381,2.58536554145887,0.785027241040576,0.188752331668981,0.0830871507825181,1.12890150519709,0.796501505197032,0.332400000000058,0.445999999999904,0.554000000000096,0.155694210243899,0.0416666666666803,1.19653813561015,0.167200000000025,"Lump-sum financing","step",0,0
382,2.58536554145887,0.785027241040576,0.188752331668981,0.0830871507825181,1.12890150519709,0.796501505197032,0.332400000000058,0.445999999999904,0.554000000000096,0.155694210243899,0.0416666666666803,1.19653813561015,0.167200000000025,"Lump-sum financing","step",0,0
383,2.58536554145887,0.785027241040576,0.188752331668981,0.0830871507825181,1.12890150519709,0.796501505197032,0.332400000000058,0.445999999999904,0.554000000000096,0.155694210243899,0.0416666666666803,1.19653813561015,0.167200000000025,"Lump-sum financing","step",0,0
384,2.58536554145887,0.785027241040576,0.188752331668981,0.0830871507825181,1.12890150519709,0.796501505197032,0.332400000000058,0.445999999999904,0.554000000000096,0.155694210243899,0.0416666666666803,1.19653813561015,0.167200000000025,"Lump-sum financing","step",0,0
385,2.58536554145887,0.785027241040576,0.188752331668981,0.0830871507825181,1.12890150519709,0.796501505197032,0.332400000000058,0.445999999999904,0.554000000000096,0.155694210243899,0.0416666666666803,1.19653813561015,0.167200000000025,"Lump-sum financing","step",0,0
386,2.58536554145887,0.785027241040576,0.188752331668981,0.0830871507825181,1.12890150519709,0.796501505197032,0.332400000000058,0.445999999999904,0.554000000000096,0.155694210243899,0.0416666666666803,1.19653813561015,0.167200000000025,"Lump-sum financing","step",0,0
387,2.58536554145887,0.785027241040576,0.188752331668981,0.0830871507825181,1.12890150519709,0.796501505197032,0.332400000000058,0.445999999999904,0.554000000000096,0.155694210243899,0.0416666666666803,1.19653813561015,0.167200000000025,"Lump-sum financing","step",0,0
388,2.58536554145887,0.785027241040576,0.188752331668981,0.0830871507825181,1.12890150519709,0.796501505197032,0.332400000000058,0.445999999999904,0.554000000000096,0.155694210243899,0.0416666666666803,1.19653813561015,0.167200000000025,"Lump-sum financing","step",0,0
389,2.58536554145887,0.785027241040576,0.188752331668981,0.0830871507825181,1.12890150519709,0.796501505197032,0.332400000000058,0.445999999999904,0.554000000000096,0.155694210243899,0.0416666666666803,1.19653813561015,0.167200000000025,"Lump-sum financing","step",0,0
390,2.58536554145887,0.785027241040576,0.188752331668981,0.0830871507825181,1.12890150519709,0.796501505197032,0.332400000000058,0.445999999999904,0.554000000000096,0.155694210243899,0.0416666666666803,1.19653813561015,0.167200000000025,"Lump-sum financing","step",0,0
391,2.58536554145887,0.785027241040576,0.188752331668981,0.0830871507825181,1.12890150519709,0.796501505197032,0.332400000000058,0.445999999999904,0.554000000000096,0.155694210243899,0.0416666666666803,1.19653813561015,0.167200000000025,"Lump-sum financing","step",0,0
392,2.58536554145887,0.785027241040576,0.188752331668981,0.0830871507825181,1.12890150519709,0.796501505197032,0.332400000000058,0.445999999999904,0.554000000000096,0.155694210243899,0.0416666666666803,1.19653813561015,0.167200000000025,"Lump-sum financing","step",0,0
393,2.58536554145887,0.785027241040576,0.188752331668981,0.0830871507825181,1.12890150519709,0.796501505197032,0.332400000000058,0.445999999999904,0.554000000000096,0.155694210243899,0.0416666666666803,1.19653813561015,0.167200000000025,"Lump-sum financing","step",0,0
394,2.58536554145887,0.785027241040576,0.188752331668981,0.0830871507825181,1.12890150519709,0.796501505197032,0.332400000000058,0.445999999999904,0.554000000000096,0.155694210243899,0.0416666666666803,1.19653813561015,0.167200000000025,"Lump-sum financing","step",0,0
395,2.58536554145887,0.785027241040576,0.188752331668981,0.0830871507825181,1.12890150519709,0.796501505197032,0.332400000000058,0.445999999999904,0.554000000000096,0.155694210243899,0.0416666666666803,1.19653813561015,0.167200000000025,"Lump-sum financing","step",0,0
396,2.58536554145887,0.785027241040576,0.188752331668981,0.0830871507825181,1.12890150519709,0.796501505197032,0.332400000000058,0.445999999999904,0.554000000000096,0.155694210243899,0.0416666666666803,1.19653813561015,0.167200000000025,"Lump-sum financing","step",0,0
397,2.58536554145887,0.785027241040576,0.188752331668981,0.0830871507825181,1.12890150519709,0.796501505197032,0.332400000000058,0.445999999999904,0.554000000000096,0.155694210243899,0.0416666666666803,1.19653813561015,0.167200000000025,"Lump-sum financing","step",0,0
398,2.58536554145887,0.785027241040576,0.188752331668981,0.0830871507825181,1.12890150519709,0.796501505197032,0.332400000000058,0.445999999999904,0.554000000000096,0.155694210243899,0.0416666666666803,1.19653813561015,0.167200000000025,"Lump-sum financing","step",0,0
399,2.58536554145887,0.785027241040576,0.188752331668981,0.0830871507825181,1.12890150519709,0.796501505197032,0.332400000000058,0.445999999999904,0.554000000000096,0.155694210243899,0.0416666666666803,1.19653813561015,0.167200000000025,"Lump-sum financing","step",0,0
400,2.58536554145887,0.785027241040576,0.188752331668981,0.0830871507825181,1.12890150519709,0.796501505197032,0.332400000000058,0.445999999999904,0.554000000000096,0.155694210243899,0.0416666666666803,1.19653813561015,0.167200000000025,"Lump-sum financing","step",0,0
401,2.58536554145887,0.785027241040576,0.188752331668981,0.0830871507825181,1.12890150519709,0.796501505197032,0.332400000000058,0.445999999999904,0.554000000000096,0.155694210243899,0.0416666666666803,1.19653813561015,0.167200000000025,"Lump-sum financing","step",0,0
402,2.58536554145887,0.785027241040576,0.188752331668981,0.0830871507825181,1.12890150519709,0.796501505197032,0.332400000000058,0.445999999999904,0.554000000000096,0.155694210243899,0.0416666666666803,1.19653813561015,0.167200000000025,"Lump-sum financing","step",0,0
403,2.58536554145887,0.785027241040576,0.188752331668981,0.0830871507825181,1.12890150519709,0.796501505197032,0.332400000000058,0.445999999999904,0.554000000000096,0.155694210243899,0.0416666666666803,1.19653813561015,0.167200000000025,"Lump-sum financing","step",0,0
404,2.58536554145887,0.785027241040576,0.188752331668981,0.0830871507825181,1.12890150519709,0.796501505197032,0.332400000000058,0.445999999999904,0.554000000000096,0.155694210243899,0.0416666666666803,1.19653813561015,0.167200000000025,"Lump-sum financing","step",0,0
405,2.58536554145887,0.785027241040576,0.188752331668981,0.0830871507825181,1.12890150519709,0.796501505197032,0.332400000000058,0.445999999999904,0.554000000000096,0.155694210243899,0.0416666666666803,1.19653813561015,0.167200000000025,"Lump-sum financing","step",0,0
406,2.58536554145887,0.785027241040576,0.188752331668981,0.0830871507825181,1.12890150519709,0.796501505197032,0.332400000000058,0.445999999999904,0.554000000000096,0.155694210243899,0.0416666666666803,1.19653813561015,0.167200000000025,"Lump-sum financing","step",0,0
407,2.58536554145887,0.785027241040576,0.188752331668981,0.0830871507825181,1.12890150519709,0.796501505197032,0.332400000000058,0.445999999999904,0.554000000000096,0.155694210243899,0.0416666666666803,1.19653813561015,0.167200000000025,"Lump-sum financing","step",0,0
408,2.58536554145887,0.785027241040576,0.188752331668981,0.0830871507825181,1.12890150519709,0.796501505197032,0.332400000000058,0.445999999999904,0.554000000000096,0.155694210243899,0.0416666666666803,1.19653813561015,0.167200000000025,"Lump-sum financing","step",0,0
409,2.58536554145887,0.785027241040576,0.188752331668981,0.0830871507825181,1.12890150519709,0.796501505197032,0.332400000000058,0.445999999999904,0.554000000000096,0.155694210243899,0.0416666666666803,1.19653813561015,0.167200000000025,"Lump-sum financing","step",0,0
410,2.58536554145887,0.785027241040576,0.188752331668981,0.0830871507825181,1.12890150519709,0.796501505197032,0.332400000000058,0.445999999999904,0.554000000000096,0.155694210243899,0.0416666666666803,1.19653813561015,0.167200000000025,"Lump-sum financing","step",0,0
411,2.58536554145887,0.785027241040576,0.188752331668981,0.0830871507825181,1.12890150519709,0.796501505197032,0.332400000000058,0.445999999999904,0.554000000000096,0.155694210243899,0.0416666666666803,1.19653813561015,0.167200000000025,"Lump-sum financing","step",0,0
412,2.58536554145887,0.785027241040576,0.188752331668981,0.0830871507825181,1.12890150519709,0.796501505197032,0.332400000000058,0.445999999999904,0.554000000000096,0.155694210243899,0.0416666666666803,1.19653813561015,0.167200000000025,"Lump-sum financing","step",0,0
413,2.58536554145887,0.785027241040576,0.188752331668981,0.0830871507825181,1.12890150519709,0.796501505197032,0.332400000000058,0.445999999999904,0.554000000000096,0.155694210243899,0.0416666666666803,1.19653813561015,0.167200000000025,"Lump-sum financing","step",0,0
414,2.58536554145887,0.785027241040576,0.188752331668981,0.0830871507825181,1.12890150519709,0.796501505197032,0.332400000000058,0.445999999999904,0.554000000000096,0.155694210243899,0.0416666666666803,1.19653813561015,0.167200000000025,"Lump-sum financing","step",0,0
415,2.58536554145887,0.785027241040576,0.188752331668981,0.0830871507825181,1.12890150519709,0.796501505197032,0.332400000000058,0.445999999999904,0.554000000000096,0.155694210243899,0.0416666666666803,1.19653813561015,0.167200000000025,"Lump-sum financing","step",0,0
416,2.58536554145887,0.785027241040576,0.188752331668981,0.0830871507825181,1.12890150519709,0.796501505197032,0.332400000000058,0.445999999999904,0.554000000000096,0.155694210243899,0.0416666666666803,1.19653813561015,0.167200000000025,"Lump-sum financing","step",0,0
417,2.58536554145887,0.785027241040576,0.188752331668981,0.0830871507825181,1.12890150519709,0.796501505197032,0.332400000000058,0.445999999999904,0.554000000000096,0.155694210243899,0.0416666666666803,1.19653813561015,0.167200000000025,"Lump-sum financing","step",0,0
418,2.58536554145887,0.785027241040576,0.188752331668981,0.0830871507825181,1.12890150519709,0.796501505197032,0.332400000000058,0.445999999999904,0.554000000000096,0.155694210243899,0.0416666666666803,1.19653813561015,0.167200000000025,"Lump-sum financing","step",0,0
419,2.58536554145887,0.785027241040576,0.188752331668981,0.0830871507825181,1.12890150519709,0.796501505197032,0.332400000000058,0.445999999999904,0.554000000000096,0.155694210243899,0.0416666666666803,1.19653813561015,0.167200000000025,"Lump-sum financing","step",0,0
420,2.58536554145887,0.785027241040576,0.188752331668981,0.0830871507825181,1.12890150519709,0.796501505197032,0.332400000000058,0.445999999999904,0.554000000000096,0.155694210243899,0.0416666666666803,1.19653813561015,0.167200000000025,"Lump-sum financing","step",0,0
421,2.58536554145887,0.785027241040576,0.188752331668981,0.0830871507825181,1.12890150519709,0.796501505197032,0.332400000000058,0.445999999999904,0.554000000000096,0.155694210243899,0.0416666666666803,1.19653813561015,0.167200000000025,"Lump-sum financing","step",0,0
422,2.58536554145887,0.785027241040576,0.188752331668981,0.0830871507825181,1.12890150519709,0.796501505197032,0.332400000000058,0.445999999999904,0.554000000000096,0.155694210243899,0.0416666666666803,1.19653813561015,0.167200000000025,"Lump-sum financing","step",0,0
423,2.58536554145887,0.785027241040576,0.188752331668981,0.0830871507825181,1.12890150519709,0.796501505197032,0.332400000000058,0.445999999999904,0.554000000000096,0.155694210243899,0.0416666666666803,1.19653813561015,0.167200000000025,"Lump-sum financing","step",0,0
424,2.58536554145887,0.785027241040576,0.188752331668981,0.0830871507825181,1.12890150519709,0.796501505197032,0.332400000000058,0.445999999999904,0.554000000000096,0.155694210243899,0.0416666666666803,1.19653813561015,0.167200000000025,"Lump-sum financing","step",0,0
425,2.58536554145887,0.785027241040576,0.188752331668981,0.0830871507825181,1.12890150519709,0.796501505197032,0.332400000000058,0.445999999999904,0.554000000000096,0.155694210243899,0.0416666666666803,1.19653813561015,0.167200000000025,"Lump-sum financing","step",0,0
426,2.58536554145887,0.785027241040576,0.188752331668981,0.0830871507825181,1.12890150519709,0.796501505197032,0.332400000000058,0.445999999999904,0.554000000000096,0.155694210243899,0.0416666666666803,1.19653813561015,0.167200000000025,"Lump-sum financing","step",0,0
427,2.58536554145887,0.785027241040576,0.188752331668981,0.0830871507825181,1.12890150519709,0.796501505197032,0.332400000000058,0.445999999999904,0.554000000000096,0.155694210243899,0.0416666666666803,1.19653813561015,0.167200000000025,"Lump-sum financing","step",0,0
428,2.58536554145887,0.785027241040576,0.188752331668981,0.0830871507825181,1.12890150519709,0.796501505197032,0.332400000000058,0.445999999999904,0.554000000000096,0.155694210243899,0.0416666666666803,1.19653813561015,0.167200000000025,"Lump-sum financing","step",0,0
429,2.58536554145887,0.785027241040576,0.188752331668981,0.0830871507825181,1.12890150519709,0.796501505197032,0.332400000000058,0.445999999999904,0.554000000000096,0.155694210243899,0.0416666666666803,1.19653813561015,0.167200000000025,"Lump-sum financing","step",0,0
430,2.58536554145887,0.785027241040576,0.188752331668981,0.0830871507825181,1.12890150519709,0.796501505197032,0.332400000000058,0.445999999999904,0.554000000000096,0.155694210243899,0.0416666666666803,1.19653813561015,0.167200000000025,"Lump-sum financing","step",0,0
431,2.58536554145887,0.785027241040576,0.188752331668981,0.0830871507825181,1.12890150519709,0.796501505197032,0.332400000000058,0.445999999999904,0.554000000000096,0.155694210243899,0.0416666666666803,1.19653813561015,0.167200000000025,"Lump-sum financing","step",0,0
432,2.58536554145887,0.785027241040576,0.188752331668981,0.0830871507825181,1.12890150519709,0.796501505197032,0.332400000000058,0.445999999999904,0.554000000000096,0.155694210243899,0.0416666666666803,1.19653813561015,0.167200000000025,"Lump-sum financing","step",0,0
433,2.58536554145887,0.785027241040576,0.188752331668981,0.0830871507825181,1.12890150519709,0.796501505197032,0.332400000000058,0.445999999999904,0.554000000000096,0.155694210243899,0.0416666666666803,1.19653813561015,0.167200000000025,"Lump-sum financing","step",0,0
434,2.58536554145887,0.785027241040576,0.188752331668981,0.0830871507825181,1.12890150519709,0.796501505197032,0.332400000000058,0.445999999999904,0.554000000000096,0.155694210243899,0.0416666666666803,1.19653813561015,0.167200000000025,"Lump-sum financing","step",0,0
435,2.58536554145887,0.785027241040576,0.188752331668981,0.0830871507825181,1.12890150519709,0.796501505197032,0.332400000000058,0.445999999999904,0.554000000000096,0.155694210243899,0.0416666666666803,1.19653813561015,0.167200000000025,"Lump-sum financing","step",0,0
436,2.58536554145887,0.785027241040576,0.188752331668981,0.0830871507825181,1.12890150519709,0.796501505197032,0.332400000000058,0.445999999999904,0.554000000000096,0.155694210243899,0.0416666666666803,1.19653813561015,0.167200000000025,"Lump-sum financing","step",0,0
437,2.58536554145887,0.785027241040576,0.188752331668981,0.0830871507825181,1.12890150519709,0.796501505197032,0.332400000000058,0.445999999999904,0.554000000000096,0.155694210243899,0.0416666666666803,1.19653813561015,0.167200000000025,"Lump-sum financing","step",0,0
438,2.58536554145887,0.785027241040576,0.188752331668981,0.0830871507825181,1.12890150519709,0.796501505197032,0.332400000000058,0.445999999999904,0.554000000000096,0.155694210243899,0.0416666666666803,1.19653813561015,0.167200000000025,"Lump-sum financing","step",0,0
439,2.58536554145887,0.785027241040576,0.188752331668981,0.0830871507825181,1.12890150519709,0.796501505197032,0.332400000000058,0.445999999999904,0.554000000000096,0.155694210243899,0.0416666666666803,1.19653813561015,0.167200000000025,"Lump-sum financing","step",0,0
440,2.58536554145887,0.785027241040576,0.188752331668981,0.0830871507825181,1.12890150519709,0.796501505197032,0.332400000000058,0.445999999999904,0.554000000000096,0.155694210243899,0.0416666666666803,1.19653813561015,0.167200000000025,"Lump-sum financing","step",0,0
441,2.58536554145887,0.785027241040576,0.188752331668981,0.0830871507825181,1.12890150519709,0.796501505197032,0.332400000000058,0.445999999999904,0.554000000000096,0.155694210243899,0.0416666666666803,1.19653813561015,0.167200000000025,"Lump-sum financing","step",0,0
442,2.58536554145887,0.785027241040576,0.188752331668981,0.0830871507825181,1.12890150519709,0.796501505197032,0.332400000000058,0.445999999999904,0.554000000000096,0.155694210243899,0.0416666666666803,1.19653813561015,0.167200000000025,"Lump-sum financing","step",0,0
443,2.58536554145887,0.785027241040576,0.188752331668981,0.0830871507825181,1.12890150519709,0.796501505197032,0.332400000000058,0.445999999999904,0.554000000000096,0.155694210243899,0.0416666666666803,1.19653813561015,0.167200000000025,"Lump-sum financing","step",0,0
444,2.58536554145887,0.785027241040576,0.188752331668981,0.0830871507825181,1.12890150519709,0.796501505197032,0.332400000000058,0.445999999999904,0.554000000000096,0.155694210243899,0.0416666666666803,1.19653813561015,0.167200000000025,"Lump-sum financing","step",0,0
445,2.58536554145887,0.785027241040576,0.188752331668981,0.0830871507825181,1.12890150519709,0.796501505197032,0.332400000000058,0.445999999999904,0.554000000000096,0.155694210243899,0.0416666666666803,1.19653813561015,0.167200000000025,"Lump-sum financing","step",0,0
446,2.58536554145887,0.785027241040576,0.188752331668981,0.0830871507825181,1.12890150519709,0.796501505197032,0.332400000000058,0.445999999999904,0.554000000000096,0.155694210243899,0.0416666666666803,1.19653813561015,0.167200000000025,"Lump-sum financing","step",0,0
447,2.58536554145887,0.785027241040576,0.188752331668981,0.0830871507825181,1.12890150519709,0.796501505197032,0.332400000000058,0.445999999999904,0.554000000000096,0.155694210243899,0.0416666666666803,1.19653813561015,0.167200000000025,"Lump-sum financing","step",0,0
448,2.58536554145887,0.785027241040576,0.188752331668981,0.0830871507825181,1.12890150519709,0.796501505197032,0.332400000000058,0.445999999999904,0.554000000000096,0.155694210243899,0.0416666666666803,1.19653813561015,0.167200000000025,"Lump-sum financing","step",0,0
449,2.58536554145887,0.785027241040576,0.188752331668981,0.0830871507825181,1.12890150519709,0.796501505197032,0.332400000000058,0.445999999999904,0.554000000000096,0.155694210243899,0.0416666666666803,1.19653813561015,0.167200000000025,"Lump-sum financing","step",0,0
450,2.58536554145887,0.785027241040576,0.188752331668981,0.0830871507825181,1.12890150519709,0.796501505197032,0.332400000000058,0.445999999999904,0.554000000000096,0.155694210243899,0.0416666666666803,1.19653813561015,0.167200000000025,"Lump-sum financing","step",0,0
451,2.58536554145887,0.785027241040576,0.188752331668981,0.0830871507825181,1.12890150519709,0.796501505197032,0.332400000000058,0.445999999999904,0.554000000000096,0.155694210243899,0.0416666666666803,1.19653813561015,0.167200000000025,"Lump-sum financing","step",0,0
452,2.58536554145887,0.785027241040576,0.188752331668981,0.0830871507825181,1.12890150519709,0.796501505197032,0.332400000000058,0.445999999999904,0.554000000000096,0.155694210243899,0.0416666666666803,1.19653813561015,0.167200000000025,"Lump-sum financing","step",0,0
453,2.58536554145887,0.785027241040576,0.188752331668981,0.0830871507825181,1.12890150519709,0.796501505197032,0.332400000000058,0.445999999999904,0.554000000000096,0.155694210243899,0.0416666666666803,1.19653813561015,0.167200000000025,"Lump-sum financing","step",0,0
454,2.58536554145887,0.785027241040576,0.188752331668981,0.0830871507825181,1.12890150519709,0.796501505197032,0.332400000000058,0.445999999999904,0.554000000000096,0.155694210243899,0.0416666666666803,1.19653813561015,0.167200000000025,"Lump-sum financing","step",0,0
455,2.58536554145887,0.785027241040576,0.188752331668981,0.0830871507825181,1.12890150519709,0.796501505197032,0.332400000000058,0.445999999999904,0.554000000000096,0.155694210243899,0.0416666666666803,1.19653813561015,0.167200000000025,"Lump-sum financing","step",0,0
456,2.58536554145887,0.785027241040576,0.188752331668981,0.0830871507825181,1.12890150519709,0.796501505197032,0.332400000000058,0.445999999999904,0.554000000000096,0.155694210243899,0.0416666666666803,1.19653813561015,0.167200000000025,"Lump-sum financing","step",0,0
457,2.58536554145887,0.785027241040576,0.188752331668981,0.0830871507825181,1.12890150519709,0.796501505197032,0.332400000000058,0.445999999999904,0.554000000000096,0.155694210243899,0.0416666666666803,1.19653813561015,0.167200000000025,"Lump-sum financing","step",0,0
458,2.58536554145887,0.785027241040576,0.188752331668981,0.0830871507825181,1.12890150519709,0.796501505197032,0.332400000000058,0.445999999999904,0.554000000000096,0.155694210243899,0.0416666666666803,1.19653813561015,0.167200000000025,"Lump-sum financing","step",0,0
459,2.58536554145887,0.785027241040576,0.188752331668981,0.0830871507825181,1.12890150519709,0.796501505197032,0.332400000000058,0.445999999999904,0.554000000000096,0.155694210243899,0.0416666666666803,1.19653813561015,0.167200000000025,"Lump-sum financing","step",0,0
460,2.58536554145887,0.785027241040576,0.188752331668981,0.0830871507825181,1.12890150519709,0.796501505197032,0.332400000000058,0.445999999999904,0.554000000000096,0.155694210243899,0.0416666666666803,1.19653813561015,0.167200000000025,"Lump-sum financing","step",0,0
461,2.58536554145887,0.785027241040576,0.188752331668981,0.0830871507825181,1.12890150519709,0.796501505197032,0.332400000000058,0.445999999999904,0.554000000000096,0.155694210243899,0.0416666666666803,1.19653813561015,0.167200000000025,"Lump-sum financing","step",0,0
462,2.58536554145887,0.785027241040576,0.188752331668981,0.0830871507825181,1.12890150519709,0.796501505197032,0.332400000000058,0.445999999999904,0.554000000000096,0.155694210243899,0.0416666666666803,1.19653813561015,0.167200000000025,"Lump-sum financing","step",0,0
463,2.58536554145887,0.785027241040576,0.188752331668981,0.0830871507825181,1.12890150519709,0.796501505197032,0.332400000000058,0.445999999999904,0.554000000000096,0.155694210243899,0.0416666666666803,1.19653813561015,0.167200000000025,"Lump-sum financing","step",0,0
464,2.58536554145887,0.785027241040576,0.188752331668981,0.0830871507825181,1.12890150519709,0.796501505197032,0.332400000000058,0.445999999999904,0.554000000000096,0.155694210243899,0.0416666666666803,1.19653813561015,0.167200000000025,"Lump-sum financing","step",0,0
465,2.58536554145887,0.785027241040576,0.188752331668981,0.0830871507825181,1.12890150519709,0.796501505197032,0.332400000000058,0.445999999999904,0.554000000000096,0.155694210243899,0.0416666666666803,1.19653813561015,0.167200000000025,"Lump-sum financing","step",0,0
466,2.58536554145887,0.785027241040576,0.188752331668981,0.0830871507825181,1.12890150519709,0.796501505197032,0.332400000000058,0.445999999999904,0.554000000000096,0.155694210243899,0.0416666666666803,1.19653813561015,0.167200000000025,"Lump-sum financing","step",0,0
467,2.58536554145887,0.785027241040576,0.188752331668981,0.0830871507825181,1.12890150519709,0.796501505197032,0.332400000000058,0.445999999999904,0.554000000000096,0.155694210243899,0.0416666666666803,1.19653813561015,0.167200000000025,"Lump-sum financing","step",0,0
468,2.58536554145887,0.785027241040576,0.188752331668981,0.0830871507825181,1.12890150519709,0.796501505197032,0.332400000000058,0.445999999999904,0.554000000000096,0.155694210243899,0.0416666666666803,1.19653813561015,0.167200000000025,"Lump-sum financing","step",0,0
469,2.58536554145887,0.785027241040576,0.188752331668981,0.0830871507825181,1.12890150519709,0.796501505197032,0.332400000000058,0.445999999999904,0.554000000000096,0.155694210243899,0.0416666666666803,1.19653813561015,0.167200000000025,"Lump-sum financing","step",0,0
470,2.58536554145887,0.785027241040576,0.188752331668981,0.0830871507825181,1.12890150519709,0.796501505197032,0.332400000000058,0.445999999999904,0.554000000000096,0.155694210243899,0.0416666666666803,1.19653813561015,0.167200000000025,"Lump-sum financing","step",0,0
471,2.58536554145887,0.785027241040576,0.188752331668981,0.0830871507825181,1.12890150519709,0.796501505197032,0.332400000000058,0.445999999999904,0.554000000000096,0.155694210243899,0.0416666666666803,1.19653813561015,0.167200000000025,"Lump-sum financing","step",0,0
472,2.58536554145887,0.785027241040576,0.188752331668981,0.0830871507825181,1.12890150519709,0.796501505197032,0.332400000000058,0.445999999999904,0.554000000000096,0.155694210243899,0.0416666666666803,1.19653813561015,0.167200000000025,"Lump-sum financing","step",0,0
473,2.58536554145887,0.785027241040576,0.188752331668981,0.0830871507825181,1.12890150519709,0.796501505197032,0.332400000000058,0.445999999999904,0.554000000000096,0.155694210243899,0.0416666666666803,1.19653813561015,0.167200000000025,"Lump-sum financing","step",0,0
474,2.58536554145887,0.785027241040576,0.188752331668981,0.0830871507825181,1.12890150519709,0.796501505197032,0.332400000000058,0.445999999999904,0.554000000000096,0.155694210243899,0.0416666666666803,1.19653813561015,0.167200000000025,"Lump-sum financing","step",0,0
475,2.58536554145887,0.785027241040576,0.188752331668981,0.0830871507825181,1.12890150519709,0.796501505197032,0.332400000000058,0.445999999999904,0.554000000000096,0.155694210243899,0.0416666666666803,1.19653813561015,0.167200000000025,"Lump-sum financing","step",0,0
476,2.58536554145887,0.785027241040576,0.188752331668981,0.0830871507825181,1.12890150519709,0.796501505197032,0.332400000000058,0.445999999999904,0.554000000000096,0.155694210243899,0.0416666666666803,1.19653813561015,0.167200000000025,"Lump-sum financing","step",0,0
477,2.58536554145887,0.785027241040576,0.188752331668981,0.0830871507825181,1.12890150519709,0.796501505197032,0.332400000000058,0.445999999999904,0.554000000000096,0.155694210243899,0.0416666666666803,1.19653813561015,0.167200000000025,"Lump-sum financing","step",0,0
478,2.58536554145887,0.785027241040576,0.188752331668981,0.0830871507825181,1.12890150519709,0.796501505197032,0.332400000000058,0.445999999999904,0.554000000000096,0.155694210243899,0.0416666666666803,1.19653813561015,0.167200000000025,"Lump-sum financing","step",0,0
479,2.58536554145887,0.785027241040576,0.188752331668981,0.0830871507825181,1.12890150519709,0.796501505197032,0.332400000000058,0.445999999999904,0.554000000000096,0.155694210243899,0.0416666666666803,1.19653813561015,0.167200000000025,"Lump-sum financing","step",0,0
480,2.58536554145887,0.785027241040576,0.188752331668981,0.0830871507825181,1.12890150519709,0.796501505197032,0.332400000000058,0.445999999999904,0.554000000000096,0.155694210243899,0.0416666666666803,1.19653813561015,0.167200000000025,"Lump-sum financing","step",0,0
481,2.58536554145887,0.785027241040576,0.188752331668981,0.0830871507825181,1.12890150519709,0.796501505197032,0.332400000000058,0.445999999999904,0.554000000000096,0.155694210243899,0.0416666666666803,1.19653813561015,0.167200000000025,"Lump-sum financing","step",0,0
482,2.58536554145887,0.785027241040576,0.188752331668981,0.0830871507825181,1.12890150519709,0.796501505197032,0.332400000000058,0.445999999999904,0.554000000000096,0.155694210243899,0.0416666666666803,1.19653813561015,0.167200000000025,"Lump-sum financing","step",0,0
483,2.58536554145887,0.785027241040576,0.188752331668981,0.0830871507825181,1.12890150519709,0.796501505197032,0.332400000000058,0.445999999999904,0.554000000000096,0.155694210243899,0.0416666666666803,1.19653813561015,0.167200000000025,"Lump-sum financing","step",0,0
484,2.58536554145887,0.785027241040576,0.188752331668981,0.0830871507825181,1.12890150519709,0.796501505197032,0.332400000000058,0.445999999999904,0.554000000000096,0.155694210243899,0.0416666666666803,1.19653813561015,0.167200000000025,"Lump-sum financing","step",0,0
485,2.58536554145887,0.785027241040576,0.188752331668981,0.0830871507825181,1.12890150519709,0.796501505197032,0.332400000000058,0.445999999999904,0.554000000000096,0.155694210243899,0.0416666666666803,1.19653813561015,0.167200000000025,"Lump-sum financing","step",0,0
486,2.58536554145887,0.785027241040576,0.188752331668981,0.0830871507825181,1.12890150519709,0.796501505197032,0.332400000000058,0.445999999999904,0.554000000000096,0.155694210243899,0.0416666666666803,1.19653813561015,0.167200000000025,"Lump-sum financing","step",0,0
487,2.58536554145887,0.785027241040576,0.188752331668981,0.0830871507825181,1.12890150519709,0.796501505197032,0.332400000000058,0.445999999999904,0.554000000000096,0.155694210243899,0.0416666666666803,1.19653813561015,0.167200000000025,"Lump-sum financing","step",0,0
488,2.58536554145887,0.785027241040576,0.188752331668981,0.0830871507825181,1.12890150519709,0.796501505197032,0.332400000000058,0.445999999999904,0.554000000000096,0.155694210243899,0.0416666666666803,1.19653813561015,0.167200000000025,"Lump-sum financing","step",0,0
489,2.58536554145887,0.785027241040576,0.188752331668981,0.0830871507825181,1.12890150519709,0.796501505197032,0.332400000000058,0.445999999999904,0.554000000000096,0.155694210243899,0.0416666666666803,1.19653813561015,0.167200000000025,"Lump-sum financing","step",0,0
490,2.58536554145887,0.785027241040576,0.188752331668981,0.0830871507825181,1.12890150519709,0.796501505197032,0.332400000000058,0.445999999999904,0.554000000000096,0.155694210243899,0.0416666666666803,1.19653813561015,0.167200000000025,"Lump-sum financing","step",0,0
491,2.58536554145887,0.785027241040576,0.188752331668981,0.0830871507825181,1.12890150519709,0.796501505197032,0.332400000000058,0.445999999999904,0.554000000000096,0.155694210243899,0.0416666666666803,1.19653813561015,0.167200000000025,"Lump-sum financing","step",0,0
492,2.58536554145887,0.785027241040576,0.188752331668981,0.0830871507825181,1.12890150519709,0.796501505197032,0.332400000000058,0.445999999999904,0.554000000000096,0.155694210243899,0.0416666666666803,1.19653813561015,0.167200000000025,"Lump-sum financing","step",0,0
493,2.58536554145887,0.785027241040576,0.188752331668981,0.0830871507825181,1.12890150519709,0.796501505197032,0.332400000000058,0.445999999999904,0.554000000000096,0.155694210243899,0.0416666666666803,1.19653813561015,0.167200000000025,"Lump-sum financing","step",0,0
494,2.58536554145887,0.785027241040576,0.188752331668981,0.0830871507825181,1.12890150519709,0.796501505197032,0.332400000000058,0.445999999999904,0.554000000000096,0.155694210243899,0.0416666666666803,1.19653813561015,0.167200000000025,"Lump-sum financing","step",0,0
495,2.58536554145887,0.785027241040576,0.188752331668981,0.0830871507825181,1.12890150519709,0.796501505197032,0.332400000000058,0.445999999999904,0.554000000000096,0.155694210243899,0.0416666666666803,1.19653813561015,0.167200000000025,"Lump-sum financing","step",0,0
496,2.58536554145887,0.785027241040576,0.188752331668981,0.0830871507825181,1.12890150519709,0.796501505197032,0.332400000000058,0.445999999999904,0.554000000000096,0.155694210243899,0.0416666666666803,1.19653813561015,0.167200000000025,"Lump-sum financing","step",0,0
497,2.58536554145887,0.785027241040576,0.188752331668981,0.0830871507825181,1.12890150519709,0.796501505197032,0.332400000000058,0.445999999999904,0.554000000000096,0.155694210243899,0.0416666666666803,1.19653813561015,0.167200000000025,"Lump-sum financing","step",0,0
498,2.58536554145887,0.785027241040576,0.188752331668981,0.0830871507825181,1.12890150519709,0.796501505197032,0.332400000000058,0.445999999999904,0.554000000000096,0.155694210243899,0.0416666666666803,1.19653813561015,0.167200000000025,"Lump-sum financing","step",0,0
499,2.58536554145887,0.785027241040576,0.188752331668981,0.0830871507825181,1.12890150519709,0.796501505197032,0.332400000000058,0.445999999999904,0.554000000000096,0.155694210243899,0.0416666666666803,1.19653813561015,0.167200000000025,"Lump-sum financing","step",0,0
500,2.58536554145887,0.785027241040576,0.188752331668981,0.0830871507825181,1.12890150519709,0.796501505197032,0.332400000000058,0.445999999999904,0.554000000000096,0.155694210243899,0.0416666666666803,1.19653813561015,0.167200000000025,"Lump-sum financing","step",0,0
0,2.58536554145887,0.807605271144521,0.166174301565036,0.0830871507825181,1.12890150519709,0.796501505197032,0.332400000000058,0.445999999999904,0.554000000000096,0.155694210243899,0.0416666666666803,1.19653813561015,0.147200000000022,"Mixed financing","step",0.21117297271648,0.0531083911860217
1,2.58536543604877,0.782336907317482,0.188752331668981,0.0943761658344906,1.11955543932455,0.777863603953204,0.341691835371342,0.43051360771443,0.56948639228557,0.181085666292694,0.0392877005801027,1.21057408014464,0.168595788148607,"Mixed financing","step",0.211172867306382,0.0278400273589826
2,2.57870971022393,0.78147082891664,0.188752331668981,0.0943761658344906,1.11850914584581,0.77643862826434,0.342070517581467,0.429882470697555,0.570117529302445,0.181418007655779,0.0393616095333903,1.21013048076367,0.168753498681719,"Mixed financing","step",0.204517141481537,0.0269739489581406
3,2.57227311287068,0.78063257781405,0.188752331668981,0.0943761658344906,1.11749606664019,0.775058319769465,0.342437746870721,0.429270421882132,0.570729578117868,0.181741096655282,0.0394331605940875,1.20970150230413,0.168906484151193,"Mixed financing","step",0.198080544128286,0.02613569785555
4,2.56604788325559,0.779821209518833,0.188752331668981,0.0943761658344906,1.11651509758684,0.773721226553754,0.342793871033084,0.428676881611527,0.571323118388473,0.182055169449221,0.0395024319027124,1.20928663062542,0.169054885220037,"Mixed financing","step",0.191855314513199,0.025324329560333
5,2.56002656665928,0.779035814379531,0.188752331668981,0.0943761658344906,1.11556517399324,0.772425946690345,0.343139227302891,0.428101287828515,0.571898712171485,0.182360457478484,0.039569498897993,1.20888537128119,0.169198838462598,"Mixed financing","step",0.185833997916887,0.0245389344210313
6,2.55420200060445,0.778275516153387,0.188752331668981,0.0943761658344906,1.11464526904643,0.771171126378222,0.343474142668208,0.427543095552987,0.572456904447013,0.182657187475686,0.0396344344122311,1.20849724869285,0.169338476473737,"Mixed financing","step",0.180009431862054,0.023778636194887
7,2.54856730179224,0.777539470641405,0.188752331668981,0.0943761658344906,1.11375439233173,0.769955458155803,0.34379893417593,0.42700177637345,0.57299822362655,0.182945581480895,0.039697308763529,1.20812180536039,0.169473927976,"Mixed financing","step",0.174374733049848,0.0230425906829056
8,2.54311585370605,0.776826864385868,0.188752331668981,0.0943761658344906,1.11289158841565,0.768777679186937,0.344113909228713,0.426476817952146,0.573523182047854,0.183225856863686,0.0397581898449417,1.20775860110888,0.169605317924719,"Mixed financing","step",0.168923284963659,0.0223299844273679
9,2.53784129484449,0.776136913427143,0.188752331668981,0.0943761658344906,1.11205593548998,0.767636569616142,0.344419365873841,0.425967723543599,0.574032276456401,0.183498226350967,0.0398171432106237,1.20740721236869,0.169732767611024,"Mixed financing","step",0.163648726102096,0.0216400334686436
10,2.53273750754768,0.775468862116826,0.188752331668981,0.0943761658344906,1.11124654407425,0.766530950990081,0.344715593084169,0.425474011526385,0.574525988473615,0.183762898060101,0.0398742321590407,1.20706723148825,0.169856394762717,"Mixed financing","step",0.158544938805284,0.0209719821583262
11,2.52779860738325,0.774821981985236,0.188752331668981,0.0943761658344906,1.11046255578262,0.765459684760209,0.34500287102241,0.424995214962649,0.575004785037351,0.184020075532559,0.0399295178156456,1.20673826606357,0.16997631364162,"Mixed financing","step",0.153606038640861,0.0203251020267361
12,2.52301893305968,0.774195570655423,0.188752331668981,0.0943761658344906,1.10970314208982,0.764421670738777,0.345281471351048,0.424530881081587,0.575469118918413,0.184269957797727,0.0399830591987989,1.2064199383803,0.170092635147016,"Mixed financing","step",0.148826364317286,0.019698690696923
13,2.51839303684152,0.773588950814613,0.188752331668981,0.0943761658344906,1.10896750328745,0.763415845890712,0.345551657396739,0.424080571005434,0.575919428994565,0.184512739373853,0.0400349133191274,1.20611188466878,0.170205466895503,"Mixed financing","step",0.144200468099124,0.0190920708561131
14,2.5139156754293,0.773001469219288,0.188752331668981,0.0943761658344906,1.10825486726579,0.762441182738916,0.34581368452687,0.423643859121884,0.576356140878116,0.184748610378956,0.0400851352187362,1.20581375472766,0.17031491333276,"Mixed financing","step",0.139723106686909,0.0185045892607884
15,2.50958180129829,0.772432495759438,0.188752331668981,0.0943761658344906,1.10756448863122,0.761496688397562,0.346067800233654,0.42322033294391,0.576779667056091,0.184977756506227,0.0401337780825446,1.20552521112918,0.170421075798711,"Mixed financing","step",0.135389232555899,0.0179356158009382
16,2.50538655443368,0.771881422545688,0.188752331668981,0.0943761658344906,1.10689564751062,0.760581402948555,0.346314244562064,0.42280959239656,0.57719040760344,0.185200359173428,0.0401808932553155,1.20524592899392,0.170524052645324,"Mixed financing","step",0.131193985691286,0.0173845425871882
17,2.50132525445288,0.771347663051559,0.188752331668981,0.0943761658344906,1.10624764874841,0.759694398566081,0.346553250182325,0.422411249696126,0.577588750303874,0.185416595505476,0.0402265303484661,1.20497559524145,0.170623939298342,"Mixed financing","step",0.127132685710492,0.0168507830930591
18,2.49739339321188,0.770830651285864,0.188752331668981,0.0943761658344906,1.10561982092781,0.758834778247871,0.346785042679941,0.422024928866765,0.577975071133235,0.185626638425751,0.0402707372824992,1.2047139082312,0.170720828350006,"Mixed financing","step",0.123200824469486,0.0163337713273648
19,2.49358662759061,0.770329841002572,0.188752331668981,0.0943761658344906,1.10501151548857,0.758001674724721,0.347009840763846,0.421650265393591,0.578349734606409,0.185830656717029,0.0403135603517623,1.20446057727842,0.170814809640718,"Mixed financing","step",0.119394058848216,0.0158329610440727
20,2.48990077275083,0.769844704944511,0.188752331668981,0.0943761658344906,1.10442210588887,0.757194249415215,0.347227856473655,0.421286905877241,0.578713094122759,0.186028815083434,0.0403550442819298,1.20421532222039,0.170905970337372,"Mixed financing","step",0.11570820400844,0.0153478249860108
21,2.48633179565997,0.769374734119507,0.188752331668981,0.0943761658344906,1.10385098679364,0.756411691409872,0.34743929538377,0.420934507693716,0.579065492306284,0.18622127421663,0.0403952322859628,1.20397787299817,0.170994395010916,"Mixed financing","step",0.112139226917578,0.0148778541610068
22,2.48287580892449,0.768919437107378,0.188752331668981,0.0943761658344906,1.10329757329707,0.755653216496138,0.34764435680093,0.420592738665117,0.579407261334883,0.186408190862802,0.0404341661179355,1.20374796925709,0.171080165711702,"Mixed financing","step",0.108683240182098,0.0144225571488782
23,2.47952906490884,0.768478339396306,0.188752331668981,0.0943761658344906,1.1027613001767,0.754918066220846,0.347843233955852,0.420261276740247,0.579738723259753,0.18658971789065,0.0404718861248913,1.20352535996455,0.171163362042844,"Mixed financing","step",0.105336496166447,0.0139814594378063
24,2.47628795012497,0.768050982747203,0.188752331668981,0.0943761658344906,1.10224162117765,0.754205506988536,0.348036114189117,0.419939809684804,0.580060190315196,0.186766004360193,0.0405084312967952,1.20330980304439,0.171244061231616,"Mixed financing","step",0.102095381382573,0.0135541027887037
25,2.47314897987831,0.767636924584757,0.188752331668981,0.0943761658344906,1.10173800832561,0.753514829194159,0.348223179131455,0.419628034780908,0.580371965219092,0.186937195592214,0.040543839314649,1.20310106502697,0.171322338198934,"Mixed financing","step",0.0989564111359145,0.0131400446262571
26,2.47010879315697,0.767235737413891,0.188752331668981,0.0943761658344906,1.10124995126728,0.752845346388708,0.348404604878577,0.419325658535705,0.580674341464295,0.187103433238164,0.0405781465968354,1.20289892071435,0.171398265626955,"Mixed financing","step",0.0959162244145766,0.0127388574553913
27,2.46716414775155,0.766847008260472,0.188752331668981,0.0943761658344906,1.10077695663713,0.752196394476414,0.348580562160715,0.419032396398808,0.580967603601192,0.187264855350379,0.0406113883437534,1.20270315285969,0.171471914024817,"Mixed financing","step",0.0929715790091579,0.0123501283019727
28,2.46431191559381,0.766470338135122,0.188752331668981,0.0943761658344906,1.10031854744921,0.751567330942188,0.348751216507018,0.418747972488303,0.581252027511697,0.187421596452464,0.0406435985808067,1.20251355186044,0.171543351792581,"Mixed financing","step",0.0901193468514183,0.0119734581766221
29,2.46154907830304,0.76610534151907,0.188752331668981,0.0943761658344906,1.099874262513,0.750957534108072,0.348916728404932,0.418472119325113,0.581527880674887,0.187573787609715,0.040674810199805,1.20232991546449,0.171612645283396,"Mixed financing","step",0.0873565095606499,0.0116084615605707
30,2.45887272292964,0.765751645871044,0.188752331668981,0.0943761658344906,1.09944365587222,0.750366402417481,0.349077253454736,0.41820457757544,0.58179542242456,0.18772155649945,0.0407050549988368,1.20215204848881,0.171679858863926,"Mixed financing","step",0.0846801541872444,0.0112547659125445
31,2.45628003788593,0.765408891154213,0.188752331668981,0.0943761658344906,1.09902629626546,0.749793353746111,0.349232942519347,0.417945095801089,0.582054904198911,0.187865027481158,0.0407343637206677,1.20197976254991,0.171745054973089,"Mixed financing","step",0.0820874691435365,0.0109120111957133
32,2.45376830905496,0.765076729382292,0.188752331668981,0.0943761658344906,1.09862176660797,0.749237824738426,0.349383941869545,0.417693430217425,0.582306569782575,0.188004321666327,0.0407627660897233,1.20181287580569,0.171808294179133,"Mixed financing","step",0.0795757403125683,0.0105798494237926
33,2.45133491606832,0.764754824183927,0.188752331668981,0.0943761658344906,1.09822966349342,0.748699270168663,0.349530393324753,0.417449344458746,0.582550655541255,0.188139556987908,0.0407902908477044,1.20165121270798,0.171869635235101,"Mixed financing","step",0.077142347325927,0.0102579442254273
34,2.44897732874471,0.764442850384533,0.188752331668981,0.0943761658344906,1.09784959671486,0.748177162325364,0.349672434389494,0.417212609350844,0.582787390649156,0.188270848269285,0.0408169657878885,1.20149460376557,0.171929135132711,"Mixed financing","step",0.0747847600023182,0.00994597042603296
35,2.44669310368137,0.764140493604813,0.188752331668981,0.0943761658344906,1.09748118880416,0.747670990418498,0.349810198385662,0.416983002690564,0.583016997309436,0.188398307292701,0.0408428177881668,1.20134288531692,0.1719868491547,"Mixed financing","step",0.0725005349389747,0.00964361364631316
36,2.44447988099085,0.763847449875205,0.188752331668981,0.0943761658344906,1.09712407458897,0.74718026000825,0.349943814580723,0.416760309032128,0.583239690967872,0.188522042867068,0.0408678728428633,1.20119589931232,0.172042830925659,"Mixed financing","step",0.0702873122484577,0.00935056991670502
37,2.44233538117619,0.763563425265546,0.188752331668981,0.0943761658344906,1.09677790076658,0.746704492454603,0.350073408311981,0.416544319480032,0.583455680519968,0.188642160895083,0.0408921560933827,1.20105349310511,0.172097132461417,"Mixed financing","step",0.0681428124337939,0.00906654530704643
38,2.44025740213767,0.763288135529292,0.188752331668981,0.0943761658344906,1.0964423254939,0.746243224386895,0.350199101107003,0.416334831488327,0.583665168511672,0.188758764439612,0.0409156918577323,1.20091551925133,0.172149804216977,"Mixed financing","step",0.0660648333952794,0.00879125557079186
39,2.43824381630504,0.763021305761637,0.188752331668981,0.0943761658344906,1.0961170179929,0.745796007192542,0.350321010800356,0.416131648666074,0.583868351333926,0.188871953789284,0.0409385036589584,1.20078183531764,0.172200895133082,"Mixed financing","step",0.0640512475626447,0.00852442580313684
40,2.43629256788901,0.762762670070941,0.188752331668981,0.0943761658344906,1.0958016581709,0.745362406524174,0.350439251646723,0.415934580588794,0.584065419411206,0.188981826523248,0.0409606142525419,1.20065230369704,0.172250452681414,"Mixed financing","step",0.0620999991466218,0.00826579011244133
41,2.43440167024665,0.762511971262874,0.188752331668981,0.0943761658344906,1.09549593625502,0.744942001824464,0.350553934430553,0.415743442615745,0.584256557384255,0.189088477575056,0.0409820456527891,1.20052679143204,0.17229852290848,"Mixed financing","step",0.0602091015042565,0.00801509130437428
42,2.43256920335501,0.762268960536726,0.188752331668981,0.0943761658344906,1.09519955244024,0.744534385867928,0.35066516657231,0.415558055712817,0.584441944287183,0.189191999295637,0.041002819158259,1.200405170045,0.17234515047821,"Mixed financing","step",0.0583766346126189,0.0077720805782262
43,2.43079331138824,0.762033397193367,0.188752331668981,0.0943761658344906,1.09491221655053,0.74413916431907,0.350773052231457,0.415378246280904,0.584621753719096,0.189292481515332,0.0410229553762631,1.20028731537523,0.172390378713316,"Mixed financing","step",0.0566007426458488,0.0075365172348677
44,2.42907220039312,0.761805048354351,0.188752331668981,0.0943761658344906,1.09463364771245,0.743755955306193,0.350877692406257,0.415203845989572,0.584796154010428,0.189390011604966,0.0410424742464721,1.20017310742267,0.172434249635422,"Mixed financing","step",0.0548796316507327,0.0073081683958518
45,2.42740413605865,0.761583688691687,0.188752331668981,0.0943761658344906,1.09436357404079,0.7433843890103,0.350979185030488,0.415034691615853,0.584965308384147,0.189484674535923,0.0410613950636654,1.20006243019777,0.172476804004029,"Mixed financing","step",0.0532115673162621,0.0070868087331869
46,2.42578744157525,0.761369100167826,0.188752331668981,0.0943761658344906,1.09410173233567,0.74302410726848,0.351077625067188,0.414870624888019,0.585129375111981,0.189576552939224,0.0410797364996547,1.19995517157729,0.172518081354315,"Mixed financing","step",0.0515948728328626,0.00687222020932621
47,2.4242204955796,0.761161071785442,0.188752331668981,0.0943761658344906,1.09384786779072,0.742674763191232,0.351173104599488,0.414711492334187,0.585288507665813,0.189665727163577,0.0410975166244152,1.19985122316589,0.172558120033831,"Mixed financing","step",0.0500279268372084,0.00666419182694244
48,2.42270173018112,0.760959399346577,0.188752331668981,0.0943761658344906,1.09360173371184,0.74233602079319,0.35126571291865,0.414557145135583,0.585442854864417,0.189752275332393,0.0411147529264524,1.19975048016304,0.172596957238106,"Mixed financing","step",0.0485091614387283,0.00646251938807685
49,2.42122962906653,0.76076388522077,0.188752331668981,0.0943761658344906,1.09336309124612,0.742007554636726,0.351355536609392,0.414407438984346,0.585592561015654,0.189836273399757,0.0411314623324357,1.19965284123528,0.172634629045195,"Mixed financing","step",0.0470370603241426,0.00626700526227042
50,2.41980272567891,0.760574338121804,0.188752331668981,0.0943761658344906,1.09313170912053,0.74168904948796,0.351442659632571,0.414262233945715,0.585737766054285,0.189917795205346,0.0411476612261262,1.19955820839331,0.172671170449204,"Mixed financing","step",0.0456101569365162,0.00607745816330441
51,2.41841960146792,0.760390572892693,0.188752331668981,0.0943761658344906,1.09290736339001,0.741380199984693,0.351527163405316,0.414121394324474,0.585878605675526,0.189996912528296,0.041163365466625,1.19946648687401,0.172706615392822,"Mixed financing","step",0.044227032725527,0.00589369293419317
52,2.41707888420818,0.76021241029859,0.188752331668981,0.0943761658344906,1.0926898371945,0.741080710315808,0.351609126878694,0.41398478853551,0.58601521146449,0.190073695140001,0.0411785904059693,1.1993775850269,0.172740996798877,"Mixed financing","step",0.0428863154657857,0.00571553034009031
53,2.41577924638262,0.760039676827284,0.188752331668981,0.0943761658344906,1.0924789205247,0.740790293911729,0.351688626612974,0.413852288978376,0.586147711021624,0.190148210855861,0.0411933509061003,1.19929141420501,0.172774346600963,"Mixed financing","step",0.0415866776402249,0.00554279686878423
54,2.4145194036281,0.759872204496972,0.188752331668981,0.0943761658344906,1.09227440999608,0.7405086731455,0.351765736850575,0.413723771915708,0.586276228084291,0.190220525585965,0.0412076613552261,1.19920788865999,0.172806695773143,"Mixed financing","step",0.0403268348857062,0.00537532453847278
55,2.41329811324053,0.759709830671023,0.188752331668981,0.0943761658344906,1.09207610863086,0.740235579044102,0.351840529586757,0.413599117355404,0.586400882644596,0.190290703384727,0.0412215356836051,1.19912692544112,0.172838074358774,"Mixed financing","step",0.0391055444981414,0.00521295071252359
56,2.41211417273696,0.759552397879437,0.188752331668981,0.0943761658344906,1.09188382564777,0.739970751009621,0.351913074638145,0.413478208936425,0.586521791063575,0.190358806499463,0.0412349873787687,1.19904844429825,0.172868511498467,"Mixed financing","step",0.0379216039945636,0.00505551792093695
57,2.41096641847209,0.759399753646743,0.188752331668981,0.0943761658344906,1.09169737625904,0.73971393654991,0.351983439709129,0.413360933818118,0.586639066181882,0.190424895417931,0.041248029500207,1.19897236758835,0.172898035457213,"Mixed financing","step",0.0367738497296939,0.0049028736882436
58,2.40985372430708,0.759251750326078,0.188752331668981,0.0943761658344906,1.09151658147461,0.739464891018387,0.352051690456228,0.413247182572954,0.586752817427046,0.190489028914829,0.0412606746935371,1.19889862018564,0.172926673650694,"Mixed financing","step",0.0356611555646831,0.00475487036757871
59,2.40877500032821,0.759108244939189,0.188752331668981,0.0943761658344906,1.0913412679131,0.739223377362634,0.352117890550465,0.413136849082558,0.586863150917442,0.190551264097269,0.0412729352041726,1.19882712939506,0.172954452670813,"Mixed financing","step",0.0345824315858132,0.00461136498068904
60,2.40772919161344,0.758969099022137,0.188752331668981,0.0943761658344906,1.09117126761931,0.738989165881483,0.352182101737831,0.413029830436949,0.586970169563051,0.190611656449227,0.0412848228905147,1.19875782486896,0.172981398310456,"Mixed financing","step",0.0335366228710496,0.00447221906363693
61,2.40671527704483,0.758834178476477,0.188752331668981,0.0943761658344906,1.09100641788815,0.738762033990272,0.352244383897875,0.412926026836876,0.587073973163124,0.190670259874991,0.0412963492366815,1.19869063852693,0.173007535587506,"Mixed financing","step",0.0325227083024386,0.00433729851797771
62,2.40573226816483,0.758703353425696,0.188752331668981,0.0943761658344906,1.09084656109448,0.738541765993976,0.352304795100506,0.412825341499156,0.587174658500844,0.190727126741606,0.0413075253647942,1.19862550447857,0.173032888768151,"Mixed financing","step",0.0315396994224364,0.00420647346719616
63,2.40477920807474,0.758576498076698,0.188752331668981,0.0943761658344906,1.09069154452897,0.73832815286793,0.352363391661043,0.412727680564929,0.587272319435071,0.190782307920336,0.0413183620468345,1.19856235894915,0.173057481389476,"Mixed financing","step",0.0305866393323511,0.00407961811819801
64,2.40385517037355,0.758453490586159,0.188752331668981,0.0943761658344906,1.09054122023944,0.738120992045871,0.352420228193564,0.412632953010727,0.587367046989273,0.190835852827159,0.0413288697160927,1.19850114020796,0.173081336281392,"Mixed financing","step",0.0296626016311592,0.00395661062765906
65,2.40295925813543,0.758334212931545,0.188752331668981,0.0943761658344906,1.09039544487767,0.737920087215036,0.352475357662635,0.412541070562274,0.587458929437726,0.190887809462293,0.041339058478218,1.19844178849931,0.173104475587897,"Mixed financing","step",0.0287666893930405,0.00383733297304556
66,2.40209060292445,0.758218550786626,0.188752331668981,0.0943761658344906,1.09025407955149,0.737725248118057,0.352528831433434,0.412451947610943,0.587548052389057,0.190938224448787,0.041348938121888,1.19838424597606,0.173126920787703,"Mixed financing","step",0.0278980341820585,0.00372167082812658
67,2.40124836384487,0.758106393401306,0.188752331668981,0.0943761658344906,1.09011698968177,0.737536290361426,0.352580699320343,0.412365501132762,0.587634498867238,0.190987143070173,0.041358518129112,1.19832845663552,0.17314869271424,"Mixed financing","step",0.0270557951024744,0.00360951344280636
68,2.40043172662565,0.757997633485612,0.188752331668981,0.0943761658344906,1.08998404486433,0.737353035230278,0.352631009634049,0.412281650609918,0.587718349390082,0.191034609307211,0.041367807685179,1.19827436625772,0.173169811575064,"Mixed financing","step",0.0262391578832628,0.00350075352711232
69,2.39963990273785,0.757892167096294,0.188752331668981,0.0943761658344906,1.08985511872264,0.737175309481555,0.352679809241088,0.41220031793152,0.587799682068481,0.191080665880911,0.0413768156844528,1.19822192236809,0.173190296972874,"Mixed financing","step",0.0254473339954564,0.00339528713779391
70,2.39887212854479,0.757789893534483,0.188752331668981,0.0943761658344906,1.08973008885114,0.737002945315364,0.352727143535773,0.412121427440378,0.587878572559622,0.191125354250014,0.041385550759476,1.19817107406465,0.173210167912291,"Mixed financing","step",0.0246795598023986,0.00329301357598344
71,2.39812766447698,0.757690715231796,0.188752331668981,0.0943761658344906,1.08960883653739,0.736835779901124,0.352773056636263,0.412044905606228,0.587955094393772,0.191168714724473,0.0413940212479899,1.19812177220689,0.173229442841899,"Mixed financing","step",0.0239350957345836,0.00319383527329631
72,2.39740579424496,0.757594537656668,0.188752331668981,0.0943761658344906,1.08949124680893,0.736673655550067,0.35281759125886,0.411970681235233,0.588029318764767,0.191210786411961,0.0414022352474061,1.19807396909568,0.173248139644838,"Mixed financing","step",0.0232132255025705,0.00309765769816861
73,2.39670582407347,0.757501269214378,0.188752331668981,0.0943761658344906,1.08937720821915,0.736516419363079,0.352860788856066,0.411898685239889,0.588101314760111,0.191251607300914,0.0414102005963853,1.19802761857778,0.17326627567098,"Mixed financing","step",0.0225132553310816,0.00300438925587843
74,2.39602708196464,0.757410821153166,0.188752331668981,0.0943761658344906,1.08926661276261,0.736363923134914,0.352902689627695,0.411828850620508,0.588171149379492,0.19129121427761,0.0414179248905949,1.19798267595151,0.173283867748655,"Mixed financing","step",0.0218345132222506,0.00291394119466648
75,2.39536891698682,0.757323107473261,0.188752331668981,0.0943761658344906,1.08915935576346,0.736216023201918,0.35294333256154,0.411761112397433,0.588238887602567,0.191329643158377,0.0414254154897553,1.19793909792332,0.173300932200755,"Mixed financing","step",0.021176348244424,0.00282622751476147
76,2.39473069858816,0.757238044838973,0.188752331668981,0.0943761658344906,1.08905533577017,0.736072580300067,0.352982755470102,0.411695407549829,0.588304592450171,0.191366928719556,0.0414326795251879,1.19789684256158,0.173317484859938,"Mixed financing","step",0.0205381298457668,0.00274116488047327
77,2.39411181593412,0.757155552493741,0.188752331668981,0.0943761658344906,1.08895445445379,0.735933459427596,0.35302099502619,0.41163167495635,0.58836832504365,0.191403104726699,0.04143972390711,1.19785586925199,0.173333541083367,"Mixed financing","step",0.0199192471917287,0.00265867253524099
78,2.39351167726784,0.757075552178028,0.188752331668981,0.0943761658344906,1.08885661650952,0.735798529712082,0.353058086797437,0.411569855337604,0.588430144662396,0.191438203963007,0.0414465553316854,1.19781613865454,0.173349115767008,"Mixed financing","step",0.0193191085254476,0.00257867221952846
79,2.39292970929262,0.756997968049964,0.188752331668981,0.0943761658344906,1.08876172956156,0.735667664281797,0.353094065279766,0.41150989120039,0.58849010879961,0.191472258257019,0.0414531802878403,1.197777612662,0.173364223359495,"Mixed financing","step",0.0187371405502232,0.0025010880914641
80,2.39236535657562,0.756922726608626,0.188752331668981,0.0943761658344906,1.08866970407104,0.735540740141215,0.353128963929823,0.411451726783628,0.588548273216372,0.191505298509582,0.0414596050638507,1.19774025435983,0.173378877875585,"Mixed financing","step",0.018172787833231,0.00242584665012646
81,2.39181808097206,0.75684975661988,0.188752331668981,0.0943761658344906,1.08858045324695,0.735417638050515,0.353162815196435,0.411395308005942,0.588604691994058,0.191537354720104,0.0414658357537124,1.19770402798743,0.173393092909194,"Mixed financing","step",0.0176255122296629,0.00235287666137995
82,2.39128736106894,0.756778989044669,0.188752331668981,0.0943761658344906,1.08849389296004,0.735298242408949,0.353195650551095,0.411340582414842,0.588659417585158,0.191568456012113,0.0414718782632991,1.1976688989008,0.17340688164606,"Mixed financing","step",0.017094792326545,0.00228210908616966
83,2.39077269164788,0.756710356969687,0.188752331668981,0.0943761658344906,1.08840994165947,0.735182441141938,0.353227500517528,0.411287499137453,0.588712500862547,0.191598630658138,0.0414777383163168,1.19763483353643,0.173420256876004,"Mixed financing","step",0.0165801229054843,0.00221347701118757
84,2.39027358316604,0.756643795540326,0.188752331668981,0.0943761658344906,1.08832852029214,0.735070125591789,0.353258394700351,0.411236008832749,0.588763991167251,0.191627906103923,0.0414834214600613,1.19760179937647,0.173433231004839,"Mixed financing","step",0.016081014423651,0.00214691558182611
85,2.38978956125471,0.756579241895838,0.188752331668981,0.0943761658344906,1.08824955222475,0.73496119041189,0.353288361812857,0.411186063645238,0.588813936354762,0.191656308991991,0.0414889330709875,1.19756976491503,0.173445816065909,"Mixed financing","step",0.0155969925123176,0.00208236193733802
86,2.38932016623471,0.756516635106624,0.188752331668981,0.0943761658344906,1.08817296316824,0.734855533464276,0.353317429703962,0.411137617160063,0.588862382839937,0.191683865184571,0.0414942783600939,1.19753869962568,0.173458023731287,"Mixed financing","step",0.0151275974923135,0.00201975514812469
87,2.38886495264816,0.756455916113578,0.188752331668981,0.0943761658344906,1.08809868110477,0.73475305572045,0.353345625384323,0.411090624359462,0.588909375640538,0.191710599785917,0.0414994623781314,1.19750857393002,0.173469865322635,"Mixed financing","step",0.0146723839057668,0.00195903615507831
88,2.38842348880594,0.756397027669406,0.188752331668981,0.0943761658344906,1.08802663621703,0.734653661165364,0.353372975051664,0.411045041580559,0.588954958419441,0.191736537164001,0.0415044900206422,1.19747935916732,0.173481351821731,"Mixed financing","step",0.0142309200635498,0.0019001477109063
89,2.38799535635024,0.756339914281868,0.188752331668981,0.0943761658344906,1.08795676081977,0.73455725670443,0.353399504115336,0.41100082647444,0.58899917352556,0.191761700971639,0.0415093660328328,1.19745102756521,0.173492493880693,"Mixed financing","step",0.0138027876078524,0.00184303432336796
90,2.38758014983173,0.756284522158858,0.188752331668981,0.0943761658344906,1.0878889892936,0.734463752073483,0.35342523722012,0.410957937966467,0.589042062033533,0.191786114167019,0.0415140950142894,1.19742355221129,0.173503301831875,"Mixed financing","step",0.0133875810893365,0.00178764220035865
91,2.38717747630074,0.756230799155275,0.188752331668981,0.0943761658344906,1.08782325802091,0.734373059751588,0.35345019826932,0.4109163362178,0.5890836637822,0.191809799033682,0.0415186814235396,1.19739690702579,0.173513785697486,"Mixed financing","step",0.0129849075583488,0.00173391919677524
92,2.38678695491208,0.756178694721604,0.188752331668981,0.0943761658344906,1.08775950532374,0.734285094876596,0.353474410447142,0.410875982588096,0.589124017411904,0.191832777199945,0.0415231295824654,1.19737106673505,0.173523955198907,"Mixed financing","step",0.012594386169686,0.00168181476310392
93,2.38640821654282,0.756128159854168,0.188752331668981,0.0943761658344906,1.08769767140377,0.734199775163367,0.353497896240402,0.41083683959933,0.58916316040067,0.191855069657791,0.0415274436805743,1.19734600684592,0.173533819765726,"Mixed financing","step",0.0122156478004296,0.00163127989566858
94,2.38604090342278,0.756079147046985,0.188752331668981,0.0943761658344906,1.08763769828412,0.734117020824557,0.353520677459567,0.410798870900722,0.589201129099278,0.191876696781242,0.0415316277791314,1.19732170362104,0.173543388544513,"Mixed financing","step",0.011848334680387,0.00158226708848508
95,2.38568466877708,0.756031610245165,0.188752331668981,0.0943761658344906,1.08757952975308,0.734036754493912,0.353542775259166,0.410762041234723,0.589237958765277,0.191897678344213,0.0415356858151588,1.19729813405491,0.173552670407318,"Mixed financing","step",0.0114921000346877,0.00153473028666551
96,2.38533917648051,0.755985504799819,0.188752331668981,0.0943761658344906,1.08752311130952,0.733958901151947,0.353564210157575,0.410726316404041,0.589273683595959,0.191918033537877,0.0415396216053057,1.19727527585073,0.17356167395992,"Mixed financing","step",0.0111466077381159,0.00148862484131917
97,2.38500410072314,0.7559407874244,0.188752331668981,0.0943761658344906,1.08746839011018,0.733883388053974,0.353585002056205,0.410691663239658,0.589308336760342,0.191937780987547,0.0415434388495941,1.19725310739807,0.17357040754983,"Mixed financing","step",0.01081153198075,0.00144390746590062
98,2.38467912568692,0.755897416152455,0.188752331668981,0.0943761658344906,1.08741531491848,0.733810144660377,0.353605170258105,0.410658049569825,0.589341950430175,0.191956938769081,0.0415471411350444,1.1972316077512,0.173578879274044,"Mixed financing","step",0.0104865569445325,0.00140053619395497
99,2.38436394523277,0.755855350296714,0.188752331668981,0.0943761658344906,1.08736383605507,0.733739102569062,0.353624733486005,0.410625444189991,0.589374555810009,0.191975524424834,0.041550731939185,1.19721075660819,0.173587096986571,"Mixed financing","step",0.0101713764903764,0.00135847033821401
100,2.38405826259784,0.755814550409496,0.188752331668981,0.0943761658344906,1.08731390534984,0.733670195450026,0.353643709899812,0.410593816833647,0.589406183166354,0.191993554979156,0.0415542146334491,1.19719053429067,0.173595068305736,"Mixed financing","step",0.00986569385544644,0.00131767045099651
101,2.38376179010265,0.75577497824437,0.188752331668981,0.0943761658344906,1.08726547609553,0.733603358981963,0.353662117113569,0.410563138144051,0.589436861855948,0.192011046953461,0.0415575924864635,1.19717092172425,0.17360280062125,"Mixed financing","step",0.00956922136026028,0.00127809828587067
102,2.38347424886767,0.755736596719034,0.188752331668981,0.0943761658344906,1.08721850300276,0.733538530790846,0.353679972211911,0.410533379646815,0.589466620353185,0.192028016380868,0.0415608686672322,1.1971519004196,0.173610301101087,"Mixed financing","step",0.0092816801252753,0.00123971676053458
103,2.38319536853902,0.755699369879376,0.188752331668981,0.0943761658344906,1.08717294215643,0.733475650390419,0.353697291766013,0.410504513723311,0.589495486276689,0.192044478820428,0.0415640462482189,1.1971334524541,0.173617576698135,"Mixed financing","step",0.00900279979662999,0.0012024899208759
104,2.38292488702312,0.75566326286467,0.188752331668981,0.0943761658344906,1.08712875097361,0.733414659124547,0.353714091849063,0.410476513584895,0.589523486415105,0.19206044937095,0.0415671282083313,1.19711556045415,0.173624634156661,"Mixed financing","step",0.00873231828072774,0.00116638290616999
105,2.38266255022975,0.755628241873879,0.188752331668981,0.0943761658344906,1.08708588816261,0.733355500111347,0.35373038805126,0.410449353247899,0.589550646752101,0.192075942684435,0.0415701174358108,1.19709820757798,0.173631480018576,"Mixed financing","step",0.00846998148736233,0.00113136191537977
106,2.38240811182349,0.75559427413302,0.188752331668981,0.0943761658344906,1.08704431368342,0.733298118189061,0.353746195494364,0.410423007509394,0.589576992490606,0.192090972979131,0.0415730167310306,1.19708137749911,0.173638120629506,"Mixed financing","step",0.00821554308109551,0.00109739417452037
107,2.38216133298299,0.755561327863553,0.188752331668981,0.0943761658344906,1.0870039887094,0.733242459863601,0.353761528845799,0.410397451923668,0.589602548076332,0.19210555405221,0.0415758288092053,1.19706505439022,0.173644562144695,"Mixed financing","step",0.00796876424059834,0.00106444790505356
108,2.38192198216809,0.755529372251778,0.188752331668981,0.0943761658344906,1.08696487559007,0.733188473257727,0.35377640233234,0.410372662779434,0.589627337220566,0.192119699292092,0.0415785563030147,1.19704922290768,0.173650810534716,"Mixed financing","step",0.00772941342570066,0.00103249229327784
109,2.38168983489427,0.755498377419181,0.188752331668981,0.0943761658344906,1.08692693781516,0.733136108061787,0.353790829753373,0.410348617077712,0.589651382922288,0.192133421690412,0.0415812017651451,1.19703386817646,0.173656871591014,"Mixed financing","step",0.00749726615187418,0.00100149746068168
110,2.3814646735143,0.755468314393729,0.188752331668981,0.0943761658344906,1.08689013997975,0.733085315485988,0.353804824493765,0.410325292510392,0.589674707489608,0.192146733853646,0.0415837676707502,1.1970189757756,0.173662750931292,"Mixed financing","step",0.0072721047719102,0.000971434435228957
111,2.38124628700694,0.755439155082044,0.188752331668981,0.0943761658344906,1.08685444775048,0.73303604821414,0.353818399536342,0.41030266743943,0.58969733256057,0.192159648014409,0.0415862564198348,1.19700453172407,0.173668454004721,"Mixed financing","step",0.00705371826454426,0.000942275123543945
112,2.38103447077219,0.75541087224247,0.188752331668981,0.0943761658344906,1.08681982783281,0.732988260358826,0.353831567473985,0.410280720876691,0.589719279123309,0.192172176042419,0.0415886703395635,1.19699052246721,0.173673986097002,"Mixed financing","step",0.00684190202979496,0.000913992283969933
113,2.3808290264332,0.755383439458969,0.188752331668981,0.0943761658344906,1.08678624793932,0.732941907417955,0.353844340521369,0.410259432464385,0.589740567535615,0.192184329455156,0.0415910116864966,1.19697693486343,0.173679352335271,"Mixed financing","step",0.00663645769080334,0.000886559500469786
114,2.38062976164433,0.755356831115843,0.188752331668981,0.0943761658344906,1.08675367675899,0.732896946232653,0.353856730526339,0.410238782456102,0.589761217543898,0.192196119428212,0.0415932826487568,1.1969637561715,0.173684557692866,"Mixed financing","step",0.00643719290194156,0.000859951157342942
115,2.38043648990538,0.755331022373232,0.188752331668981,0.0943761658344906,1.0867220839274,0.732853334946451,0.353868748980951,0.410218751698415,0.589781248301585,0.19220755680534,0.0415954853481268,1.19695097403813,0.173689606993936,"Mixed financing","step",0.00624392116298988,0.000834142414732009
116,2.38024903038158,0.755305989143393,0.188752331668981,0.0943761658344906,1.0866914399979,0.732811032965732,0.353880407032172,0.410199321613047,0.589800678386953,0.192218652108216,0.0415976218420826,1.19693857648599,0.173694504917923,"Mixed financing","step",0.00605646163918871,0.000809109184893075
117,2.38006720772935,0.755281708064697,0.188752331668981,0.0943761658344906,1.0866617163838,0.732770000861541,0.353891715522262,0.410180474129563,0.589819525870437,0.192229415561621,0.0415996941174641,1.19692655195029,0.173699256008679,"Mixed financing","step",0.00587463898695573,0.000784828106196955
118,2.3798908519305,0.755258156488367,0.188752331668981,0.0943761658344906,1.08663288545115,0.732730200572491,0.353902684878655,0.410162191868908,0.589837808131092,0.192239857039667,0.0416017041255401,1.19691488907509,0.173703864659512,"Mixed financing","step",0.00569828318810517,0.000761276529867572
119,2.37971979812306,0.755235312447885,0.188752331668981,0.0943761658344906,1.08660492031244,0.73269159500837,0.353913325304074,0.410144457826543,0.589855542173457,0.192249986169274,0.0416036537341354,1.19690357699096,0.17370833514605,"Mixed financing","step",0.00552722938066852,0.000738432489385543
120,2.37955388644567,0.755213154641084,0.188752331668981,0.0943761658344906,1.08657779492107,0.732654148255237,0.353923646665833,0.410127255556946,0.589872744443054,0.192259812275888,0.0416055447625807,1.19689260511205,0.173712671611049,"Mixed financing","step",0.00536131770327763,0.000716274682583951
121,2.37939296188417,0.755191662409885,0.188752331668981,0.0943761658344906,1.08655148401674,0.732617825481723,0.353933658535017,0.410110569108306,0.589889430891694,0.192269344407614,0.0416073789751495,1.196881963174,0.173716878073007,"Mixed financing","step",0.00520039314178211,0.000694782451385434
122,2.37923687412307,0.755170815720667,0.188752331668981,0.0943761658344906,1.08652596310162,0.732582592906225,0.353943370195391,0.410094383007682,0.589905616992318,0.192278591343397,0.0416091580827398,1.19687164122406,0.173720958429898,"Mixed financing","step",0.0050443053806748,0.0006739357621669
123,2.37908547740156,0.755150595145232,0.188752331668981,0.0943761658344906,1.08650120841714,0.732548417765103,0.353952790652038,0.410078682246604,0.589921317753396,0.192287561600973,0.0416108837445025,1.19686162961153,0.173724916462784,"Mixed financing","step",0.00489290865916558,0.000653715186731851
124,2.37893863037414,0.755130981842372,0.188752331668981,0.0943761658344906,1.08647719692158,0.732515268281848,0.353961928639733,0.410063452267112,0.589936547732888,0.192296263444579,0.0416125575694201,1.19685191897849,0.173728755839323,"Mixed financing","step",0.0047460616317494,0.00063410188387214
125,2.37879619597552,0.755111957539998,0.188752331668981,0.0943761658344906,1.08645390626827,0.732483113637198,0.35397079263107,0.410048678948217,0.589951321051783,0.192304704892448,0.0416141811178359,1.1968425002508,0.173732480117177,"Mixed financing","step",0.0046036272331258,0.000615077581498813
126,2.37865804128972,0.755093504517825,0.188752331668981,0.0943761658344906,1.0864313147845,0.732451923940158,0.353979390844343,0.410034348592761,0.589965651407239,0.192312893724081,0.0416157559029359,1.19683336462942,0.173736092747309,"Mixed financing","step",0.00446547254733209,0.000596624559325187
127,2.37852403742334,0.755075605590584,0.188752331668981,0.0943761658344906,1.0864094014511,0.732421670199918,0.353987731251186,0.410020447914689,0.589979552085311,0.19232083748731,0.0416172833921854,1.19682450358195,0.173739597077186,"Mixed financing","step",0.00433146868095191,0.000578725632084387
128,2.37839405938265,0.755058244091763,0.188752331668981,0.0943761658344906,1.0863881458826,0.732392324298615,0.353995821583988,0.410006964026687,0.589993035973313,0.192328543505148,0.0416187650087207,1.1968159088345,0.173742996353882,"Mixed financing","step",0.00420149064026143,0.000561364133263798
129,2.37826798595459,0.755041403857841,0.188752331668981,0.0943761658344906,1.08636752830802,0.732363858964939,0.354003669343077,0.409993884428205,0.590006115571795,0.192336018882447,0.0416202021326978,1.19680757236376,0.173746293727094,"Mixed financing","step",0.00407541721219928,0.000544523899341121
130,2.37814569959142,0.755025069213005,0.188752331668981,0.0943761658344906,1.08634752955223,0.73233624774853,0.3540112818037,0.409981196993834,0.590018803006166,0.19234327051236,0.0416215961026002,1.19679948638936,0.173749492252062,"Mixed financing","step",0.00395313084902904,0.00052818925450504
131,2.37802708629897,0.755009224954346,0.188752331668981,0.0943761658344906,1.08632813101795,0.732309464995171,0.354018666022778,0.409968889962036,0.590031110037964,0.192350305082608,0.041622948216505,1.1967916433664,0.173752594892401,"Mixed financing","step",0.00383451755657571,0.00051234499584607
132,2.37791203552832,0.754993856337503,0.188752331668981,0.0943761658344906,1.08630931466819,0.732283485822722,0.354025828845472,0.409956951924213,0.590043048075787,0.192357129081569,0.0416242597333118,1.1967840359783,0.173755604522856,"Mixed financing","step",0.00371946678592927,0.000496976379003145
133,2.37780044007089,0.754978949062749,0.188752331668981,0.0943761658344906,1.08629106300934,0.732258286097799,0.354032776911538,0.409945371814104,0.590054628185896,0.192363748804188,0.0416255318739321,1.19677665712982,0.173758523931959,"Mixed financing","step",0.00360787132849438,0.000482069104249527
134,2.37769219595668,0.754964489261507,0.188752331668981,0.0943761658344906,1.08627335907465,0.732233842413154,0.354039516661499,0.409934138897501,0.590065861102499,0.192370170357715,0.0416267658224433,1.19676949994028,0.173761355824625,"Mixed financing","step",0.00349962721429131,0.00046760930300771
135,2.37758720235578,0.754950463483276,0.188752331668981,0.0943761658344906,1.08625618640838,0.732210132065748,0.354046054342633,0.409923242762278,0.590076757237722,0.192376399667267,0.0416279627272066,1.19676255773705,0.173764102824653,"Mixed financing","step",0.00339463361339165,0.000453583524776091
136,2.37748536148279,0.754936858682957,0.188752331668981,0.0943761658344906,1.08623952905026,0.732187133035492,0.354052396014771,0.409912673308714,0.590087326691286,0.192382442481237,0.0416291237019509,1.1967558240492,0.173766767477164,"Mixed financing","step",0.00329279274040273,0.000439978724457446
137,2.37738657850429,0.754923662208575,0.188752331668981,0.0943761658344906,1.08622337152056,0.732164823964627,0.354058547555932,0.409902420740114,0.590097579259886,0.19238830437654,0.0416302498268232,1.19674929260132,0.17376935225096,"Mixed financing","step",0.0031940097618941,0.000426782250074864
138,2.37729076144907,0.754910861789364,0.188752331668981,0.0943761658344906,1.08620769880552,0.732143184137739,0.354064514667777,0.409892475553705,0.590107524446295,0.1923939907637,0.0416313421494067,1.19674295730763,0.173771859540812,"Mixed financing","step",0.00309819270667688,0.000413981830864385
139,2.37719782112124,0.754898445524231,0.188752331668981,0.0943761658344906,1.08619249634329,0.732122193462378,0.354070302880912,0.409882828531813,0.590117171468187,0.192399506891797,0.0416324016857085,1.19673681226615,0.173774291669684,"Mixed financing","step",0.00300525237884797,0.000401565565731121
140,2.3771076710159,0.754886401870559,0.188752331668981,0.0943761658344906,1.08617775001028,0.732101832450263,0.35407591756002,0.409873470733301,0.590126529266699,0.192404857853258,0.0416334294211156,1.19673085175313,0.173776650890883,"Mixed financing","step",0.00291510227350678,0.000389521912058877
141,2.37702022723745,0.754874719633361,0.188752331668981,0.0943761658344906,1.0861634461079,0.732082082199059,0.354081363908841,0.409864393485265,0.590135606514735,0.192410048588515,0.041634426311323,1.19672507021765,0.17377893939015,"Mixed financing","step",0.00282765849506283,0.00037783967486138
142,2.37693540842045,0.754863387954764,0.188752331668981,0.0943761658344906,1.08614957134972,0.73206292437471,0.354086646975011,0.409855588374981,0.590144411625019,0.192415083890524,0.041635393283233,1.19671946227633,0.173781159287689,"Mixed financing","step",0.00274283967805733,0.000366507996264809
143,2.3768531356528,0.754852396303812,0.188752331668981,0.0943761658344906,1.08613611284905,0.732044341194304,0.354091771654744,0.409847047242094,0.590152952757906,0.192419968409146,0.0416363312358263,1.19671402270825,0.17378331264013,"Mixed financing","step",0.00266056691040806,0.000355516345311835
144,2.37677333240141,0.754841734466576,0.188752331668981,0.0943761658344906,1.08612305810683,0.732026315409458,0.354096742697376,0.40983876217104,0.59016123782896,0.192424706655406,0.0416372410410077,1.19670874645003,0.173785401442435,"Mixed financing","step",0.00258076365901916,0.000344854508075976
145,2.37669592444005,0.754831392536577,0.188752331668981,0.0943761658344906,1.08611039499999,0.732008830290208,0.35410156470978,0.4098307254837,0.5901692745163,0.192429303005618,0.0416381235444247,1.19670362859103,0.173787427629752,"Mixed financing","step",0.00250335569765969,0.000334512578077595
146,2.37662083977945,0.754821360905492,0.188752331668981,0.0943761658344906,1.08609811177002,0.731991869609385,0.354106242160639,0.409822929732269,0.590177070267731,0.1924337617054,0.0416389795662623,1.19669866436873,0.173789393079203,"Mixed financing","step",0.00242827103706134,0.000324480946992223
147,2.37654800859954,0.754811630254142,0.188752331668981,0.0943761658344906,1.08608619701206,0.731975417627469,0.354110779384594,0.409815367692343,0.590184632307657,0.192438086873556,0.0416398099020129,1.19669384916423,0.173791299611632,"Mixed financing","step",0.00235543985714948,0.000314750295641875
148,2.37647736318375,0.75480219154376,0.188752331668981,0.0943761658344906,1.08607463966416,0.731959459077893,0.35411518058627,0.409808032356217,0.590191967643783,0.192442282505857,0.0416406153232223,1.19668917849787,0.173793148993284,"Mixed financing","step",0.00228479444135354,0.000305311585260148
149,2.37640883785531,0.754793036007523,0.188752331668981,0.0943761658344906,1.08606342899698,0.731943979152804,0.354119449844175,0.409800916926374,0.590199083073626,0.1924463524787,0.0416413965782143,1.19668464802504,0.17379494293745,"Mixed financing","step",0.00221626911292194,0.000296156049023777
150,2.37634236891558,0.754784155142341,0.188752331668981,0.0943761658344906,1.08605255460373,0.731928963489241,0.354123591114489,0.409794014809185,0.590205985190815,0.192450300552662,0.0416421543927917,1.1966802535321,0.173796683106051,"Mixed financing","step",0.00214980017318478,0.000287275183841307
151,2.3762778945841,0.754775540700891,0.188752331668981,0.0943761658344906,1.08604200639047,0.731914398155742,0.354127608234731,0.409787319608781,0.590212680391219,0.192454130375953,0.0416428894709171,1.19667599093234,0.173798371111179,"Mixed financing","step",0.00208532584170351,0.000278660742391801
152,2.37621535494064,0.754767184683905,0.188752331668981,0.0943761658344906,1.08603177456668,0.731900269639353,0.354131504927325,0.409780825121125,0.590219174878875,0.192457845487763,0.0416436024953725,1.19667185626223,0.173800008516595,"Mixed financing","step",0.00202278619824448,0.000270304725405124
153,2.37615469186892,0.754759079332677,0.188752331668981,0.0943761658344906,1.08602184963608,0.731886564833027,0.35413528480305,0.409774525328251,0.590225474671749,0.192461449321506,0.0416442941283987,1.19666784567762,0.173801596839172,"Mixed financing","step",0.00196212312652655,0.000262199374177041
154,2.37609584900207,0.754751217121811,0.188752331668981,0.0943761658344906,1.0860122223878,0.731873271023405,0.354138951364392,0.40976841439268,0.59023158560732,0.192464945207977,0.0416449650123154,1.19666395545015,0.173803137550307,"Mixed financing","step",0.00190328025968256,0.000254337163311358
155,2.37603877166978,0.754743590752183,0.188752331668981,0.0943761658344906,1.08600288388777,0.731860375878973,0.354142508008796,0.409762486652007,0.590237513347993,0.192468336378408,0.0416456157701231,1.19666018196376,0.173804632077282,"Mixed financing","step",0.00184620292738291,0.000246710793682992
156,2.37598340684696,0.754736193144113,0.188752331668981,0.0943761658344906,1.08599382547038,0.731847867438563,0.354145958031813,0.409756736613645,0.590243263386355,0.192471625967438,0.0416462470060851,1.19665652171125,0.173806081804588,"Mixed financing","step",0.00179083810456859,0.000239313185613543
157,2.37592970310414,0.754729017430755,0.188752331668981,0.0943761658344906,1.08598503873038,0.731835734100215,0.354149304630162,0.409751158949729,0.590248841050271,0.192474817015991,0.0416468593062937,1.19665297129105,0.173807488075205,"Mixed financing","step",0.00173713436174916,0.000232137472254923
158,2.3758776105592,0.754722056951673,0.188752331668981,0.0943761658344906,1.08597651551506,0.731823964610369,0.354152550904694,0.409745748492177,0.590254251507823,0.192477912474071,0.0416474532392181,1.19664952740396,0.173808852191853,"Mixed financing","step",0.00168504181680973,0.000225176993173037
159,2.37582708083068,0.754715305246625,0.188752331668981,0.0943761658344906,1.08596824791665,0.731812548053382,0.354155699863267,0.409740500227889,0.590259499772111,0.192480915203476,0.0416480293562355,1.19664618685013,0.173810175418194,"Mixed financing","step",0.00163451208828702,0.000218425288125768
160,2.37577806699246,0.75470875604953,0.188752331668981,0.0943761658344906,1.08596022826491,0.731801473841368,0.354158754423538,0.409735409294104,0.590264590705896,0.192483827980424,0.0416485881921471,1.19664294652596,0.173811458980004,"Mixed financing","step",0.00158549825006427,0.00021187609103035
161,2.37573052352983,0.754702403282612,0.188752331668981,0.0943761658344906,1.08595244912,0.731790731704334,0.354161717415668,0.409730470973887,0.590269529026113,0.192486653498113,0.0416491302656774,1.19663980342129,0.173812704066312,"Mixed financing","step",0.00153795478744234,0.0002055233241125
162,2.37568440629694,0.754696241050733,0.188752331668981,0.0943761658344906,1.08594490326557,0.731780311680626,0.354164591584949,0.409725680691752,0.590274319308248,0.192489394369192,0.0416496560799594,1.19663675461651,0.173813911830498,"Mixed financing","step",0.0014918375545494,0.000199361092233619
163,2.37563967247543,0.754690263635889,0.188752331668981,0.0943761658344906,1.085937583702,0.731770204107652,0.354167379594347,0.409721034009421,0.590278965990579,0.192492053128171,0.0416501661230035,1.19663379727987,0.173815083391366,"Mixed financing","step",0.00144710373304013,0.000193383677388859
164,2.37559628053444,0.754684465491872,0.188752331668981,0.0943761658344906,1.08593048363987,0.731760399612896,0.354170084026977,0.409716526621706,0.590283473378294,0.192494632233745,0.0416506608681544,1.19663092866478,0.173816219834176,"Mixed financing","step",0.00140371179205268,0.000187585533372281
165,2.37555419019177,0.754678841239103,0.188752331668981,0.0943761658344906,1.08592359649368,0.731750889105189,0.35417270738849,0.409712154352516,0.590287845647484,0.192497134071065,0.0416511407745319,1.19662814610729,0.173817322211655,"Mixed financing","step",0.00136162144937524,0.00018196128060366
166,2.37551336237619,0.754673385659611,0.188752331668981,0.0943761658344906,1.08591691587567,0.731741663766259,0.354175252109407,0.409707913150988,0.590292086849012,0.192499560953929,0.0416516062874604,1.19662544702357,0.173818391544969,"Mixed financing","step",0.00132079363379667,0.000176505701110941
167,2.37547375919099,0.754668093692165,0.188752331668981,0.0943761658344906,1.08591043558989,0.731732715042522,0.354177720547365,0.409703799087725,0.590296200912275,0.192501915126915,0.0416520578388835,1.19662282890747,0.173819428824669,"Mixed financing","step",0.00128119044859609,0.000171213733665243
168,2.37543534387853,0.754662960427562,0.188752331668981,0.0943761658344906,1.08590414962644,0.73172403463713,0.354180114989307,0.409699808351156,0.590300191648844,0.192504198767444,0.0416524958477677,1.19662028932822,0.173820435011611,"Mixed financing","step",0.00124277513613924,0.000166080469062413
169,2.37539808078594,0.754657981104047,0.188752331668981,0.0943761658344906,1.08589805215585,0.731715614502254,0.354182437653599,0.409695937244001,0.590304062755999,0.192506413987792,0.0416529207204927,1.19661782592814,0.173821411037848,"Mixed financing","step",0.00120551204354813,0.000161101145547349
170,2.3753619353318,0.754653151102877,0.188752331668981,0.0943761658344906,1.08589213752369,0.731707446831598,0.354184690692095,0.409692182179842,0.590307817820158,0.192508562837029,0.0416533328512307,1.19661543642043,0.173822357807488,"Mixed financing","step",0.00116936658941169,0.000156271144376885
171,2.37532687397389,0.754648465944016,0.188752331668981,0.0943761658344906,1.08588640024527,0.731699524053145,0.354186876192121,0.409688539679798,0.590311460320202,0.19251064730291,0.0416537326223135,1.19661311858703,0.173823276197536,"Mixed financing","step",0.00113430523150138,0.000151585985516123
172,2.37529286417786,0.754643921281965,0.188752331668981,0.0943761658344906,1.08588083500054,0.731691838822116,0.354188996178421,0.409685006369299,0.590314993630701,0.19251266931371,0.0416541204045894,1.19661087027654,0.173824167058707,"Mixed financing","step",0.00110029543546952,0.000147041323465213
173,2.37525987438688,0.754639512901712,0.188752331668981,0.0943761658344906,1.08587543662916,0.73168438401414,0.354191052615025,0.409681578974959,0.590318421025041,0.192514630739994,0.0416544965577681,1.19660868940226,0.173825031216211,"Mixed financing","step",0.00106730564449098,0.000142632943212262
174,2.37522787399222,0.754635236714807,0.188752331668981,0.0943761658344906,1.08587020012571,0.731677152718636,0.354193047407077,0.409678254321538,0.590321745678462,0.192516533396348,0.0416548614307569,1.19660657394017,0.173825869470521,"Mixed financing","step",0.00103530524982354,0.0001383567563078
175,2.37519683330465,0.754631088755558,0.188752331668981,0.0943761658344906,1.08586512063499,0.731670138232389,0.354194982402599,0.409675029329002,0.590324970670999,0.192518379043048,0.0416552153619846,1.1966045219271,0.173826682598114,"Mixed financing","step",0.00100426456226232,0.000134208797058499
176,2.37516672352684,0.754627065177335,0.188752331668981,0.0943761658344906,1.08586019344752,0.731663334053321,0.354196859394202,0.409671901009664,0.590328098990336,0.192520169387683,0.0416555586797176,1.19660253145885,0.173827471352189,"Mixed financing","step",0.000974154784451731,0.000130185218835011
177,2.37513751672643,0.754623162248991,0.188752331668981,0.0943761658344906,1.0858554139952,0.731656733874446,0.35419868012075,0.409668866465417,0.590331133534583,0.192521906086734,0.0416558917023654,1.19660060068846,0.173828236463364,"Mixed financing","step",0.0009449479840411,0.000126282290491719
178,2.37510918581004,0.754619376351394,0.188752331668981,0.0943761658344906,1.08585077784699,0.731650331578019,0.354200446268972,0.409665922885047,0.590334077114953,0.192523590747094,0.0416562147387767,1.19659872782444,0.173828978640359,"Mixed financing","step",0.000916617067646452,0.000122496392894411
179,2.375081704498,0.754615703974052,0.188752331668981,0.0943761658344906,1.08584628070487,0.731644121229842,0.354202159475025,0.409663067541625,0.590336932458375,0.19252522492756,0.0416565280885274,1.19659691112914,0.173829698570643,"Mixed financing","step",0.000889135755604009,0.00011882401555241
180,2.37505504729987,0.754612141711853,0.188752331668981,0.0943761658344906,1.08584191839977,0.73163809707376,0.354203821326011,0.409660297789981,0.590339702210019,0.192526810140262,0.0416568320421994,1.19659514891708,0.173830396921082,"Mixed financing","step",0.000862478557478674,0.000115261753352858
181,2.37502918949071,0.754608686261892,0.188752331668981,0.0943761658344906,1.08583768688776,0.731632253526309,0.354205433361448,0.409657611064253,0.590342388935747,0.192528347852064,0.0416571268816509,1.19659343955346,0.173831074338547,"Mixed financing","step",0.000836620748321693,0.00011180630339247
182,2.37500410708803,0.754605334420405,0.188752331668981,0.0943761658344906,1.08583358224623,0.731626585171532,0.354206997074697,0.409655004875504,0.590344995124496,0.192529839485914,0.0416574128802787,1.19659178145254,0.173831731450519,"Mixed financing","step",0.000811538345638407,0.000108454461905438
183,2.37497977682945,0.754602083079784,0.188752331668981,0.0943761658344906,1.0858296006703,0.731621086755951,0.354208513914347,0.409652476809422,0.590347523190578,0.192531286422161,0.0416576903032729,1.19659017307622,0.173832368865669,"Mixed financing","step",0.000787208087054125,0.000105203121284592
184,2.37495617615105,0.754598929225691,0.188752331668981,0.0943761658344906,1.08582573846924,0.731615753183686,0.354209985285554,0.409650024524076,0.590349975475924,0.192532689999824,0.041657959407863,1.1965886129326,0.173832987174422,"Mixed financing","step",0.000763607408653222,0.000102049267190929
185,2.37493328316636,0.75459586993425,0.188752331668981,0.0943761658344906,1.08582199206308,0.731610579511724,0.354211412551351,0.409647645747748,0.590352354252252,0.192534051517834,0.0416582204435579,1.19658709957458,0.173833586949505,"Mixed financing","step",0.000740714423972388,9.89899757507517e-05
186,2.37491107664602,0.754592902369338,0.188752331668981,0.0943761658344906,1.08581835797923,0.73160556094533,0.354212797033903,0.409645338276828,0.590354661723172,0.192535372236226,0.0416584736523776,1.19658563159853,0.173834168746474,"Mixed financing","step",0.000718507903628041,9.60224108379482e-05
187,2.37488953599795,0.754590023779937,0.188752331668981,0.0943761658344906,1.08581483284933,0.731600692833595,0.354214140015738,0.40964309997377,0.59035690002623,0.192536653377311,0.041658719269078,1.19658420764293,0.173834733104233,"Mixed financing","step",0.000696967255556569,9.31438214373248e-05
188,2.37486864124824,0.754587231497587,0.188752331668981,0.0943761658344906,1.08581141340605,0.731595970665117,0.354215442740934,0.40964092876511,0.59035907123489,0.192537896126795,0.04165895752137,1.19658282638719,0.173835280545532,"Mixed financing","step",0.000676072505851,9.03515390873189e-05
189,2.37484837302257,0.7545845229339,0.188752331668981,0.0943761658344906,1.08580809648009,0.731591390063816,0.354216706416271,0.409638822639548,0.590361177360452,0.192539101634883,0.0416591886301303,1.19658148655033,0.173835811577449,"Mixed financing","step",0.000655804280178085,8.7642975400426e-05
190,2.37482871252814,0.754581895578157,0.188752331668981,0.0943761658344906,1.08580487899722,0.73158694678487,0.354217932212351,0.409636779646082,0.590363220353918,0.192540271017334,0.0416594128096074,1.19658018688984,0.173836326691865,"Mixed financing","step",0.000636143785751386,8.50156196574581e-05
191,2.37480964153624,0.754579346994975,0.188752331668981,0.0943761658344906,1.08580175797545,0.731582636710773,0.354219121264682,0.409634797892197,0.590365202107803,0.192541405356495,0.0416596302676206,1.19657892620053,0.173836826365912,"Mixed financing","step",0.000617072793850149,8.24670364750757e-05
192,2.37479114236525,0.754576874822042,0.188752331668981,0.0943761658344906,1.08579873052225,0.731578455847517,0.354220274674731,0.409632875542115,0.590367124457885,0.192542505702303,0.041659841205753,1.19657770331337,0.173837311062424,"Mixed financing","step",0.000598573622862641,7.99948635424874e-05
193,2.37477319786424,0.754574476767927,0.188752331668981,0.0943761658344906,1.08579579383183,0.731574400320884,0.354221393510945,0.409631010815091,0.590368989184909,0.192543573073249,0.0416600458195391,1.19657651709443,0.173837781230359,"Mixed financing","step",0.000580629121845533,7.75968094275381e-05
194,2.37475579139696,0.754572150609947,0.188752331668981,0.0943761658344906,1.08579294518259,0.731570466372849,0.354222478809741,0.409629201983765,0.590370798016235,0.192544608457325,0.0416602442986462,1.19657536644381,0.173838237305217,"Mixed financing","step",0.000563222654569984,7.52706514475232e-05
195,2.37473890682645,0.754569894192105,0.188752331668981,0.0943761658344906,1.08579018193456,0.731566650358093,0.354223531576464,0.40962744737256,0.59037255262744,0.192545612812931,0.0416604368270512,1.19657425029463,0.173838679709445,"Mixed financing","step",0.000546338084056686,7.30142336050621e-05
196,2.37472252849996,0.754567705423085,0.188752331668981,0.0943761658344906,1.08578750152695,0.731562948740622,0.354224552786324,0.409625745356126,0.590374254643874,0.192546587069768,0.0416606235832108,1.19657316761203,0.173839108852826,"Mixed financing","step",0.000529959757570087,7.08254645855888e-05
197,2.37470664123446,0.754565582274315,0.188752331668981,0.0943761658344906,1.08578490147578,0.731559358090482,0.354225543385296,0.409624094357839,0.590375905642161,0.19254753212969,0.041660804740228,1.1965721173922,0.173839525132863,"Mixed financing","step",0.000514072492068252,6.87023158151279e-05
198,2.37469123030248,0.754563522778077,0.188752331668981,0.0943761658344906,1.08578237937158,0.73155587508058,0.354226504290998,0.409622492848337,0.590377507151663,0.192548448867541,0.0416609804660125,1.19657109866148,0.173839928935139,"Mixed financing","step",0.000498661560085267,6.6642819576912e-05
199,2.37467628141844,0.754561525025684,0.188752331668981,0.0943761658344906,1.08577993287713,0.731552496483594,0.35422743639354,0.4096209393441,0.5903790606559,0.192549338131965,0.0416611509234371,1.1965701104754,0.173840320633684,"Mixed financing","step",0.000483712676046189,6.46450671840659e-05
200,2.37466178072538,0.754559587165707,0.188752331668981,0.0943761658344906,1.08577755972533,0.731549219168981,0.354228340556351,0.409619432406082,0.590380567593918,0.192550200746186,0.0416613162704883,1.19656915191785,0.173840700591316,"Mixed financing","step",0.000469211982985662,6.27072072076906e-05
201,2.37464771478206,0.754557707402258,0.188752331668981,0.0943761658344906,1.08577525771705,0.731546040100066,0.354229217616979,0.409617970638368,0.590382029361632,0.192551037508773,0.0416614766604139,1.1965682221002,0.173841069159977,"Mixed financing","step",0.000455146039670673,6.08274437580159e-05
202,2.3746340705505,0.754555883993317,0.188752331668981,0.0943761658344906,1.0857730247191,0.731542956331235,0.354230068387867,0.409616552686888,0.590383447313112,0.19255184919438,0.0416616322418649,1.19656732016049,0.173841426681063,"Mixed financing","step",0.000441501808106981,5.90040348172893e-05
203,2.37462083538381,0.754554115249123,0.188752331668981,0.0943761658344906,1.08577085866229,0.731539965005188,0.354230893657105,0.409615177238158,0.590384822761842,0.192552636554455,0.0416617831590334,1.19656644526261,0.173841773485734,"Mixed financing","step",0.000428266641422148,5.7235290622959e-05
204,2.37460799701451,0.754552399530599,0.188752331668981,0.0943761658344906,1.08576875753946,0.7315370633503,0.354231694189163,0.409613843018061,0.590386156981939,0.192553400317943,0.0416619295517871,1.19656559659555,0.173842109895229,"Mixed financing","step",0.000415428272113605,5.55195720994828e-05
205,2.37459554354304,0.754550735247837,0.188752331668981,0.0943761658344906,1.08576671940364,0.73153424867804,0.354232470725597,0.409612548790671,0.590387451209329,0.192554141191955,0.0416620715557988,1.19656477337261,0.173842436221157,"Mixed financing","step",0.000402974800645772,5.38552893369904e-05
206,2.37458346342679,0.754549120858616,0.188752331668981,0.0943761658344906,1.08576474236622,0.731531518380482,0.354233223985739,0.409611293357102,0.590388706642898,0.192554859862427,0.0416622093026727,1.19656397483071,0.173842752765789,"Mixed financing","step",0.000390894684393128,5.22409001160185e-05
207,2.3745717454693,0.754547554866976,0.188752331668981,0.0943761658344906,1.08576282459524,0.73152886992788,0.354233954667362,0.409610075554397,0.590389924445603,0.192555556994749,0.0416623429200662,1.19656320022965,0.173843059822338,"Mixed financing","step",0.000379176726910568,5.06749084767666e-05
208,2.37456037880992,0.754546035821831,0.188752331668981,0.0943761658344906,1.08576096431365,0.73152630086632,0.354234663447329,0.409608894254452,0.590391105745548,0.192556233234386,0.0416624725318091,1.19656244885143,0.173843357675231,"Mixed financing","step",0.000367810067526175,4.91558633309852e-05
209,2.37454935291364,0.754544562315615,0.188752331668981,0.0943761658344906,1.08575915979767,0.731523808815446,0.35423535098222,0.409607748362967,0.590392251637033,0.19255688920747,0.0416625982580184,1.19656171999958,0.173843646600371,"Mixed financing","step",0.000356784171248403,4.76823571157192e-05
210,2.37453865756136,0.754543132982988,0.188752331668981,0.0943761658344906,1.08575740937519,0.731521391466245,0.35423601790894,0.409606636818433,0.590393363181567,0.192557525521388,0.0416627202152099,1.19656101299853,0.173843926865396,"Mixed financing","step",0.000346088818969914,4.62530244880188e-05
211,2.37452828284036,0.754541746499558,0.188752331668981,0.0943761658344906,1.08575571142422,0.731519046578906,0.354236664845313,0.409605558591145,0.590394441408856,0.192558142765335,0.0416628385164063,1.19656032719294,0.173844198729923,"Mixed financing","step",0.000335714097966733,4.48665410585081e-05
212,2.37451821913507,0.754540401580663,0.188752331668981,0.0943761658344906,1.08575406437139,0.731516771980737,0.354237292390652,0.409604512682246,0.590395487317754,0.192558741510867,0.0416629532712428,1.19655966194715,0.173844462445795,"Mixed financing","step",0.000325650392678956,4.35216221629231e-05
213,2.37450845711816,0.754539096980171,0.188752331668981,0.0943761658344906,1.08575246669047,0.731514565564149,0.354237901126317,0.409603498122804,0.590396501877196,0.192559322312428,0.0416630645860685,1.19655901664452,0.173844718257308,"Mixed financing","step",0.000315888375766349,4.2217021671398e-05
214,2.37449898774182,0.754537831489332,0.188752331668981,0.0943761658344906,1.08575091690095,0.731512425284693,0.354238491616257,0.409602513972905,0.590397486027095,0.192559885707864,0.0416631725640457,1.19655839068694,0.173844966401443,"Mixed financing","step",0.000306418999428182,4.09515308327224e-05
215,2.37448980222938,0.754536603935654,0.188752331668981,0.0943761658344906,1.08574941356669,0.731510349159161,0.354239064407528,0.409601559320786,0.590398440679214,0.192560432218922,0.0416632773052457,1.19655778349418,0.173845207108083,"Mixed financing","step",0.000297233486983739,3.97239771541269e-05
216,2.37448089206709,0.754535413181814,0.188752331668981,0.0943761658344906,1.08574795529455,0.731508335263744,0.35423962003081,0.409600633281983,0.590399366718017,0.192560962351735,0.0416633789067421,1.19655719450341,0.173845440600231,"Mixed financing","step",0.000288323324697082,3.85332233147073e-05
217,2.37447224899624,0.754534258124611,0.188752331668981,0.0943761658344906,1.08574654073313,0.731506381732236,0.354240159000894,0.40959973499851,0.590400265001489,0.192561476597293,0.041663477462701,1.19655662316867,0.17384566709421,"Mixed financing","step",0.000279680253844727,3.73781661112682e-05
218,2.37446386500541,0.754533137693936,0.188752331668981,0.0943761658344906,1.08574516857146,0.731504486754299,0.354240681817162,0.409598863638063,0.590401136361937,0.192561975431895,0.041663573064469,1.19655606896033,0.173845886799871,"Mixed financing","step",0.000271296263015586,3.62577354365845e-05
219,2.37445573232303,0.754532050851788,0.188752331668981,0.0943761658344906,1.08574383753783,0.731502648573775,0.354241188964057,0.409598018393238,0.590401981606762,0.192562459317598,0.0416636658006583,1.19655553136465,0.173846099920788,"Mixed financing","step",0.00026316358063605,3.51708932881944e-05
220,2.3744478434101,0.754530996591307,0.188752331668981,0.0943761658344906,1.08574254639857,0.731500865487045,0.354241680911529,0.409597198480784,0.590402801519216,0.192562928702642,0.0416637557572295,1.19655500988323,0.173846306654442,"Mixed financing","step",0.000255274667711358,3.41166328072795e-05
221,2.37444019095317,0.754529973935846,0.188752331668981,0.0943761658344906,1.08574129395692,0.731499135841443,0.354242158115477,0.409596403140872,0.590403596859128,0.192563384021871,0.0416638430175717,1.19655450403261,0.173846507192413,"Mixed financing","step",0.00024762221077923,3.30939773467431e-05
222,2.37443276785745,0.754528981938067,0.188752331668981,0.0943761658344906,1.08574007905188,0.731497458033704,0.354242621018173,0.409595631636378,0.590404368363622,0.192563825697139,0.0416639276625811,1.19655401334376,0.173846701720553,"Mixed financing","step",0.000240199115062456,3.21019795676003e-05
223,2.37442556724021,0.754528019679062,0.188752331668981,0.0943761658344906,1.08573890055715,0.731495830508467,0.354243070048678,0.409594883252203,0.590405116747797,0.192564254137703,0.041664009770736,1.19655353736169,0.173846890419164,"Mixed financing","step",0.000232998497819104,3.11397205626784e-05
224,2.37419256874239,0.7544968799585,0.188752331668981,0.0943761658344906,1.08570076574284,0.731443165099192,0.354257600643652,0.409570665593914,0.590429334406086,0.192578119159265,0.0416666666641073,1.19653813562506,0.173852996723122,"Mixed financing","step",0,0
225,2.37419256874239,0.7544968799585,0.188752331668981,0.0943761658344906,1.08570076574284,0.731443165099192,0.354257600643652,0.409570665593914,0.590429334406086,0.192578119159265,0.0416666666641073,1.19653813562506,0.173852996723122,"Mixed financing","step",0,0
226,2.37419256874239,0.7544968799585,0.188752331668981,0.0943761658344906,1.08570076574284,0.731443165099192,0.354257600643652,0.409570665593914,0.590429334406086,0.192578119159265,0.0416666666641073,1.19653813562506,0.173852996723122,"Mixed financing","step",0,0
227,2.37419256874239,0.7544968799585,0.188752331668981,0.0943761658344906,1.08570076574284,0.731443165099192,0.354257600643652,0.409570665593914,0.590429334406086,0.192578119159265,0.0416666666641073,1.19653813562506,0.173852996723122,"Mixed financing","step",0,0
228,2.37419256874239,0.7544968799585,0.188752331668981,0.0943761658344906,1.08570076574284,0.731443165099192,0.354257600643652,0.409570665593914,0.590429334406086,0.192578119159265,0.0416666666641073,1.19653813562506,0.173852996723122,"Mixed financing","step",0,0
229,2.37419256874239,0.7544968799585,0.188752331668981,0.0943761658344906,1.08570076574284,0.731443165099192,0.354257600643652,0.409570665593914,0.590429334406086,0.192578119159265,0.0416666666641073,1.19653813562506,0.173852996723122,"Mixed financing","step",0,0
230,2.37419256874239,0.7544968799585,0.188752331668981,0.0943761658344906,1.08570076574284,0.731443165099192,0.354257600643652,0.409570665593914,0.590429334406086,0.192578119159265,0.0416666666641073,1.19653813562506,0.173852996723122,"Mixed financing","step",0,0
231,2.37419256874239,0.7544968799585,0.188752331668981,0.0943761658344906,1.08570076574284,0.731443165099192,0.354257600643652,0.409570665593914,0.590429334406086,0.192578119159265,0.0416666666641073,1.19653813562506,0.173852996723122,"Mixed financing","step",0,0
232,2.37419256874239,0.7544968799585,0.188752331668981,0.0943761658344906,1.08570076574284,0.731443165099192,0.354257600643652,0.409570665593914,0.590429334406086,0.192578119159265,0.0416666666641073,1.19653813562506,0.173852996723122,"Mixed financing","step",0,0
233,2.37419256874239,0.7544968799585,0.188752331668981,0.0943761658344906,1.08570076574284,0.731443165099192,0.354257600643652,0.409570665593914,0.590429334406086,0.192578119159265,0.0416666666641073,1.19653813562506,0.173852996723122,"Mixed financing","step",0,0
234,2.37419256874239,0.7544968799585,0.188752331668981,0.0943761658344906,1.08570076574284,0.731443165099192,0.354257600643652,0.409570665593914,0.590429334406086,0.192578119159265,0.0416666666641073,1.19653813562506,0.173852996723122,"Mixed financing","step",0,0
235,2.37419256874239,0.7544968799585,0.188752331668981,0.0943761658344906,1.08570076574284,0.731443165099192,0.354257600643652,0.409570665593914,0.590429334406086,0.192578119159265,0.0416666666641073,1.19653813562506,0.173852996723122,"Mixed financing","step",0,0
236,2.37419256874239,0.7544968799585,0.188752331668981,0.0943761658344906,1.08570076574284,0.731443165099192,0.354257600643652,0.409570665593914,0.590429334406086,0.192578119159265,0.0416666666641073,1.19653813562506,0.173852996723122,"Mixed financing","step",0,0
237,2.37419256874239,0.7544968799585,0.188752331668981,0.0943761658344906,1.08570076574284,0.731443165099192,0.354257600643652,0.409570665593914,0.590429334406086,0.192578119159265,0.0416666666641073,1.19653813562506,0.173852996723122,"Mixed financing","step",0,0
238,2.37419256874239,0.7544968799585,0.188752331668981,0.0943761658344906,1.08570076574284,0.731443165099192,0.354257600643652,0.409570665593914,0.590429334406086,0.192578119159265,0.0416666666641073,1.19653813562506,0.173852996723122,"Mixed financing","step",0,0
239,2.37419256874239,0.7544968799585,0.188752331668981,0.0943761658344906,1.08570076574284,0.731443165099192,0.354257600643652,0.409570665593914,0.590429334406086,0.192578119159265,0.0416666666641073,1.19653813562506,0.173852996723122,"Mixed financing","step",0,0
240,2.37419256874239,0.7544968799585,0.188752331668981,0.0943761658344906,1.08570076574284,0.731443165099192,0.354257600643652,0.409570665593914,0.590429334406086,0.192578119159265,0.0416666666641073,1.19653813562506,0.173852996723122,"Mixed financing","step",0,0
241,2.37419256874239,0.7544968799585,0.188752331668981,0.0943761658344906,1.08570076574284,0.731443165099192,0.354257600643652,0.409570665593914,0.590429334406086,0.192578119159265,0.0416666666641073,1.19653813562506,0.173852996723122,"Mixed financing","step",0,0
242,2.37419256874239,0.7544968799585,0.188752331668981,0.0943761658344906,1.08570076574284,0.731443165099192,0.354257600643652,0.409570665593914,0.590429334406086,0.192578119159265,0.0416666666641073,1.19653813562506,0.173852996723122,"Mixed financing","step",0,0
243,2.37419256874239,0.7544968799585,0.188752331668981,0.0943761658344906,1.08570076574284,0.731443165099192,0.354257600643652,0.409570665593914,0.590429334406086,0.192578119159265,0.0416666666641073,1.19653813562506,0.173852996723122,"Mixed financing","step",0,0
244,2.37419256874239,0.7544968799585,0.188752331668981,0.0943761658344906,1.08570076574284,0.731443165099192,0.354257600643652,0.409570665593914,0.590429334406086,0.192578119159265,0.0416666666641073,1.19653813562506,0.173852996723122,"Mixed financing","step",0,0
245,2.37419256874239,0.7544968799585,0.188752331668981,0.0943761658344906,1.08570076574284,0.731443165099192,0.354257600643652,0.409570665593914,0.590429334406086,0.192578119159265,0.0416666666641073,1.19653813562506,0.173852996723122,"Mixed financing","step",0,0
246,2.37419256874239,0.7544968799585,0.188752331668981,0.0943761658344906,1.08570076574284,0.731443165099192,0.354257600643652,0.409570665593914,0.590429334406086,0.192578119159265,0.0416666666641073,1.19653813562506,0.173852996723122,"Mixed financing","step",0,0
247,2.37419256874239,0.7544968799585,0.188752331668981,0.0943761658344906,1.08570076574284,0.731443165099192,0.354257600643652,0.409570665593914,0.590429334406086,0.192578119159265,0.0416666666641073,1.19653813562506,0.173852996723122,"Mixed financing","step",0,0
248,2.37419256874239,0.7544968799585,0.188752331668981,0.0943761658344906,1.08570076574284,0.731443165099192,0.354257600643652,0.409570665593914,0.590429334406086,0.192578119159265,0.0416666666641073,1.19653813562506,0.173852996723122,"Mixed financing","step",0,0
249,2.37419256874239,0.7544968799585,0.188752331668981,0.0943761658344906,1.08570076574284,0.731443165099192,0.354257600643652,0.409570665593914,0.590429334406086,0.192578119159265,0.0416666666641073,1.19653813562506,0.173852996723122,"Mixed financing","step",0,0
250,2.37419256874239,0.7544968799585,0.188752331668981,0.0943761658344906,1.08570076574284,0.731443165099192,0.354257600643652,0.409570665593914,0.590429334406086,0.192578119159265,0.0416666666641073,1.19653813562506,0.173852996723122,"Mixed financing","step",0,0
251,2.37419256874239,0.7544968799585,0.188752331668981,0.0943761658344906,1.08570076574284,0.731443165099192,0.354257600643652,0.409570665593914,0.590429334406086,0.192578119159265,0.0416666666641073,1.19653813562506,0.173852996723122,"Mixed financing","step",0,0
252,2.37419256874239,0.7544968799585,0.188752331668981,0.0943761658344906,1.08570076574284,0.731443165099192,0.354257600643652,0.409570665593914,0.590429334406086,0.192578119159265,0.0416666666641073,1.19653813562506,0.173852996723122,"Mixed financing","step",0,0
253,2.37419256874239,0.7544968799585,0.188752331668981,0.0943761658344906,1.08570076574284,0.731443165099192,0.354257600643652,0.409570665593914,0.590429334406086,0.192578119159265,0.0416666666641073,1.19653813562506,0.173852996723122,"Mixed financing","step",0,0
254,2.37419256874239,0.7544968799585,0.188752331668981,0.0943761658344906,1.08570076574284,0.731443165099192,0.354257600643652,0.409570665593914,0.590429334406086,0.192578119159265,0.0416666666641073,1.19653813562506,0.173852996723122,"Mixed financing","step",0,0
255,2.37419256874239,0.7544968799585,0.188752331668981,0.0943761658344906,1.08570076574284,0.731443165099192,0.354257600643652,0.409570665593914,0.590429334406086,0.192578119159265,0.0416666666641073,1.19653813562506,0.173852996723122,"Mixed financing","step",0,0
256,2.37419256874239,0.7544968799585,0.188752331668981,0.0943761658344906,1.08570076574284,0.731443165099192,0.354257600643652,0.409570665593914,0.590429334406086,0.192578119159265,0.0416666666641073,1.19653813562506,0.173852996723122,"Mixed financing","step",0,0
257,2.37419256874239,0.7544968799585,0.188752331668981,0.0943761658344906,1.08570076574284,0.731443165099192,0.354257600643652,0.409570665593914,0.590429334406086,0.192578119159265,0.0416666666641073,1.19653813562506,0.173852996723122,"Mixed financing","step",0,0
258,2.37419256874239,0.7544968799585,0.188752331668981,0.0943761658344906,1.08570076574284,0.731443165099192,0.354257600643652,0.409570665593914,0.590429334406086,0.192578119159265,0.0416666666641073,1.19653813562506,0.173852996723122,"Mixed financing","step",0,0
259,2.37419256874239,0.7544968799585,0.188752331668981,0.0943761658344906,1.08570076574284,0.731443165099192,0.354257600643652,0.409570665593914,0.590429334406086,0.192578119159265,0.0416666666641073,1.19653813562506,0.173852996723122,"Mixed financing","step",0,0
260,2.37419256874239,0.7544968799585,0.188752331668981,0.0943761658344906,1.08570076574284,0.731443165099192,0.354257600643652,0.409570665593914,0.590429334406086,0.192578119159265,0.0416666666641073,1.19653813562506,0.173852996723122,"Mixed financing","step",0,0
261,2.37419256874239,0.7544968799585,0.188752331668981,0.0943761658344906,1.08570076574284,0.731443165099192,0.354257600643652,0.409570665593914,0.590429334406086,0.192578119159265,0.0416666666641073,1.19653813562506,0.173852996723122,"Mixed financing","step",0,0
262,2.37419256874239,0.7544968799585,0.188752331668981,0.0943761658344906,1.08570076574284,0.731443165099192,0.354257600643652,0.409570665593914,0.590429334406086,0.192578119159265,0.0416666666641073,1.19653813562506,0.173852996723122,"Mixed financing","step",0,0
263,2.37419256874239,0.7544968799585,0.188752331668981,0.0943761658344906,1.08570076574284,0.731443165099192,0.354257600643652,0.409570665593914,0.590429334406086,0.192578119159265,0.0416666666641073,1.19653813562506,0.173852996723122,"Mixed financing","step",0,0
264,2.37419256874239,0.7544968799585,0.188752331668981,0.0943761658344906,1.08570076574284,0.731443165099192,0.354257600643652,0.409570665593914,0.590429334406086,0.192578119159265,0.0416666666641073,1.19653813562506,0.173852996723122,"Mixed financing","step",0,0
265,2.37419256874239,0.7544968799585,0.188752331668981,0.0943761658344906,1.08570076574284,0.731443165099192,0.354257600643652,0.409570665593914,0.590429334406086,0.192578119159265,0.0416666666641073,1.19653813562506,0.173852996723122,"Mixed financing","step",0,0
266,2.37419256874239,0.7544968799585,0.188752331668981,0.0943761658344906,1.08570076574284,0.731443165099192,0.354257600643652,0.409570665593914,0.590429334406086,0.192578119159265,0.0416666666641073,1.19653813562506,0.173852996723122,"Mixed financing","step",0,0
267,2.37419256874239,0.7544968799585,0.188752331668981,0.0943761658344906,1.08570076574284,0.731443165099192,0.354257600643652,0.409570665593914,0.590429334406086,0.192578119159265,0.0416666666641073,1.19653813562506,0.173852996723122,"Mixed financing","step",0,0
268,2.37419256874239,0.7544968799585,0.188752331668981,0.0943761658344906,1.08570076574284,0.731443165099192,0.354257600643652,0.409570665593914,0.590429334406086,0.192578119159265,0.0416666666641073,1.19653813562506,0.173852996723122,"Mixed financing","step",0,0
269,2.37419256874239,0.7544968799585,0.188752331668981,0.0943761658344906,1.08570076574284,0.731443165099192,0.354257600643652,0.409570665593914,0.590429334406086,0.192578119159265,0.0416666666641073,1.19653813562506,0.173852996723122,"Mixed financing","step",0,0
270,2.37419256874239,0.7544968799585,0.188752331668981,0.0943761658344906,1.08570076574284,0.731443165099192,0.354257600643652,0.409570665593914,0.590429334406086,0.192578119159265,0.0416666666641073,1.19653813562506,0.173852996723122,"Mixed financing","step",0,0
271,2.37419256874239,0.7544968799585,0.188752331668981,0.0943761658344906,1.08570076574284,0.731443165099192,0.354257600643652,0.409570665593914,0.590429334406086,0.192578119159265,0.0416666666641073,1.19653813562506,0.173852996723122,"Mixed financing","step",0,0
272,2.37419256874239,0.7544968799585,0.188752331668981,0.0943761658344906,1.08570076574284,0.731443165099192,0.354257600643652,0.409570665593914,0.590429334406086,0.192578119159265,0.0416666666641073,1.19653813562506,0.173852996723122,"Mixed financing","step",0,0
273,2.37419256874239,0.7544968799585,0.188752331668981,0.0943761658344906,1.08570076574284,0.731443165099192,0.354257600643652,0.409570665593914,0.590429334406086,0.192578119159265,0.0416666666641073,1.19653813562506,0.173852996723122,"Mixed financing","step",0,0
274,2.37419256874239,0.7544968799585,0.188752331668981,0.0943761658344906,1.08570076574284,0.731443165099192,0.354257600643652,0.409570665593914,0.590429334406086,0.192578119159265,0.0416666666641073,1.19653813562506,0.173852996723122,"Mixed financing","step",0,0
275,2.37419256874239,0.7544968799585,0.188752331668981,0.0943761658344906,1.08570076574284,0.731443165099192,0.354257600643652,0.409570665593914,0.590429334406086,0.192578119159265,0.0416666666641073,1.19653813562506,0.173852996723122,"Mixed financing","step",0,0
276,2.37419256874239,0.7544968799585,0.188752331668981,0.0943761658344906,1.08570076574284,0.731443165099192,0.354257600643652,0.409570665593914,0.590429334406086,0.192578119159265,0.0416666666641073,1.19653813562506,0.173852996723122,"Mixed financing","step",0,0
277,2.37419256874239,0.7544968799585,0.188752331668981,0.0943761658344906,1.08570076574284,0.731443165099192,0.354257600643652,0.409570665593914,0.590429334406086,0.192578119159265,0.0416666666641073,1.19653813562506,0.173852996723122,"Mixed financing","step",0,0
278,2.37419256874239,0.7544968799585,0.188752331668981,0.0943761658344906,1.08570076574284,0.731443165099192,0.354257600643652,0.409570665593914,0.590429334406086,0.192578119159265,0.0416666666641073,1.19653813562506,0.173852996723122,"Mixed financing","step",0,0
279,2.37419256874239,0.7544968799585,0.188752331668981,0.0943761658344906,1.08570076574284,0.731443165099192,0.354257600643652,0.409570665593914,0.590429334406086,0.192578119159265,0.0416666666641073,1.19653813562506,0.173852996723122,"Mixed financing","step",0,0
280,2.37419256874239,0.7544968799585,0.188752331668981,0.0943761658344906,1.08570076574284,0.731443165099192,0.354257600643652,0.409570665593914,0.590429334406086,0.192578119159265,0.0416666666641073,1.19653813562506,0.173852996723122,"Mixed financing","step",0,0
281,2.37419256874239,0.7544968799585,0.188752331668981,0.0943761658344906,1.08570076574284,0.731443165099192,0.354257600643652,0.409570665593914,0.590429334406086,0.192578119159265,0.0416666666641073,1.19653813562506,0.173852996723122,"Mixed financing","step",0,0
282,2.37419256874239,0.7544968799585,0.188752331668981,0.0943761658344906,1.08570076574284,0.731443165099192,0.354257600643652,0.409570665593914,0.590429334406086,0.192578119159265,0.0416666666641073,1.19653813562506,0.173852996723122,"Mixed financing","step",0,0
283,2.37419256874239,0.7544968799585,0.188752331668981,0.0943761658344906,1.08570076574284,0.731443165099192,0.354257600643652,0.409570665593914,0.590429334406086,0.192578119159265,0.0416666666641073,1.19653813562506,0.173852996723122,"Mixed financing","step",0,0
284,2.37419256874239,0.7544968799585,0.188752331668981,0.0943761658344906,1.08570076574284,0.731443165099192,0.354257600643652,0.409570665593914,0.590429334406086,0.192578119159265,0.0416666666641073,1.19653813562506,0.173852996723122,"Mixed financing","step",0,0
285,2.37419256874239,0.7544968799585,0.188752331668981,0.0943761658344906,1.08570076574284,0.731443165099192,0.354257600643652,0.409570665593914,0.590429334406086,0.192578119159265,0.0416666666641073,1.19653813562506,0.173852996723122,"Mixed financing","step",0,0
286,2.37419256874239,0.7544968799585,0.188752331668981,0.0943761658344906,1.08570076574284,0.731443165099192,0.354257600643652,0.409570665593914,0.590429334406086,0.192578119159265,0.0416666666641073,1.19653813562506,0.173852996723122,"Mixed financing","step",0,0
287,2.37419256874239,0.7544968799585,0.188752331668981,0.0943761658344906,1.08570076574284,0.731443165099192,0.354257600643652,0.409570665593914,0.590429334406086,0.192578119159265,0.0416666666641073,1.19653813562506,0.173852996723122,"Mixed financing","step",0,0
288,2.37419256874239,0.7544968799585,0.188752331668981,0.0943761658344906,1.08570076574284,0.731443165099192,0.354257600643652,0.409570665593914,0.590429334406086,0.192578119159265,0.0416666666641073,1.19653813562506,0.173852996723122,"Mixed financing","step",0,0
289,2.37419256874239,0.7544968799585,0.188752331668981,0.0943761658344906,1.08570076574284,0.731443165099192,0.354257600643652,0.409570665593914,0.590429334406086,0.192578119159265,0.0416666666641073,1.19653813562506,0.173852996723122,"Mixed financing","step",0,0
290,2.37419256874239,0.7544968799585,0.188752331668981,0.0943761658344906,1.08570076574284,0.731443165099192,0.354257600643652,0.409570665593914,0.590429334406086,0.192578119159265,0.0416666666641073,1.19653813562506,0.173852996723122,"Mixed financing","step",0,0
291,2.37419256874239,0.7544968799585,0.188752331668981,0.0943761658344906,1.08570076574284,0.731443165099192,0.354257600643652,0.409570665593914,0.590429334406086,0.192578119159265,0.0416666666641073,1.19653813562506,0.173852996723122,"Mixed financing","step",0,0
292,2.37419256874239,0.7544968799585,0.188752331668981,0.0943761658344906,1.08570076574284,0.731443165099192,0.354257600643652,0.409570665593914,0.590429334406086,0.192578119159265,0.0416666666641073,1.19653813562506,0.173852996723122,"Mixed financing","step",0,0
293,2.37419256874239,0.7544968799585,0.188752331668981,0.0943761658344906,1.08570076574284,0.731443165099192,0.354257600643652,0.409570665593914,0.590429334406086,0.192578119159265,0.0416666666641073,1.19653813562506,0.173852996723122,"Mixed financing","step",0,0
294,2.37419256874239,0.7544968799585,0.188752331668981,0.0943761658344906,1.08570076574284,0.731443165099192,0.354257600643652,0.409570665593914,0.590429334406086,0.192578119159265,0.0416666666641073,1.19653813562506,0.173852996723122,"Mixed financing","step",0,0
295,2.37419256874239,0.7544968799585,0.188752331668981,0.0943761658344906,1.08570076574284,0.731443165099192,0.354257600643652,0.409570665593914,0.590429334406086,0.192578119159265,0.0416666666641073,1.19653813562506,0.173852996723122,"Mixed financing","step",0,0
296,2.37419256874239,0.7544968799585,0.188752331668981,0.0943761658344906,1.08570076574284,0.731443165099192,0.354257600643652,0.409570665593914,0.590429334406086,0.192578119159265,0.0416666666641073,1.19653813562506,0.173852996723122,"Mixed financing","step",0,0
297,2.37419256874239,0.7544968799585,0.188752331668981,0.0943761658344906,1.08570076574284,0.731443165099192,0.354257600643652,0.409570665593914,0.590429334406086,0.192578119159265,0.0416666666641073,1.19653813562506,0.173852996723122,"Mixed financing","step",0,0
298,2.37419256874239,0.7544968799585,0.188752331668981,0.0943761658344906,1.08570076574284,0.731443165099192,0.354257600643652,0.409570665593914,0.590429334406086,0.192578119159265,0.0416666666641073,1.19653813562506,0.173852996723122,"Mixed financing","step",0,0
299,2.37419256874239,0.7544968799585,0.188752331668981,0.0943761658344906,1.08570076574284,0.731443165099192,0.354257600643652,0.409570665593914,0.590429334406086,0.192578119159265,0.0416666666641073,1.19653813562506,0.173852996723122,"Mixed financing","step",0,0
300,2.37419256874239,0.7544968799585,0.188752331668981,0.0943761658344906,1.08570076574284,0.731443165099192,0.354257600643652,0.409570665593914,0.590429334406086,0.192578119159265,0.0416666666641073,1.19653813562506,0.173852996723122,"Mixed financing","step",0,0
301,2.37419256874239,0.7544968799585,0.188752331668981,0.0943761658344906,1.08570076574284,0.731443165099192,0.354257600643652,0.409570665593914,0.590429334406086,0.192578119159265,0.0416666666641073,1.19653813562506,0.173852996723122,"Mixed financing","step",0,0
302,2.37419256874239,0.7544968799585,0.188752331668981,0.0943761658344906,1.08570076574284,0.731443165099192,0.354257600643652,0.409570665593914,0.590429334406086,0.192578119159265,0.0416666666641073,1.19653813562506,0.173852996723122,"Mixed financing","step",0,0
303,2.37419256874239,0.7544968799585,0.188752331668981,0.0943761658344906,1.08570076574284,0.731443165099192,0.354257600643652,0.409570665593914,0.590429334406086,0.192578119159265,0.0416666666641073,1.19653813562506,0.173852996723122,"Mixed financing","step",0,0
304,2.37419256874239,0.7544968799585,0.188752331668981,0.0943761658344906,1.08570076574284,0.731443165099192,0.354257600643652,0.409570665593914,0.590429334406086,0.192578119159265,0.0416666666641073,1.19653813562506,0.173852996723122,"Mixed financing","step",0,0
305,2.37419256874239,0.7544968799585,0.188752331668981,0.0943761658344906,1.08570076574284,0.731443165099192,0.354257600643652,0.409570665593914,0.590429334406086,0.192578119159265,0.0416666666641073,1.19653813562506,0.173852996723122,"Mixed financing","step",0,0
306,2.37419256874239,0.7544968799585,0.188752331668981,0.0943761658344906,1.08570076574284,0.731443165099192,0.354257600643652,0.409570665593914,0.590429334406086,0.192578119159265,0.0416666666641073,1.19653813562506,0.173852996723122,"Mixed financing","step",0,0
307,2.37419256874239,0.7544968799585,0.188752331668981,0.0943761658344906,1.08570076574284,0.731443165099192,0.354257600643652,0.409570665593914,0.590429334406086,0.192578119159265,0.0416666666641073,1.19653813562506,0.173852996723122,"Mixed financing","step",0,0
308,2.37419256874239,0.7544968799585,0.188752331668981,0.0943761658344906,1.08570076574284,0.731443165099192,0.354257600643652,0.409570665593914,0.590429334406086,0.192578119159265,0.0416666666641073,1.19653813562506,0.173852996723122,"Mixed financing","step",0,0
309,2.37419256874239,0.7544968799585,0.188752331668981,0.0943761658344906,1.08570076574284,0.731443165099192,0.354257600643652,0.409570665593914,0.590429334406086,0.192578119159265,0.0416666666641073,1.19653813562506,0.173852996723122,"Mixed financing","step",0,0
310,2.37419256874239,0.7544968799585,0.188752331668981,0.0943761658344906,1.08570076574284,0.731443165099192,0.354257600643652,0.409570665593914,0.590429334406086,0.192578119159265,0.0416666666641073,1.19653813562506,0.173852996723122,"Mixed financing","step",0,0
311,2.37419256874239,0.7544968799585,0.188752331668981,0.0943761658344906,1.08570076574284,0.731443165099192,0.354257600643652,0.409570665593914,0.590429334406086,0.192578119159265,0.0416666666641073,1.19653813562506,0.173852996723122,"Mixed financing","step",0,0
312,2.37419256874239,0.7544968799585,0.188752331668981,0.0943761658344906,1.08570076574284,0.731443165099192,0.354257600643652,0.409570665593914,0.590429334406086,0.192578119159265,0.0416666666641073,1.19653813562506,0.173852996723122,"Mixed financing","step",0,0
313,2.37419256874239,0.7544968799585,0.188752331668981,0.0943761658344906,1.08570076574284,0.731443165099192,0.354257600643652,0.409570665593914,0.590429334406086,0.192578119159265,0.0416666666641073,1.19653813562506,0.173852996723122,"Mixed financing","step",0,0
314,2.37419256874239,0.7544968799585,0.188752331668981,0.0943761658344906,1.08570076574284,0.731443165099192,0.354257600643652,0.409570665593914,0.590429334406086,0.192578119159265,0.0416666666641073,1.19653813562506,0.173852996723122,"Mixed financing","step",0,0
315,2.37419256874239,0.7544968799585,0.188752331668981,0.0943761658344906,1.08570076574284,0.731443165099192,0.354257600643652,0.409570665593914,0.590429334406086,0.192578119159265,0.0416666666641073,1.19653813562506,0.173852996723122,"Mixed financing","step",0,0
316,2.37419256874239,0.7544968799585,0.188752331668981,0.0943761658344906,1.08570076574284,0.731443165099192,0.354257600643652,0.409570665593914,0.590429334406086,0.192578119159265,0.0416666666641073,1.19653813562506,0.173852996723122,"Mixed financing","step",0,0
317,2.37419256874239,0.7544968799585,0.188752331668981,0.0943761658344906,1.08570076574284,0.731443165099192,0.354257600643652,0.409570665593914,0.590429334406086,0.192578119159265,0.0416666666641073,1.19653813562506,0.173852996723122,"Mixed financing","step",0,0
318,2.37419256874239,0.7544968799585,0.188752331668981,0.0943761658344906,1.08570076574284,0.731443165099192,0.354257600643652,0.409570665593914,0.590429334406086,0.192578119159265,0.0416666666641073,1.19653813562506,0.173852996723122,"Mixed financing","step",0,0
319,2.37419256874239,0.7544968799585,0.188752331668981,0.0943761658344906,1.08570076574284,0.731443165099192,0.354257600643652,0.409570665593914,0.590429334406086,0.192578119159265,0.0416666666641073,1.19653813562506,0.173852996723122,"Mixed financing","step",0,0
320,2.37419256874239,0.7544968799585,0.188752331668981,0.0943761658344906,1.08570076574284,0.731443165099192,0.354257600643652,0.409570665593914,0.590429334406086,0.192578119159265,0.0416666666641073,1.19653813562506,0.173852996723122,"Mixed financing","step",0,0
321,2.37419256874239,0.7544968799585,0.188752331668981,0.0943761658344906,1.08570076574284,0.731443165099192,0.354257600643652,0.409570665593914,0.590429334406086,0.192578119159265,0.0416666666641073,1.19653813562506,0.173852996723122,"Mixed financing","step",0,0
322,2.37419256874239,0.7544968799585,0.188752331668981,0.0943761658344906,1.08570076574284,0.731443165099192,0.354257600643652,0.409570665593914,0.590429334406086,0.192578119159265,0.0416666666641073,1.19653813562506,0.173852996723122,"Mixed financing","step",0,0
323,2.37419256874239,0.7544968799585,0.188752331668981,0.0943761658344906,1.08570076574284,0.731443165099192,0.354257600643652,0.409570665593914,0.590429334406086,0.192578119159265,0.0416666666641073,1.19653813562506,0.173852996723122,"Mixed financing","step",0,0
324,2.37419256874239,0.7544968799585,0.188752331668981,0.0943761658344906,1.08570076574284,0.731443165099192,0.354257600643652,0.409570665593914,0.590429334406086,0.192578119159265,0.0416666666641073,1.19653813562506,0.173852996723122,"Mixed financing","step",0,0
325,2.37419256874239,0.7544968799585,0.188752331668981,0.0943761658344906,1.08570076574284,0.731443165099192,0.354257600643652,0.409570665593914,0.590429334406086,0.192578119159265,0.0416666666641073,1.19653813562506,0.173852996723122,"Mixed financing","step",0,0
326,2.37419256874239,0.7544968799585,0.188752331668981,0.0943761658344906,1.08570076574284,0.731443165099192,0.354257600643652,0.409570665593914,0.590429334406086,0.192578119159265,0.0416666666641073,1.19653813562506,0.173852996723122,"Mixed financing","step",0,0
327,2.37419256874239,0.7544968799585,0.188752331668981,0.0943761658344906,1.08570076574284,0.731443165099192,0.354257600643652,0.409570665593914,0.590429334406086,0.192578119159265,0.0416666666641073,1.19653813562506,0.173852996723122,"Mixed financing","step",0,0
328,2.37419256874239,0.7544968799585,0.188752331668981,0.0943761658344906,1.08570076574284,0.731443165099192,0.354257600643652,0.409570665593914,0.590429334406086,0.192578119159265,0.0416666666641073,1.19653813562506,0.173852996723122,"Mixed financing","step",0,0
329,2.37419256874239,0.7544968799585,0.188752331668981,0.0943761658344906,1.08570076574284,0.731443165099192,0.354257600643652,0.409570665593914,0.590429334406086,0.192578119159265,0.0416666666641073,1.19653813562506,0.173852996723122,"Mixed financing","step",0,0
330,2.37419256874239,0.7544968799585,0.188752331668981,0.0943761658344906,1.08570076574284,0.731443165099192,0.354257600643652,0.409570665593914,0.590429334406086,0.192578119159265,0.0416666666641073,1.19653813562506,0.173852996723122,"Mixed financing","step",0,0
331,2.37419256874239,0.7544968799585,0.188752331668981,0.0943761658344906,1.08570076574284,0.731443165099192,0.354257600643652,0.409570665593914,0.590429334406086,0.192578119159265,0.0416666666641073,1.19653813562506,0.173852996723122,"Mixed financing","step",0,0
332,2.37419256874239,0.7544968799585,0.188752331668981,0.0943761658344906,1.08570076574284,0.731443165099192,0.354257600643652,0.409570665593914,0.590429334406086,0.192578119159265,0.0416666666641073,1.19653813562506,0.173852996723122,"Mixed financing","step",0,0
333,2.37419256874239,0.7544968799585,0.188752331668981,0.0943761658344906,1.08570076574284,0.731443165099192,0.354257600643652,0.409570665593914,0.590429334406086,0.192578119159265,0.0416666666641073,1.19653813562506,0.173852996723122,"Mixed financing","step",0,0
334,2.37419256874239,0.7544968799585,0.188752331668981,0.0943761658344906,1.08570076574284,0.731443165099192,0.354257600643652,0.409570665593914,0.590429334406086,0.192578119159265,0.0416666666641073,1.19653813562506,0.173852996723122,"Mixed financing","step",0,0
335,2.37419256874239,0.7544968799585,0.188752331668981,0.0943761658344906,1.08570076574284,0.731443165099192,0.354257600643652,0.409570665593914,0.590429334406086,0.192578119159265,0.0416666666641073,1.19653813562506,0.173852996723122,"Mixed financing","step",0,0
336,2.37419256874239,0.7544968799585,0.188752331668981,0.0943761658344906,1.08570076574284,0.731443165099192,0.354257600643652,0.409570665593914,0.590429334406086,0.192578119159265,0.0416666666641073,1.19653813562506,0.173852996723122,"Mixed financing","step",0,0
337,2.37419256874239,0.7544968799585,0.188752331668981,0.0943761658344906,1.08570076574284,0.731443165099192,0.354257600643652,0.409570665593914,0.590429334406086,0.192578119159265,0.0416666666641073,1.19653813562506,0.173852996723122,"Mixed financing","step",0,0
338,2.37419256874239,0.7544968799585,0.188752331668981,0.0943761658344906,1.08570076574284,0.731443165099192,0.354257600643652,0.409570665593914,0.590429334406086,0.192578119159265,0.0416666666641073,1.19653813562506,0.173852996723122,"Mixed financing","step",0,0
339,2.37419256874239,0.7544968799585,0.188752331668981,0.0943761658344906,1.08570076574284,0.731443165099192,0.354257600643652,0.409570665593914,0.590429334406086,0.192578119159265,0.0416666666641073,1.19653813562506,0.173852996723122,"Mixed financing","step",0,0
340,2.37419256874239,0.7544968799585,0.188752331668981,0.0943761658344906,1.08570076574284,0.731443165099192,0.354257600643652,0.409570665593914,0.590429334406086,0.192578119159265,0.0416666666641073,1.19653813562506,0.173852996723122,"Mixed financing","step",0,0
341,2.37419256874239,0.7544968799585,0.188752331668981,0.0943761658344906,1.08570076574284,0.731443165099192,0.354257600643652,0.409570665593914,0.590429334406086,0.192578119159265,0.0416666666641073,1.19653813562506,0.173852996723122,"Mixed financing","step",0,0
342,2.37419256874239,0.7544968799585,0.188752331668981,0.0943761658344906,1.08570076574284,0.731443165099192,0.354257600643652,0.409570665593914,0.590429334406086,0.192578119159265,0.0416666666641073,1.19653813562506,0.173852996723122,"Mixed financing","step",0,0
343,2.37419256874239,0.7544968799585,0.188752331668981,0.0943761658344906,1.08570076574284,0.731443165099192,0.354257600643652,0.409570665593914,0.590429334406086,0.192578119159265,0.0416666666641073,1.19653813562506,0.173852996723122,"Mixed financing","step",0,0
344,2.37419256874239,0.7544968799585,0.188752331668981,0.0943761658344906,1.08570076574284,0.731443165099192,0.354257600643652,0.409570665593914,0.590429334406086,0.192578119159265,0.0416666666641073,1.19653813562506,0.173852996723122,"Mixed financing","step",0,0
345,2.37419256874239,0.7544968799585,0.188752331668981,0.0943761658344906,1.08570076574284,0.731443165099192,0.354257600643652,0.409570665593914,0.590429334406086,0.192578119159265,0.0416666666641073,1.19653813562506,0.173852996723122,"Mixed financing","step",0,0
346,2.37419256874239,0.7544968799585,0.188752331668981,0.0943761658344906,1.08570076574284,0.731443165099192,0.354257600643652,0.409570665593914,0.590429334406086,0.192578119159265,0.0416666666641073,1.19653813562506,0.173852996723122,"Mixed financing","step",0,0
347,2.37419256874239,0.7544968799585,0.188752331668981,0.0943761658344906,1.08570076574284,0.731443165099192,0.354257600643652,0.409570665593914,0.590429334406086,0.192578119159265,0.0416666666641073,1.19653813562506,0.173852996723122,"Mixed financing","step",0,0
348,2.37419256874239,0.7544968799585,0.188752331668981,0.0943761658344906,1.08570076574284,0.731443165099192,0.354257600643652,0.409570665593914,0.590429334406086,0.192578119159265,0.0416666666641073,1.19653813562506,0.173852996723122,"Mixed financing","step",0,0
349,2.37419256874239,0.7544968799585,0.188752331668981,0.0943761658344906,1.08570076574284,0.731443165099192,0.354257600643652,0.409570665593914,0.590429334406086,0.192578119159265,0.0416666666641073,1.19653813562506,0.173852996723122,"Mixed financing","step",0,0
350,2.37419256874239,0.7544968799585,0.188752331668981,0.0943761658344906,1.08570076574284,0.731443165099192,0.354257600643652,0.409570665593914,0.590429334406086,0.192578119159265,0.0416666666641073,1.19653813562506,0.173852996723122,"Mixed financing","step",0,0
351,2.37419256874239,0.7544968799585,0.188752331668981,0.0943761658344906,1.08570076574284,0.731443165099192,0.354257600643652,0.409570665593914,0.590429334406086,0.192578119159265,0.0416666666641073,1.19653813562506,0.173852996723122,"Mixed financing","step",0,0
352,2.37419256874239,0.7544968799585,0.188752331668981,0.0943761658344906,1.08570076574284,0.731443165099192,0.354257600643652,0.409570665593914,0.590429334406086,0.192578119159265,0.0416666666641073,1.19653813562506,0.173852996723122,"Mixed financing","step",0,0
353,2.37419256874239,0.7544968799585,0.188752331668981,0.0943761658344906,1.08570076574284,0.731443165099192,0.354257600643652,0.409570665593914,0.590429334406086,0.192578119159265,0.0416666666641073,1.19653813562506,0.173852996723122,"Mixed financing","step",0,0
354,2.37419256874239,0.7544968799585,0.188752331668981,0.0943761658344906,1.08570076574284,0.731443165099192,0.354257600643652,0.409570665593914,0.590429334406086,0.192578119159265,0.0416666666641073,1.19653813562506,0.173852996723122,"Mixed financing","step",0,0
355,2.37419256874239,0.7544968799585,0.188752331668981,0.0943761658344906,1.08570076574284,0.731443165099192,0.354257600643652,0.409570665593914,0.590429334406086,0.192578119159265,0.0416666666641073,1.19653813562506,0.173852996723122,"Mixed financing","step",0,0
356,2.37419256874239,0.7544968799585,0.188752331668981,0.0943761658344906,1.08570076574284,0.731443165099192,0.354257600643652,0.409570665593914,0.590429334406086,0.192578119159265,0.0416666666641073,1.19653813562506,0.173852996723122,"Mixed financing","step",0,0
357,2.37419256874239,0.7544968799585,0.188752331668981,0.0943761658344906,1.08570076574284,0.731443165099192,0.354257600643652,0.409570665593914,0.590429334406086,0.192578119159265,0.0416666666641073,1.19653813562506,0.173852996723122,"Mixed financing","step",0,0
358,2.37419256874239,0.7544968799585,0.188752331668981,0.0943761658344906,1.08570076574284,0.731443165099192,0.354257600643652,0.409570665593914,0.590429334406086,0.192578119159265,0.0416666666641073,1.19653813562506,0.173852996723122,"Mixed financing","step",0,0
359,2.37419256874239,0.7544968799585,0.188752331668981,0.0943761658344906,1.08570076574284,0.731443165099192,0.354257600643652,0.409570665593914,0.590429334406086,0.192578119159265,0.0416666666641073,1.19653813562506,0.173852996723122,"Mixed financing","step",0,0
360,2.37419256874239,0.7544968799585,0.188752331668981,0.0943761658344906,1.08570076574284,0.731443165099192,0.354257600643652,0.409570665593914,0.590429334406086,0.192578119159265,0.0416666666641073,1.19653813562506,0.173852996723122,"Mixed financing","step",0,0
361,2.37419256874239,0.7544968799585,0.188752331668981,0.0943761658344906,1.08570076574284,0.731443165099192,0.354257600643652,0.409570665593914,0.590429334406086,0.192578119159265,0.0416666666641073,1.19653813562506,0.173852996723122,"Mixed financing","step",0,0
362,2.37419256874239,0.7544968799585,0.188752331668981,0.0943761658344906,1.08570076574284,0.731443165099192,0.354257600643652,0.409570665593914,0.590429334406086,0.192578119159265,0.0416666666641073,1.19653813562506,0.173852996723122,"Mixed financing","step",0,0
363,2.37419256874239,0.7544968799585,0.188752331668981,0.0943761658344906,1.08570076574284,0.731443165099192,0.354257600643652,0.409570665593914,0.590429334406086,0.192578119159265,0.0416666666641073,1.19653813562506,0.173852996723122,"Mixed financing","step",0,0
364,2.37419256874239,0.7544968799585,0.188752331668981,0.0943761658344906,1.08570076574284,0.731443165099192,0.354257600643652,0.409570665593914,0.590429334406086,0.192578119159265,0.0416666666641073,1.19653813562506,0.173852996723122,"Mixed financing","step",0,0
365,2.37419256874239,0.7544968799585,0.188752331668981,0.0943761658344906,1.08570076574284,0.731443165099192,0.354257600643652,0.409570665593914,0.590429334406086,0.192578119159265,0.0416666666641073,1.19653813562506,0.173852996723122,"Mixed financing","step",0,0
366,2.37419256874239,0.7544968799585,0.188752331668981,0.0943761658344906,1.08570076574284,0.731443165099192,0.354257600643652,0.409570665593914,0.590429334406086,0.192578119159265,0.0416666666641073,1.19653813562506,0.173852996723122,"Mixed financing","step",0,0
367,2.37419256874239,0.7544968799585,0.188752331668981,0.0943761658344906,1.08570076574284,0.731443165099192,0.354257600643652,0.409570665593914,0.590429334406086,0.192578119159265,0.0416666666641073,1.19653813562506,0.173852996723122,"Mixed financing","step",0,0
368,2.37419256874239,0.7544968799585,0.188752331668981,0.0943761658344906,1.08570076574284,0.731443165099192,0.354257600643652,0.409570665593914,0.590429334406086,0.192578119159265,0.0416666666641073,1.19653813562506,0.173852996723122,"Mixed financing","step",0,0
369,2.37419256874239,0.7544968799585,0.188752331668981,0.0943761658344906,1.08570076574284,0.731443165099192,0.354257600643652,0.409570665593914,0.590429334406086,0.192578119159265,0.0416666666641073,1.19653813562506,0.173852996723122,"Mixed financing","step",0,0
370,2.37419256874239,0.7544968799585,0.188752331668981,0.0943761658344906,1.08570076574284,0.731443165099192,0.354257600643652,0.409570665593914,0.590429334406086,0.192578119159265,0.0416666666641073,1.19653813562506,0.173852996723122,"Mixed financing","step",0,0
371,2.37419256874239,0.7544968799585,0.188752331668981,0.0943761658344906,1.08570076574284,0.731443165099192,0.354257600643652,0.409570665593914,0.590429334406086,0.192578119159265,0.0416666666641073,1.19653813562506,0.173852996723122,"Mixed financing","step",0,0
372,2.37419256874239,0.7544968799585,0.188752331668981,0.0943761658344906,1.08570076574284,0.731443165099192,0.354257600643652,0.409570665593914,0.590429334406086,0.192578119159265,0.0416666666641073,1.19653813562506,0.173852996723122,"Mixed financing","step",0,0
373,2.37419256874239,0.7544968799585,0.188752331668981,0.0943761658344906,1.08570076574284,0.731443165099192,0.354257600643652,0.409570665593914,0.590429334406086,0.192578119159265,0.0416666666641073,1.19653813562506,0.173852996723122,"Mixed financing","step",0,0
374,2.37419256874239,0.7544968799585,0.188752331668981,0.0943761658344906,1.08570076574284,0.731443165099192,0.354257600643652,0.409570665593914,0.590429334406086,0.192578119159265,0.0416666666641073,1.19653813562506,0.173852996723122,"Mixed financing","step",0,0
375,2.37419256874239,0.7544968799585,0.188752331668981,0.0943761658344906,1.08570076574284,0.731443165099192,0.354257600643652,0.409570665593914,0.590429334406086,0.192578119159265,0.0416666666641073,1.19653813562506,0.173852996723122,"Mixed financing","step",0,0
376,2.37419256874239,0.7544968799585,0.188752331668981,0.0943761658344906,1.08570076574284,0.731443165099192,0.354257600643652,0.409570665593914,0.590429334406086,0.192578119159265,0.0416666666641073,1.19653813562506,0.173852996723122,"Mixed financing","step",0,0
377,2.37419256874239,0.7544968799585,0.188752331668981,0.0943761658344906,1.08570076574284,0.731443165099192,0.354257600643652,0.409570665593914,0.590429334406086,0.192578119159265,0.0416666666641073,1.19653813562506,0.173852996723122,"Mixed financing","step",0,0
378,2.37419256874239,0.7544968799585,0.188752331668981,0.0943761658344906,1.08570076574284,0.731443165099192,0.354257600643652,0.409570665593914,0.590429334406086,0.192578119159265,0.0416666666641073,1.19653813562506,0.173852996723122,"Mixed financing","step",0,0
379,2.37419256874239,0.7544968799585,0.188752331668981,0.0943761658344906,1.08570076574284,0.731443165099192,0.354257600643652,0.409570665593914,0.590429334406086,0.192578119159265,0.0416666666641073,1.19653813562506,0.173852996723122,"Mixed financing","step",0,0
380,2.37419256874239,0.7544968799585,0.188752331668981,0.0943761658344906,1.08570076574284,0.731443165099192,0.354257600643652,0.409570665593914,0.590429334406086,0.192578119159265,0.0416666666641073,1.19653813562506,0.173852996723122,"Mixed financing","step",0,0
381,2.37419256874239,0.7544968799585,0.188752331668981,0.0943761658344906,1.08570076574284,0.731443165099192,0.354257600643652,0.409570665593914,0.590429334406086,0.192578119159265,0.0416666666641073,1.19653813562506,0.173852996723122,"Mixed financing","step",0,0
382,2.37419256874239,0.7544968799585,0.188752331668981,0.0943761658344906,1.08570076574284,0.731443165099192,0.354257600643652,0.409570665593914,0.590429334406086,0.192578119159265,0.0416666666641073,1.19653813562506,0.173852996723122,"Mixed financing","step",0,0
383,2.37419256874239,0.7544968799585,0.188752331668981,0.0943761658344906,1.08570076574284,0.731443165099192,0.354257600643652,0.409570665593914,0.590429334406086,0.192578119159265,0.0416666666641073,1.19653813562506,0.173852996723122,"Mixed financing","step",0,0
384,2.37419256874239,0.7544968799585,0.188752331668981,0.0943761658344906,1.08570076574284,0.731443165099192,0.354257600643652,0.409570665593914,0.590429334406086,0.192578119159265,0.0416666666641073,1.19653813562506,0.173852996723122,"Mixed financing","step",0,0
385,2.37419256874239,0.7544968799585,0.188752331668981,0.0943761658344906,1.08570076574284,0.731443165099192,0.354257600643652,0.409570665593914,0.590429334406086,0.192578119159265,0.0416666666641073,1.19653813562506,0.173852996723122,"Mixed financing","step",0,0
386,2.37419256874239,0.7544968799585,0.188752331668981,0.0943761658344906,1.08570076574284,0.731443165099192,0.354257600643652,0.409570665593914,0.590429334406086,0.192578119159265,0.0416666666641073,1.19653813562506,0.173852996723122,"Mixed financing","step",0,0
387,2.37419256874239,0.7544968799585,0.188752331668981,0.0943761658344906,1.08570076574284,0.731443165099192,0.354257600643652,0.409570665593914,0.590429334406086,0.192578119159265,0.0416666666641073,1.19653813562506,0.173852996723122,"Mixed financing","step",0,0
388,2.37419256874239,0.7544968799585,0.188752331668981,0.0943761658344906,1.08570076574284,0.731443165099192,0.354257600643652,0.409570665593914,0.590429334406086,0.192578119159265,0.0416666666641073,1.19653813562506,0.173852996723122,"Mixed financing","step",0,0
389,2.37419256874239,0.7544968799585,0.188752331668981,0.0943761658344906,1.08570076574284,0.731443165099192,0.354257600643652,0.409570665593914,0.590429334406086,0.192578119159265,0.0416666666641073,1.19653813562506,0.173852996723122,"Mixed financing","step",0,0
390,2.37419256874239,0.7544968799585,0.188752331668981,0.0943761658344906,1.08570076574284,0.731443165099192,0.354257600643652,0.409570665593914,0.590429334406086,0.192578119159265,0.0416666666641073,1.19653813562506,0.173852996723122,"Mixed financing","step",0,0
391,2.37419256874239,0.7544968799585,0.188752331668981,0.0943761658344906,1.08570076574284,0.731443165099192,0.354257600643652,0.409570665593914,0.590429334406086,0.192578119159265,0.0416666666641073,1.19653813562506,0.173852996723122,"Mixed financing","step",0,0
392,2.37419256874239,0.7544968799585,0.188752331668981,0.0943761658344906,1.08570076574284,0.731443165099192,0.354257600643652,0.409570665593914,0.590429334406086,0.192578119159265,0.0416666666641073,1.19653813562506,0.173852996723122,"Mixed financing","step",0,0
393,2.37419256874239,0.7544968799585,0.188752331668981,0.0943761658344906,1.08570076574284,0.731443165099192,0.354257600643652,0.409570665593914,0.590429334406086,0.192578119159265,0.0416666666641073,1.19653813562506,0.173852996723122,"Mixed financing","step",0,0
394,2.37419256874239,0.7544968799585,0.188752331668981,0.0943761658344906,1.08570076574284,0.731443165099192,0.354257600643652,0.409570665593914,0.590429334406086,0.192578119159265,0.0416666666641073,1.19653813562506,0.173852996723122,"Mixed financing","step",0,0
395,2.37419256874239,0.7544968799585,0.188752331668981,0.0943761658344906,1.08570076574284,0.731443165099192,0.354257600643652,0.409570665593914,0.590429334406086,0.192578119159265,0.0416666666641073,1.19653813562506,0.173852996723122,"Mixed financing","step",0,0
396,2.37419256874239,0.7544968799585,0.188752331668981,0.0943761658344906,1.08570076574284,0.731443165099192,0.354257600643652,0.409570665593914,0.590429334406086,0.192578119159265,0.0416666666641073,1.19653813562506,0.173852996723122,"Mixed financing","step",0,0
397,2.37419256874239,0.7544968799585,0.188752331668981,0.0943761658344906,1.08570076574284,0.731443165099192,0.354257600643652,0.409570665593914,0.590429334406086,0.192578119159265,0.0416666666641073,1.19653813562506,0.173852996723122,"Mixed financing","step",0,0
398,2.37419256874239,0.7544968799585,0.188752331668981,0.0943761658344906,1.08570076574284,0.731443165099192,0.354257600643652,0.409570665593914,0.590429334406086,0.192578119159265,0.0416666666641073,1.19653813562506,0.173852996723122,"Mixed financing","step",0,0
399,2.37419256874239,0.7544968799585,0.188752331668981,0.0943761658344906,1.08570076574284,0.731443165099192,0.354257600643652,0.409570665593914,0.590429334406086,0.192578119159265,0.0416666666641073,1.19653813562506,0.173852996723122,"Mixed financing","step",0,0
400,2.37419256874239,0.7544968799585,0.188752331668981,0.0943761658344906,1.08570076574284,0.731443165099192,0.354257600643652,0.409570665593914,0.590429334406086,0.192578119159265,0.0416666666641073,1.19653813562506,0.173852996723122,"Mixed financing","step",0,0
401,2.37419256874239,0.7544968799585,0.188752331668981,0.0943761658344906,1.08570076574284,0.731443165099192,0.354257600643652,0.409570665593914,0.590429334406086,0.192578119159265,0.0416666666641073,1.19653813562506,0.173852996723122,"Mixed financing","step",0,0
402,2.37419256874239,0.7544968799585,0.188752331668981,0.0943761658344906,1.08570076574284,0.731443165099192,0.354257600643652,0.409570665593914,0.590429334406086,0.192578119159265,0.0416666666641073,1.19653813562506,0.173852996723122,"Mixed financing","step",0,0
403,2.37419256874239,0.7544968799585,0.188752331668981,0.0943761658344906,1.08570076574284,0.731443165099192,0.354257600643652,0.409570665593914,0.590429334406086,0.192578119159265,0.0416666666641073,1.19653813562506,0.173852996723122,"Mixed financing","step",0,0
404,2.37419256874239,0.7544968799585,0.188752331668981,0.0943761658344906,1.08570076574284,0.731443165099192,0.354257600643652,0.409570665593914,0.590429334406086,0.192578119159265,0.0416666666641073,1.19653813562506,0.173852996723122,"Mixed financing","step",0,0
405,2.37419256874239,0.7544968799585,0.188752331668981,0.0943761658344906,1.08570076574284,0.731443165099192,0.354257600643652,0.409570665593914,0.590429334406086,0.192578119159265,0.0416666666641073,1.19653813562506,0.173852996723122,"Mixed financing","step",0,0
406,2.37419256874239,0.7544968799585,0.188752331668981,0.0943761658344906,1.08570076574284,0.731443165099192,0.354257600643652,0.409570665593914,0.590429334406086,0.192578119159265,0.0416666666641073,1.19653813562506,0.173852996723122,"Mixed financing","step",0,0
407,2.37419256874239,0.7544968799585,0.188752331668981,0.0943761658344906,1.08570076574284,0.731443165099192,0.354257600643652,0.409570665593914,0.590429334406086,0.192578119159265,0.0416666666641073,1.19653813562506,0.173852996723122,"Mixed financing","step",0,0
408,2.37419256874239,0.7544968799585,0.188752331668981,0.0943761658344906,1.08570076574284,0.731443165099192,0.354257600643652,0.409570665593914,0.590429334406086,0.192578119159265,0.0416666666641073,1.19653813562506,0.173852996723122,"Mixed financing","step",0,0
409,2.37419256874239,0.7544968799585,0.188752331668981,0.0943761658344906,1.08570076574284,0.731443165099192,0.354257600643652,0.409570665593914,0.590429334406086,0.192578119159265,0.0416666666641073,1.19653813562506,0.173852996723122,"Mixed financing","step",0,0
410,2.37419256874239,0.7544968799585,0.188752331668981,0.0943761658344906,1.08570076574284,0.731443165099192,0.354257600643652,0.409570665593914,0.590429334406086,0.192578119159265,0.0416666666641073,1.19653813562506,0.173852996723122,"Mixed financing","step",0,0
411,2.37419256874239,0.7544968799585,0.188752331668981,0.0943761658344906,1.08570076574284,0.731443165099192,0.354257600643652,0.409570665593914,0.590429334406086,0.192578119159265,0.0416666666641073,1.19653813562506,0.173852996723122,"Mixed financing","step",0,0
412,2.37419256874239,0.7544968799585,0.188752331668981,0.0943761658344906,1.08570076574284,0.731443165099192,0.354257600643652,0.409570665593914,0.590429334406086,0.192578119159265,0.0416666666641073,1.19653813562506,0.173852996723122,"Mixed financing","step",0,0
413,2.37419256874239,0.7544968799585,0.188752331668981,0.0943761658344906,1.08570076574284,0.731443165099192,0.354257600643652,0.409570665593914,0.590429334406086,0.192578119159265,0.0416666666641073,1.19653813562506,0.173852996723122,"Mixed financing","step",0,0
414,2.37419256874239,0.7544968799585,0.188752331668981,0.0943761658344906,1.08570076574284,0.731443165099192,0.354257600643652,0.409570665593914,0.590429334406086,0.192578119159265,0.0416666666641073,1.19653813562506,0.173852996723122,"Mixed financing","step",0,0
415,2.37419256874239,0.7544968799585,0.188752331668981,0.0943761658344906,1.08570076574284,0.731443165099192,0.354257600643652,0.409570665593914,0.590429334406086,0.192578119159265,0.0416666666641073,1.19653813562506,0.173852996723122,"Mixed financing","step",0,0
416,2.37419256874239,0.7544968799585,0.188752331668981,0.0943761658344906,1.08570076574284,0.731443165099192,0.354257600643652,0.409570665593914,0.590429334406086,0.192578119159265,0.0416666666641073,1.19653813562506,0.173852996723122,"Mixed financing","step",0,0
417,2.37419256874239,0.7544968799585,0.188752331668981,0.0943761658344906,1.08570076574284,0.731443165099192,0.354257600643652,0.409570665593914,0.590429334406086,0.192578119159265,0.0416666666641073,1.19653813562506,0.173852996723122,"Mixed financing","step",0,0
418,2.37419256874239,0.7544968799585,0.188752331668981,0.0943761658344906,1.08570076574284,0.731443165099192,0.354257600643652,0.409570665593914,0.590429334406086,0.192578119159265,0.0416666666641073,1.19653813562506,0.173852996723122,"Mixed financing","step",0,0
419,2.37419256874239,0.7544968799585,0.188752331668981,0.0943761658344906,1.08570076574284,0.731443165099192,0.354257600643652,0.409570665593914,0.590429334406086,0.192578119159265,0.0416666666641073,1.19653813562506,0.173852996723122,"Mixed financing","step",0,0
420,2.37419256874239,0.7544968799585,0.188752331668981,0.0943761658344906,1.08570076574284,0.731443165099192,0.354257600643652,0.409570665593914,0.590429334406086,0.192578119159265,0.0416666666641073,1.19653813562506,0.173852996723122,"Mixed financing","step",0,0
421,2.37419256874239,0.7544968799585,0.188752331668981,0.0943761658344906,1.08570076574284,0.731443165099192,0.354257600643652,0.409570665593914,0.590429334406086,0.192578119159265,0.0416666666641073,1.19653813562506,0.173852996723122,"Mixed financing","step",0,0
422,2.37419256874239,0.7544968799585,0.188752331668981,0.0943761658344906,1.08570076574284,0.731443165099192,0.354257600643652,0.409570665593914,0.590429334406086,0.192578119159265,0.0416666666641073,1.19653813562506,0.173852996723122,"Mixed financing","step",0,0
423,2.37419256874239,0.7544968799585,0.188752331668981,0.0943761658344906,1.08570076574284,0.731443165099192,0.354257600643652,0.409570665593914,0.590429334406086,0.192578119159265,0.0416666666641073,1.19653813562506,0.173852996723122,"Mixed financing","step",0,0
424,2.37419256874239,0.7544968799585,0.188752331668981,0.0943761658344906,1.08570076574284,0.731443165099192,0.354257600643652,0.409570665593914,0.590429334406086,0.192578119159265,0.0416666666641073,1.19653813562506,0.173852996723122,"Mixed financing","step",0,0
425,2.37419256874239,0.7544968799585,0.188752331668981,0.0943761658344906,1.08570076574284,0.731443165099192,0.354257600643652,0.409570665593914,0.590429334406086,0.192578119159265,0.0416666666641073,1.19653813562506,0.173852996723122,"Mixed financing","step",0,0
426,2.37419256874239,0.7544968799585,0.188752331668981,0.0943761658344906,1.08570076574284,0.731443165099192,0.354257600643652,0.409570665593914,0.590429334406086,0.192578119159265,0.0416666666641073,1.19653813562506,0.173852996723122,"Mixed financing","step",0,0
427,2.37419256874239,0.7544968799585,0.188752331668981,0.0943761658344906,1.08570076574284,0.731443165099192,0.354257600643652,0.409570665593914,0.590429334406086,0.192578119159265,0.0416666666641073,1.19653813562506,0.173852996723122,"Mixed financing","step",0,0
428,2.37419256874239,0.7544968799585,0.188752331668981,0.0943761658344906,1.08570076574284,0.731443165099192,0.354257600643652,0.409570665593914,0.590429334406086,0.192578119159265,0.0416666666641073,1.19653813562506,0.173852996723122,"Mixed financing","step",0,0
429,2.37419256874239,0.7544968799585,0.188752331668981,0.0943761658344906,1.08570076574284,0.731443165099192,0.354257600643652,0.409570665593914,0.590429334406086,0.192578119159265,0.0416666666641073,1.19653813562506,0.173852996723122,"Mixed financing","step",0,0
430,2.37419256874239,0.7544968799585,0.188752331668981,0.0943761658344906,1.08570076574284,0.731443165099192,0.354257600643652,0.409570665593914,0.590429334406086,0.192578119159265,0.0416666666641073,1.19653813562506,0.173852996723122,"Mixed financing","step",0,0
431,2.37419256874239,0.7544968799585,0.188752331668981,0.0943761658344906,1.08570076574284,0.731443165099192,0.354257600643652,0.409570665593914,0.590429334406086,0.192578119159265,0.0416666666641073,1.19653813562506,0.173852996723122,"Mixed financing","step",0,0
432,2.37419256874239,0.7544968799585,0.188752331668981,0.0943761658344906,1.08570076574284,0.731443165099192,0.354257600643652,0.409570665593914,0.590429334406086,0.192578119159265,0.0416666666641073,1.19653813562506,0.173852996723122,"Mixed financing","step",0,0
433,2.37419256874239,0.7544968799585,0.188752331668981,0.0943761658344906,1.08570076574284,0.731443165099192,0.354257600643652,0.409570665593914,0.590429334406086,0.192578119159265,0.0416666666641073,1.19653813562506,0.173852996723122,"Mixed financing","step",0,0
434,2.37419256874239,0.7544968799585,0.188752331668981,0.0943761658344906,1.08570076574284,0.731443165099192,0.354257600643652,0.409570665593914,0.590429334406086,0.192578119159265,0.0416666666641073,1.19653813562506,0.173852996723122,"Mixed financing","step",0,0
435,2.37419256874239,0.7544968799585,0.188752331668981,0.0943761658344906,1.08570076574284,0.731443165099192,0.354257600643652,0.409570665593914,0.590429334406086,0.192578119159265,0.0416666666641073,1.19653813562506,0.173852996723122,"Mixed financing","step",0,0
436,2.37419256874239,0.7544968799585,0.188752331668981,0.0943761658344906,1.08570076574284,0.731443165099192,0.354257600643652,0.409570665593914,0.590429334406086,0.192578119159265,0.0416666666641073,1.19653813562506,0.173852996723122,"Mixed financing","step",0,0
437,2.37419256874239,0.7544968799585,0.188752331668981,0.0943761658344906,1.08570076574284,0.731443165099192,0.354257600643652,0.409570665593914,0.590429334406086,0.192578119159265,0.0416666666641073,1.19653813562506,0.173852996723122,"Mixed financing","step",0,0
438,2.37419256874239,0.7544968799585,0.188752331668981,0.0943761658344906,1.08570076574284,0.731443165099192,0.354257600643652,0.409570665593914,0.590429334406086,0.192578119159265,0.0416666666641073,1.19653813562506,0.173852996723122,"Mixed financing","step",0,0
439,2.37419256874239,0.7544968799585,0.188752331668981,0.0943761658344906,1.08570076574284,0.731443165099192,0.354257600643652,0.409570665593914,0.590429334406086,0.192578119159265,0.0416666666641073,1.19653813562506,0.173852996723122,"Mixed financing","step",0,0
440,2.37419256874239,0.7544968799585,0.188752331668981,0.0943761658344906,1.08570076574284,0.731443165099192,0.354257600643652,0.409570665593914,0.590429334406086,0.192578119159265,0.0416666666641073,1.19653813562506,0.173852996723122,"Mixed financing","step",0,0
441,2.37419256874239,0.7544968799585,0.188752331668981,0.0943761658344906,1.08570076574284,0.731443165099192,0.354257600643652,0.409570665593914,0.590429334406086,0.192578119159265,0.0416666666641073,1.19653813562506,0.173852996723122,"Mixed financing","step",0,0
442,2.37419256874239,0.7544968799585,0.188752331668981,0.0943761658344906,1.08570076574284,0.731443165099192,0.354257600643652,0.409570665593914,0.590429334406086,0.192578119159265,0.0416666666641073,1.19653813562506,0.173852996723122,"Mixed financing","step",0,0
443,2.37419256874239,0.7544968799585,0.188752331668981,0.0943761658344906,1.08570076574284,0.731443165099192,0.354257600643652,0.409570665593914,0.590429334406086,0.192578119159265,0.0416666666641073,1.19653813562506,0.173852996723122,"Mixed financing","step",0,0
444,2.37419256874239,0.7544968799585,0.188752331668981,0.0943761658344906,1.08570076574284,0.731443165099192,0.354257600643652,0.409570665593914,0.590429334406086,0.192578119159265,0.0416666666641073,1.19653813562506,0.173852996723122,"Mixed financing","step",0,0
445,2.37419256874239,0.7544968799585,0.188752331668981,0.0943761658344906,1.08570076574284,0.731443165099192,0.354257600643652,0.409570665593914,0.590429334406086,0.192578119159265,0.0416666666641073,1.19653813562506,0.173852996723122,"Mixed financing","step",0,0
446,2.37419256874239,0.7544968799585,0.188752331668981,0.0943761658344906,1.08570076574284,0.731443165099192,0.354257600643652,0.409570665593914,0.590429334406086,0.192578119159265,0.0416666666641073,1.19653813562506,0.173852996723122,"Mixed financing","step",0,0
447,2.37419256874239,0.7544968799585,0.188752331668981,0.0943761658344906,1.08570076574284,0.731443165099192,0.354257600643652,0.409570665593914,0.590429334406086,0.192578119159265,0.0416666666641073,1.19653813562506,0.173852996723122,"Mixed financing","step",0,0
448,2.37419256874239,0.7544968799585,0.188752331668981,0.0943761658344906,1.08570076574284,0.731443165099192,0.354257600643652,0.409570665593914,0.590429334406086,0.192578119159265,0.0416666666641073,1.19653813562506,0.173852996723122,"Mixed financing","step",0,0
449,2.37419256874239,0.7544968799585,0.188752331668981,0.0943761658344906,1.08570076574284,0.731443165099192,0.354257600643652,0.409570665593914,0.590429334406086,0.192578119159265,0.0416666666641073,1.19653813562506,0.173852996723122,"Mixed financing","step",0,0
450,2.37419256874239,0.7544968799585,0.188752331668981,0.0943761658344906,1.08570076574284,0.731443165099192,0.354257600643652,0.409570665593914,0.590429334406086,0.192578119159265,0.0416666666641073,1.19653813562506,0.173852996723122,"Mixed financing","step",0,0
451,2.37419256874239,0.7544968799585,0.188752331668981,0.0943761658344906,1.08570076574284,0.731443165099192,0.354257600643652,0.409570665593914,0.590429334406086,0.192578119159265,0.0416666666641073,1.19653813562506,0.173852996723122,"Mixed financing","step",0,0
452,2.37419256874239,0.7544968799585,0.188752331668981,0.0943761658344906,1.08570076574284,0.731443165099192,0.354257600643652,0.409570665593914,0.590429334406086,0.192578119159265,0.0416666666641073,1.19653813562506,0.173852996723122,"Mixed financing","step",0,0
453,2.37419256874239,0.7544968799585,0.188752331668981,0.0943761658344906,1.08570076574284,0.731443165099192,0.354257600643652,0.409570665593914,0.590429334406086,0.192578119159265,0.0416666666641073,1.19653813562506,0.173852996723122,"Mixed financing","step",0,0
454,2.37419256874239,0.7544968799585,0.188752331668981,0.0943761658344906,1.08570076574284,0.731443165099192,0.354257600643652,0.409570665593914,0.590429334406086,0.192578119159265,0.0416666666641073,1.19653813562506,0.173852996723122,"Mixed financing","step",0,0
455,2.37419256874239,0.7544968799585,0.188752331668981,0.0943761658344906,1.08570076574284,0.731443165099192,0.354257600643652,0.409570665593914,0.590429334406086,0.192578119159265,0.0416666666641073,1.19653813562506,0.173852996723122,"Mixed financing","step",0,0
456,2.37419256874239,0.7544968799585,0.188752331668981,0.0943761658344906,1.08570076574284,0.731443165099192,0.354257600643652,0.409570665593914,0.590429334406086,0.192578119159265,0.0416666666641073,1.19653813562506,0.173852996723122,"Mixed financing","step",0,0
457,2.37419256874239,0.7544968799585,0.188752331668981,0.0943761658344906,1.08570076574284,0.731443165099192,0.354257600643652,0.409570665593914,0.590429334406086,0.192578119159265,0.0416666666641073,1.19653813562506,0.173852996723122,"Mixed financing","step",0,0
458,2.37419256874239,0.7544968799585,0.188752331668981,0.0943761658344906,1.08570076574284,0.731443165099192,0.354257600643652,0.409570665593914,0.590429334406086,0.192578119159265,0.0416666666641073,1.19653813562506,0.173852996723122,"Mixed financing","step",0,0
459,2.37419256874239,0.7544968799585,0.188752331668981,0.0943761658344906,1.08570076574284,0.731443165099192,0.354257600643652,0.409570665593914,0.590429334406086,0.192578119159265,0.0416666666641073,1.19653813562506,0.173852996723122,"Mixed financing","step",0,0
460,2.37419256874239,0.7544968799585,0.188752331668981,0.0943761658344906,1.08570076574284,0.731443165099192,0.354257600643652,0.409570665593914,0.590429334406086,0.192578119159265,0.0416666666641073,1.19653813562506,0.173852996723122,"Mixed financing","step",0,0
461,2.37419256874239,0.7544968799585,0.188752331668981,0.0943761658344906,1.08570076574284,0.731443165099192,0.354257600643652,0.409570665593914,0.590429334406086,0.192578119159265,0.0416666666641073,1.19653813562506,0.173852996723122,"Mixed financing","step",0,0
462,2.37419256874239,0.7544968799585,0.188752331668981,0.0943761658344906,1.08570076574284,0.731443165099192,0.354257600643652,0.409570665593914,0.590429334406086,0.192578119159265,0.0416666666641073,1.19653813562506,0.173852996723122,"Mixed financing","step",0,0
463,2.37419256874239,0.7544968799585,0.188752331668981,0.0943761658344906,1.08570076574284,0.731443165099192,0.354257600643652,0.409570665593914,0.590429334406086,0.192578119159265,0.0416666666641073,1.19653813562506,0.173852996723122,"Mixed financing","step",0,0
464,2.37419256874239,0.7544968799585,0.188752331668981,0.0943761658344906,1.08570076574284,0.731443165099192,0.354257600643652,0.409570665593914,0.590429334406086,0.192578119159265,0.0416666666641073,1.19653813562506,0.173852996723122,"Mixed financing","step",0,0
465,2.37419256874239,0.7544968799585,0.188752331668981,0.0943761658344906,1.08570076574284,0.731443165099192,0.354257600643652,0.409570665593914,0.590429334406086,0.192578119159265,0.0416666666641073,1.19653813562506,0.173852996723122,"Mixed financing","step",0,0
466,2.37419256874239,0.7544968799585,0.188752331668981,0.0943761658344906,1.08570076574284,0.731443165099192,0.354257600643652,0.409570665593914,0.590429334406086,0.192578119159265,0.0416666666641073,1.19653813562506,0.173852996723122,"Mixed financing","step",0,0
467,2.37419256874239,0.7544968799585,0.188752331668981,0.0943761658344906,1.08570076574284,0.731443165099192,0.354257600643652,0.409570665593914,0.590429334406086,0.192578119159265,0.0416666666641073,1.19653813562506,0.173852996723122,"Mixed financing","step",0,0
468,2.37419256874239,0.7544968799585,0.188752331668981,0.0943761658344906,1.08570076574284,0.731443165099192,0.354257600643652,0.409570665593914,0.590429334406086,0.192578119159265,0.0416666666641073,1.19653813562506,0.173852996723122,"Mixed financing","step",0,0
469,2.37419256874239,0.7544968799585,0.188752331668981,0.0943761658344906,1.08570076574284,0.731443165099192,0.354257600643652,0.409570665593914,0.590429334406086,0.192578119159265,0.0416666666641073,1.19653813562506,0.173852996723122,"Mixed financing","step",0,0
470,2.37419256874239,0.7544968799585,0.188752331668981,0.0943761658344906,1.08570076574284,0.731443165099192,0.354257600643652,0.409570665593914,0.590429334406086,0.192578119159265,0.0416666666641073,1.19653813562506,0.173852996723122,"Mixed financing","step",0,0
471,2.37419256874239,0.7544968799585,0.188752331668981,0.0943761658344906,1.08570076574284,0.731443165099192,0.354257600643652,0.409570665593914,0.590429334406086,0.192578119159265,0.0416666666641073,1.19653813562506,0.173852996723122,"Mixed financing","step",0,0
472,2.37419256874239,0.7544968799585,0.188752331668981,0.0943761658344906,1.08570076574284,0.731443165099192,0.354257600643652,0.409570665593914,0.590429334406086,0.192578119159265,0.0416666666641073,1.19653813562506,0.173852996723122,"Mixed financing","step",0,0
473,2.37419256874239,0.7544968799585,0.188752331668981,0.0943761658344906,1.08570076574284,0.731443165099192,0.354257600643652,0.409570665593914,0.590429334406086,0.192578119159265,0.0416666666641073,1.19653813562506,0.173852996723122,"Mixed financing","step",0,0
474,2.37419256874239,0.7544968799585,0.188752331668981,0.0943761658344906,1.08570076574284,0.731443165099192,0.354257600643652,0.409570665593914,0.590429334406086,0.192578119159265,0.0416666666641073,1.19653813562506,0.173852996723122,"Mixed financing","step",0,0
475,2.37419256874239,0.7544968799585,0.188752331668981,0.0943761658344906,1.08570076574284,0.731443165099192,0.354257600643652,0.409570665593914,0.590429334406086,0.192578119159265,0.0416666666641073,1.19653813562506,0.173852996723122,"Mixed financing","step",0,0
476,2.37419256874239,0.7544968799585,0.188752331668981,0.0943761658344906,1.08570076574284,0.731443165099192,0.354257600643652,0.409570665593914,0.590429334406086,0.192578119159265,0.0416666666641073,1.19653813562506,0.173852996723122,"Mixed financing","step",0,0
477,2.37419256874239,0.7544968799585,0.188752331668981,0.0943761658344906,1.08570076574284,0.731443165099192,0.354257600643652,0.409570665593914,0.590429334406086,0.192578119159265,0.0416666666641073,1.19653813562506,0.173852996723122,"Mixed financing","step",0,0
478,2.37419256874239,0.7544968799585,0.188752331668981,0.0943761658344906,1.08570076574284,0.731443165099192,0.354257600643652,0.409570665593914,0.590429334406086,0.192578119159265,0.0416666666641073,1.19653813562506,0.173852996723122,"Mixed financing","step",0,0
479,2.37419256874239,0.7544968799585,0.188752331668981,0.0943761658344906,1.08570076574284,0.731443165099192,0.354257600643652,0.409570665593914,0.590429334406086,0.192578119159265,0.0416666666641073,1.19653813562506,0.173852996723122,"Mixed financing","step",0,0
480,2.37419256874239,0.7544968799585,0.188752331668981,0.0943761658344906,1.08570076574284,0.731443165099192,0.354257600643652,0.409570665593914,0.590429334406086,0.192578119159265,0.0416666666641073,1.19653813562506,0.173852996723122,"Mixed financing","step",0,0
481,2.37419256874239,0.7544968799585,0.188752331668981,0.0943761658344906,1.08570076574284,0.731443165099192,0.354257600643652,0.409570665593914,0.590429334406086,0.192578119159265,0.0416666666641073,1.19653813562506,0.173852996723122,"Mixed financing","step",0,0
482,2.37419256874239,0.7544968799585,0.188752331668981,0.0943761658344906,1.08570076574284,0.731443165099192,0.354257600643652,0.409570665593914,0.590429334406086,0.192578119159265,0.0416666666641073,1.19653813562506,0.173852996723122,"Mixed financing","step",0,0
483,2.37419256874239,0.7544968799585,0.188752331668981,0.0943761658344906,1.08570076574284,0.731443165099192,0.354257600643652,0.409570665593914,0.590429334406086,0.192578119159265,0.0416666666641073,1.19653813562506,0.173852996723122,"Mixed financing","step",0,0
484,2.37419256874239,0.7544968799585,0.188752331668981,0.0943761658344906,1.08570076574284,0.731443165099192,0.354257600643652,0.409570665593914,0.590429334406086,0.192578119159265,0.0416666666641073,1.19653813562506,0.173852996723122,"Mixed financing","step",0,0
485,2.37419256874239,0.7544968799585,0.188752331668981,0.0943761658344906,1.08570076574284,0.731443165099192,0.354257600643652,0.409570665593914,0.590429334406086,0.192578119159265,0.0416666666641073,1.19653813562506,0.173852996723122,"Mixed financing","step",0,0
486,2.37419256874239,0.7544968799585,0.188752331668981,0.0943761658344906,1.08570076574284,0.731443165099192,0.354257600643652,0.409570665593914,0.590429334406086,0.192578119159265,0.0416666666641073,1.19653813562506,0.173852996723122,"Mixed financing","step",0,0
487,2.37419256874239,0.7544968799585,0.188752331668981,0.0943761658344906,1.08570076574284,0.731443165099192,0.354257600643652,0.409570665593914,0.590429334406086,0.192578119159265,0.0416666666641073,1.19653813562506,0.173852996723122,"Mixed financing","step",0,0
488,2.37419256874239,0.7544968799585,0.188752331668981,0.0943761658344906,1.08570076574284,0.731443165099192,0.354257600643652,0.409570665593914,0.590429334406086,0.192578119159265,0.0416666666641073,1.19653813562506,0.173852996723122,"Mixed financing","step",0,0
489,2.37419256874239,0.7544968799585,0.188752331668981,0.0943761658344906,1.08570076574284,0.731443165099192,0.354257600643652,0.409570665593914,0.590429334406086,0.192578119159265,0.0416666666641073,1.19653813562506,0.173852996723122,"Mixed financing","step",0,0
490,2.37419256874239,0.7544968799585,0.188752331668981,0.0943761658344906,1.08570076574284,0.731443165099192,0.354257600643652,0.409570665593914,0.590429334406086,0.192578119159265,0.0416666666641073,1.19653813562506,0.173852996723122,"Mixed financing","step",0,0
491,2.37419256874239,0.7544968799585,0.188752331668981,0.0943761658344906,1.08570076574284,0.731443165099192,0.354257600643652,0.409570665593914,0.590429334406086,0.192578119159265,0.0416666666641073,1.19653813562506,0.173852996723122,"Mixed financing","step",0,0
492,2.37419256874239,0.7544968799585,0.188752331668981,0.0943761658344906,1.08570076574284,0.731443165099192,0.354257600643652,0.409570665593914,0.590429334406086,0.192578119159265,0.0416666666641073,1.19653813562506,0.173852996723122,"Mixed financing","step",0,0
493,2.37419256874239,0.7544968799585,0.188752331668981,0.0943761658344906,1.08570076574284,0.731443165099192,0.354257600643652,0.409570665593914,0.590429334406086,0.192578119159265,0.0416666666641073,1.19653813562506,0.173852996723122,"Mixed financing","step",0,0
494,2.37419256874239,0.7544968799585,0.188752331668981,0.0943761658344906,1.08570076574284,0.731443165099192,0.354257600643652,0.409570665593914,0.590429334406086,0.192578119159265,0.0416666666641073,1.19653813562506,0.173852996723122,"Mixed financing","step",0,0
495,2.37419256874239,0.7544968799585,0.188752331668981,0.0943761658344906,1.08570076574284,0.731443165099192,0.354257600643652,0.409570665593914,0.590429334406086,0.192578119159265,0.0416666666641073,1.19653813562506,0.173852996723122,"Mixed financing","step",0,0
496,2.37419256874239,0.7544968799585,0.188752331668981,0.0943761658344906,1.08570076574284,0.731443165099192,0.354257600643652,0.409570665593914,0.590429334406086,0.192578119159265,0.0416666666641073,1.19653813562506,0.173852996723122,"Mixed financing","step",0,0
497,2.37419256874239,0.7544968799585,0.188752331668981,0.0943761658344906,1.08570076574284,0.731443165099192,0.354257600643652,0.409570665593914,0.590429334406086,0.192578119159265,0.0416666666641073,1.19653813562506,0.173852996723122,"Mixed financing","step",0,0
498,2.37419256874239,0.7544968799585,0.188752331668981,0.0943761658344906,1.08570076574284,0.731443165099192,0.354257600643652,0.409570665593914,0.590429334406086,0.192578119159265,0.0416666666641073,1.19653813562506,0.173852996723122,"Mixed financing","step",0,0
499,2.37419256874239,0.7544968799585,0.188752331668981,0.0943761658344906,1.08570076574284,0.731443165099192,0.354257600643652,0.409570665593914,0.590429334406086,0.192578119159265,0.0416666666641073,1.19653813562506,0.173852996723122,"Mixed financing","step",0,0
500,2.37419256874239,0.7544968799585,0.188752331668981,0.0943761658344906,1.08570076574284,0.731443165099192,0.354257600643652,0.409570665593914,0.590429334406086,0.192578119159265,0.0416666666641073,1.19653813562506,0.173852996723122,"Mixed financing","step",0,0
0,2.58536554145887,0.807605271144521,0.166174301565036,0.0830871507825181,1.12890150519709,0.796501505197032,0.332400000000058,0.445999999999904,0.554000000000096,0.155694210243899,0.0416666666666803,1.19653813561015,0.147200000000022,"Payroll financing","step",0.570965718152348,0.105125476004419
1,2.58536451143395,0.779322265274431,0.188752331668981,0.105665180886463,1.10920141077853,0.757464982725873,0.351736428052657,0.413772619912239,0.586227380087762,0.208206621824459,0.0366840239332046,1.22652276637825,0.170169574105121,"Payroll financing","step",0.570964688127425,0.0768424701343288
2,2.57136945458015,0.777505288919278,0.188752331668981,0.105665180886463,1.10696645394178,0.754385825782677,0.352580628159105,0.412365619734825,0.587634380265175,0.209056453360656,0.0368150734095624,1.2257047607398,0.17051314517875,"Payroll financing","step",0.556969631273623,0.0750254937791757
3,2.55779612065647,0.775740068755138,0.188752331668981,0.105665180886463,1.10479285565418,0.751388346738489,0.353404508915694,0.41099248514051,0.58900751485949,0.20989043267471,0.0369421106010832,1.22491337558806,0.170848617189161,"Payroll financing","step",0.54339629734995,0.0732602736150355
4,2.544628808644,0.774024819146209,0.188752331668981,0.105665180886463,1.10267858770426,0.748469963634804,0.354208624069459,0.409652293217568,0.590347706782432,0.210708823154093,0.0370652722159135,1.22414760990727,0.171176201092248,"Payroll financing","step",0.530228985337474,0.071545024006107
5,2.53185251701314,0.772357826765509,0.188752331668981,0.105665180886463,1.10062170025375,0.74562818907394,0.354993511179806,0.408344148033657,0.591655851966343,0.211511886909143,0.0371846901590768,1.22340650425671,0.17149610227153,"Payroll financing","step",0.517452693706611,0.0698780316254068
6,2.5194529078108,0.770737447293767,0.188752331668981,0.105665180886463,1.09862031844144,0.742860626373008,0.355759692068434,0.407067179885944,0.592932820114056,0.212299884533774,0.0373004916833721,1.2226891389509,0.171808520651388,"Payroll financing","step",0.505053084504276,0.0682576521536644
7,2.50741627281926,0.769162102280584,0.188752331668981,0.105665180886463,1.09667263912896,0.740164965850552,0.356507673278411,0.405820544535982,0.594179455464018,0.213073074895468,0.0374127995333023,1.22199463234888,0.172113650814612,"Payroll financing","step",0.493016449512731,0.0666823071404821
8,2.49572950162966,0.767630276169457,0.188752331668981,0.105665180886463,1.09477692790019,0.737538981476056,0.357237946424133,0.404603422626444,0.595396577373556,0.213831714885156,0.0375217321140655,1.2213221390497,0.172411682104968,"Payroll financing","step",0.48132967832314,0.0651504810293543
9,2.48438005159363,0.766140513458588,0.188752331668981,0.105665180886463,1.09293151600948,0.734980527282675,0.357950988726804,0.403415018788659,0.596584981211341,0.214576059296087,0.0376274036042515,1.22067084849255,0.172702798761038,"Payroll financing","step",0.469980228287108,0.0636607183184856
10,2.47335591937993,0.764691416010972,0.188752331668981,0.105665180886463,1.09113479766875,0.732487534331379,0.358647263337369,0.402254561104385,0.597745438895614,0.215306360602621,0.0377299241226693,1.22003998327484,0.172987180018691,"Payroll financing","step",0.4589560960734,0.0622116208708696
11,2.46264561420592,0.763281640492733,0.188752331668981,0.105665180886463,1.08938522733765,0.730058007557175,0.359327219780478,0.40112130036587,0.59887869963413,0.216022868828441,0.0378293998552251,1.21942879776555,0.173265000233455,"Payroll financing","step",0.448245790899399,0.0608018453526308
12,2.45223813252951,0.761909895937584,0.188752331668981,0.105665180886463,1.08768131718002,0.727690022834938,0.359991294345084,0.400014509424861,0.599985490575139,0.216725831404521,0.037925933191417,1.2188365767042,0.173536428995903,"Payroll financing","step",0.437838309222981,0.0594301007974813
13,2.44212293415119,0.760574941430081,0.188752331668981,0.105665180886463,1.08602163463101,0.725381724157836,0.360639910473171,0.398933482544714,0.601066517455286,0.217415493045094,0.0380196228554259,1.21826263387475,0.173801631247533,"Payroll financing","step",0.427723110844666,0.0580951462899786
14,2.43228991963406,0.759275583901798,0.188752331668981,0.105665180886463,1.0844048000791,0.723131320942633,0.361273479136464,0.39787753477256,0.60212246522744,0.218092095634989,0.0381105640346407,1.21770631083386,0.174060767395362,"Payroll financing","step",0.417890096327539,0.056795788761696
15,2.42272940896093,0.758010676031398,0.188752331668981,0.105665180886463,1.08282948462205,0.720937085386606,0.361892399235449,0.396846001274252,0.603153998725748,0.218755878148652,0.0381988484960917,1.2171669757489,0.174313993430704,"Payroll financing","step",0.408329585654403,0.0555308808912961
16,2.41343212135656,0.756779114254888,0.188752331668981,0.105665180886463,1.08129440804507,0.718797350173158,0.362497057871913,0.395838236880144,0.604161763119856,0.219407076508677,0.0382845647317452,1.21664402209289,0.174561461027285,"Payroll financing","step",0.399032298050038,0.0542993191147857
17,2.40438915619637,0.755579836857061,0.188752331668981,0.105665180886463,1.07979833665156,0.716710505803028,0.363087830848531,0.394853615252448,0.605146384747552,0.220045923600594,0.0383677980353039,1.21613686778838,0.174803317677169,"Payroll financing","step",0.389989332889845,0.0531000417169588
18,2.3955919749501,0.754411822166957,0.188752331668981,0.105665180886463,1.07834008147019,0.714674998586743,0.363665082883445,0.393891528527592,0.606108471472408,0.220672649127986,0.0384486306515271,1.21564495393705,0.175039706779368,"Payroll financing","step",0.381192151643578,0.051932027026855
19,2.38703238408444,0.753274086833562,0.188752331668981,0.105665180886463,1.07691849635311,0.712689328347463,0.364229168005648,0.392951386657253,0.607048613342747,0.221287479594176,0.0385271418698705,1.2151677439156,0.175270767758353,"Payroll financing","step",0.372632560777916,0.0507942916934597
20,2.37870251888736,0.752165684184456,0.188752331668981,0.105665180886463,1.07553247623234,0.710752046362795,0.364780429869545,0.392032616884092,0.607967383115908,0.22189063824823,0.0386034081342093,1.2147047223978,0.175496636168712,"Payroll financing","step",0.364302695580838,0.0496858890443539
21,2.37059482813079,0.751085702662142,0.188752331668981,0.105665180886463,1.07418095544059,0.708861753367478,0.365319202073109,0.391134663211485,0.608865336788516,0.222482345047496,0.0386775031462111,1.21425539443794,0.175717443800297,"Payroll financing","step",0.356195004824266,0.04860590752204
22,2.36270205955053,0.750033264334047,0.188752331668981,0.105665180886463,1.07286290610924,0.707017097642722,0.365845808466522,0.39025698588913,0.60974301411087,0.223062816627063,0.038749497965259,1.21381928459623,0.175933318781143,"Payroll financing","step",0.348302236244004,0.047553469193945
23,2.35501724608218,0.749007523472464,0.188752331668981,0.105665180886463,1.07157733663749,0.705216773185142,0.366360563452343,0.389399060912762,0.610600939087238,0.223632266276617,0.0388194611051167,1.21339593610345,0.17614438567847,"Payroll financing","step",0.340617422775655,0.0465277283323619
24,2.34753369281209,0.748007665200006,0.188752331668981,0.105665180886463,1.07032329022082,0.703459517935067,0.366863772285749,0.388560379523751,0.611439620476249,0.224190903929505,0.0388874586249248,1.21298491007801,0.176350765599093,"Payroll financing","step",0.333133869505562,0.0455278700599032
25,2.34024496461436,0.747032904202487,0.188752331668981,0.105665180886463,1.06909984349962,0.701744112185959,0.367355731313659,0.387740447810569,0.612259552189431,0.224738936123605,0.0389535542316728,1.21258578469042,0.176552576278671,"Payroll financing","step",0.325845141307838,0.0445531090623849
26,2.33314487436627,0.746082483492951,0.188752331668981,0.105665180886463,1.06790610512724,0.700069376787847,0.367836728339394,0.38693878610101,0.61306121389899,0.225276566055923,0.0390178093431683,1.21219815458204,0.176749932192298,"Payroll financing","step",0.318745051059744,0.0436026883528484
27,2.32622747187616,0.745155673241047,0.188752331668981,0.105665180886463,1.06674121459166,0.698434171791948,0.368307042799714,0.386154928667143,0.613845071332857,0.22580399352318,0.0390802831958013,1.21182163002759,0.17694294463089,"Payroll financing","step",0.311827648569635,0.0426758781009449
28,2.31948703323238,0.744251769652723,0.188752331668981,0.105665180886463,1.06560434094244,0.696837394874887,0.368766946067556,0.385388423220741,0.614611576779259,0.226321414957922,0.0391410329154768,1.21145583633361,0.177131721800274,"Payroll financing","step",0.305087209925854,0.0417719745126209
29,2.31291805085908,0.743370093901315,0.188752331668981,0.105665180886463,1.06449468164389,0.695277979951265,0.369216701692628,0.384638830512287,0.615361169487713,0.226829023428487,0.0392001135961978,1.211100413203,0.177316368906129,"Payroll financing","step",0.298518227552558,0.0408902987612131
30,2.30651522388014,0.742509991108726,0.188752331668981,0.105665180886463,1.06341146145203,0.693754895810013,0.369656565642017,0.383905723929972,0.616094276070028,0.227327008654171,0.0392575783792882,1.21075501410731,0.177496988241269,"Payroll financing","step",0.292115400573614,0.0400301959686237
31,2.3002734491103,0.741670829367805,0.188752331668981,0.105665180886463,1.06235393130675,0.692267144725854,0.370086786580899,0.383188689031835,0.616811310968165,0.227815557050784,0.0393134785118228,1.21041930579477,0.177673679276365,"Payroll financing","step",0.285873625803771,0.0391910342277031
32,2.29418781243505,0.740851998820071,0.188752331668981,0.105665180886463,1.06132136742007,0.690813761427129,0.370507605992943,0.382487323345094,0.617512676654906,0.228294851680242,0.0393678634483664,1.21009296754805,0.177846538723528,"Payroll financing","step",0.279787989128525,0.0383722036799691
33,2.28825358061997,0.740052910762894,0.188752331668981,0.105665180886463,1.06031307017569,0.689393811652879,0.370919258522807,0.381801235795322,0.618198764204678,0.228765072354733,0.039420780883827,1.20977569086508,0.178015660636633,"Payroll financing","step",0.273853757313441,0.0375731156227916
34,2.28246619352658,0.739272996803616,0.188752331668981,0.105665180886463,1.05932836326413,0.688006391142021,0.37132197212211,0.38113004646315,0.61886995353685,0.229226395618063,0.0394722768384447,1.2094671788353,0.178181136477244,"Payroll financing","step",0.268066370220053,0.0367932016635136
35,2.27682125670652,0.738511708049712,0.188752331668981,0.105665180886463,1.05836659276956,0.686650624494057,0.371715968275501,0.380473386207499,0.619526613792501,0.229678994787023,0.0395223957153379,1.20916714568865,0.178343055193239,"Payroll financing","step",0.262421433399992,0.0360319129096095
36,2.27131453435499,0.73776851433515,0.188752331668981,0.105665180886463,1.05742712631461,0.685325664113923,0.372101462200691,0.379830896332182,0.620169103667818,0.230123039982142,0.0395711803613404,1.20887531633225,0.178501503292079,"Payroll financing","step",0.256914711048466,0.0352887191950477
37,2.26594194260417,0.737042903481067,0.188752331668981,0.105665180886463,1.05650935224043,0.68403068919694,0.372478663043489,0.379202228260851,0.620797771739149,0.230558698161378,0.0396186721251851,1.20859142590978,0.178656564912288,"Payroll financing","step",0.251542119297647,0.0345631083409651
38,2.2606995431383,0.736334380589097,0.188752331668981,0.105665180886463,1.05561267882144,0.682764904754811,0.372847774066629,0.378587043222285,0.621412956777715,0.230986133155616,0.0396649109135083,1.20831521938043,0.178808321892948,"Payroll financing","step",0.246299719831776,0.0338545854489948
39,2.25558353711336,0.735642467365779,0.188752331668981,0.105665180886463,1.05473653351344,0.681527540680883,0.373208992832557,0.377985011945738,0.622014988054262,0.23140550570578,0.0397099352447472,1.20804645111627,0.17895685384124,"Payroll financing","step",0.241183713806839,0.0331626722256763
40,2.25059025936524,0.734966701476558,0.188752331668981,0.105665180886463,1.05388036223333,0.680317850852962,0.373562511380364,0.37739581436606,0.62260418563394,0.23181697350135,0.0397537823010027,1.20778488451746,0.17910223819807,"Payroll financing","step",0.236190436058716,0.0324869063364557
41,2.24571617289111,0.734306635927964,0.188752331668981,0.105665180886463,1.05304362866911,0.679135112272094,0.37390851639702,0.3768191393383,0.6231808606617,0.232220691220115,0.0397964879779391,1.20753029164423,0.17924455030181,"Payroll financing","step",0.231316349584587,0.0318268407878617
42,2.24095786358981,0.733661838476618,0.188752331668981,0.105665180886463,1.05222581361881,0.677978624235721,0.374247189383092,0.376254684361513,0.623745315638487,0.232616810569007,0.039838086932785,1.20728245286505,0.179383863450208,"Payroll financing","step",0.226558040283288,0.0311820433365158
43,2.23631203524764,0.733031891063805,0.188752331668981,0.105665180886463,1.05142641435687,0.676847707543765,0.3745787068131,0.3757021553115,0.6242978446885,0.233005480325837,0.0398786126305084,1.20704115652019,0.179520248960491,"Payroll financing","step",0.221912211941111,0.0305520959237022
44,2.23177550475685,0.732416389274392,0.188752331668981,0.105665180886463,1.0506449440269,0.675741703736218,0.374903240290678,0.375161266182203,0.624838733817797,0.233386846381824,0.0399180973882256,1.20680619859989,0.179653776227709,"Payroll financing","step",0.21737568145033,0.0299365941342901
45,2.22734519755496,0.731814941818961,0.188752331668981,0.105665180886463,1.04988093105958,0.674659974360882,0.375220956698701,0.374631738835498,0.625368261164502,0.233761051784756,0.0399565724179119,1.20657738243656,0.179784512781354,"Payroll financing","step",0.212945374248439,0.0293351466788585
46,2.22301814327331,0.73122717003804,0.188752331668981,0.105665180886463,1.04913391861451,0.673601900269987,0.375532018344527,0.374113302759122,0.625886697240878,0.234128236782682,0.0399940678674735,1.20635451841036,0.179912524340313,"Payroll financing","step",0.208618319966781,0.0287473748979375
47,2.2187914715844,0.730652707427431,0.188752331668981,0.105665180886463,1.04840346404495,0.672566880944439,0.37583658310051,0.373605694832483,0.626394305167517,0.23448853886801,0.0400306128602416,1.20613742366755,0.180037874866168,"Payroll financing","step",0.204391648277873,0.0281729122873285
48,2.21466240823787,0.730091199183625,0.188752331668981,0.105665180886463,1.04768913838447,0.671554333844532,0.376134804539941,0.373108659100098,0.626891340899902,0.234842092821914,0.0400662355329476,1.20592592185089,0.18016062661491,"Payroll financing","step",0.200262584931344,0.0276114040435229
49,2.21062827127546,0.729542301768388,0.188752331668981,0.105665180886463,1.04699052585455,0.670563693786008,0.376426832068541,0.372621946552432,0.627378053447568,0.235189030758956,0.0401009630722345,1.20571984284186,0.18028084018709,"Payroll financing","step",0.196228447968936,0.0270625066282856
50,2.20668646741284,0.729005682491629,0.188752331668981,0.105665180886463,1.04630722339148,0.669594412339571,0.376712811051909,0.372145314913485,0.627854685086515,0.235529482172109,0.0401348217497898,1.20551902251358,0.18039857457656,"Payroll financing","step",0.192286644106318,0.0265258873515263
51,2.20283448859582,0.72848101911168,0.188752331668981,0.105665180886463,1.04563884019469,0.668645957256807,0.376992882937882,0.371678528436863,0.628321471563137,0.235863573976721,0.040167836956012,1.20532330249516,0.180513887217347,"Payroll financing","step",0.188434665289296,0.026001223971578
52,2.19906990869113,0.727967999452242,0.188752331668981,0.105665180886463,1.04498499728996,0.667717811913721,0.377267185376235,0.371221357706275,0.628778642293725,0.236191430556079,0.0402000332325391,1.20513252994503,0.180626834029664,"Payroll financing","step",0.184670085384604,0.0254882043121395
53,2.19539038033558,0.727466321035188,0.188752331668981,0.105665180886463,1.04434532711229,0.66680947477872,0.377535852333571,0.370773579444048,0.629226420555952,0.236513173805774,0.0402314343034254,1.20494655733463,0.180737469464146,"Payroll financing","step",0.180990557029052,0.0249865258950858
54,2.19179363192085,0.726975690728518,0.188752331668981,0.105665180886463,1.04371947310476,0.665920458899927,0.377799014204836,0.370334976325274,0.629665023674726,0.236828923178311,0.0402620631050867,1.20476524224132,0.180845846544855,"Payroll financing","step",0.17739380861433,0.0244958955884161
55,2.18827746471027,0.726495824408769,0.188752331668981,0.105665180886463,1.04310708933345,0.665050291412417,0.378056797921029,0.369905336798284,0.630094663201715,0.237138795727369,0.0402919418151367,1.20458844714994,0.180952016910934,"Payroll financing","step",0.17387764140375,0.0240160292686665
56,2.18483975008102,0.726026446637075,0.188752331668981,0.105665180886463,1.04250784011608,0.664198513061155,0.378309327054927,0.369484454908455,0.630515545091545,0.237442906152902,0.040321091879646,1.20441603926539,0.181056030857249,"Payroll financing","step",0.170439926774497,0.023546651496973
57,2.18147842688596,0.72556729034947,0.188752331668981,0.105665180886463,1.04192139967681,0.663364677764826,0.378556721911986,0.369072130146689,0.630927869853311,0.237741366837725,0.0403495340427844,1.20424789031288,0.181157937371792,"Payroll financing","step",0.167078603579435,0.0230874952093676
58,2.17819149893032,0.725118096557341,0.188752331668981,0.105665180886463,1.04134745178205,0.662548352131355,0.378799099650695,0.368668167248842,0.631331832751158,0.238034287907201,0.0403772883654715,1.20408387640472,0.181257784177578,"Payroll financing","step",0.163791675623796,0.0226383014172392
59,2.17497703254798,0.724678614062923,0.188752331668981,0.105665180886463,1.04078568943957,0.661749115090222,0.379036574349348,0.36827237608442,0.63172762391558,0.238321777252659,0.0404043742585848,1.20392387782247,0.181355617764709,"Payroll financing","step",0.160577209241453,0.0221988189228212
60,2.17183315429936,0.724248599184086,0.188752331668981,0.105665180886463,1.04023581456483,0.66096655744799,0.379269257116836,0.36788457147194,0.63211542852806,0.238603940587548,0.0404308105003594,1.20376777889402,0.181451483429211,"Payroll financing","step",0.157433330992835,0.0217688040439841
61,2.16875804874806,0.723827815490969,0.188752331668981,0.105665180886463,1.0396975376845,0.66020028151079,0.37949725617371,0.367504573043817,0.632495426956183,0.238880881484597,0.0404566152615899,1.20361546782573,0.181545425306431,"Payroll financing","step",0.154358225441538,0.0213480203508666
62,2.16574995634073,0.723416033553008,0.188752331668981,0.105665180886463,1.03917057764468,0.659449900706321,0.37972067693836,0.367132205102734,0.632867794897266,0.239152701417891,0.0404818061272299,1.20346683655714,0.181637486404586,"Payroll financing","step",0.151350133034204,0.0209362384129059
63,2.16280717137411,0.723013030692817,0.188752331668981,0.105665180886463,1.03865466130065,0.658715039160968,0.379939622139684,0.36676729643386,0.63323270356614,0.239419499825838,0.0405064001082502,1.20332178067418,0.181727708642463,"Payroll financing","step",0.148407348067586,0.020533235552715
64,2.15992804005018,0.722618590762405,0.188752331668981,0.105665180886463,1.03814952336879,0.65799533159195,0.380154191776838,0.366409680371936,0.633590319628064,0.239681374064031,0.0405304136985502,1.20318019905779,0.18181613285963,"Payroll financing","step",0.145528216743657,0.0201387956223027
65,2.15711095860296,0.722232503909456,0.188752331668981,0.105665180886463,1.03765490598544,0.657290422608362,0.38036448337708,0.366059194371534,0.633940805628466,0.23993841957689,0.040553862839414,1.20304199407878,0.181902798878715,"Payroll financing","step",0.14271113529644,0.0197527087693533
66,2.15435437151138,0.721854566365133,0.188752331668981,0.105665180886463,1.03717055857891,0.656599966628467,0.380570591950445,0.365715680082591,0.634284319917409,0.240190729849542,0.0405767629748787,1.20290707125744,0.181987745513719,"Payroll financing","step",0.139954548204857,0.0193747712250312
67,2.15165676975267,0.721484580237177,0.188752331668981,0.105665180886463,1.03669623759416,0.655923627499629,0.380772610094526,0.36537898317579,0.63462101682421,0.240438396471342,0.0405991290607927,1.2027753391971,0.182071010604819,"Payroll financing","step",0.137256946446149,0.0190047850970745
68,2.14901668924304,0.721122353310551,0.188752331668981,0.105665180886463,1.03623170627519,0.655261078214981,0.380970628060207,0.365048953232988,0.634951046767012,0.240681509167762,0.040620975580748,1.20264670947799,0.182152631043751,"Payroll financing","step",0.134616865936512,0.0186425581704489
69,2.1464327091748,0.720767698856784,0.188752331668981,0.105665180886463,1.03577673443539,0.654612000616641,0.38116473381875,0.364725443635416,0.635274556364584,0.240920155840582,0.0406423165655827,1.20252109653082,0.182232642801995,"Payroll financing","step",0.132032885868277,0.0182879037166815
70,2.14390345052788,0.720420435449766,0.188752331668981,0.105665180886463,1.03533109824077,0.653976085107655,0.381355013133111,0.364408311444815,0.635591688555185,0.241154422608152,0.0406631656068226,1.20239841754675,0.182311080957299,"Payroll financing","step",0.129503627221353,0.0179406403096639
71,2.14142757461546,0.72008038678889,0.188752331668981,0.105665180886463,1.0348945800068,0.653353030387964,0.381541549618833,0.364097417301945,0.635902582698055,0.241384393839925,0.0406835358729069,1.20227859237165,0.182387979718419,"Payroll financing","step",0.12702775130894,0.0176005916487877
72,2.13900378168708,0.71974738152893,0.188752331668981,0.105665180886463,1.03446696800007,0.652742543194389,0.38172442480568,0.363792625323867,0.636207374676133,0.24161015219244,0.0407034401240065,1.20216154340924,0.182463372449577,"Payroll financing","step",0.124603958380557,0.017267586388828
73,2.1366308095877,0.71942125311639,0.188752331668981,0.105665180886463,1.03404805624727,0.652144338050007,0.381903718197263,0.363493803004562,0.636506196995438,0.241831778644658,0.0407228907262785,1.20204719552817,0.182537291694154,"Payroll financing","step",0.122230986281177,0.0169414579762873
74,2.13430743247409,0.719101839632019,0.188752331668981,0.105665180886463,1.03363764435191,0.651558137023436,0.382079507328475,0.363200821119209,0.636799178880791,0.242049352532304,0.0407418996655461,1.201935475973,0.18260976919753,"Payroll financing","step",0.119907609167562,0.0166220444919166
75,2.13203245957614,0.718788983639272,0.188752331668981,0.105665180886463,1.03323553731676,0.650983669495239,0.382251867821517,0.362913553630805,0.637086446369195,0.242262951582121,0.0407604785605083,1.20182631427846,0.182680835929394,"Payroll financing","step",0.11763263626961,0.0163091884991693
76,2.12980473400901,0.718482532038436,0.188752331668981,0.105665180886463,1.03284154537309,0.650420671933096,0.382420873439997,0.362631877600004,0.637368122399996,0.242472651945323,0.0407786386754335,1.20171964218727,0.182750522105303,"Payroll financing","step",0.115404910702484,0.0160027368983339
77,2.12762313163244,0.718182335926209,0.188752331668981,0.105665180886463,1.03245548381632,0.649868887675072,0.382586596141252,0.362355673097913,0.637644326902087,0.242678528230343,0.0407963909323685,1.20161539357118,0.182818857207562,"Payroll financing","step",0.113223308325919,0.0157025407861062
78,2.1254865599533,0.71788825046048,0.188752331668981,0.105665180886463,1.0320771728473,0.649328066720199,0.382749106127104,0.362084823121493,0.637915176878507,0.242880653535087,0.0408137459228976,1.20151350435519,0.182885870005486,"Payroll financing","step",0.111086736646776,0.015408455320378
79,2.12339395707099,0.717600134730128,0.188752331668981,0.105665180886463,1.03170643741945,0.648797965526457,0.382908471892989,0.361819213511686,0.638180786488314,0.243079099478535,0.0408307139194579,1.20141391244467,0.182951588575039,"Payroll financing","step",0.108994133764467,0.0151203395900261
80,2.1213442906635,0.717317851629596,0.188752331668981,0.105665180886463,1.03134310709131,0.648278346815771,0.383064760275541,0.361558732874099,0.638441267125901,0.243273936231738,0.0408473048862296,1.20131655765542,0.18301604031787,"Payroll financing","step",0.106944467356973,0.0148380564894934
81,2.11933655701224,0.71704126773807,0.188752331668981,0.105665180886463,1.03098701588445,0.647768979385762,0.383218036498686,0.361303272502191,0.638696727497809,0.243465232548218,0.0408635284896218,1.20122138164644,0.183079251979771,"Payroll financing","step",0.10493673370572,0.0145614725979681
82,2.11736978006413,0.716770253203073,0.188752331668981,0.105665180886463,1.03063800214627,0.647269637927974,0.383368364218293,0.361052726302844,0.638947273697156,0.243653055793768,0.0408793941083651,1.20112832785533,0.183141249668566,"Payroll financing","step",0.102969956757601,0.0142904580629709
83,2.11544301052912,0.716504681628273,0.188752331668981,0.105665180886463,1.03029590841778,0.646780102852341,0.383515805565441,0.360806990724266,0.639193009275734,0.243837471975667,0.0408949108432315,1.2010373414362,0.183202058871462,"Payroll financing","step",0.101043187222592,0.0140248864881705
84,2.11355532501194,0.71624442996536,0.188752331668981,0.105665180886463,1.02996058130598,0.646300160117656,0.383660421188326,0.360565964686123,0.639434035313877,0.244018545771312,0.040910087526392,1.20094836920002,0.183261704471879,"Payroll financing","step",0.0991555017054124,0.0137646348252576
85,2.11170582517633,0.715989378409813,0.188752331668981,0.105665180886463,1.0296318713607,0.645829601067805,0.383802270292891,0.360329549511849,0.639670450488151,0.244196340556274,0.0409249327304288,1.20086135955719,0.183320210765755,"Payroll financing","step",0.0973060018698026,0.0135095832697112
86,2.10989363694055,0.715739410300404,0.188752331668981,0.105665180886463,1.02930963295573,0.645368222273555,0.383941410682175,0.360097648863041,0.639902351136959,0.244370918431784,0.0409394547770153,1.20077626246246,0.183377601477377,"Payroll financing","step",0.0954938136340271,0.0132596151603018
87,2.10811790970282,0.715494412022284,0.188752331668981,0.105665180886463,1.02899372417416,0.644915825379687,0.384077898794474,0.359870168675877,0.640129831324123,0.244542340251655,0.0409536617452761,1.20069302936183,0.183433899774722,"Payroll financing","step",0.0937180863962923,0.0130146168821813
88,2.10637781559536,0.715254272913518,0.188752331668981,0.105665180886463,1.02868400669756,0.644472216957256,0.384211789740308,0.359647017099487,0.640352982900513,0.244710665648658,0.0409675614798396,1.20061161314155,0.183489128284343,"Payroll financing","step",0.0919779922888329,0.012774477773416
89,2.10467254876599,0.715018885174928,0.188752331668981,0.105665180886463,1.02838034569909,0.644037208360817,0.384343137338269,0.359428104436219,0.640571895563781,0.244875953060341,0.0409811615985973,1.20053196807908,0.183543309105804,"Payroll financing","step",0.0902727254594611,0.0125390900348261
90,2.10300132468597,0.714788143783103,0.188752331668981,0.105665180886463,1.02808260974016,0.643610615590398,0.384471994149765,0.359213343083726,0.640786656916274,0.245038259754318,0.0409944695001781,1.20045404979586,0.183596463825691,"Payroll financing","step",0.0886015013794452,0.0123083486430002
91,2.10136337948315,0.714561946406462,0.188752331668981,0.105665180886463,1.02779067067077,0.643192259158063,0.384598411512712,0.359002647478813,0.640997352521187,0.245197641853025,0.0410074923711511,1.20037781521189,0.183648613531192,"Payroll financing","step",0.0869635561766264,0.0120821512663599
92,2.09975796929926,0.714340193324256,0.188752331668981,0.105665180886463,1.02750440353309,0.642781963958887,0.384722439574199,0.358795934043001,0.641204065956999,0.245354154357952,0.0410202371929666,1.20030322250207,0.183699778823287,"Payroll financing","step",0.0853581459927324,0.011860398184154
93,2.09818436967043,0.71412278734837,0.188752331668981,0.105665180886463,1.02722368646835,0.642379559146189,0.384844127322163,0.358593121129728,0.641406878870272,0.245507851173368,0.0410327107486459,1.20023023105411,0.183749979829536,"Payroll financing","step",0.083784546363904,0.0116429922082681
94,2.09664187493,0.713909633747842,0.188752331668981,0.105665180886463,1.02694840062695,0.641984878010842,0.384963522616108,0.358394128973154,0.641605871026846,0.245658785129535,0.0410449196292288,1.20015880142803,0.183799236216492,"Payroll financing","step",0.0822420516234796,0.0114298386077395
95,2.09512979763266,0.713700640175974,0.188752331668981,0.105665180886463,1.02667843008145,0.641597757864545,0.385080672216902,0.358198879638496,0.641801120361504,0.24580700800543,0.0410568702399896,1.20008889531727,0.183847567201745,"Payroll financing","step",0.08072997432614,0.0112208450358715
96,2.09364746799907,0.713495716599951,0.188752331668981,0.105665180886463,1.02641366174256,0.641218039926879,0.385195621815681,0.358007296973866,0.641992703026134,0.24595257055098,0.0410685688064289,1.20002047551106,0.183894991565616,"Payroll financing","step",0.0792476446925487,0.0110159214598483
97,2.09219423338018,0.713294775233022,0.188752331668981,0.105665180886463,1.02615398527946,0.640845569219126,0.385308416060329,0.357819306566118,0.642180693433882,0.246095522507624,0.04108002138054,1.19995350585555,0.183941527662223,"Payroll financing","step",0.0777944100736598,0.0108149800929194
98,2.09076945774027,0.713097730468163,0.188752331668981,0.105665180886463,1.02589929303346,0.640480194443036,0.385419098590423,0.357634835682628,0.642365164317372,0.246235912635551,0.0410912338439463,1.19988795123315,0.183987193431885,"Payroll financing","step",0.0763696344337421,0.010617935328061
99,2.0893725211587,0.712904498815634,0.188752331668981,0.105665180886463,1.02564947995765,0.640121767909555,0.385527712048098,0.357453813253171,0.642546186746829,0.246373788722585,0.0411022119181532,1.19982377750057,0.184032006409026,"Payroll financing","step",0.0749726978521794,0.0104247036755321
100,2.08800281934825,0.71271499884099,0.188752331668981,0.105665180886463,1.02540444352777,0.639770145408517,0.385634298119254,0.357276169801244,0.642723830198756,0.246509197616549,0.0411129611648276,1.19976095148514,0.184075983735358,"Payroll financing","step",0.0736029960417297,0.0102352037008874
101,2.08665976319065,0.712529151105992,0.188752331668981,0.105665180886463,1.02516408367895,0.63942518612835,0.385738897550604,0.357101837415661,0.642898162584339,0.246642185239197,0.0411234869932536,1.19969944093938,0.184119142168555,"Payroll financing","step",0.0722599398841264,0.01004935596589
102,2.08534277828811,0.712346878111336,0.188752331668981,0.105665180886463,1.02492830273545,0.639086752560109,0.385841550175342,0.356930749707763,0.643069250292237,0.246772796606894,0.0411337946646669,1.19963921451389,0.184161498092322,"Payroll financing","step",0.0709429549815899,0.00986708297123395
103,2.08405130456028,0.712168104241195,0.188752331668981,0.105665180886463,1.02469700534947,0.638754710415248,0.385942294934221,0.356762841776299,0.643237158223702,0.246901075846707,0.041143889296673,1.19958024172978,0.184203067524929,"Payroll financing","step",0.0696514812537554,0.00968830910109297
104,2.08278479573968,0.711992755709833,0.188752331668981,0.105665180886463,1.02447009842133,0.638428928516321,0.38604116990501,0.356598050158316,0.643401949841684,0.247027066223621,0.0411537758684111,1.19952249294698,0.184243866131224,"Payroll financing","step",0.068384972433154,0.00951296056973117
105,2.08154271905094,0.711820760509758,0.188752331668981,0.105665180886463,1.02424749105206,0.638109278733981,0.386138212318084,0.356436312803193,0.643563687196807,0.247150810150534,0.0411634592242352,1.19946593934112,0.184283909228914,"Payroll financing","step",0.0671428957444182,0.00934096536965567
106,2.08032455479375,0.711652048361643,0.188752331668981,0.105665180886463,1.02402909447829,0.637795635898355,0.386233458579935,0.356277569033442,0.643722430966558,0.247272349208753,0.041172944078105,1.19941055287651,0.184323211798142,"Payroll financing","step",0.0659247314872284,0.00917225322154058
107,2.07912979596576,0.711486550665888,0.188752331668981,0.105665180886463,1.02381482201382,0.637487877719838,0.386326944293982,0.356121759510031,0.643878240489969,0.247391724165438,0.0411822350176213,1.19935630628114,0.184361788489944,"Payroll financing","step",0.0647299726592343,0.00900675552578534
108,2.07795794789817,0.711324200455751,0.188752331668981,0.105665180886463,1.02360458899312,0.637185884712346,0.386418704280774,0.35596882619871,0.64403117380129,0.247508974990671,0.0411913365079218,1.19930317302268,0.184399653634466,"Payroll financing","step",0.0635581245916446,0.00884440531564878
109,2.07680852790353,0.711164932352003,0.188752331668981,0.105665180886463,1.02339831271655,0.636889540118932,0.386508772597621,0.355818712337299,0.644181287662701,0.24762414087414,0.0412002528954419,1.19925112728523,0.184436821248951,"Payroll financing","step",0.0624087045970048,0.00868513721190067
110,2.07568106493523,0.711008682519037,0.188752331668981,0.105665180886463,1.02319591239734,0.636598729839687,0.386597182557651,0.355671362403914,0.644328637596086,0.247737260241458,0.0412089884115469,1.19920014394697,0.184473305045498,"Payroll financing","step",0.061281241628703,0.00852888737893498
111,2.07457509925828,0.710855388622393,0.188752331668981,0.105665180886463,1.02299730911018,0.636313342361845,0.386683966748336,0.355526722086106,0.644473277913894,0.247848370770126,0.0412175471760383,1.19915019855858,0.184509118438602,"Payroll financing","step",0.0601752759517504,0.008375593482291
112,2.07349018213095,0.710704989787634,0.188752331668981,0.105665180886463,1.02280242574149,0.636033268692015,0.386769157049478,0.35538473825087,0.64461526174913,0.247957509405131,0.0412259332005409,1.19910126732238,0.184544274552481,"Payroll financing","step",0.0590903588244247,0.00822519464753191
113,2.07242587549688,0.710557426560534,0.188752331668981,0.105665180886463,1.02261118694117,0.635758402290472,0.386852784650695,0.355245358915509,0.644754641084491,0.248064712374215,0.0412341503917743,1.19905332707225,0.184578786228202,"Payroll financing","step",0.0580260521903559,0.00807763142043161
114,2.0713817516872,0.710412640868524,0.188752331668981,0.105665180886463,1.02242351907583,0.635488639007426,0.386934880068406,0.355108533219323,0.644891466780677,0.248170015202795,0.0412422025547125,1.19900635525423,0.184612666030604,"Payroll financing","step",0.0569819283806745,0.0079328457284219
115,2.07035739313237,0.710270575983358,0.188752331668981,0.105665180886463,1.02223935018356,0.635223877021215,0.387015473162345,0.354974211396092,0.645025788603908,0.248273452728556,0.0412500933956376,1.19896032990778,0.184645926255028,"Payroll financing","step",0.0559575698258423,0.00779078084325568
116,2.06935239208333,0.710131176484944,0.188752331668981,0.105665180886463,1.02205860992994,0.63496401677834,0.387094593151603,0.354842344747329,0.645157655252671,0.248375059115722,0.0412578265250889,1.19891522964774,0.184678578933863,"Payroll financing","step",0.0549525687768098,0.00765138134484178
117,2.06836635034138,0.709994388226314,0.188752331668981,0.105665180886463,1.02188122956547,0.634708960935217,0.387172268630252,0.354712885616247,0.645287114383753,0.248474867869044,0.0412654054607164,1.19887103364682,0.184710635842919,"Payroll financing","step",0.0539665270348513,0.00751459308621127
118,2.06739887899735,0.709860158299675,0.188752331668981,0.105665180886463,1.02170714188433,0.634458614301857,0.387248527582469,0.354585787362551,0.645414212637449,0.248572911847396,0.0412728336300316,1.19882772161877,0.184742108507597,"Payroll financing","step",0.0529990556908291,0.00738036315957247
119,2.06644959817037,0.709728435003542,0.188752331668981,0.105665180886463,1.02153628118284,0.634212883784892,0.387323397397951,0.354461004336748,0.645538995663252,0.248669223277979,0.0412801143731352,1.19878527380177,0.184773008209188,"Payroll financing","step",0.0520497748638471,0.00724863986343927
120,2.06551813678764,0.709599167810813,0.188752331668981,0.105665180886463,1.02136858322511,0.633971678340815,0.387396904884295,0.354338491859509,0.645661508140491,0.248763833766868,0.0412872509451017,1.19874367094377,0.184803345989917,"Payroll financing","step",0.0511183134811186,0.00711937267071061
121,2.06460413232287,0.709472307337894,0.188752331668981,0.105665180886463,1.0212039852009,0.633734908918024,0.387469076282873,0.354218206195212,0.645781793804788,0.248856774314253,0.0412942465186556,1.19870289428623,0.184833132659435,"Payroll financing","step",0.0502043090163466,0.00699251219779173
122,2.0637072305747,0.709347805314742,0.188752331668981,0.105665180886463,1.02104242569058,0.63350248840883,0.387539937281751,0.354100104530416,0.645899895469584,0.248948075326105,0.0413011041865159,1.19866292554979,0.184862378800096,"Payroll financing","step",0.0493074072681772,0.00686801017463978
123,2.06282708544428,0.709225614555824,0.188752331668981,0.105665180886463,1.02088384462968,0.63327433160081,0.387609513028872,0.353984144951879,0.646015855048121,0.249037766626375,0.0413078269637217,1.19862374692014,0.184891094772344,"Payroll financing","step",0.0484272621377544,0.00674581941572139
124,2.06196335871973,0.709105688931952,0.188752331668981,0.105665180886463,1.02072818327447,0.633050355129581,0.387677828144887,0.353870286425188,0.646129713574812,0.249125877468933,0.0413144177898831,1.19858534103424,0.184919290719953,"Payroll financing","step",0.0475635354132082,0.00662589379184986
125,2.06111571986736,0.708987983342975,0.188752331668981,0.105665180886463,1.02057538416855,0.632830477432929,0.387744906735626,0.353758488773957,0.646241511226043,0.249212436549236,0.0413208795313569,1.19854769096717,0.184946976575135,"Payroll financing","step",0.0467158965608316,0.00650818820287258
126,2.06028384582923,0.708872453691282,0.188752331668981,0.105665180886463,1.0204253911105,0.632614618706262,0.38781077240424,0.3536487126596,0.6463512873404,0.249297472015746,0.0413272149833522,1.19851078021926,0.184974162063497,"Payroll financing","step",0.0458840225227091,0.00639265855117943
127,2.05946742082709,0.708759056855826,0.188752331668981,0.105665180886463,1.02027814911979,0.632402700854205,0.387875448265581,0.353540919557365,0.646459080442635,0.249381011483116,0.0413334268711449,1.19847459270855,0.185000856709341,"Payroll financing","step",0.0450675975205694,0.00627926171572357
128,2.05866613617245,0.708647750668035,0.188752331668981,0.105665180886463,1.02013360441661,0.632194647469275,0.38793895694734,0.353435071754434,0.646564928245566,0.249463082034938,0.0413395178553543,1.19843911273952,0.185027069838488,"Payroll financing","step",0.0442663128659215,0.00616795552793292
129,2.0578796900817,0.708538493886765,0.188752331668981,0.105665180886463,1.0199917043766,0.63199038375973,0.388001320616869,0.353331132305218,0.646668867694782,0.249543710246759,0.0413454905288615,1.19840432502066,0.185052810585693,"Payroll financing","step",0.0434798667751712,0.0060586987466632
130,2.05710778749764,0.708431246175107,0.188752331668981,0.105665180886463,1.01985239751244,0.631789836530838,0.388062560981597,0.353229065030671,0.646770934969329,0.249622922188269,0.0413513474220005,1.19837021463369,0.185078087897205,"Payroll financing","step",0.0427079641911199,0.00595145103500427
131,2.05635013991613,0.708325968077593,0.188752331668981,0.105665180886463,1.01971563344329,0.631592934141042,0.388122699302252,0.353128834496246,0.646871165503754,0.249700743435578,0.0413570910035021,1.19833676702772,0.185102910535575,"Payroll financing","step",0.0419503166096069,0.00584617293749046
132,2.05560646521788,0.70822262099808,0.188752331668981,0.105665180886463,1.01958136286764,0.631399606464464,0.38818175640318,0.353030405994699,0.646969594005301,0.249777199081217,0.0413627236822239,1.19830396800876,0.185127287083889,"Payroll financing","step",0.0412066419113573,0.0057428258579777
133,2.05487648750539,0.708121167178268,0.188752331668981,0.105665180886463,1.01944953753685,0.631209784854456,0.388239752682391,0.352933745529349,0.647066254470651,0.249852313743902,0.0413682478088231,1.19827180372957,0.185151225949876,"Payroll financing","step",0.0404766641988661,0.00564137203816584
134,2.05415993694466,0.708021569676846,0.188752331668981,0.105665180886463,1.01932011022949,0.631023402108157,0.388296708121336,0.352838819797773,0.647161180202227,0.249926111578101,0.0413736656773779,1.19824026067988,0.185174735369917,"Payroll financing","step",0.0397601136381378,0.00554177453674387
135,2.05345654961165,0.707923792349241,0.188752331668981,0.105665180886463,1.01919303472648,0.630840392432038,0.38835264229444,0.352745596175933,0.647254403824067,0.249998616283384,0.0413789795269559,1.19820932567691,0.185197823412948,"Payroll financing","step",0.0390567263051218,0.00544399720913824
136,2.0527660673432,0.707827799827946,0.188752331668981,0.105665180886463,1.01906826578676,0.630660691408394,0.38840757437837,0.352654042702717,0.647345957297283,0.250069851113567,0.0413841915431344,1.19817898585618,0.185220497984261,"Payroll financing","step",0.0383662440366779,0.00534800468784347
137,2.05208823759245,0.707733557503418,0.188752331668981,0.105665180886463,1.01894575912383,0.630484235962756,0.388461523161072,0.35256412806488,0.64743587193512,0.250139838885667,0.0413893038594723,1.19814922866262,0.185242766829204,"Payroll financing","step",0.0376884142859208,0.00525376236331621
138,2.05142281328832,0.707641031505517,0.188752331668981,0.105665180886463,1.01882547138276,0.630310964332193,0.388514507050572,0.35247582158238,0.64752417841762,0.250208601988651,0.0413943185589353,1.19812004184198,0.185264637536794,"Payroll financing","step",0.0370229899817991,0.00516123636541488
139,2.05076955269929,0.707550188685468,0.188752331668981,0.105665180886463,1.01870736011803,0.630140816034481,0.388566544083549,0.352389093194085,0.647610906805915,0.250276162392005,0.041399237675278,1.19809141343251,0.185286117543229,"Payroll financing","step",0.0363697293927636,0.00507039354536576
140,2.05012821930091,0.707460996598342,0.188752331668981,0.105665180886463,1.01859138377179,0.629973731838101,0.388617651933687,0.352303913443855,0.647696086556145,0.250342541654112,0.0414040631943812,1.19806333175687,0.185307214135311,"Payroll financing","step",0.0357283959943842,0.00498120145823977
141,2.04949858164732,0.707373423486025,0.188752331668981,0.105665180886463,1.01847750165287,0.629809653733058,0.388667847919812,0.352220253466979,0.647779746533021,0.250407760930449,0.0414087970555494,1.19803578541433,0.185327934453788,"Payroll financing","step",0.0350987583407925,0.00489362834592233
142,2.04888041324634,0.707287438260663,0.188752331668981,0.105665180886463,1.0183656739163,0.629648524902471,0.388717149013825,0.352138084976959,0.647861915023041,0.250471840981609,0.0414134411527673,1.19800876327324,0.185348285496606,"Payroll financing","step",0.0344805899398155,0.00480764312056114
143,2.04827349243821,0.707203010488578,0.188752331668981,0.105665180886463,1.01825586154336,0.629490289694936,0.388765571848424,0.352057380252626,0.647942619747374,0.250534802181151,0.0414179973359177,1.19798225446365,0.185368274122077,"Payroll financing","step",0.0338736691316837,0.00472321534847564
144,2.04767760227772,0.707120110374617,0.188752331668981,0.105665180886463,1.01814802632227,0.629334893597624,0.388813132724645,0.351978112125592,0.648021887874408,0.250596664523278,0.041422467411962,1.19795624837022,0.185387907051972,"Payroll financing","step",0.0332777789711907,0.00464031523451436
145,2.04709253041972,0.707038708746948,0.188752331668981,0.105665180886463,1.01804213082928,0.629182283210087,0.388859847619196,0.351900253968007,0.648099746031993,0.25065744763035,0.041426853146085,1.1979307346254,0.185407190874533,"Payroll financing","step",0.0326927071131964,0.00455891360684546
146,2.04651806900789,0.706958777042268,0.188752331668981,0.105665180886463,1.01793813841038,0.629032406218766,0.388905732191617,0.351823779680638,0.648176220319362,0.250717170760242,0.0414311562628047,1.19790570310267,0.185426132047413,"Payroll financing","step",0.0321182457013647,0.00447898190216589
147,2.04595401456655,0.70688028729142,0.188752331668981,0.105665180886463,1.01783601316342,0.628885211372165,0.388950801791257,0.351748663681238,0.648251336318762,0.250775852813537,0.0414353784470478,1.19788114391016,0.185444736900536,"Payroll financing","step",0.0315541912600219,0.00440049215131766
148,2.04540016789557,0.706803212105399,0.188752331668981,0.105665180886463,1.01773571992076,0.628740648456684,0.388995071464077,0.351674880893204,0.648325119106796,0.250833512340568,0.0414395213451937,1.19785704738435,0.185463011638893,"Payroll financing","step",0.0310003445890481,0.00432341696529648
149,2.04485633396822,0.706727524661744,0.188752331668981,0.105665180886463,1.01763722423235,0.628598668273073,0.389038555959281,0.351602406734531,0.648397593265469,0.250890167548311,0.041443586566086,1.19783340408402,0.185480962345265,"Payroll financing","step",0.0304565106616925,0.00424772952164187
150,2.04432232183175,0.706653198691298,0.188752331668981,0.105665180886463,1.0175404923493,0.628459222613511,0.389081269735786,0.351531217107023,0.648468782892977,0.25094583630713,0.0414475756820148,1.19781020478434,0.185498594982879,"Payroll financing","step",0.029922498525226,0.00417340355119611
151,2.04379794451086,0.706580208465323,0.188752331668981,0.105665180886463,1.0174454912078,0.628322264239271,0.38912322696853,0.351461288385783,0.648538711614217,0.251000536157381,0.0414514902296682,1.19778744047119,0.185515915397998,"Payroll financing","step",0.0293981212043364,0.00410041332522071
152,2.0432830189137,0.706508528782962,0.188752331668981,0.105665180886463,1.01735218841359,0.628187746858968,0.389164441554626,0.351392597408957,0.648607402591043,0.251054284315869,0.0414553317110568,1.19776510233559,0.185532929322452,"Payroll financing","step",0.0288831956071793,0.00402873364285927
153,2.04277736574053,0.706438134959038,0.188752331668981,0.105665180886463,1.01726055222672,0.628055625107363,0.389204927119358,0.351325121467736,0.648674878532264,0.251107097682179,0.0414591015944101,1.19774318176839,0.185549642376099,"Payroll financing","step",0.0283775424340051,0.0039583398189359
154,2.0422808093948,0.706369002812182,0.188752331668981,0.105665180886463,1.01717055154676,0.627925854524714,0.389244697022046,0.35125883829659,0.64874116170341,0.251158992844862,0.0414628013150459,1.19772167035503,0.185566060069233,"Payroll financing","step",0.0278809860882729,0.00388920767207934
155,2.0417931778967,0.706301108653264,0.188752331668981,0.105665180886463,1.0170821558984,0.62779839153665,0.389283764361746,0.351193726063757,0.648806273936243,0.2512099860875,0.0414664322762153,1.19770055987046,0.185582187804932,"Payroll financing","step",0.0273933545901794,0.00382131351316195
156,2.04131430279905,0.706234429274147,0.188752331668981,0.105665180886463,1.01699533541739,0.627673193434561,0.389322141982831,0.351129763361949,0.648870236638051,0.251260093394635,0.0414699958499216,1.19767984227431,0.185598030881345,"Payroll financing","step",0.0269144794925249,0.00375463413404498
157,2.04084401910537,0.706168941936722,0.188752331668981,0.105665180886463,1.01691006083691,0.627550218356486,0.389359842480426,0.35106692919929,0.64893307080071,0.25130933045758,0.0414734933777162,1.19765950970609,0.185613594493931,"Payroll financing","step",0.0264441957988431,0.00368914679662014
158,2.04038216519025,0.706104624362241,0.188752331668981,0.105665180886463,1.01682630347419,0.627429425268475,0.389396878205716,0.351005202990473,0.648994797009527,0.251357712680104,0.0414769261714707,1.19763955448059,0.185628883737636,"Payroll financing","step",0.0259823418837271,0.00362482922213825
159,2.0399285827218,0.70604145472092,0.188752331668981,0.105665180886463,1.01674403521755,0.627310773946433,0.389433261271122,0.350944564548129,0.64905543545187,0.251405255184002,0.0414802955141269,1.19761996908338,0.185643903609027,"Payroll financing","step",0.0255287594152791,0.00356165958081722
160,2.03948311658615,0.705979411621822,0.188752331668981,0.105665180886463,1.01666322851376,0.627194224958404,0.38946900355536,0.350884994074401,0.649115005925599,0.251451972814539,0.0414836026604248,1.1976007461665,0.185658659008366,"Payroll financing","step",0.0250832932796223,0.00349961648171992
161,2.03904561481394,0.705918474102997,0.188752331668981,0.105665180886463,1.01658385635568,0.627079739647312,0.389504116708369,0.350826472152719,0.649173527847281,0.251497880145796,0.0414868488376097,1.19758187854423,0.18567315474164,"Payroll financing","step",0.0246457915074112,0.00343867896289463
162,2.0386159285088,0.705858621621872,0.188752331668981,0.105665180886463,1.01650589227025,0.626967280114118,0.389538612156135,0.350768979739775,0.649231020260225,0.251542991485889,0.0414900352461196,1.19756335918899,0.185687395522542,"Payroll financing","step",0.0242161052022749,0.0033788264817699
163,2.03819391177767,0.705799834045899,0.188752331668981,0.105665180886463,1.01642931030679,0.626856809201403,0.389572501105387,0.350712498157688,0.649287501842312,0.25158732088209,0.0414931630602516,1.19754518122733,0.185701385974407,"Payroll financing","step",0.0237940884711438,0.00332003890579657
164,2.03777942166292,0.705742091643431,0.188752331668981,0.105665180886463,1.01635408502554,0.626748290477351,0.389605794548192,0.350657009086346,0.649342990913654,0.251630882125837,0.0414962334288106,1.19752733793615,0.185715130632094,"Payroll financing","step",0.0233795983563905,0.00326229650332854
165,2.03737231807627,0.70568537507484,0.188752331668981,0.105665180886463,1.01628019148657,0.62664168822013,0.389638503266435,0.350602494555941,0.649397505444059,0.251673688757642,0.0414992474757389,1.19750982273886,0.185728633943837,"Payroll financing","step",0.0229724947697441,0.00320557993473736
166,2.03697246373444,0.705629665383853,0.188752331668981,0.105665180886463,1.01620760523885,0.626536967402651,0.389670637836198,0.350548936939669,0.649451063060331,0.251715754071895,0.041502206300728,1.19749262920179,0.185741900273042,"Payroll financing","step",0.0225726404279105,0.00314987024375113
167,2.03657972409638,0.705574943989116,0.188752331668981,0.105665180886463,1.01613630230973,0.626434093677699,0.389702208632035,0.350496318946608,0.649503681053392,0.251757091121573,0.0415051109798134,1.19747575103062,0.185754933900045,"Payroll financing","step",0.022179900789856,0.00309514884901374
168,2.03619396730223,0.705521192675958,0.188752331668981,0.105665180886463,1.01606625919458,0.626333033363433,0.389733225831147,0.350444623614755,0.649555376385245,0.251797712722849,0.0415079625659523,1.19745918206699,0.185767739023833,"Payroll financing","step",0.0217941439957077,0.00304139753585608
169,2.03581506411374,0.705468393588376,0.188752331668981,0.105665180886463,1.01599745284668,0.626233753429224,0.38976369941746,0.350393834304233,0.649606165695767,0.251837631459609,0.0415107620895856,1.1974429162851,0.185780319763719,"Payroll financing","step",0.0214152408072112,0.00298859844827382
170,2.03544288785624,0.705416529221209,0.188752331668981,0.105665180886463,1.01592986066746,0.626136221481848,0.389793639185609,0.350343934690652,0.649656065309348,0.25187685968787,0.0415135105591839,1.19742694778849,0.185792680160984,"Payroll financing","step",0.0210430645497111,0.00293673408110628
171,2.03507731436213,0.705365582412512,0.188752331668981,0.105665180886463,1.01586346049683,0.626040405752001,0.389823054744829,0.350294908758618,0.649705091241382,0.251915409540117,0.0415162089617784,1.19741127080689,0.185804824180474,"Payroll financing","step",0.0206774910556007,0.0028857872724094
172,2.03471822191573,0.705315536336121,0.188752331668981,0.105665180886463,1.0157982306039,0.625946275081143,0.38985195552276,0.3502467407954,0.6497532592046,0.251953292929545,0.041518858263477,1.19739587969315,0.185816755712171,"Payroll financing","step",0.0203183986092075,0.00283574119601837
173,2.03436549119959,0.705266374494397,0.188752331668981,0.105665180886463,1.01573414967781,0.625853798908652,0.389880350769157,0.350199415384738,0.649800584615261,0.251990521554213,0.0415214594099664,1.19738076892024,0.185828478572719,"Payroll financing","step",0.0199656678930618,0.00278657935429427
174,2.03401900524204,0.705218080711151,0.188752331668981,0.105665180886463,1.01567119681881,0.625762947259286,0.389908249559523,0.350152917400794,0.649847082599206,0.252027106901121,0.0415240133270001,1.19736593307839,0.185839996506915,"Payroll financing","step",0.0196191819355147,0.00273828557104838
175,2.03367864936619,0.705170639124744,0.188752331668981,0.105665180886463,1.0156093515296,0.625673690730942,0.389935660798657,0.350107232002238,0.649892767997762,0.252063060250197,0.0415265209208736,1.19735136687222,0.185851313189174,"Payroll financing","step",0.0192788260596672,0.00269084398464137
176,2.03334431114009,0.705124034181352,0.188752331668981,0.105665180886463,1.01554859370682,0.625586000482699,0.389962593224117,0.350062344626471,0.649937655373529,0.252098392678207,0.0415289830788856,1.19733706511807,0.185862432224955,"Payroll financing","step",0.0189444878335667,0.00264423904124944
177,2.03301588032817,0.705078250628398,0.188752331668981,0.105665180886463,1.01548890363276,0.625499848223153,0.389989055409611,0.350018240983981,0.649981759016019,0.252133115062583,0.0415314006697878,1.19732302274124,0.185873357152153,"Payroll financing","step",0.0186160570216418,0.00259845548829596
178,2.03269324884386,0.705033273508144,0.188752331668981,0.105665180886463,1.01543026196732,0.625415206199013,0.390015055768308,0.34997490705282,0.65002509294718,0.252167238085177,0.0415337745442219,1.1973092347735,0.185884091442467,"Payroll financing","step",0.0182934255373337,0.00255347836804143
179,2.03237631069708,0.704989088150926,0.188752331668981,0.105665180886463,1.01537264973417,0.625332047172841,0.390040602561326,0.349932329064456,0.650067670935544,0.252200772240425,0.0415361055336543,1.19729569635914,0.185894638503803,"Payroll financing","step",0.0179764873905559,0.00250929301082403
180,2.03206496196134,0.704945680169731,0.188752331668981,0.105665180886463,1.01531604832628,0.625250344437379,0.390065703888898,0.349890493518503,0.650109506481497,0.252233727828792,0.0415383944542718,1.19728240273236,0.185905001679167,"Payroll financing","step",0.0176651386548112,0.00246588502962919
181,2.03175910075542,0.704903035457801,0.188752331668981,0.105665180886463,1.01526043952988,0.625170071865457,0.390090367664426,0.349849387225956,0.650150612774044,0.252266114935868,0.0415406421159355,1.19726934916518,0.185915184242167,"Payroll financing","step",0.0173592774488935,0.0024232403176988
182,2.03145862710958,0.704861140172565,0.188752331668981,0.105665180886463,1.01520580537311,0.625091203620196,0.390114601752917,0.349808997078472,0.650191002921528,0.252297943548571,0.0415428492817332,1.19725653120231,0.185925189424631,"Payroll financing","step",0.0170588038030539,0.0023813450324629
183,2.03116344301254,0.704819980739762,0.188752331668981,0.105665180886463,1.01515212831895,0.625013714537018,0.390138413781936,0.34976931036344,0.65023068963656,0.252329223400322,0.0415450167276087,1.19724394431483,0.185935020381178,"Payroll financing","step",0.0167636197060186,0.00234018559965932
184,2.03087345234111,0.704779543844604,0.188752331668981,0.105665180886463,1.01509939113342,0.624937579866537,0.390161811266887,0.349730314555188,0.650269685444812,0.252359964074104,0.0415471452040621,1.19723158412253,0.185944680213262,"Payroll financing","step",0.0164736290345808,0.00229974870450156
185,2.03058856082025,0.704739816426369,0.188752331668981,0.105665180886463,1.01504757690857,0.624862775324739,0.390184801583834,0.349691997360276,0.650308002639724,0.252390174981564,0.0415492354462333,1.19721944633536,0.18595417196487,"Payroll financing","step",0.0161887375137297,0.0022600212862669
186,2.03030867598426,0.704700785673044,0.188752331668981,0.105665180886463,1.01499666905516,0.624789277082238,0.39020739197292,0.3496543467118,0.6503456532882,0.252419865366732,0.0415512881740437,1.19720752675251,0.185963498623781,"Payroll financing","step",0.0159088526777338,0.00222099053294156
187,2.03003370713833,0.704662439016169,0.188752331668981,0.105665180886463,1.01494665129673,0.62471706175633,0.3902295895404,0.349617350766001,0.650382649233999,0.252449044308623,0.0415533040927684,1.19719582125912,0.185972663122564,"Payroll financing","step",0.015633883831808,0.00218264387606681
188,2.02976356532161,0.704624764125874,0.188752331668981,0.105665180886463,1.01489750766386,0.624646106403181,0.39025140126068,0.349580997898866,0.650419002101134,0.252477720723808,0.0415552838935645,1.19718432582313,0.185981668339555,"Payroll financing","step",0.0153637420150847,0.00214496898577166
189,2.02949816327132,0.704587748905953,0.188752331668981,0.105665180886463,1.01484922248732,0.624576388507791,0.39027283397953,0.349545276700783,0.650454723299217,0.252505903369911,0.0415572282535823,1.1971730364946,0.185990517100031,"Payroll financing","step",0.0150983399647906,0.00210795376585038
190,2.02923741538742,0.704551381489057,0.188752331668981,0.105665180886463,1.01480178039198,0.624507885975372,0.390293894416611,0.349510175972315,0.650489824027685,0.25253360084855,0.0415591378362826,1.19716194940385,0.185999212177252,"Payroll financing","step",0.0148375920808963,0.00207158634895455
191,2.02898123769812,0.704515650231998,0.188752331668981,0.105665180886463,1.01475516629086,0.62444057712291,0.390314589167952,0.349475684720079,0.65052431527992,0.252560821608225,0.0415610132917452,1.19715106075965,0.186007756293481,"Payroll financing","step",0.0145814143915937,0.00203585509189608
192,2.02872954782611,0.704480543711161,0.188752331668981,0.105665180886463,1.01470936537929,0.624374440670912,0.390334924708377,0.349441792152705,0.650558207847295,0.252587573947153,0.0415628552569697,1.19714036684743,0.186016152120984,"Payroll financing","step",0.0143297245195861,0.00200074857105847
193,2.02848226495569,0.704446050718016,0.188752331668981,0.105665180886463,1.01466436312922,0.624309455735349,0.390354907393871,0.349408487676881,0.650591512323119,0.25261386601604,0.0415646643561687,1.19712986402751,0.186024402283007,"Payroll financing","step",0.0140824416491627,0.00196625557791374
194,2.02823930980057,0.704412160254744,0.188752331668981,0.105665180886463,1.01462014528367,0.62424560181977,0.390374543463903,0.349375760893496,0.650624239106504,0.252639705820802,0.0415664412010533,1.1971195487335,0.186032509354729,"Payroll financing","step",0.013839486494041,0.00193236511464145
195,2.02800060457248,0.704378861529951,0.188752331668981,0.105665180886463,1.01457669785128,0.624182858807588,0.390393839043693,0.349343601593845,0.650656398406155,0.252665101225236,0.0415681863911115,1.19710941747058,0.1860404758642,"Payroll financing","step",0.0136007812659504,0.00189906638984838
196,2.02776607295047,0.704346143954487,0.188752331668981,0.105665180886463,1.01453400710098,0.624121206954542,0.390412800146439,0.349311999755935,0.650688000244065,0.252690059953632,0.0415699005138793,1.19709946681395,0.186048304293258,"Payroll financing","step",0.0133662496439459,0.00186634881438497
197,2.02753564005095,0.704313997137359,0.188752331668981,0.105665180886463,1.01449205955681,0.624060626881326,0.390431432675484,0.349280945540859,0.650719054459141,0.25271458959334,0.0415715841452052,1.19708969340721,0.186055997078419,"Payroll financing","step",0.0131358167444247,0.0018342019972567
198,2.02730923239836,0.70428241088173,0.188752331668981,0.105665180886463,1.01445084199282,0.62400109956637,0.390449742426451,0.349250429289248,0.650749570710752,0.252738697597282,0.0415732378495082,1.19708009396093,0.186063556611762,"Payroll financing","step",0.0129094090918316,0.00180261574162766
199,2.02708677789656,0.704251375181017,0.188752331668981,0.105665180886463,1.01441034142811,0.623942606338792,0.390467735089319,0.349220441517801,0.650779558482199,0.252762391286423,0.0415748621800287,1.19707066525108,0.186070985241782,"Payroll financing","step",0.0126869545900328,0.0017715800409146
200,2.02686820580087,0.70422088021507,0.188752331668981,0.105665180886463,1.01437054512196,0.62388512887149,0.390485416250468,0.349190972915887,0.650809027084113,0.252785677852183,0.0415764576790737,1.19706140411765,0.186078285274231,"Payroll financing","step",0.0124683824943435,0.00174108507496773
201,2.02665344669071,0.70419091634644,0.188752331668981,0.105665180886463,1.01433144056907,0.6238286491744,0.390502791394669,0.349162014342219,0.650837985657781,0.252808564358811,0.0415780248782558,1.19705230746319,0.186085458972943,"Payroll financing","step",0.0122536233841886,0.00171112120633787
202,2.02644243244291,0.704161474116728,0.188752331668981,0.105665180886463,1.01429301549492,0.623773149587881,0.390519865907041,0.349133556821598,0.650866443178402,0.252831057745709,0.041579564298726,1.19704337225148,0.186092508560635,"Payroll financing","step",0.0120426091363814,0.00168167897662574
203,2.02623509620553,0.704132544243016,0.188752331668981,0.105665180886463,1.01425525785123,0.623718612776262,0.390536645074965,0.349105591541724,0.650894408458276,0.252853164829714,0.0415810764514012,1.19703459550618,0.186099436219701,"Payroll financing","step",0.0118352728990074,0.00165274910291346
204,2.02603137237242,0.704104117614377,0.188752331668981,0.105665180886463,1.01421815581146,0.623665021721511,0.390553134089953,0.349078109850078,0.650921890149922,0.252874892307331,0.0415825618371854,1.19702597430951,0.186106244092981,"Payroll financing","step",0.0116315490658914,0.00162432247427424
205,2.02583119655816,0.704076185288462,0.188752331668981,0.105665180886463,1.01418169776654,0.623612359717055,0.390569338049484,0.34905110325086,0.65094889674914,0.252896246756931,0.0415840209471865,1.19701750580098,0.186112934284515,"Payroll financing","step",0.0114313732516358,0.00159639014835955
206,2.02563450557375,0.704048738488163,0.188752331668981,0.105665180886463,1.01414587232052,0.62356061036172,0.390585261958798,0.349024563402004,0.650975436597996,0.252917234640897,0.0415854542629265,1.19700918717618,0.186119508860286,"Payroll financing","step",0.0112346822672231,0.00156894334806079
207,2.02544123740268,0.704021768598348,0.188752331668981,0.105665180886463,1.01411066828647,0.62350975755381,0.390600910732656,0.34899848211224,0.65100151788776,0.252937862307738,0.0415868622565477,1.19700101568551,0.186125969848946,"Payroll financing","step",0.0110414140961503,0.00154197345824536
208,2.02525133117763,0.703995267162665,0.188752331668981,0.105665180886463,1.01407607468236,0.623459785485302,0.39061628919706,0.348972851338233,0.651027148661767,0.252958135994153,0.0415882453910136,1.19699298863306,0.186132319242522,"Payroll financing","step",0.0108515078711022,0.00151547202256275
209,2.02506472715766,0.703969225880423,0.188752331668981,0.105665180886463,1.01404208072712,0.623410678636177,0.390631402090942,0.348947663181764,0.651052336818236,0.252978061827067,0.0415896041203042,1.19698510337543,0.186138558997114,"Payroll financing","step",0.0106649038511337,0.00148943074032093
210,2.02488136670588,0.703943636603533,0.188752331668981,0.105665180886463,1.01400867583667,0.623362421768858,0.39064625406781,0.348922909886984,0.651077090113016,0.252997645825617,0.0415909388896079,1.1969773573206,0.186144691033575,"Payroll financing","step",0.0104815433993588,0.00146384146343093
211,2.02470119226765,0.703918491333519,0.188752331668981,0.105665180886463,1.01397584962015,0.623314999922774,0.390660849697371,0.348898583837715,0.651101416162285,0.253016893903108,0.0415922501355075,1.19696974792683,0.186150717238178,"Payroll financing","step",0.0103013689611262,0.00143869619341674
212,2.0245241473492,0.703893782218593,0.188752331668981,0.105665180886463,1.01394359187615,0.623268398409035,0.390675193467114,0.34887467755481,0.65112532244519,0.253035811868928,0.0415935382861625,1.19696227270163,0.18615663946327,"Payroll financing","step",0.0101243240426756,0.00141398707849061
213,2.02435017649678,0.703869501550793,0.188752331668981,0.105665180886463,1.01391189258908,0.623222602805219,0.390689289783859,0.348851183693569,0.651148816306431,0.253054405430425,0.0415948037614871,1.19695492920064,0.18616245952791,"Payroll financing","step",0.00995035319025783,0.00138970641069081
214,2.02417922527624,0.703845641763184,0.188752331668981,0.105665180886463,1.01388074192555,0.623177598950272,0.390703142975281,0.348828095041199,0.651171904958801,0.253072680194753,0.0415960469733233,1.19694771502671,0.186168179218499,"Payroll financing","step",0.00977940196971172,0.00136584662308137
215,2.024011240253,0.703822195427113,0.188752331668981,0.105665180886463,1.0138501302309,0.623133372939505,0.390716757291396,0.348805404514339,0.651194595485661,0.253090641670683,0.0415972683256109,1.19694062782879,0.186173800289391,"Payroll financing","step",0.00961141694647782,0.00134240028701116
216,2.02384616897258,0.703799155249534,0.188752331668981,0.105665180886463,1.01382004802573,0.623089911119709,0.390730136906026,0.348783105156624,0.651216894843376,0.253108295270371,0.0415984682145522,1.19693366530107,0.186179324463497,"Payroll financing","step",0.00944634566605407,0.00131936010943179
217,2.02368395994139,0.703776514070375,0.188752331668981,0.105665180886463,1.01379048600257,0.623047200084354,0.390743285918219,0.348761190136302,0.651238809863698,0.253125646311105,0.0415996470287741,1.19692682518194,0.186184753432873,"Payroll financing","step",0.00928413663486349,0.00129671893027272
218,2.02352456260806,0.703754264859974,0.188752331668981,0.105665180886463,1.01376143502257,0.623005226668909,0.390756208353658,0.348739652743903,0.651260347256097,0.253142700017009,0.0416008051494856,1.19692010525312,0.186190088859298,"Payroll financing","step",0.00912473930153768,0.001274469719872
219,2.02336792734513,0.703732400716564,0.188752331668981,0.105665180886463,1.01373288611227,0.622963977946235,0.390768908166032,0.348718486389947,0.651281513610053,0.253159461520723,0.0416019429506318,1.19691350333875,0.186195332374842,"Payroll financing","step",0.0089681040386016,0.00125260557646123
220,2.02321400543107,0.703710914863806,0.188752331668981,0.105665180886463,1.01370483046047,0.622923441222096,0.390781389238375,0.348697684602708,0.651302315397292,0.253175935865042,0.0416030607990445,1.19690701730447,0.186200485582417,"Payroll financing","step",0.00881418212454799,0.0012311197237036
221,2.02306274903282,0.703689800648386,0.188752331668981,0.105665180886463,1.01367725941513,0.62288360403074,0.390793655384392,0.348677241026014,0.651322758973986,0.253192128004534,0.0416041590545889,1.19690064505661,0.186205550056324,"Payroll financing","step",0.00866292572629357,0.00121000550828398
222,2.02291411118854,0.703669051537652,0.188752331668981,0.105665180886463,1.01365016448034,0.622844454130593,0.390805710349743,0.348657149417094,0.651342850582906,0.25320804280712,0.0416052380703076,1.1968943845413,0.186210527342782,"Payroll financing","step",0.00851428788201103,0.00118925639754963
223,2.02276804579084,0.703648661117302,0.188752331668981,0.105665180886463,1.01362353731334,0.622805979500021,0.390817557813316,0.348637403644473,0.651362596355527,0.25322368505563,0.0416062981925603,1.19688823374368,0.186215418960455,"Payroll financing","step",0.00836822248431979,0.00116886597719978
224,2.02262450757036,0.703628623089126,0.188752331668981,0.105665180886463,1.01359736972165,0.622768168333191,0.390829201388461,0.348617997685899,0.651382002314101,0.253239059449325,0.0416073397611612,1.19688219068707,0.186220226400958,"Payroll financing","step",0.0082246842638356,0.00114882794902404
225,2.02248345207959,0.70360893126879,0.188752331668981,0.105665180886463,1.01357165366022,0.622731009036012,0.390840644624207,0.348598925626322,0.651401074373678,0.253254170605396,0.0416083631095129,1.19687625343221,0.186224951129362,"Payroll financing","step",0.00808362877306479,0.00112913612868759
226,2.02234483567716,0.703589579583665,0.188752331668981,0.105665180886463,1.01354638122862,0.622694490222159,0.390851891006457,0.348580181655906,0.651419818344094,0.253269023060427,0.0416093685647365,1.1968704200765,0.186229594584687,"Payroll financing","step",0.0079450123706386,0.00110978444356225
227,2.0222086155124,0.703570562070705,0.188752331668981,0.105665180886463,1.01352154466833,0.622658600709176,0.390862943959153,0.348561760068079,0.651438239931921,0.253283621271839,0.0416103564478006,1.1968646887532,0.186234158180377,"Payroll financing","step",0.00780879220587405,0.00109076693060273
228,2.02207474951019,0.703551872874369,0.188752331668981,0.105665180886463,1.01349713636008,0.622623329514664,0.390873806845421,0.348543655257632,0.651456344742368,0.253297969619306,0.0416113270736453,1.19685905763074,0.18623864330478,"Payroll financing","step",0.00767492620366328,0.00107207773426676
229,2.0219431963562,0.70353350624458,0.188752331668981,0.105665180886463,1.01347314882123,0.622588665852533,0.390884482968694,0.348525861718843,0.651474138281157,0.253312072406136,0.0416122807513046,1.19685352491202,0.186243051321606,"Payroll financing","step",0.00754337304967079,0.00105371110447772
230,2.02181391548237,0.703515456534732,0.188752331668981,0.105665180886463,1.01344957470316,0.622554599129345,0.390894975573813,0.348508374043645,0.651491625956355,0.253325933860638,0.0416132177840259,1.19684808883365,0.186247383570384,"Payroll financing","step",0.00741409217584366,0.00103566139462952
231,2.02168686705274,0.703497718199734,0.188752331668981,0.105665180886463,1.01342640678882,0.622521118940719,0.390905287848103,0.348491186919829,0.651508813080171,0.253339558137456,0.0416141384693862,1.19684274766533,0.186251641366904,"Payroll financing","step",0.0072870437462198,0.00101792305963211
232,2.02156201194955,0.703480285794099,0.188752331668981,0.105665180886463,1.01340363799024,0.62248821506781,0.390915422922432,0.348474295129279,0.651525704870721,0.253352949318882,0.0416150430994069,1.19683749970914,0.186255826003655,"Payroll financing","step",0.00716218864302753,0.0010004906539971
233,2.0214393117596,0.703463153970065,0.188752331668981,0.105665180886463,1.01338126134612,0.622455877473867,0.39092538387225,0.34845769354625,0.65154230645375,0.253366111416143,0.0416159319606644,1.19683234329891,0.186259938750252,"Payroll financing","step",0.00703948845307734,0.000983358829962255
234,2.02131872876095,0.703446317475757,0.188752331668981,0.105665180886463,1.01335927001944,0.622424096300843,0.390935173718601,0.348441377135665,0.651558622864335,0.253379048370661,0.0416168053343998,1.19682727679955,0.186263980853858,"Payroll financing","step",0.00691890545442675,0.00096652233565464
235,2.02120022590985,0.703429771153392,0.188752331668981,0.105665180886463,1.01333765729521,0.62239286186609,0.390944795429122,0.348425340951463,0.651574659048537,0.253391764055302,0.0416176634966252,1.19682229860649,0.18626795353959,"Payroll financing","step",0.00680040260332371,0.000949976013290055
236,2.02108376682794,0.703413509937512,0.188752331668981,0.105665180886463,1.01331641657813,0.62236216465911,0.390954251919022,0.348409580134964,0.651590419865036,0.253404262275583,0.0416185067182279,1.19681740714499,0.186271858010925,"Payroll financing","step",0.00668394352141366,0.000933714797410112
237,2.02096931578974,0.703397528853256,0.188752331668981,0.105665180886463,1.0132955413904,0.622331995338368,0.390963546052035,0.348394089913274,0.651605910086726,0.253416546770873,0.0416193352650726,1.19681260086961,0.186275695450098,"Payroll financing","step",0.00656949248321093,0.000917733713154179
238,2.02085683771035,0.703381823014668,0.188752331668981,0.105665180886463,1.01327502536954,0.622302344728176,0.390972680641369,0.348378865597719,0.651621134402281,0.253428621215568,0.0416201493981004,1.19680787826358,0.186279467018486,"Payroll financing","step",0.0064570144038214,0.000902027874565836
239,2.02074629813344,0.703366387623037,0.188752331668981,0.105665180886463,1.01325486226625,0.622273203815634,0.390981658450615,0.348363902582309,0.651636097417691,0.253440489220234,0.0416209493734273,1.19680323783825,0.186283173856987,"Payroll financing","step",0.00634647482691841,0.000886592482934656
240,2.02063766321948,0.703351217965272,0.188752331668981,0.105665180886463,1.01323504594229,0.62224456374763,0.390990482194662,0.348349196342229,0.651650803657771,0.253452154332746,0.0416217354424387,1.19679867813254,0.186286817086399,"Payroll financing","step",0.00623783991295923,0.000871422825170165
241,2.02053089973416,0.70333630941231,0.188752331668981,0.105665180886463,1.01321557036848,0.622216415827901,0.390999154540579,0.348334742432368,0.651665257567632,0.253463620039393,0.0416225078518831,1.19679419771238,0.18629039780778,"Payroll financing","step",0.00613107642763788,0.00085651427220812
242,2.02042597503711,0.703321657417552,0.188752331668981,0.105665180886463,1.01319642962264,0.622188751514153,0.391007678108482,0.348320536485863,0.651679463514137,0.25347488976597,0.0416232668439633,1.19678979517018,0.186293917102809,"Payroll financing","step",0.00602615173058041,0.000841862277449978
243,2.02032285707078,0.703307257515334,0.188752331668981,0.105665180886463,1.01317761788762,0.622161562415232,0.391016055472391,0.348306574212682,0.651693425787318,0.253485966878843,0.0416240126564256,1.19678546912431,0.186297376034137,"Payroll financing","step",0.00592303376425241,0.00082746237523168
244,2.02022151434963,0.703293105319427,0.188752331668981,0.105665180886463,1.01315912944942,0.622134840288356,0.391024289161062,0.34829285139823,0.65170714860177,0.253496854686002,0.041624745522647,1.19678121821858,0.186300775645732,"Payroll financing","step",0.00582169104310193,0.0008133101793244
245,2.02012191594944,0.703279196521567,0.188752331668981,0.105665180886463,1.01314095869521,0.622108577036398,0.391032381658811,0.348279363901982,0.651720636098018,0.253507556438093,0.0416254656717211,1.19677704112177,0.18630411696322,"Payroll financing","step",0.0057220926429169,0.000799401381464282
246,2.02002403149691,0.703265526890014,0.188752331668981,0.105665180886463,1.01312310011154,0.622082764705224,0.391040335406316,0.34826610765614,0.65173389234386,0.253518075329426,0.0416261733285413,1.1967729365271,0.186307400994213,"Payroll financing","step",0.00562420819038767,0.000785731749911367
247,2.01992783115941,0.703252092268139,0.188752331668981,0.105665180886463,1.01310554828249,0.622057395481077,0.391048152801409,0.348253078664319,0.651746921335681,0.25352841449897,0.0416268687138828,1.19676890315176,0.186310628728638,"Payroll financing","step",0.00552800785288765,0.000772297128037058
248,2.01983328563497,0.703238888573042,0.188752331668981,0.105665180886463,1.01308829788787,0.62203246168802,0.391055836199845,0.348240273000258,0.651759726999742,0.253538577031331,0.0416275520444826,1.19676493973649,0.186313801139053,"Payroll financing","step",0.00543346232845021,0.000759093432939228
249,2.01974036614247,0.703225911794187,0.188752331668981,0.105665180886463,1.01307134370149,0.62200795578542,0.391063387916069,0.348227686806552,0.651772313193448,0.253548565957704,0.0416282235331179,1.19676104504506,0.186316919180964,"Payroll financing","step",0.00534054283594854,0.000746116654084861
250,2.01964904441199,0.703213157992082,0.188752331668981,0.105665180886463,1.01305468058944,0.621983870365489,0.391070810223954,0.34821531629341,0.65178468370659,0.253558384256819,0.0416288833886829,1.19675721786384,0.186319983793132,"Payroll financing","step",0.00524922110546866,0.000733362851979336
251,2.0195592926754,0.703200623296964,0.188752331668981,0.105665180886463,1.0130383035084,0.621960198150865,0.391078105357536,0.34820315773744,0.65179684226256,0.253568034855861,0.0416295318162638,1.19675345700138,0.18632299589787,"Payroll financing","step",0.00515946936887035,0.000720828156861364
252,2.01947108365706,0.703188303907526,0.188752331668981,0.105665180886463,1.01302220750397,0.621936931992243,0.391085275511731,0.348191207480449,0.651808792519551,0.253577520631374,0.0416301690172123,1.19674976128798,0.186325956401347,"Payroll financing","step",0.00507126035053673,0.000708508767423788
253,2.01938439056483,0.703176196089662,0.188752331668981,0.105665180886463,1.01300638770909,0.621914064866052,0.391092322843035,0.348179461928275,0.651820538071725,0.253586844410158,0.0416307951892175,1.19674612957525,0.186328866193869,"Payroll financing","step",0.00498456725830643,0.000696400949559361
254,2.01929918708111,0.703164296175233,0.188752331668981,0.105665180886463,1.0129908393424,0.621891589872175,0.391099249470221,0.348167917549632,0.651832082450368,0.253596008970136,0.0416314105263762,1.19674256073568,0.186331726150173,"Payroll financing","step",0.00489936377458111,0.000684501035130958
255,2.01921544735413,0.703152600560867,0.188752331668981,0.105665180886463,1.01297555770672,0.621869500231712,0.391106057475009,0.348156570874986,0.651843429125014,0.253605017041217,0.0416320152192623,1.19673905366231,0.1863345371297,"Payroll financing","step",0.00481562404760894,0.000672805420765088
256,2.01913314598946,0.703141105706772,0.188752331668981,0.105665180886463,1.01296053818752,0.621847789284789,0.391112748902735,0.348145418495442,0.651854581504558,0.253613871306134,0.0416326094549938,1.19673560726827,0.186337299976871,"Payroll financing","step",0.00473332268293891,0.000661310566669848
257,2.01905225804157,0.703129808135577,0.188752331668981,0.105665180886463,1.01294577625141,0.621826450488404,0.391119325763003,0.348134457061662,0.651865542938338,0.253622574401276,0.0416331934172993,1.1967322204864,0.186340015521358,"Payroll financing","step",0.00465243473504051,0.000650012995474736
258,2.01897275900561,0.703118704431196,0.188752331668981,0.105665180886463,1.01293126744464,0.621805477414318,0.391125790030323,0.348123683282796,0.651876316717204,0.253631128917497,0.0416337672865821,1.19672889226891,0.186342684578346,"Payroll financing","step",0.00457293569908712,0.00063890929109367
259,2.01889462480942,0.703107791237712,0.188752331668981,0.105665180886463,1.01291700739172,0.621784863746985,0.391132143644739,0.348113093925434,0.651886906074566,0.253639537400915,0.0416343312399845,1.19672562158698,0.186345307948793,"Payroll financing","step",0.00449480150289894,0.00062799609760944
260,2.01881783180557,0.703097065258282,0.188752331668981,0.105665180886463,1.01290299179397,0.621764603281522,0.391138388512449,0.348102685812584,0.651897314187416,0.253647802353697,0.0416348854514493,1.19672240743039,0.186347886419684,"Payroll financing","step",0.00441800849904395,0.000617270118180024
261,2.01874235676361,0.703086523254068,0.188752331668981,0.105665180886463,1.01288921642811,0.621744689921709,0.391144526506405,0.348092455822658,0.651907544177342,0.253655926234827,0.0416354300917803,1.1967192488072,0.18635042076428,"Payroll financing","step",0.00434253345708946,0.000606728113965338
262,2.01866817686253,0.703076162043177,0.188752331668981,0.105665180886463,1.01287567714495,0.621725117678046,0.391150559466906,0.348082400888489,0.651917599111511,0.25366391146086,0.0416359653287026,1.19671614474338,0.186352911742365,"Payroll financing","step",0.0042683535560033,0.000596366903075185
263,2.01859526968323,0.703065978499639,0.188752331668981,0.105665180886463,1.01286236986801,0.621705880665824,0.391156489202187,0.348072517996355,0.651927482003645,0.253671760406666,0.0416364913269203,1.19671309428245,0.186355360100482,"Payroll financing","step",0.00419544637670421,0.000586183359537085
264,2.01852361320128,0.703055969552386,0.188752331668981,0.105665180886463,1.01284929059223,0.621686973103249,0.391162317488982,0.34806280418503,0.65193719581497,0.253679475406161,0.041637008248174,1.1967100964852,0.186357766572176,"Payroll financing","step",0.00412378989475304,0.00057617441228397
265,2.01845318577971,0.703046132184263,0.188752331668981,0.105665180886463,1.01283643538269,0.621668389309594,0.391168046073092,0.348053256544847,0.651946743455153,0.253687058753017,0.0416375162512963,1.19670715042932,0.186360131878218,"Payroll financing","step",0.00405336247318466,0.000566337044160536
266,2.01838396616201,0.703036463431052,0.188752331668981,0.105665180886463,1.01282380037332,0.621650123703386,0.391173676669929,0.348043872216784,0.651956127783216,0.253694512701369,0.041638015492267,1.19670425520907,0.186362456726836,"Payroll financing","step",0.00398414285548165,0.000556668290949802
267,2.0183159334652,0.703026960380519,0.188752331668981,0.105665180886463,1.01281138176569,0.62163217080063,0.391179210965065,0.348034648391559,0.651965351608441,0.253701839466505,0.0416385061242668,1.19670140993503,0.186364741813938,"Payroll financing","step",0.00391611015867399,0.000547165240416869
268,2.01824906717311,0.703017620171474,0.188752331668981,0.105665180886463,1.01279917582781,0.621614525213062,0.391184650614752,0.348025582308747,0.651974417691253,0.253709041225542,0.0416389882977294,1.19669861373373,0.18636698782333,"Payroll financing","step",0.00384924386658048,0.000537825031371786
269,2.0181833471297,0.703008439992852,0.188752331668981,0.105665180886463,1.01278717889289,0.621597181646441,0.391189997246451,0.348016671255915,0.651983328744085,0.253716120118093,0.0416394621603938,1.19669586574737,0.186369195426933,"Payroll financing","step",0.00378352382317093,0.000528644852749505
270,2.01811875353258,0.70299941708281,0.188752331668981,0.105665180886463,1.0127753873582,0.621580134898865,0.391195252459339,0.348007912567769,0.651992087432231,0.253723078246921,0.0416399278573542,1.19669316513354,0.186371365284988,"Payroll financing","step",0.0037189302260594,0.000519621942707604
271,2.01805526692665,0.702990548727844,0.188752331668981,0.105665180886463,1.01276379768393,0.621563379859122,0.39120041782481,0.347999303625317,0.652000696374683,0.253729917678582,0.0416403855311094,1.19669051106491,0.186373498046272,"Payroll financing","step",0.00365544362012082,0.000510753587741331
272,2.01799286819775,0.702981832261917,0.188752331668981,0.105665180886463,1.01275240639205,0.621546911505077,0.39120549488697,0.347990841855049,0.652009158144951,0.253736640444055,0.0416408353216122,1.19668790272895,0.186375594348292,"Payroll financing","step",0.00359304489122669,0.000502037121814625
273,2.01793153856663,0.70297326506561,0.188752331668981,0.105665180886463,1.0127412100652,0.621530724902079,0.39121048516312,0.347982524728134,0.652017475271866,0.253743248539359,0.0416412773663154,1.19668533932769,0.186377654817492,"Payroll financing","step",0.00353171526010199,0.000493469925507917
274,2.01787125958282,0.702964844565284,0.188752331668981,0.105665180886463,1.01273020534563,0.621514815201406,0.391215390144225,0.347974349759624,0.652025650240376,0.253749743926168,0.04164171180022,1.19668282007739,0.186379680069444,"Payroll financing","step",0.00347143627629665,0.000485049425182016
275,2.0178120131188,0.70295656823226,0.188752331668981,0.105665180886463,1.01271938893412,0.621499177638732,0.391220211295389,0.347966314507685,0.652033685492315,0.253756128532402,0.0416421387559194,1.1966803442083,0.186381670709042,"Payroll financing","step",0.00341218981227165,0.000476773092157767
276,2.01775378136412,0.702948433582013,0.188752331668981,0.105665180886463,1.01270875758894,0.621483807532631,0.391224950056304,0.347958416572827,0.652041583427173,0.253762404252819,0.0416425583636451,1.19667791096443,0.186383627330689,"Payroll financing","step",0.00335395805759653,0.000468638441910696
277,2.01769654681978,0.702940438173383,0.188752331668981,0.105665180886463,1.0126983081248,0.621468700283098,0.391229607841702,0.347950653597163,0.652049346402837,0.253768572949587,0.04164297075131,1.19667551960325,0.186385550518487,"Payroll financing","step",0.00329672351325572,0.000460643033280861
278,2.01764029229259,0.7029325796078,0.188752331668981,0.105665180886463,1.0126880374119,0.621453851370105,0.391234186041798,0.34794302326367,0.65205697673633,0.253774636452857,0.0416433760445517,1.19667316939545,0.186387440846413,"Payroll financing","step",0.00324046898606367,0.000452784467698031
279,2.01758500088971,0.702924855528523,0.188752331668981,0.105665180886463,1.0126779423749,0.621439256352185,0.391238686022717,0.347935523295472,0.652064476704528,0.253780596561313,0.0416437743667741,1.19667085962471,0.186389298878501,"Payroll financing","step",0.0031851775831826,0.000445060388420626
280,2.01753065601327,0.702917263619891,0.188752331668981,0.105665180886463,1.01266801999196,0.621424910865034,0.391243109126924,0.347928151455127,0.652071848544873,0.253786455042722,0.0416441658391893,1.19666858958744,0.186391125169017,"Payroll financing","step",0.00313083270674586,0.000437468479788761
281,2.0174772413551,0.702909801606595,0.188752331668981,0.105665180886463,1.01265826729378,0.621410810620145,0.391247456673638,0.347920905543937,0.652079094456063,0.253792213634469,0.0416445505808577,1.19666635859258,0.186392920262628,"Payroll financing","step",0.00307741804857686,0.000430006466492272
282,2.01742474089154,0.702902467252953,0.188752331668981,0.105665180886463,1.01264868136271,0.621396951403465,0.391251729959241,0.347913783401264,0.652086216598736,0.253797874044087,0.0416449287087276,1.19666416596132,0.186394684694577,"Payroll financing","step",0.00302491758501278,0.000422672112850853
283,2.01737313887835,0.702895258362211,0.188752331668981,0.105665180886463,1.01263925933176,0.621383329074078,0.391255930257685,0.347906782903859,0.652093217096141,0.253803437949773,0.0416453003376741,1.19666201102691,0.186396418990844,"Payroll financing","step",0.00297331557182146,0.000415463222108836
284,2.01732241984574,0.702888172775845,0.188752331668981,0.105665180886463,1.01262999838379,0.621369939562912,0.391260058820878,0.347899901965204,0.652100098034796,0.253808907000897,0.0416456655805377,1.19665989313441,0.186398123668309,"Payroll financing","step",0.00292259653921434,0.000408377635742418
285,2.01727256859348,0.702881208372882,0.188752331668981,0.105665180886463,1.01262089575054,0.621356778871466,0.391264116879078,0.34789313853487,0.65210686146513,0.253814282818503,0.0416460245481609,1.1966578116405,0.186399799234915,"Payroll financing","step",0.00287274528695081,0.000401413232779646
286,2.01722357018606,0.702874363069236,0.188752331668981,0.105665180886463,1.01261194871184,0.621343843070567,0.391268105641273,0.347886490597878,0.652113509402122,0.253819566995798,0.0416463773494254,1.19665576591326,0.186401446189822,"Payroll financing","step",0.00282374687953491,0.000394567929133283
287,2.01717540994802,0.702867634817048,0.188752331668981,0.105665180886463,1.0126031545947,0.621331128299143,0.391272026295552,0.34787995617408,0.65212004382592,0.253824761098637,0.0416467240912878,1.19665375533195,0.186403065023564,"Payroll financing","step",0.00277558664150002,0.000387839676945889
288,2.01712807345931,0.702861021604049,0.188752331668981,0.105665180886463,1.0125945107725,0.621318630763023,0.391275880009473,0.347873533317545,0.652126466682455,0.253829866665995,0.0416470648788151,1.1966517792868,0.186404656218198,"Payroll financing","step",0.00272825015278366,0.000381226463946893
289,2.01708154655071,0.702854521452924,0.188752331668981,0.105665180886463,1.01258601466418,0.621306346733756,0.391279667930423,0.347867220115961,0.652132779884039,0.253834885210433,0.0416473998152187,1.19664983717883,0.186406220247453,"Payroll financing","step",0.00268172324418403,0.000374726312821649
290,2.01703581529943,0.702848132420694,0.188752331668981,0.105665180886463,1.01257766373343,0.621294272547455,0.391283391185974,0.347861014690044,0.652138985309956,0.253839818218557,0.0416477290018888,1.19664792841964,0.186407757576877,"Payroll financing","step",0.00263599199290399,0.000368337280591935
291,2.0169908660247,0.70284185259811,0.188752331668981,0.105665180886463,1.01256945548788,0.621282404603658,0.391287050884224,0.347854915192959,0.652145084807041,0.253844667151464,0.0416480525384276,1.19664605243122,0.186409268663981,"Payroll financing","step",0.00259104271817412,0.000362057458007992
292,2.01694668528348,0.702835680109054,0.188752331668981,0.105665180886463,1.01256138747836,0.621270739364211,0.391290648114148,0.347848919809754,0.652151080190246,0.253849433445186,0.0416483705226813,1.19664420864575,0.186410753958377,"Payroll financing","step",0.00254686197695975,0.00035588496895167
293,2.01690325986627,0.702829613109953,0.188752331668981,0.105665180886463,1.01255345729809,0.621259273352173,0.391294183945922,0.347843026756796,0.652156973243204,0.253854118511123,0.0416486830507729,1.19664239650543,0.18641221390192,"Payroll financing","step",0.00250343655974472,0.000349817969850341
294,2.01686057679292,0.702823649789204,0.188752331668981,0.105665180886463,1.012545662582,0.62124800315074,0.391297659431261,0.347837234281232,0.652162765718768,0.253858723736468,0.0416489902171328,1.19664061546229,0.18641364892884,"Payroll financing","step",0.00246075348639518,0.000343854649101916
295,2.01681862330862,0.702817788366612,0.188752331668981,0.105665180886463,1.01253800100592,0.621236925402188,0.391301075603735,0.347831540660441,0.652168459339559,0.253863250484629,0.04164929211453,1.19663886497802,0.186415059465879,"Payroll financing","step",0.00241880000209571,0.000337993226510069
296,2.01677738687989,0.702812027092832,0.188752331668981,0.105665180886463,1.01253047028593,0.621226036806834,0.391304433479092,0.347825944201513,0.652174055798487,0.253867700095634,0.041649588834102,1.19663714452376,0.186416445932417,"Payroll financing","step",0.00237756357336272,0.000332231952729911
297,2.01673685519066,0.702806364248826,0.188752331668981,0.105665180886463,1.01252306817758,0.621215334122018,0.391307734055567,0.347820443240722,0.652179556759278,0.25387207388654,0.0416498804653846,1.19663545357998,0.186417808740607,"Payroll financing","step",0.00233703188413159,0.000326569108723862
298,2.01669701613844,0.702800798145329,0.188752331668981,0.105665180886463,1.01251579247529,0.621204814161102,0.391310978314184,0.347815036143026,0.652184963856974,0.253876373151829,0.0416501670963405,1.19663379163628,0.186419148295495,"Payroll financing","step",0.00229719283191354,0.000321003005226972
299,2.01665785783055,0.702795327122325,0.188752331668981,0.105665180886463,1.01250864101155,0.621194473792489,0.391314167219065,0.347809721301559,0.652190278698441,0.253880599163797,0.0416504488133883,1.19663215819121,0.18642046499515,"Payroll financing","step",0.00225803452402173,0.000315531982222561
300,2.0166193685804,0.702789949548529,0.188752331668981,0.105665180886463,1.01250161165637,0.621184309938657,0.391317301717717,0.347804497137139,0.652195502862861,0.253884753172936,0.04165072570143,1.19663055275216,0.18642175923078,"Payroll financing","step",0.00221954527387025,0.000310154408427188
301,2.01658153690386,0.702784663820887,0.188752331668981,0.105665180886463,1.01249470231654,0.621174319575211,0.391320382741327,0.347799362097789,0.652200637902211,0.253888836408314,0.0416509978438784,1.19662897483513,0.186423031386856,"Payroll financing","step",0.00218171359733788,0.000304868680785164
302,2.01654435151572,0.702779468364074,0.188752331668981,0.105665180886463,1.012487910935,0.621164499729954,0.391323411205043,0.347794314658261,0.652205685341739,0.253892850077941,0.0416512653226842,1.19662742396466,0.186424281841227,"Payroll financing","step",0.00214452820919853,0.000299673223971508
303,2.01650780132614,0.702774361630007,0.188752331668981,0.105665180886463,1.01248123549023,0.621154847481975,0.391326388008258,0.34778935331957,0.65221064668043,0.253896795369134,0.0416515282183622,1.19662589967358,0.186425510965237,"Payroll financing","step",0.00210797801961693,0.000294566489904891
304,2.01647187543723,0.702769342097371,0.188752331668981,0.105665180886463,1.01247467399563,0.621145359960746,0.391329314034879,0.347784476608535,0.652215523391465,0.253900673448874,0.041651786610017,1.19662440150294,0.186426719123837,"Payroll financing","step",0.00207205213070694,0.000289546957268794
305,2.01643656313968,0.702764408271144,0.188752331668981,0.105665180886463,1.01246822449885,0.621136034345248,0.391332190153601,0.347779683077331,0.652220316922669,0.253904485464156,0.0416520405753688,1.19662292900181,0.186427906675698,"Payroll financing","step",0.002036739833156,0.000284613131041445
306,2.01640185390943,0.702759558682137,0.188752331668981,0.105665180886463,1.01246188508127,0.621126867863101,0.391335017218171,0.347774971303048,0.652225028696952,0.253908232542335,0.0416522901907777,1.19662148172717,0.186429073973318,"Payroll financing","step",0.00200203060290427,0.000279763542034406
307,2.01636773740442,0.702754791886542,0.188752331668981,0.105665180886463,1.01245565385736,0.621117857789716,0.391337796067646,0.347770339887257,0.652229660112743,0.253911915791463,0.0416525355312686,1.19662005924375,0.186430221363131,"Payroll financing","step",0.0019679140978921,0.000274996746439382
308,2.01633420346138,0.702750106465485,0.188752331668981,0.105665180886463,1.01244952897411,0.62110900144746,0.39134052752665,0.347765787455583,0.652234212544417,0.253915536300624,0.0416527766705551,1.1966186611239,0.186431349185613,"Payroll financing","step",0.00193438015485992,0.000270311325383132
309,2.01630124209274,0.702745501024593,0.188752331668981,0.105665180886463,1.01244350861046,0.621100296204836,0.391343212405628,0.347761312657287,0.652238687342713,0.253919095140255,0.0416530136810624,1.19661728694743,0.186432457775383,"Payroll financing","step",0.00190141878621031,0.000265705884490597
310,2.01626884348345,0.702740974193558,0.188752331668981,0.105665180886463,1.01243759097677,0.621091739475682,0.391345851501086,0.347756914164857,0.652243085835143,0.253922593362476,0.0416532466339515,1.19661593630152,0.18643354746131,"Payroll financing","step",0.00186902017692248,0.000261179053455685
311,2.01623699798805,0.702736524625722,0.188752331668981,0.105665180886463,1.01243177431421,0.621083328718373,0.391348445595838,0.347752590673603,0.652247409326397,0.253926032001398,0.0416534755991408,1.19661460878053,0.186434618566605,"Payroll financing","step",0.00183717468152533,0.000256729485619944
312,2.01620569612765,0.702732150997661,0.188752331668981,0.105665180886463,1.0124260568943,0.621075061435051,0.391350995459244,0.34774834090126,0.65225165909874,0.253929412073437,0.0416537006453287,1.19661330398594,0.186435671408928,"Payroll financing","step",0.00180587282112699,0.000252355857558673
313,2.01617492858702,0.702727852008777,0.188752331668981,0.105665180886463,1.0124204370183,0.62106693517086,0.391353501847441,0.347744163587599,0.652255836412401,0.253932734577618,0.0416539218400156,1.19661202152615,0.186436706300477,"Payroll financing","step",0.00177510528049307,0.000248056868674684
314,2.01614468621171,0.702723626380901,0.188752331668981,0.105665180886463,1.01241491301677,0.621058947513196,0.391355965503573,0.347740057494044,0.652259942505956,0.253936000495872,0.0416541392495249,1.19661076101642,0.186437723548087,"Payroll financing","step",0.00174486290518283,0.000243831240799075
315,2.01611496000526,0.702719472857902,0.188752331668981,0.105665180886463,1.01240948324899,0.621051096090972,0.39135838715802,0.3477360214033,0.6522639785967,0.253939210793334,0.0416543529390242,1.1966095220787,0.186438723453324,"Payroll financing","step",0.00171513669873091,0.000239677717799425
316,2.01608574112641,0.702715390205297,0.188752331668981,0.105665180886463,1.01240414610251,0.621043378573898,0.391360767528614,0.347732054118976,0.652267945881024,0.253942366418629,0.0416545629725459,1.19660830434155,0.186439706312571,"Payroll financing","step",0.0016859178198847,0.000235595065194771
317,2.01605702088641,0.70271137720988,0.188752331668981,0.105665180886463,1.01239889999263,0.621035792671768,0.391363107320861,0.347728154465232,0.652271845534768,0.253945468304158,0.0416547694130076,1.19660710743998,0.186440672417123,"Payroll financing","step",0.00165719757989002,0.00023158206977747
318,2.01602879074635,0.702707432679345,0.188752331668981,0.105665180886463,1.01239374336191,0.621028336133763,0.391365407228151,0.347724321286414,0.652275678713586,0.253948517366376,0.0416549723222314,1.19660593101538,0.186441622053274,"Payroll financing","step",0.00162896743982444,0.000227637539242376
319,2.0160010423145,0.702703555441924,0.188752331668981,0.105665180886463,1.01238867467974,0.621021006747767,0.391367667931973,0.347720553446711,0.652279446553289,0.253951514506065,0.0416551717609639,1.19660477471536,0.186442555502403,"Payroll financing","step",0.00160121900797838,0.000223760301821807
320,2.01597376734381,0.70269974434603,0.188752331668981,0.105665180886463,1.01238369244181,0.621013802339696,0.391369890102116,0.347716849829807,0.652283150170193,0.253954460608605,0.0416553677888952,1.19660363819369,0.186443473041058,"Payroll financing","step",0.00157394403728617,0.000219949205927605
321,2.01594695772932,0.702695998259901,0.188752331668981,0.105665180886463,1.01237879516971,0.621006720772836,0.391372074396873,0.347713209338544,0.652286790661456,0.25395735654424,0.0416555604646776,1.19660252111014,0.186444374941042,"Payroll financing","step",0.00154713442279775,0.000216203119799196
322,2.01592060550572,0.702692316071261,0.188752331668981,0.105665180886463,1.01237398141044,0.620999759947192,0.391374221463244,0.347709630894593,0.652290369105407,0.253960203168335,0.0416557498459438,1.19660142313041,0.186445261469494,"Payroll financing","step",0.00152078219919982,0.000212520931158533
323,2.01589470284491,0.702688696686973,0.188752331668981,0.105665180886463,1.01236924973598,0.620992917798855,0.391376331937125,0.347706113438125,0.652293886561875,0.253963001321635,0.0416559359893255,1.196600343926,0.18644613288897,"Payroll financing","step",0.00149487953838268,0.000208901546870588
324,2.01586924205357,0.702685139032712,0.188752331668981,0.105665180886463,1.01236459874288,0.620986192299371,0.391378406443506,0.34770265592749,0.65229734407251,0.253965751830512,0.0416561189504706,1.19659928317414,0.186446989457522,"Payroll financing","step",0.00146941874704165,0.000205343892610066
325,2.01584421557086,0.702681642052636,0.188752331668981,0.105665180886463,1.01236002705178,0.620979581455129,0.391380445596655,0.347699257338909,0.652300742661091,0.253968455507216,0.0416562987840611,1.19659824055764,0.186447831428775,"Payroll financing","step",0.00144439226433457,0.000201846912533998
326,2.01581961596609,0.702678204709063,0.188752331668981,0.105665180886463,1.01235553330706,0.620973083306756,0.391382450000307,0.347695916666156,0.652304083333844,0.253971113150116,0.0416564755438297,1.19659721576484,0.186448659052007,"Payroll financing","step",0.00141979265956893,0.000198409568960556
327,2.01579543593646,0.702674825982155,0.188752331668981,0.105665180886463,1.01235111617637,0.620966695928523,0.391384420247843,0.347692632920261,0.652307367079739,0.253973725543937,0.0416566492825772,1.19659620848949,0.186449472572219,"Payroll financing","step",0.00139561262993793,0.000195030842052968
328,2.01577166830482,0.702671504869611,0.188752331668981,0.105665180886463,1.01234677435024,0.620960417427764,0.391386356922474,0.34768940512921,0.65231059487079,0.253976293459998,0.0416568200521882,1.19659521843063,0.186450272230214,"Payroll financing","step",0.0013718449982929,0.000191709729509215
329,2.01574830601748,0.70266824038636,0.188752331668981,0.105665180886463,1.01234250654171,0.620954245944297,0.39138826059741,0.34768623233765,0.65231376766235,0.253978817656436,0.041656987903648,1.19659424529255,0.186451058262666,"Payroll financing","step",0.001348482710958,0.000188445246257718
330,2.01572534214211,0.70266503156426,0.188752331668981,0.105665180886463,1.01233831148591,0.620948179649872,0.391390131836037,0.347683113606605,0.652316886393395,0.253981298878439,0.0416571528870582,1.19659328878465,0.186451830902192,"Payroll financing","step",0.00132551883558119,0.00018523642415802
331,2.01570276986555,0.702661877451809,0.188752331668981,0.105665180886463,1.01233418793969,0.620942216747607,0.391391971192087,0.347680048013189,0.652319951986811,0.253983737858462,0.0416573150516522,1.19659234862138,0.186452590377424,"Payroll financing","step",0.00130294655902485,0.000182082311706466
332,2.01568058249182,0.70265877711385,0.188752331668981,0.105665180886463,1.01233013468125,0.62093635547145,0.391393779209801,0.347677034650331,0.652322965349669,0.253986135316452,0.0416574744458106,1.19659142452213,0.186453336913074,"Payroll financing","step",0.00128075918529369,0.00017898197374755
333,2.01565877344003,0.702655729631293,0.188752331668981,0.105665180886463,1.01232615050975,0.620930594085649,0.391395556424098,0.347674072626503,0.652325927373497,0.253988491960057,0.0416576311170762,1.19659051621116,0.186454070730008,"Payroll financing","step",0.0012589501335003,0.000175934491190577
334,2.01563733624239,0.702652734100833,0.188752331668981,0.105665180886463,1.01232223424495,0.620924930884222,0.391397303360732,0.347671161065447,0.652328838934553,0.253990808484839,0.0416577851121688,1.1965896234175,0.186454792045305,"Payroll financing","step",0.00123751293586372,0.000172938960730451
335,2.01561626454227,0.702649789634677,0.188752331668981,0.105665180886463,1.01231838472689,0.620919364190442,0.391399020536451,0.347668299105915,0.652331700894085,0.253993085574483,0.0416579364769997,1.19658874587487,0.186455501072327,"Payroll financing","step",0.00121644123574827,0.000169994494574555
336,2.01559555209226,0.702646895360275,0.188752331668981,0.105665180886463,1.01231460081549,0.620913892356337,0.391400708459153,0.347665485901411,0.652334514098589,0.253995323900997,0.0416580852566859,1.1965878833216,0.186456198020781,"Payroll financing","step",0.00119572878573138,0.000167100220173189
337,2.01557519275224,0.702644050420058,0.188752331668981,0.105665180886463,1.01231088139023,0.62090851376219,0.391402367628039,0.347662720619936,0.652337279380064,0.253997524124914,0.0416582314955639,1.19658703550056,0.186456883096785,"Payroll financing","step",0.00117536944571217,0.000164255279955894
338,2.01555518048757,0.702641253971174,0.188752331668981,0.105665180886463,1.01230722534981,0.620903226816046,0.39140399853376,0.347660002443733,0.652339997556266,0.253999686895492,0.0416583752372037,1.19658620215904,0.186457556502926,"Payroll financing","step",0.00115535718104587,0.000161458831071992
339,2.01553550936724,0.702638505185238,0.188752331668981,0.105665180886463,1.01230363161181,0.620898029953241,0.391405601658569,0.347657330569052,0.652342669430948,0.254001812850901,0.0416585165244222,1.19658538304874,0.186458218438322,"Payroll financing","step",0.00113568606071812,0.000158710045135235
340,2.01551617356207,0.702635803248076,0.188752331668981,0.105665180886463,1.01230009911239,0.620892921635924,0.391407177476462,0.347654704205896,0.652345295794104,0.254003902618418,0.0416586553992963,1.19658457792562,0.186458869098684,"Payroll financing","step",0.00111635025554735,0.000156008107973893
341,2.01549716734295,0.702633147359487,0.188752331668981,0.105665180886463,1.01229662680592,0.620887900352596,0.391408726453323,0.347652122577795,0.652347877422205,0.254005956814612,0.0416587919031757,1.19658378654987,0.186459508676373,"Payroll financing","step",0.00109734403642125,0.000153352219384284
342,2.01547848507909,0.702630536732992,0.188752331668981,0.105665180886463,1.01229321366472,0.620882964617657,0.39141024904706,0.347649584921567,0.652350415078433,0.254007976045525,0.0416589260766964,1.19658300868583,0.186460137360457,"Payroll financing","step",0.00107866177256266,0.000150741592889636
343,2.01546012123635,0.702627970595604,0.188752331668981,0.105665180886463,1.0122898586787,0.620878112970957,0.391411745707746,0.34764709048709,0.65235290951291,0.254009960906858,0.0416590579597921,1.19658224410191,0.186460755336768,"Payroll financing","step",0.00106029792982509,0.000148175455502053
344,2.01544207037555,0.702625448187592,0.188752331668981,0.105665180886463,1.01228656085511,0.620873343977355,0.391413216877754,0.347644638537077,0.652355361462923,0.254011911984143,0.0416591875917076,1.1965814925705,0.18646136278796,"Payroll financing","step",0.00104224706902212,0.000145653047489369
345,2.01542432715081,0.702622968762249,0.188752331668981,0.105665180886463,1.01228331921818,0.620868656226295,0.391414662991884,0.347642228346859,0.652357771653141,0.254013829852919,0.0416593150110102,1.19658075386795,0.186461959893561,"Payroll financing","step",0.00102450384428332,0.000143173622146331
346,2.01540688630796,0.702620531585672,0.188752331668981,0.105665180886463,1.01228013280887,0.62086404833137,0.391416084477503,0.347639859204162,0.652360140795838,0.254015715078904,0.0416594402556015,1.19658002777444,0.186462546830028,"Payroll financing","step",0.00100706300143916,0.000140736445569223
347,2.01538974268296,0.702618135936537,0.188752331668981,0.105665180886463,1.01227700068458,0.62085951892992,0.391417481754663,0.347637530408895,0.652362469591105,0.254017568218162,0.0416595633627296,1.19657931407397,0.186463123770798,"Payroll financing","step",0.000989919376434667,0.000138340796434822
348,2.0153728912003,0.702615781105885,0.188752331668981,0.105665180886463,1.01227392191884,0.62085506668261,0.391418855236232,0.347635241272946,0.652364758727054,0.254019389817269,0.0416596843690001,1.19657861255426,0.186463690886343,"Payroll financing","step",0.000973067893770718,0.00013598596578257
349,2.0153563268715,0.702613466396904,0.188752331668981,0.105665180886463,1.01227089560105,0.620850690273034,0.391420205328019,0.347632991119968,0.652367008880032,0.254021180413474,0.0416598033103873,1.19657792300669,0.18646424834422,"Payroll financing","step",0.000956503564975453,0.000133671256801748
350,2.01534004479362,0.702611191124724,0.188752331668981,0.105665180886463,1.01226792083621,0.620846388407322,0.391421532428891,0.347630779285181,0.652369220714819,0.254022940534861,0.0416599202222455,1.19657724522622,0.18646479630912,"Payroll financing","step",0.000940221487097936,0.00013139598462153
351,2.01532404014776,0.702608954616207,0.188752331668981,0.105665180886463,1.01226499674464,0.620842159813747,0.391422836930896,0.347628605115174,0.652371394884826,0.254024670700503,0.0416600351393197,1.19657657901137,0.186465334942918,"Payroll financing","step",0.000924216841231118,0.000129159476104368
352,2.01530830819758,0.702606756209747,0.188752331668981,0.105665180886463,1.01226212246172,0.620838003242346,0.391424119219376,0.347626467967706,0.652373532032294,0.254026371420621,0.041660148095756,1.19657592416413,0.18646586440472,"Payroll financing","step",0.000908484891060102,0.000126961069644382
353,2.01529284428796,0.70260459525507,0.188752331668981,0.105665180886463,1.01225929713763,0.620833917464543,0.391425379673089,0.347624367211518,0.652375632788482,0.254028043196727,0.0416602591251126,1.19657528048989,0.186466384850914,"Payroll financing","step",0.000893020981435289,0.000124800114967738
354,2.0152776438435,0.70260247111304,0.188752331668981,0.105665180886463,1.0122565199371,0.620829901272787,0.391426618664316,0.34762230222614,0.65237769777386,0.254029686521784,0.0416603682603695,1.19657464779741,0.186466896435213,"Payroll financing","step",0.000877820536973051,0.000122675972937469
355,2.0152627023672,0.702600383155463,0.188752331668981,0.105665180886463,1.01225379003916,0.620825953480182,0.391427836558974,0.347620272401711,0.652379727598289,0.254031301880344,0.0416604755339387,1.19657402589871,0.186467399308705,"Payroll financing","step",0.000862879060675947,0.000120588015361189
356,2.01524801543911,0.702598330764905,0.188752331668981,0.105665180886463,1.01225110663686,0.620822072920137,0.391429033716726,0.347618277138789,0.652381722861211,0.254032889748693,0.0416605809776744,1.19657341460909,0.186467893619893,"Payroll financing","step",0.000848192132583581,0.000118535624803018
357,2.01523357871497,0.7025963133345,0.188752331668981,0.105665180886463,1.01224846893711,0.620818258446016,0.391430210491091,0.347616315848182,0.652383684151818,0.254034450594997,0.0416606846228826,1.19657281374701,0.186468379514742,"Payroll financing","step",0.000833755408440329,0.000116518194397508
358,2.01521938792492,0.70259433026777,0.188752331668981,0.105665180886463,1.01224587616033,0.620814508930792,0.391431367229542,0.347614387950764,0.652385612049236,0.254035984879435,0.0416607865003303,1.19657222313406,0.186468857136726,"Payroll financing","step",0.000819564618391944,0.000114535127667792
359,2.01520543887223,0.702592380978449,0.188752331668981,0.105665180886463,1.01224332754033,0.620810823266713,0.391432504273618,0.347612492877304,0.652387507122696,0.25403749305434,0.0416608866402552,1.19657164259488,0.186469326626864,"Payroll financing","step",0.000805615565701245,0.000112585838346724
360,2.01519172743201,0.702590464890303,0.188752331668981,0.105665180886463,1.01224082232399,0.620807200364968,0.391433621959021,0.347610630068298,0.652389369931702,0.25403897556433,0.041660985072375,1.19657107195716,0.186469788123766,"Payroll financing","step",0.000791904125487797,0.000110669750200576
361,2.01517824955001,0.702588581436959,0.188752331668981,0.105665180886463,1.01223835977108,0.620803639155364,0.391434720615719,0.347608798973801,0.652391201026199,0.254040432846444,0.0416610818258962,1.19657051105154,0.186470241763676,"Payroll financing","step",0.000778426243489339,0.000108786296856844
362,2.01516500124137,0.702586730061736,0.188752331668981,0.105665180886463,1.01223593915405,0.620800138586005,0.391435800568042,0.347606999053264,0.652393000946736,0.254041865330266,0.041661176929523,1.19656995971157,0.186470687680509,"Payroll financing","step",0.00076517793484765,0.00010693492163405
363,2.01515197858943,0.702584910217477,0.188752331668981,0.105665180886463,1.01223355975775,0.620796697622974,0.391436862134778,0.34760522977537,0.65239477022463,0.254043273438058,0.0416612704114662,1.19656941777366,0.186471126005893,"Payroll financing","step",0.000752155282907285,0.000105115077375095
364,2.01513917774457,0.702583121366386,0.188752331668981,0.105665180886463,1.0122312208793,0.62079331525003,0.391437905629273,0.347603490617878,0.652396509382122,0.25404465758488,0.0416613622994517,1.19656888507704,0.186471556869206,"Payroll financing","step",0.000739354438045403,0.000103326226283285
365,2.01512659492304,0.702581362979864,0.188752331668981,0.105665180886463,1.01222892182782,0.620789990468301,0.39143893135952,0.347601781067466,0.652398218932534,0.254046018178719,0.0416614526207288,1.1965683614637,0.18647198039762,"Payroll financing","step",0.000726771616516242,0.000101567839761341
366,2.01511422640584,0.702579634538355,0.188752331668981,0.105665180886463,1.01222666192424,0.620786722295986,0.391439939628252,0.34760010061958,0.65239989938042,0.254047355620602,0.0416615414020788,1.19656784677835,0.186472396716131,"Payroll financing","step",0.000714403099316918,9.98393982528656e-05
367,2.0151020685376,0.70257793553119,0.188752331668981,0.105665180886463,1.01222444050109,0.620783509768062,0.391440930733031,0.347598448778282,0.652401551221718,0.254048670304725,0.0416616286698225,1.19656734086838,0.186472805947603,"Payroll financing","step",0.000702245231072318,9.81403910874645e-05
368,2.01509011772547,0.702576265456429,0.188752331668981,0.105665180886463,1.01222225690234,0.620780351935996,0.391441904966339,0.347596825056101,0.652403174943899,0.25404996261856,0.041661714449829,1.19656684358376,0.186473208212802,"Payroll financing","step",0.000690294418940862,9.64703163270908e-05
369,2.01507837043806,0.702574623820719,0.188752331668981,0.105665180886463,1.01222011048313,0.620777247867462,0.391442862615665,0.347595228973892,0.652404771026108,0.254051232942977,0.0416617987675229,1.19656635477709,0.186473603630431,"Payroll financing","step",0.000678547131538476,9.48286806167209e-05
370,2.01506682320441,0.702573010139139,0.188752331668981,0.105665180886463,1.01221800060965,0.620774196646062,0.391443803963587,0.347593660060688,0.652406339939312,0.254052481652351,0.0416618816478923,1.19656587430347,0.186473992317166,"Payroll financing","step",0.000666999897880327,9.32149990362507e-05
371,2.01505547261287,0.702571423935058,0.188752331668981,0.105665180886463,1.01221592665892,0.620771197371055,0.391444729287861,0.347592117853564,0.652407882146436,0.254053709114678,0.0416619631154963,1.1965654020205,0.186474374387694,"Payroll financing","step",0.000655649306342987,9.16287949556116e-05
372,2.01504431531017,0.702569864739995,0.188752331668981,0.105665180886463,1.01221388801859,0.620768249157085,0.391445638861501,0.347590601897498,0.652409398102502,0.254054915691682,0.0416620431944723,1.19656493778821,0.18647474995474,"Payroll financing","step",0.000644492003643027,9.00695998927725e-05
373,2.01503334800036,0.702568332093475,0.188752331668981,0.105665180886463,1.01221188408678,0.620765351133919,0.39144653295286,0.347589111745234,0.652410888254766,0.254056101738922,0.0416621219085436,1.19656448146906,0.186475119129108,"Payroll financing","step",0.000633524693836041,8.85369533731861e-05
374,2.01502256744385,0.702566825542895,0.188752331668981,0.105665180886463,1.0122099142719,0.620762502446188,0.391447411825709,0.347587646957151,0.652412353042849,0.254057267605895,0.0416621992810262,1.19656403292784,0.18647548201971,"Payroll financing","step",0.000622744137327658,8.7030402792343e-05
375,2.01501197045643,0.702565344643383,0.188752331668981,0.105665180886463,1.01220797799245,0.620759702253129,0.391448275739321,0.347586207101131,0.652413792898869,0.254058413636146,0.0416622753348363,1.19656359203168,0.186475838733598,"Payroll financing","step",0.000612147149906761,8.55495032808795e-05
376,2.01500155390832,0.702563888957674,0.188752331668981,0.105665180886463,1.01220607467688,0.620756949728341,0.391449124948541,0.347584791752432,0.652415208247568,0.254059540167362,0.0416623500924967,1.19656315864999,0.186476189375998,"Payroll financing","step",0.000601730601794692,8.40938175714623e-05
377,2.01499131472323,0.702562458055971,0.188752331668981,0.105665180886463,1.01220420376339,0.62075424405953,0.391449959703865,0.347583400493559,0.652416599506441,0.254060647531477,0.0416624235761442,1.19656273265441,0.186476534050339,"Payroll financing","step",0.000591491416708223,8.26629158685588e-05
378,2.01498124987747,0.702561051515822,0.188752331668981,0.105665180886463,1.01220236469979,0.620751584448275,0.391450780251515,0.347582032914142,0.652417967085858,0.254061736054768,0.0416624958075356,1.19656231391879,0.186476872858288,"Payroll financing","step",0.000581426570940735,8.12563757197626e-05
379,2.01497135639899,0.702559668921993,0.188752331668981,0.105665180886463,1.0122005569433,0.620748970109785,0.391451586833512,0.347580688610813,0.652419311389187,0.254062806057953,0.0416625668080549,1.19656190231915,0.186477205899774,"Payroll financing","step",0.000571533092462051,7.98737818902273e-05
380,2.01496163136655,0.702558309866341,0.188752331668981,0.105665180886463,1.01219877996041,0.620746400272668,0.391452379687747,0.347579367187089,0.652420632812911,0.254063857856286,0.0416626365987193,1.19656149773362,0.186477533273023,"Payroll financing","step",0.000561808060027147,7.85147262384323e-05
381,2.01495207190883,0.702556973947697,0.188752331668981,0.105665180886463,1.01219703322675,0.6207438741787,0.391453159048051,0.347578068253248,0.652421931746752,0.254064891759649,0.0416627052001858,1.19656110004243,0.186477855074583,"Payroll financing","step",0.000552248602305738,7.71788075945024e-05
382,2.01494267520355,0.702555660771743,0.188752331668981,0.105665180886463,1.01219531622687,0.6207413910826,0.391453925144268,0.34757679142622,0.65242320857378,0.254065908072643,0.0416627726327572,1.19656070912785,0.186478171399358,"Payroll financing","step",0.000542851897026075,7.5865631640859e-05
383,2.01493343847666,0.702554369950897,0.188752331668981,0.105665180886463,1.01219362845413,0.62073895025181,0.391454678202319,0.347575536329468,0.652424463670532,0.254066907094681,0.0416628389163885,1.1965603248742,0.18647848234063,"Payroll financing","step",0.000533615170132951,7.45748107945365e-05
384,2.01492435900148,0.702553101104194,0.188752331668981,0.105665180886463,1.01219196941054,0.620736550966272,0.391455418444272,0.34757430259288,0.65242569740712,0.254067889120075,0.0416629040706928,1.19655994716775,0.186478787990091,"Payroll financing","step",0.000524535694958583,7.33059640917189e-05
385,2.01491543409794,0.702551853857176,0.188752331668981,0.105665180886463,1.01219033860663,0.62073419251822,0.391456146088406,0.347573089852656,0.652426910147344,0.254068854438121,0.0416629681149468,1.19655957589672,0.186479088437869,"Payroll financing","step",0.000515610791411714,7.20587170739417e-05
386,2.0149066611317,0.702550627841779,0.188752331668981,0.105665180886463,1.01218873556124,0.620731874211964,0.391456861349279,0.347571897751202,0.652428102248798,0.25406980333319,0.0416630310680973,1.19655921095128,0.186479383772554,"Payroll financing","step",0.000506837825175577,7.08327016770705e-05
387,2.01489803751345,0.702549422696224,0.188752331668981,0.105665180886463,1.01218715980147,0.620729595363688,0.391457564437786,0.347570725937023,0.652429274062977,0.254070736084807,0.0416630929487665,1.19655885222344,0.186479674081227,"Payroll financing","step",0.000498214206925418,6.96275561212767e-05
388,2.01488956069808,0.702548238064906,0.188752331668981,0.105665180886463,1.01218561086247,0.620727355301243,0.391458255561229,0.347569574064619,0.652430425935381,0.254071652967734,0.0416631537752576,1.19655849960708,0.18647995944948,"Payroll financing","step",0.000489737391556222,6.84429248034579e-05
389,2.01488122818395,0.702547073598293,0.188752331668981,0.105665180886463,1.01218408828732,0.620725153363948,0.391458934923371,0.347568441794382,0.652431558205618,0.254072554252054,0.0416632135655602,1.19655815299791,0.18648023996145,"Payroll financing","step",0.000481404877422875,6.72784581912111e-05
390,2.01487303751212,0.702545928952822,0.188752331668981,0.105665180886463,1.0121825916269,0.620722988902397,0.391459602724503,0.347567328792496,0.652432671207504,0.254073440203251,0.0416632723373563,1.19655781229339,0.186480515699837,"Payroll financing","step",0.000473214205595873,6.6133812719249e-05
391,2.01486498626565,0.702544803790789,0.188752331668981,0.105665180886463,1.01218112043976,0.62072086127826,0.391460259161498,0.347566234730836,0.652433765269164,0.254074311082285,0.0416633301080247,1.19655747739277,0.186480786745928,"Payroll financing","step",0.000465162959129461,6.50086506867043e-05
392,2.01485707206887,0.702543697780259,0.188752331668981,0.105665180886463,1.01217967429197,0.620718769864098,0.391460904427875,0.347565159286875,0.652434840713125,0.254075167145672,0.0416633868946469,1.19655714819702,0.186481053179629,"Payroll financing","step",0.000457248762340434,6.39026401567655e-05
393,2.01484929258663,0.70254261059496,0.188752331668981,0.105665180886463,1.01217825275703,0.620716714043176,0.39146153871385,0.347564102143583,0.652435897856417,0.254076008645558,0.041663442714012,1.19655682460878,0.186481315079481,"Payroll financing","step",0.000449469280102477,6.28154548582005e-05
394,2.01484164552367,0.70254154191419,0.188752331668981,0.105665180886463,1.01217685541568,0.620714693209278,0.391462162206399,0.347563062989335,0.652436937010666,0.254076835829797,0.0416634975826218,1.19655650653239,0.186481572522684,"Payroll financing","step",0.00044182221714939,6.17467740878785e-05
395,2.01483412862392,0.702540491422718,0.188752331668981,0.105665180886463,1.01217548185584,0.620712706766528,0.391462775089308,0.34756204151782,0.65243795848218,0.254077648942019,0.0416635515166956,1.19655619387381,0.186481825585126,"Payroll financing","step",0.000434305317393857,6.06962826158464e-05
396,2.01482673966978,0.702539458810693,0.188752331668981,0.105665180886463,1.01217413167244,0.620710754129213,0.39146337754323,0.34756103742795,0.65243896257205,0.254078448221708,0.0416636045321753,1.1965558865406,0.186482074341399,"Payroll financing","step",0.000426916363252872,5.96636705911813e-05
397,2.01481947648152,0.702538443773553,0.188752331668981,0.105665180886463,1.01217280446735,0.62070883472161,0.391463969745739,0.347560050423768,0.652439949576232,0.254079233904266,0.0416636566447299,1.19655558444193,0.186482318864822,"Payroll financing","step",0.000419653174990486,5.86486334502867e-05
398,2.01481233691659,0.702537446011928,0.188752331668981,0.105665180886463,1.01217149984919,0.620706947977812,0.391464551871382,0.347559080214363,0.652440919785637,0.25408000622109,0.0416637078697605,1.1965552874885,0.186482559227467,"Payroll financing","step",0.000412513610069443,5.7650871826187e-05
399,2.01480531886904,0.702536465231562,0.188752331668981,0.105665180886463,1.0121702174333,0.620705093341565,0.391465124091731,0.347558126513782,0.652441873486218,0.254080765399634,0.0416637582224046,1.19655499559254,0.186482795500175,"Payroll financing","step",0.00040549556251257,5.66700914598206e-05
400,2.0147984202688,0.702535501143214,0.188752331668981,0.105665180886463,1.01216895684153,0.620703270266098,0.391465686575432,0.347557189040946,0.652442810959054,0.254081511663481,0.0416638077175408,1.19655470866779,0.186483027752582,"Payroll financing","step",0.000398596962275288,5.57060031119994e-05
401,2.01479163908116,0.70253455346258,0.188752331668981,0.105665180886463,1.01216771770222,0.620701478213963,0.391466239488259,0.347556267519569,0.652443732480431,0.254082245232405,0.0416638563697936,1.19655442662947,0.186483256053136,"Payroll financing","step",0.000391815774632764,5.47583224781434e-05
402,2.0147849733061,0.702533621910206,0.188752331668981,0.105665180886463,1.01216649965003,0.620699716656875,0.391466782993158,0.34755536167807,0.65244463832193,0.254082966322439,0.0416639041935369,1.19655414939423,0.186483480469117,"Payroll financing","step",0.000385149999572842,5.38267701036821e-05
403,2.01477842097773,0.702532706211403,0.188752331668981,0.105665180886463,1.01216530232586,0.620697985075557,0.391467317250301,0.347554471249499,0.652445528750502,0.254083675145938,0.0416639512028992,1.19655387688017,0.18648370106666,"Payroll financing","step",0.000378597671202296,5.29110713008984e-05
404,2.01477198016368,0.70253180609617,0.188752331668981,0.105665180886463,1.01216412537671,0.620696282959583,0.391467842417128,0.347553595971453,0.652446404028547,0.254084371911642,0.0416639974117674,1.19655360900676,0.186483917910774,"Payroll financing","step",0.000372156857160189,5.20109560676607e-05
405,2.01476564896457,0.702530921299109,0.188752331668981,0.105665180886463,1.01216296845562,0.620694609807226,0.391468358648398,0.347552735586003,0.652447264413997,0.254085056824736,0.0416640428337909,1.19655334569489,0.186484131065359,"Payroll financing","step",0.000365825658045438,5.11261590069312e-05
406,2.01475942551337,0.702530051559351,0.188752331668981,0.105665180886463,1.01216183122155,0.620692965125313,0.391468866096233,0.347551889839611,0.652448110160389,0.254085730086914,0.041664087482386,1.19655308686675,0.186484340593225,"Payroll financing","step",0.000359602206850163,5.02564192482735e-05
407,2.01475330797493,0.702529196620473,0.188752331668981,0.105665180886463,1.01216071333924,0.620691348429077,0.391469364910162,0.347551058483063,0.652448941516937,0.254086391896434,0.0416641313707395,1.19655283244591,0.186484546556114,"Payroll financing","step",0.000353484668406789,4.94014803703591e-05
408,2.01474729454536,0.702528356230427,0.188752331668981,0.105665180886463,1.01215961447918,0.62068975924201,0.391469855237168,0.347550241271386,0.652449758728614,0.254087042448182,0.0416641745118131,1.1965525823572,0.186484749014716,"Payroll financing","step",0.000347471238839603,4.85610903250278e-05
409,2.01474138345155,0.702527530141465,0.188752331668981,0.105665180886463,1.01215853431745,0.620688197095725,0.39147033722173,0.347549437963784,0.652450562036216,0.254087681933726,0.0416642169183469,1.19655233652678,0.186484948028686,"Payroll financing","step",0.000341560145029618,4.77350013623479e-05
410,2.01473557295061,0.70252671811006,0.188752331668981,0.105665180886463,1.01215747253568,0.620686661529815,0.391470811005864,0.34754864832356,0.65245135167644,0.254088310541374,0.0416642586028634,1.19655209488204,0.186485143656663,"Payroll financing","step",0.00033574964408567,4.69229699573415e-05
411,2.01472986132935,0.70252591989684,0.188752331668981,0.105665180886463,1.01215642882089,0.62068515209172,0.39147127672917,0.347547872118049,0.652452127881951,0.254088928456229,0.0416642995776714,1.19655185735161,0.186485335956289,"Payroll financing","step",0.000330038022827939,4.61247567374867e-05
412,2.0147242469038,0.702525135266514,0.188752331668981,0.105665180886463,1.01215540286546,0.620683668336585,0.391471734528871,0.347547109118549,0.652452890881452,0.254089535860244,0.0416643398548691,1.19655162386536,0.186485524984222,"Payroll financing","step",0.000324423597275025,4.53401264119968e-05
413,2.01471872801867,0.702524363987804,0.188752331668981,0.105665180886463,1.01215439436699,0.620682209827135,0.39147218453985,0.34754635910025,0.65245364089975,0.254090132932278,0.0416643794463484,1.19655139435435,0.186485710796157,"Payroll financing","step",0.000318904712145684,4.45688477022088e-05
414,2.01471330304689,0.702523605833375,0.188752331668981,0.105665180886463,1.01215340302824,0.620680776133541,0.391472626894697,0.347545621842171,0.652454378157829,0.254090719848145,0.0416644183637983,1.1965511687508,0.186485893446841,"Payroll financing","step",0.000313479740361888,4.3810693272528e-05
415,2.01470797038909,0.702522860579766,0.188752331668981,0.105665180886463,1.01215242855704,0.620679366833294,0.391473061723743,0.347544897127094,0.652455102872906,0.254091296780669,0.041664456618708,1.1965509469881,0.186486072990087,"Payroll financing","step",0.00030814708256699,4.30654396638142e-05
416,2.01470272847317,0.702522128007329,0.188752331668981,0.105665180886463,1.01215147066618,0.620677981511077,0.391473489155103,0.347544184741496,0.652455815258504,0.254091863899738,0.0416644942223708,1.19655072900079,0.186486249478794,"Payroll financing","step",0.00030290516664655,4.23328672268797e-05
417,2.01469757575378,0.702521407900159,0.188752331668981,0.105665180886463,1.01215052907335,0.620676619758643,0.391473909314708,0.347543484475487,0.652456515524513,0.254092421372346,0.0416645311858873,1.1965505147245,0.18648642296496,"Payroll financing","step",0.000297752447259381,4.1612760057097e-05
418,2.0146925107119,0.702520700046033,0.188752331668981,0.105665180886463,1.01214960350104,0.620675281174692,0.391474322326351,0.347542796122749,0.652457203877251,0.254092969362652,0.0416645675201688,1.19655030409598,0.1864865934997,"Payroll financing","step",0.000292687405375247,4.09049059310052e-05
419,2.01468753185435,0.702520004236346,0.188752331668981,0.105665180886463,1.01214869367647,0.620673965364753,0.391474728311716,0.347542119480474,0.652457880519526,0.254093508032023,0.0416646032359405,1.19655009705305,0.186486761133257,"Payroll financing","step",0.000287708547821897,4.02090962432489e-05
420,2.01468263771336,0.702519320266047,0.188752331668981,0.105665180886463,1.01214779933148,0.620672671941063,0.39147512739042,0.3475414543493,0.6524585456507,0.254094037539085,0.0416646383437449,1.19654989353459,0.186486925915021,"Payroll financing","step",0.000282814406834753,3.95251259450724e-05
421,2.01467782684614,0.702518647933586,0.188752331668981,0.105665180886463,1.0121469202025,0.620671400522453,0.391475519680046,0.347540800533257,0.652459199466743,0.254094558039768,0.0416646728539447,1.19654969348052,0.186487087893542,"Payroll financing","step",0.000278003539618155,3.88527934834793e-05
422,2.01467309783444,0.702517987040844,0.188752331668981,0.105665180886463,1.01214605603041,0.620670150734232,0.391475905296178,0.347540157839703,0.652459842160297,0.254095069687356,0.0416647067767262,1.19654949683178,0.186487247116547,"Payroll financing","step",0.000273274527910594,3.81919007417242e-05
423,2.01466844928408,0.702517337393083,0.188752331668981,0.105665180886463,1.01214520656052,0.620668922208076,0.39147628435244,0.347539526079267,0.652460473920733,0.25409557263253,0.0416647401221022,1.19654930353034,0.186487403630949,"Payroll financing","step",0.000268625977558834,3.75422529808045e-05
424,2.01466387982462,0.702516698798884,0.188752331668981,0.105665180886463,1.01214437154244,0.620667714581914,0.391476656960522,0.347538905065796,0.652461094934204,0.254096067023416,0.0416647728999152,1.19654911351912,0.186487557482868,"Payroll financing","step",0.000264056518093359,3.69036587820615e-05
425,2.01465938810884,0.702516071070093,0.188752331668981,0.105665180886463,1.01214355073005,0.620666527499824,0.391477023230224,0.347538294616294,0.652461705383706,0.254096553005626,0.0416648051198402,1.19654892674203,0.186487708717638,"Payroll financing","step",0.000259564802315371,3.62759299906701e-05
426,2.01465497281241,0.702515454021762,0.188752331668981,0.105665180886463,1.01214274388139,0.620665360611915,0.39147738326948,0.347537694550866,0.652462305449134,0.254097030722305,0.041664836791388,1.19654874314394,0.186487857379828,"Payroll financing","step",0.000255149505884678,3.56588816599057e-05
427,2.01465063263344,0.702514847472099,0.188752331668981,0.105665180886463,1.01214195075863,0.62066421357423,0.391477737184398,0.34753710469267,0.65246289530733,0.254097500314177,0.0416648679239077,1.19654856267065,0.186488003513248,"Payroll financing","step",0.000250809326917345,3.50523319968543e-05
428,2.01464636629211,0.702514251242411,0.188752331668981,0.105665180886463,1.01214117112792,0.620663086048637,0.391478085079288,0.347536524867853,0.652463475132147,0.254097961919582,0.0416648985265898,1.19654838526888,0.18648814716097,"Payroll financing","step",0.000246542985583798,3.44561023087886e-05
429,2.01464217253024,0.702513665157053,0.188752331668981,0.105665180886463,1.01214040475942,0.62066197770272,0.391478427056698,0.347535954905504,0.652464045094496,0.254098415674522,0.041664928608469,1.19654821088624,0.186488288365335,"Payroll financing","step",0.000242349223714022,3.38700169506545e-05
430,2.01463805011093,0.702513089043376,0.188752331668981,0.105665180886463,1.01213965142713,0.620660888209686,0.391478763217439,0.347535394637601,0.652464605362399,0.254098861712703,0.0416649581784274,1.19654803947125,0.186488427167969,"Payroll financing","step",0.000238226804406771,3.32939032736679e-05
431,2.01463399781817,0.702512522731677,0.188752331668981,0.105665180886463,1.01213891090888,0.620659817248251,0.391479093660627,0.347534843898954,0.652465156101046,0.254099300165579,0.0416649872451963,1.19654787097329,0.186488563609797,"Payroll financing","step",0.000234174511641871,3.27275915742442e-05
432,2.01463001445642,0.702511966055147,0.188752331668981,0.105665180886463,1.01213818298625,0.620658764502548,0.391479418483705,0.347534302527158,0.652465697472842,0.254099731162387,0.0416650158173603,1.19654770534258,0.186488697731054,"Payroll financing","step",0.000230191149894754,3.21709150444827e-05
433,2.01462609885028,0.702511418849826,0.188752331668981,0.105665180886463,1.0121374674445,0.62065772966202,0.391479737782478,0.347533770362537,0.652466229637463,0.254100154830195,0.041665043903359,1.19654754253021,0.186488829571297,"Payroll financing","step",0.000226275543756316,3.16237097233163e-05
434,2.01462224984408,0.702510880954551,0.188752331668981,0.105665180886463,1.01213676407247,0.620656712421324,0.391480051651143,0.347533247248095,0.652466752751905,0.254100571293939,0.04166507151149,1.19654738248807,0.186488959169422,"Payroll financing","step",0.000222426537551002,3.10858144486614e-05
435,2.01461846630149,0.702510352210913,0.188752331668981,0.105665180886463,1.01213607266255,0.620655712480228,0.391480360182322,0.347532733029464,0.652467266970536,0.254100980676466,0.0416650986499121,1.19654722516885,0.186489086563672,"Payroll financing","step",0.000218642994961105,3.05570708104552e-05
436,2.01461474710517,0.702509832463207,0.188752331668981,0.105665180886463,1.0121353930106,0.620654729543512,0.391480663467089,0.347532227554852,0.652467772445148,0.254101383098572,0.0416651253266473,1.19654707052606,0.186489211791652,"Payroll financing","step",0.000214923798647071,3.00373231045814e-05
437,2.01461109115639,0.70250932155839,0.188752331668981,0.105665180886463,1.01213472491588,0.620653763320872,0.391480961595004,0.347531730674993,0.652468269325007,0.254101778679045,0.0416651515495841,1.19654691851395,0.186489334890342,"Payroll financing","step",0.000211267849869134,2.95264182879063e-05
438,2.01460749737463,0.702508819346036,0.188752331668981,0.105665180886463,1.01213406818096,0.620652813526812,0.391481254654143,0.347531242243095,0.652468757756905,0.254102167534706,0.0416651773264799,1.19654676908757,0.186489455896109,"Payroll financing","step",0.00020767406810851,2.90242059335366e-05
439,2.01460396469721,0.702508325678291,0.188752331668981,0.105665180886463,1.01213342261168,0.620651879880551,0.391481542731128,0.347530762114787,0.652469237885213,0.254102549780448,0.041665202664964,1.19654662220267,0.186489574844718,"Payroll financing","step",0.000204141390685919,2.85305381884093e-05
440,2.0146004920789,0.702507840409832,0.188752331668981,0.105665180886463,1.01213278801707,0.620650962105917,0.391481825911158,0.347530290148071,0.652469709851929,0.254102925529281,0.04166522757254,1.19654647781576,0.18648969177135,"Payroll financing","step",0.000200668772376567,2.80452697302147e-05
441,2.01439982330652,0.702479795140102,0.188752331668981,0.105665180886463,1.01209611620839,0.620597925361135,0.391498190847257,0.347503015254572,0.652496984745428,0.254124641347944,0.0416666666665068,1.19653813561116,0.186496448950029,"Payroll financing","step",0,0
442,2.01439982330652,0.702479795140102,0.188752331668981,0.105665180886463,1.01209611620839,0.620597925361135,0.391498190847257,0.347503015254572,0.652496984745428,0.254124641347944,0.0416666666665068,1.19653813561116,0.186496448950029,"Payroll financing","step",0,0
443,2.01439982330652,0.702479795140102,0.188752331668981,0.105665180886463,1.01209611620839,0.620597925361135,0.391498190847257,0.347503015254572,0.652496984745428,0.254124641347944,0.0416666666665068,1.19653813561116,0.186496448950029,"Payroll financing","step",0,0
444,2.01439982330652,0.702479795140102,0.188752331668981,0.105665180886463,1.01209611620839,0.620597925361135,0.391498190847257,0.347503015254572,0.652496984745428,0.254124641347944,0.0416666666665068,1.19653813561116,0.186496448950029,"Payroll financing","step",0,0
445,2.01439982330652,0.702479795140102,0.188752331668981,0.105665180886463,1.01209611620839,0.620597925361135,0.391498190847257,0.347503015254572,0.652496984745428,0.254124641347944,0.0416666666665068,1.19653813561116,0.186496448950029,"Payroll financing","step",0,0
446,2.01439982330652,0.702479795140102,0.188752331668981,0.105665180886463,1.01209611620839,0.620597925361135,0.391498190847257,0.347503015254572,0.652496984745428,0.254124641347944,0.0416666666665068,1.19653813561116,0.186496448950029,"Payroll financing","step",0,0
447,2.01439982330652,0.702479795140102,0.188752331668981,0.105665180886463,1.01209611620839,0.620597925361135,0.391498190847257,0.347503015254572,0.652496984745428,0.254124641347944,0.0416666666665068,1.19653813561116,0.186496448950029,"Payroll financing","step",0,0
448,2.01439982330652,0.702479795140102,0.188752331668981,0.105665180886463,1.01209611620839,0.620597925361135,0.391498190847257,0.347503015254572,0.652496984745428,0.254124641347944,0.0416666666665068,1.19653813561116,0.186496448950029,"Payroll financing","step",0,0
449,2.01439982330652,0.702479795140102,0.188752331668981,0.105665180886463,1.01209611620839,0.620597925361135,0.391498190847257,0.347503015254572,0.652496984745428,0.254124641347944,0.0416666666665068,1.19653813561116,0.186496448950029,"Payroll financing","step",0,0
450,2.01439982330652,0.702479795140102,0.188752331668981,0.105665180886463,1.01209611620839,0.620597925361135,0.391498190847257,0.347503015254572,0.652496984745428,0.254124641347944,0.0416666666665068,1.19653813561116,0.186496448950029,"Payroll financing","step",0,0
451,2.01439982330652,0.702479795140102,0.188752331668981,0.105665180886463,1.01209611620839,0.620597925361135,0.391498190847257,0.347503015254572,0.652496984745428,0.254124641347944,0.0416666666665068,1.19653813561116,0.186496448950029,"Payroll financing","step",0,0
452,2.01439982330652,0.702479795140102,0.188752331668981,0.105665180886463,1.01209611620839,0.620597925361135,0.391498190847257,0.347503015254572,0.652496984745428,0.254124641347944,0.0416666666665068,1.19653813561116,0.186496448950029,"Payroll financing","step",0,0
453,2.01439982330652,0.702479795140102,0.188752331668981,0.105665180886463,1.01209611620839,0.620597925361135,0.391498190847257,0.347503015254572,0.652496984745428,0.254124641347944,0.0416666666665068,1.19653813561116,0.186496448950029,"Payroll financing","step",0,0
454,2.01439982330652,0.702479795140102,0.188752331668981,0.105665180886463,1.01209611620839,0.620597925361135,0.391498190847257,0.347503015254572,0.652496984745428,0.254124641347944,0.0416666666665068,1.19653813561116,0.186496448950029,"Payroll financing","step",0,0
455,2.01439982330652,0.702479795140102,0.188752331668981,0.105665180886463,1.01209611620839,0.620597925361135,0.391498190847257,0.347503015254572,0.652496984745428,0.254124641347944,0.0416666666665068,1.19653813561116,0.186496448950029,"Payroll financing","step",0,0
456,2.01439982330652,0.702479795140102,0.188752331668981,0.105665180886463,1.01209611620839,0.620597925361135,0.391498190847257,0.347503015254572,0.652496984745428,0.254124641347944,0.0416666666665068,1.19653813561116,0.186496448950029,"Payroll financing","step",0,0
457,2.01439982330652,0.702479795140102,0.188752331668981,0.105665180886463,1.01209611620839,0.620597925361135,0.391498190847257,0.347503015254572,0.652496984745428,0.254124641347944,0.0416666666665068,1.19653813561116,0.186496448950029,"Payroll financing","step",0,0
458,2.01439982330652,0.702479795140102,0.188752331668981,0.105665180886463,1.01209611620839,0.620597925361135,0.391498190847257,0.347503015254572,0.652496984745428,0.254124641347944,0.0416666666665068,1.19653813561116,0.186496448950029,"Payroll financing","step",0,0
459,2.01439982330652,0.702479795140102,0.188752331668981,0.105665180886463,1.01209611620839,0.620597925361135,0.391498190847257,0.347503015254572,0.652496984745428,0.254124641347944,0.0416666666665068,1.19653813561116,0.186496448950029,"Payroll financing","step",0,0
460,2.01439982330652,0.702479795140102,0.188752331668981,0.105665180886463,1.01209611620839,0.620597925361135,0.391498190847257,0.347503015254572,0.652496984745428,0.254124641347944,0.0416666666665068,1.19653813561116,0.186496448950029,"Payroll financing","step",0,0
461,2.01439982330652,0.702479795140102,0.188752331668981,0.105665180886463,1.01209611620839,0.620597925361135,0.391498190847257,0.347503015254572,0.652496984745428,0.254124641347944,0.0416666666665068,1.19653813561116,0.186496448950029,"Payroll financing","step",0,0
462,2.01439982330652,0.702479795140102,0.188752331668981,0.105665180886463,1.01209611620839,0.620597925361135,0.391498190847257,0.347503015254572,0.652496984745428,0.254124641347944,0.0416666666665068,1.19653813561116,0.186496448950029,"Payroll financing","step",0,0
463,2.01439982330652,0.702479795140102,0.188752331668981,0.105665180886463,1.01209611620839,0.620597925361135,0.391498190847257,0.347503015254572,0.652496984745428,0.254124641347944,0.0416666666665068,1.19653813561116,0.186496448950029,"Payroll financing","step",0,0
464,2.01439982330652,0.702479795140102,0.188752331668981,0.105665180886463,1.01209611620839,0.620597925361135,0.391498190847257,0.347503015254572,0.652496984745428,0.254124641347944,0.0416666666665068,1.19653813561116,0.186496448950029,"Payroll financing","step",0,0
465,2.01439982330652,0.702479795140102,0.188752331668981,0.105665180886463,1.01209611620839,0.620597925361135,0.391498190847257,0.347503015254572,0.652496984745428,0.254124641347944,0.0416666666665068,1.19653813561116,0.186496448950029,"Payroll financing","step",0,0
466,2.01439982330652,0.702479795140102,0.188752331668981,0.105665180886463,1.01209611620839,0.620597925361135,0.391498190847257,0.347503015254572,0.652496984745428,0.254124641347944,0.0416666666665068,1.19653813561116,0.186496448950029,"Payroll financing","step",0,0
467,2.01439982330652,0.702479795140102,0.188752331668981,0.105665180886463,1.01209611620839,0.620597925361135,0.391498190847257,0.347503015254572,0.652496984745428,0.254124641347944,0.0416666666665068,1.19653813561116,0.186496448950029,"Payroll financing","step",0,0
468,2.01439982330652,0.702479795140102,0.188752331668981,0.105665180886463,1.01209611620839,0.620597925361135,0.391498190847257,0.347503015254572,0.652496984745428,0.254124641347944,0.0416666666665068,1.19653813561116,0.186496448950029,"Payroll financing","step",0,0
469,2.01439982330652,0.702479795140102,0.188752331668981,0.105665180886463,1.01209611620839,0.620597925361135,0.391498190847257,0.347503015254572,0.652496984745428,0.254124641347944,0.0416666666665068,1.19653813561116,0.186496448950029,"Payroll financing","step",0,0
470,2.01439982330652,0.702479795140102,0.188752331668981,0.105665180886463,1.01209611620839,0.620597925361135,0.391498190847257,0.347503015254572,0.652496984745428,0.254124641347944,0.0416666666665068,1.19653813561116,0.186496448950029,"Payroll financing","step",0,0
471,2.01439982330652,0.702479795140102,0.188752331668981,0.105665180886463,1.01209611620839,0.620597925361135,0.391498190847257,0.347503015254572,0.652496984745428,0.254124641347944,0.0416666666665068,1.19653813561116,0.186496448950029,"Payroll financing","step",0,0
472,2.01439982330652,0.702479795140102,0.188752331668981,0.105665180886463,1.01209611620839,0.620597925361135,0.391498190847257,0.347503015254572,0.652496984745428,0.254124641347944,0.0416666666665068,1.19653813561116,0.186496448950029,"Payroll financing","step",0,0
473,2.01439982330652,0.702479795140102,0.188752331668981,0.105665180886463,1.01209611620839,0.620597925361135,0.391498190847257,0.347503015254572,0.652496984745428,0.254124641347944,0.0416666666665068,1.19653813561116,0.186496448950029,"Payroll financing","step",0,0
474,2.01439982330652,0.702479795140102,0.188752331668981,0.105665180886463,1.01209611620839,0.620597925361135,0.391498190847257,0.347503015254572,0.652496984745428,0.254124641347944,0.0416666666665068,1.19653813561116,0.186496448950029,"Payroll financing","step",0,0
475,2.01439982330652,0.702479795140102,0.188752331668981,0.105665180886463,1.01209611620839,0.620597925361135,0.391498190847257,0.347503015254572,0.652496984745428,0.254124641347944,0.0416666666665068,1.19653813561116,0.186496448950029,"Payroll financing","step",0,0
476,2.01439982330652,0.702479795140102,0.188752331668981,0.105665180886463,1.01209611620839,0.620597925361135,0.391498190847257,0.347503015254572,0.652496984745428,0.254124641347944,0.0416666666665068,1.19653813561116,0.186496448950029,"Payroll financing","step",0,0
477,2.01439982330652,0.702479795140102,0.188752331668981,0.105665180886463,1.01209611620839,0.620597925361135,0.391498190847257,0.347503015254572,0.652496984745428,0.254124641347944,0.0416666666665068,1.19653813561116,0.186496448950029,"Payroll financing","step",0,0
478,2.01439982330652,0.702479795140102,0.188752331668981,0.105665180886463,1.01209611620839,0.620597925361135,0.391498190847257,0.347503015254572,0.652496984745428,0.254124641347944,0.0416666666665068,1.19653813561116,0.186496448950029,"Payroll financing","step",0,0
479,2.01439982330652,0.702479795140102,0.188752331668981,0.105665180886463,1.01209611620839,0.620597925361135,0.391498190847257,0.347503015254572,0.652496984745428,0.254124641347944,0.0416666666665068,1.19653813561116,0.186496448950029,"Payroll financing","step",0,0
480,2.01439982330652,0.702479795140102,0.188752331668981,0.105665180886463,1.01209611620839,0.620597925361135,0.391498190847257,0.347503015254572,0.652496984745428,0.254124641347944,0.0416666666665068,1.19653813561116,0.186496448950029,"Payroll financing","step",0,0
481,2.01439982330652,0.702479795140102,0.188752331668981,0.105665180886463,1.01209611620839,0.620597925361135,0.391498190847257,0.347503015254572,0.652496984745428,0.254124641347944,0.0416666666665068,1.19653813561116,0.186496448950029,"Payroll financing","step",0,0
482,2.01439982330652,0.702479795140102,0.188752331668981,0.105665180886463,1.01209611620839,0.620597925361135,0.391498190847257,0.347503015254572,0.652496984745428,0.254124641347944,0.0416666666665068,1.19653813561116,0.186496448950029,"Payroll financing","step",0,0
483,2.01439982330652,0.702479795140102,0.188752331668981,0.105665180886463,1.01209611620839,0.620597925361135,0.391498190847257,0.347503015254572,0.652496984745428,0.254124641347944,0.0416666666665068,1.19653813561116,0.186496448950029,"Payroll financing","step",0,0
484,2.01439982330652,0.702479795140102,0.188752331668981,0.105665180886463,1.01209611620839,0.620597925361135,0.391498190847257,0.347503015254572,0.652496984745428,0.254124641347944,0.0416666666665068,1.19653813561116,0.186496448950029,"Payroll financing","step",0,0
485,2.01439982330652,0.702479795140102,0.188752331668981,0.105665180886463,1.01209611620839,0.620597925361135,0.391498190847257,0.347503015254572,0.652496984745428,0.254124641347944,0.0416666666665068,1.19653813561116,0.186496448950029,"Payroll financing","step",0,0
486,2.01439982330652,0.702479795140102,0.188752331668981,0.105665180886463,1.01209611620839,0.620597925361135,0.391498190847257,0.347503015254572,0.652496984745428,0.254124641347944,0.0416666666665068,1.19653813561116,0.186496448950029,"Payroll financing","step",0,0
487,2.01439982330652,0.702479795140102,0.188752331668981,0.105665180886463,1.01209611620839,0.620597925361135,0.391498190847257,0.347503015254572,0.652496984745428,0.254124641347944,0.0416666666665068,1.19653813561116,0.186496448950029,"Payroll financing","step",0,0
488,2.01439982330652,0.702479795140102,0.188752331668981,0.105665180886463,1.01209611620839,0.620597925361135,0.391498190847257,0.347503015254572,0.652496984745428,0.254124641347944,0.0416666666665068,1.19653813561116,0.186496448950029,"Payroll financing","step",0,0
489,2.01439982330652,0.702479795140102,0.188752331668981,0.105665180886463,1.01209611620839,0.620597925361135,0.391498190847257,0.347503015254572,0.652496984745428,0.254124641347944,0.0416666666665068,1.19653813561116,0.186496448950029,"Payroll financing","step",0,0
490,2.01439982330652,0.702479795140102,0.188752331668981,0.105665180886463,1.01209611620839,0.620597925361135,0.391498190847257,0.347503015254572,0.652496984745428,0.254124641347944,0.0416666666665068,1.19653813561116,0.186496448950029,"Payroll financing","step",0,0
491,2.01439982330652,0.702479795140102,0.188752331668981,0.105665180886463,1.01209611620839,0.620597925361135,0.391498190847257,0.347503015254572,0.652496984745428,0.254124641347944,0.0416666666665068,1.19653813561116,0.186496448950029,"Payroll financing","step",0,0
492,2.01439982330652,0.702479795140102,0.188752331668981,0.105665180886463,1.01209611620839,0.620597925361135,0.391498190847257,0.347503015254572,0.652496984745428,0.254124641347944,0.0416666666665068,1.19653813561116,0.186496448950029,"Payroll financing","step",0,0
493,2.01439982330652,0.702479795140102,0.188752331668981,0.105665180886463,1.01209611620839,0.620597925361135,0.391498190847257,0.347503015254572,0.652496984745428,0.254124641347944,0.0416666666665068,1.19653813561116,0.186496448950029,"Payroll financing","step",0,0
494,2.01439982330652,0.702479795140102,0.188752331668981,0.105665180886463,1.01209611620839,0.620597925361135,0.391498190847257,0.347503015254572,0.652496984745428,0.254124641347944,0.0416666666665068,1.19653813561116,0.186496448950029,"Payroll financing","step",0,0
495,2.01439982330652,0.702479795140102,0.188752331668981,0.105665180886463,1.01209611620839,0.620597925361135,0.391498190847257,0.347503015254572,0.652496984745428,0.254124641347944,0.0416666666665068,1.19653813561116,0.186496448950029,"Payroll financing","step",0,0
496,2.01439982330652,0.702479795140102,0.188752331668981,0.105665180886463,1.01209611620839,0.620597925361135,0.391498190847257,0.347503015254572,0.652496984745428,0.254124641347944,0.0416666666665068,1.19653813561116,0.186496448950029,"Payroll financing","step",0,0
497,2.01439982330652,0.702479795140102,0.188752331668981,0.105665180886463,1.01209611620839,0.620597925361135,0.391498190847257,0.347503015254572,0.652496984745428,0.254124641347944,0.0416666666665068,1.19653813561116,0.186496448950029,"Payroll financing","step",0,0
498,2.01439982330652,0.702479795140102,0.188752331668981,0.105665180886463,1.01209611620839,0.620597925361135,0.391498190847257,0.347503015254572,0.652496984745428,0.254124641347944,0.0416666666665068,1.19653813561116,0.186496448950029,"Payroll financing","step",0,0
499,2.01439982330652,0.702479795140102,0.188752331668981,0.105665180886463,1.01209611620839,0.620597925361135,0.391498190847257,0.347503015254572,0.652496984745428,0.254124641347944,0.0416666666665068,1.19653813561116,0.186496448950029,"Payroll financing","step",0,0
500,2.01439982330652,0.702479795140102,0.188752331668981,0.105665180886463,1.01209611620839,0.620597925361135,0.391498190847257,0.347503015254572,0.652496984745428,0.254124641347944,0.0416666666665068,1.19653813561116,0.186496448950029,"Payroll financing","step",0,0
