"dependency_ratio","capital","labor_formal","informality","price_informal","nominal_output","wage_formal","wage_informal","rental_rate","social_security","social_security_share","public_absorption","collection_cost","collection_cost_share","consumption_formal","consumption_informal","composite_consumption","consumption_price_index","primary_surplus_ratio","required_revenue","revenue_share","tax_consumption","tax_payroll","tax_capital","mix_consumption","mix_payroll","mix_capital","flow_utility","lifetime_welfare","objective","converged","is_optimum","welfare_loss_pct","year","debt_anchor"
0.150170218,1.33786807897406,0.451916266796429,0.548083733203571,0.899024529512057,0.942199066514595,0.95856608137662,0.539414717707234,0.159479871497402,0.0640300239143443,0.0679580634177507,0.0160075059785861,0.0296789415518385,0.0314996507708584,0.520595938637156,0.328850239922143,0.8477725808394,0.962805815275257,0.0165,0.0795763085118352,0.0844580634177507,0,0,0.372962029866269,0,0,1,-0.17956162136062,-4.66860215537611,6.85798094275364e-14,TRUE,FALSE,11.4360640807823,2024,0.55
0.150170218,1.4777526073742,0.449790215992551,0.550209784007449,0.916137755178843,0.968457713342601,0.992087719122215,0.549682653107306,0.148729624254756,0.0640300239143443,0.0661154565988707,0.0160075059785861,0.023735728452655,0.0245087917888866,0.537608355497833,0.330125870404469,0.866580131154261,0.96938424865306,0.0165,0.0800095761844973,0.0826154565988707,0,0.0179300661596205,0.327631208916703,0,0.1,0.9,-0.153961375352591,-4.00299575916736,1.32948952194891e-12,TRUE,FALSE,9.47130287178731,2024,0.55
0.150170218,1.6120288686538,0.44780725500179,0.55219274499821,0.929899697646222,0.991473181453418,1.02246337476649,0.557939818587733,0.13989597126628,0.0640300239143443,0.0645806917545481,0.0160075059785861,0.018904547093078,0.0190671290426288,0.551748828144163,0.331315646998926,0.882257823730926,0.97458942838025,0.0165,0.0803893314083257,0.0810806917545481,0,0.0351147456254181,0.285174297806426,0,0.2,0.8,-0.133455519579482,-3.46984350906652,1.54430725144433e-12,TRUE,FALSE,7.83350732130348,2024,0.55
0.150170218,1.74222083879403,0.445963301604636,0.554036698395364,0.941025229606761,1.01200631674036,1.05043733639205,0.564615137764057,0.132435740719904,0.0640300239143443,0.0632703796954381,0.0160075059785861,0.0150920967286447,0.0149130459751041,0.563555824163072,0.332422019037218,0.895406512983336,0.978743529610915,0.0165,0.0807281281405603,0.0797703796954381,0,0.0516983717897629,0.244914508781806,0,0.3,0.7,-0.116811175147896,-3.0370905538453,1.39791413490052e-13,TRUE,FALSE,6.45990819968627,2024,0.55
0.150170218,1.8692746132413,0.444253537518682,0.555746462481318,0.949980455006565,1.03054970614885,1.07648685999829,0.569988273003939,0.126010187297209,0.0640300239143443,0.0621319122525626,0.0160075059785861,0.0122328971747034,0.011870264094701,0.573383601081896,0.333447877488791,0.906420082284489,0.982053007051854,0.0165,0.0810340940658003,0.0786319122525626,0,0.0677779056309219,0.20641453078508,0,0.4,0.6,-0.103241222855144,-2.68427179423374,1.51661682949138e-13,TRUE,FALSE,5.3093578423447,2024,0.55
0.150170218,1.99385248197348,0.442673976666219,0.557326023333781,0.957096359099899,1.0474516311236,1.10094540456576,0.574257815459939,0.120391517578997,0.0640300239143443,0.0611293371567522,0.0160075059785861,0.0102777016017596,0.00981210138623272,0.581486211057759,0.334395614000269,0.91557879832617,0.984661328292601,0.0165,0.0813129758278837,0.0776293371567522,0,0.0834219014628068,0.169371739333577,0,0.5,0.5,-0.0922052824160695,-2.3973373428178,4.46090165345344e-13,TRUE,FALSE,4.35257773533226,2024,0.55
0.150170218,2.11652359611751,0.441223830774953,0.558776169225047,0.962628720381719,1.06298420395538,1.12406900664708,0.577577232229031,0.115416515071564,0.0640300239143443,0.0602361010409068,0.0160075059785861,0.00918746387885047,0.00864308598816779,0.588061378441636,0.335265701535028,0.923096860694933,0.986676274700475,0.0165,0.0815692632796082,0.0767361010409068,0,0.098679253607605,0.133565858418374,0,0.6,0.4,-0.0833099348286939,-2.16605830554604,6.10382796562777e-13,TRUE,FALSE,3.56719117186901,2024,0.55
0.150170218,2.23770847162931,0.43990259697162,0.56009740302838,0.966771081119422,1.07735264188016,1.14604667679501,0.580062648671653,0.110967157938935,0.0640300239143443,0.0594327441408612,0.0160075059785861,0.00893005543468358,0.00828888804607112,0.59326072496589,0.336058441817028,0.929136899640653,0.988177639307776,0.0165,0.081806342505367,0.0759327441408612,0,0.113586360476305,0.0988348850897715,0,0.7,0.3,-0.0762676634484689,-1.98295924966019,1.89871914062798e-13,TRUE,FALSE,2.93620871946573,2024,0.55
0.150170218,2.35756512869555,0.438705669810813,0.561294330189187,0.96965780385343,1.09069130416476,1.16699945123907,0.581794682312058,0.106959493358142,0.0640300239143443,0.0587059085094454,0.0160075059785861,0.00947821909365025,0.00869010237585834,0.597193370606095,0.336776598113512,0.933817771134969,0.989220226553772,0.0165,0.0820264304330629,0.0752059085094454,0,0.128173989011215,0.0650580095738741,0,0.8,0.2,-0.0708727451016411,-1.84269137264266,8.89009305059277e-13,TRUE,FALSE,2.44721389651661,2024,0.55
0.150170218,2.4764766460874,0.437636219601253,0.562363780398747,0.971427470177881,1.1031512797985,1.18706014983024,0.582856482106729,0.103321543162663,0.0640300239143443,0.058042831556194,0.0160075059785861,0.0108076819823183,0.00979709871187598,0.599969883116307,0.337418268239248,0.937252986786408,0.989857883520606,0.0165,0.0822320200310196,0.074542831556194,0,0.142461490778126,0.032137777380924,0,0.9,0.1,-0.0669477868816768,-1.74064245892359,1.05615816213376e-12,TRUE,FALSE,2.08834852896536,2024,0.55
0.150170218,2.59464544221222,0.436694541003272,0.563305458996728,0.972181602384929,1.11483870667817,1.20631822040354,0.583308961430957,0.100000176763331,0.0640300239143443,0.0574343387350906,0.0160075059785861,0.0128966470072021,0.0115681729831839,0.601674488528621,0.337983275398037,0.939529447861171,0.99012927471524,0.0165,0.0824248625745342,0.0739343387350906,0,0.15646549602118,0,0,1,0,-0.064362593718047,-1.67342743666922,1.08048390171455e-13,TRUE,FALSE,1.85053433527181,2024,0.55
0.150170218,1.48658840575392,0.451494700583326,0.548505299416674,0.931608881505976,0.97561717652734,0.992801376143163,0.558965328903586,0.14851264177666,0.0640300239143443,0.0656302753322322,0.0160075059785861,0.0236652520869415,0.024256698894106,0.540153430498022,0.329103179650004,0.868234990631253,0.984481915089682,0.0165,0.0801277073270455,0.0821302753322322,0.0136703401520068,0,0.326641274303137,0.1,0,0.9,-0.151761920206587,-3.94580992537126,4.950438129301e-12,TRUE,FALSE,9.29842529590429,2024,0.55
0.150170218,1.62069680750059,0.449473465136778,0.550526534863222,0.94547047006954,0.998602852792317,1.02301982473285,0.567282282041724,0.139741521792448,0.0640300239143443,0.0641196084462427,0.0160075059785861,0.0185642772486204,0.0185902505652878,0.554485151673304,0.330315920917933,0.884107309145586,0.989517662328833,0.0165,0.0805069709854176,0.0806196084462427,0.0133881348634091,0.0175083564212361,0.284378152781289,0.1,0.1,0.8,-0.131084416626319,-3.4081948322843,4.09875653849176e-12,TRUE,FALSE,7.64029783157775,2024,0.55
0.150170218,1.75077478145116,0.447593009032563,0.552406990967437,0.956715825541255,1.01913134815072,1.05087076113537,0.574029495324753,0.132324864560179,0.0640300239143443,0.0628280388298631,0.0160075059785861,0.0144864079850035,0.0142144660855443,0.566493013255656,0.331444194580462,0.897462801072935,0.99355147371504,0.0165,0.0808456911588313,0.0793280388298631,0.0131658134512893,0.0343759153000518,0.244277337510974,0.1,0.2,0.7,-0.114252310852862,-2.9705600821744,7.7072106532399e-13,TRUE,FALSE,6.24509473353436,2024,0.55
0.150170218,1.87773826744543,0.445847173760481,0.554152826239519,0.965801606808112,1.03768371937641,1.07681968364425,0.579480964084867,0.125931125159439,0.0640300239143443,0.0617047590886584,0.0160075059785861,0.0113660450072265,0.0109532845075924,0.576524736549155,0.332491695743711,0.908688849488985,0.996777864707549,0.0165,0.0811518052840551,0.0782047590886584,0.0129906721780596,0.0507096294002074,0.205911828473569,0.1,0.3,0.6,-0.100486707372238,-2.61265439167818,2.02866423770299e-13,TRUE,FALSE,5.0723474012714,2024,0.55
0.150170218,2.0022958807465,0.444232821139507,0.555767178860493,0.973061234943692,1.05461278040445,1.10120357982573,0.583836740966215,0.120334218016676,0.0640300239143443,0.0607142499162476,0.0160075059785861,0.00915372758942478,0.00867970477838728,0.584836302275742,0.333460307316296,0.918066840912093,0.999335422337282,0.0165,0.0814311347910177,0.0772142499162476,0.0128540046890079,0.0665843587407011,0.168983031652537,0.1,0.4,0.5,-0.0892453092048366,-2.32037803932575,1.27686234779057e-13,TRUE,FALSE,4.09266033634563,2024,0.55
0.150170218,2.1248425419328,0.44274444847082,0.55725555152918,0.97872662256379,1.07015772086051,1.12424793911427,0.587235973538274,0.115379222677862,0.0640300239143443,0.059832324400611,0.0160075059785861,0.00781053584030302,0.00729849038889578,0.591608533793408,0.334353330917508,0.92579639584541,1.00131930400267,0.0165,0.0816876263085427,0.076332324400611,0.0127498538409225,0.0820561348718565,0.133279055428228,0.1,0.5,0.4,-0.0801511050243713,-2.08392873063365,2.35854491533161e-12,TRUE,FALSE,3.28517985954065,2024,0.55
0.150170218,2.24594787092019,0.441384914056005,0.558615085943995,0.983008629429206,1.08454822797297,1.14616442412611,0.589805177657523,0.110944014041857,0.0640300239143443,0.0590384293320149,0.0160075059785861,0.00730413269874625,0.0067347237405917,0.597005389401936,0.335169051566397,0.932050567222187,1.00281250743994,0.0165,0.0819250696758984,0.0755384293320149,0.0126735320547945,0.0971636140161218,0.098635789986063,0.1,0.6,0.3,-0.0729031612311815,-1.89548219201071,9.76305178157927e-13,TRUE,FALSE,2.63182771586524,2024,0.55
0.150170218,2.36578276706696,0.440149664959718,0.559850335040282,0.986041337279575,1.09791868428203,1.16707397279077,0.591624802367745,0.10694562741486,0.0640300239143443,0.0583194592013124,0.0160075059785861,0.00760725688260719,0.00692879808998047,0.60113547712506,0.335910201024169,0.936947596479769,1.00386765781046,0.0165,0.0821456822049978,0.0748194592013123,0.0126218999075529,0.111939669737925,0.0649347001942943,0.1,0.7,0.2,-0.0672955496733507,-1.74968429150711,1.26070196812621e-12,TRUE,FALSE,2.12025162203398,2024,0.55
0.150170218,2.48460150918747,0.439038631211873,0.560961368788127,0.987947768374569,1.11039844438688,1.18708994299728,0.592768661024741,0.103316278395396,0.0640300239143443,0.0576640072201282,0.0160075059785861,0.00869583378759088,0.00783127338798855,0.60409855551612,0.336576821272876,0.940591920586562,1.00453131068223,0.0165,0.0823515982467279,0.0741640072201282,0.0125924379884698,0.126408319520358,0.0320808992722122,0.1,0.8,0.1,-0.0631603122599551,-1.64216811875883,3.0251529893889e-12,TRUE,FALSE,1.7395414009706,2024,0.55
0.150170218,2.60269837479933,0.438053903564497,0.561946096435503,0.988839035175913,1.12210724441512,1.20631458059961,0.593303421105548,0.100000789367176,0.0640300239143443,0.0570623032985756,0.0160075059785861,0.010548093089512,0.00940025397929767,0.605985101495426,0.337167657861302,0.94307565235059,1.00484422428917,0.0165,0.0825447934471938,0.0735623032985756,0.0125831286757711,0.140586643628392,0,0.1,0.9,0,-0.0603603194584945,-1.56936830592085,6.18395731144885e-13,TRUE,FALSE,1.48007433897606,2024,0.55
0.150170218,1.6301179291784,0.451255320654173,0.548744679345827,0.960826362721413,1.00578705375092,1.02364108839184,0.576495817632848,0.139569382993901,0.0640300239143443,0.0636616107510578,0.0160075059785861,0.0187161137303538,0.0186084257702016,0.556907120463593,0.329246807607496,0.885560215762035,1.00431480466821,0.0165,0.0806255103012345,0.0801616107510578,0.0266813093827841,0,0.283500141970193,0.2,0,0.8,-0.129228687333801,-3.35994587067882,2.03269157951037e-12,TRUE,FALSE,7.48851758840407,2024,0.55
0.150170218,1.76005974225752,0.449335611514927,0.550664388485073,0.972188503843549,1.02630292227401,1.05135762992486,0.583313102306129,0.132200481806177,0.0640300239143443,0.0623890106173246,0.0160075059785861,0.0143679982678753,0.013999763574715,0.569113979137293,0.330398633091044,0.899122571591205,1.00822353367919,0.0165,0.0809640221318655,0.0788890106173246,0.0262318548351791,0.0171384193330891,0.243573292946024,0.2,0.1,0.7,-0.112195413168495,-2.91708074238086,2.80116119865506e-14,TRUE,FALSE,6.07170411776905,2024,0.55
0.150170218,1.88686313077428,0.447550531267391,0.552449468732609,0.981396028136109,1.04484896204957,1.07718736035289,0.588837616881665,0.125843869732948,0.0640300239143443,0.0612816074284493,0.0160075059785861,0.0109822195003643,0.0105108201273624,0.579344162232303,0.331469681239565,0.910557553338691,1.01135968158121,0.0165,0.0812700317881622,0.0777816074284493,0.0258764229003108,0.0337153055202173,0.205356860895869,0.2,0.2,0.6,-0.098228218890015,-2.55393369114038,9.95051678859465e-13,TRUE,FALSE,4.87713022659767,2024,0.55
0.150170218,2.0113297850227,0.445898579161007,0.554101420838993,0.988791793728061,1.06179142448022,1.10147939543288,0.593275076236837,0.120273048304531,0.0640300239143443,0.0603037681771532,0.0160075059785861,0.00850889751298524,0.00801371843547393,0.587860400748879,0.332460852503396,0.920152127402518,1.01385939579057,0.0165,0.0815495824182679,0.0768037681771532,0.0255974096477609,0.0498116043919502,0.168554418902054,0.2,0.3,0.5,-0.0867768168105887,-2.2561972370753,3.64807884357203e-13,TRUE,FALSE,3.87481750527837,2024,0.55
0.150170218,2.13385041355053,0.444373960426939,0.555626039573061,0.994603655478312,1.07736509970872,1.12445446832521,0.596762193286987,0.115336201035192,0.0640300239143443,0.0594320569059234,0.0160075059785861,0.00690899147665106,0.00641285992883844,0.594840763064573,0.333375623743837,0.928103090535999,1.01581246341394,0.0165,0.0818065480595382,0.0759320569059234,0.0253830079803898,0.0654873749356588,0.132959215778459,0.2,0.4,0.4,-0.0774665122841893,-2.01412931938892,1.3927024537222e-12,TRUE,FALSE,3.04420726219593,2024,0.55
0.150170218,2.25488305415577,0.442976189560499,0.557023810439501,0.999027547219741,1.09177859350403,1.14630504509685,0.599416528331844,0.110916383641398,0.0640300239143443,0.0586474439921395,0.0160075059785861,0.00615019240596833,0.00563318647440182,0.600438337423349,0.3342142862637,0.934574342283139,1.01729359260386,0.0165,0.0820443707071608,0.0751474439921395,0.0252241753109135,0.0807863907287259,0.098412512342266,0.2,0.5,0.3,-0.0700058355518598,-1.82015172434835,7.8014116013696e-13,TRUE,FALSE,2.36817746599354,2024,0.55
0.150170218,2.37466685767119,0.44170231354006,0.55829768645994,1.00220442306827,1.10517655292599,1.1671613517337,0.601322653840963,0.106929372562316,0.0640300239143443,0.0579364661192122,0.0160075059785861,0.00620511871090677,0.00561459496627804,0.604766594966977,0.334978611875964,0.939688069358611,1.01835572892079,0.0165,0.0822654370376232,0.0744364661192122,0.0251144570978204,0.0957432327642825,0.0647959252041104,0.2,0.6,0.2,-0.0641829268754628,-1.66875609876203,6.98407175910187e-13,TRUE,FALSE,1.8339636835991,2024,0.55
0.150170218,2.49342896408674,0.440551171603355,0.559448828396645,1.00425352199239,1.117682738979,1.18713200508176,0.602552113195436,0.103308846262493,0.0640300239143443,0.0572881925087573,0.0160075059785861,0.007049733887641,0.00630745527490286,0.607922542011028,0.335669297037987,0.943546544080453,1.0190424411386,0.0165,0.0824717891074979,0.0737881925087573,0.0250488699693841,0.110384496698958,0.0320162825923384,0.2,0.7,0.1,-0.0598311299783998,-1.55560937943839,1.5577602100671e-12,TRUE,FALSE,1.43088187164345,2024,0.55
0.150170218,2.61143721379241,0.439524143392138,0.560475856607862,1.00528224438614,1.1294120216944,1.20631509970567,0.603169346631682,0.100000701997739,0.0640300239143443,0.0566932374407381,0.0160075059785861,0.00866237032716843,0.00766980531531155,0.609993775255777,0.336285513964717,0.946239364676362,1.01939184941133,0.0165,0.0826653222723019,0.0731932374407381,0.0250234418656092,0.124729692015846,0,0.2,0.8,0,-0.0568150484227898,-1.47719125899253,5.82993796292853e-13,TRUE,FALSE,1.14957200613449,2024,0.55
0.150170218,1.76988890131522,0.451178668473673,0.548821331526327,0.987414478101834,1.03347860769173,1.05186973720542,0.5924486868611,0.132069839464956,0.0640300239143443,0.0619558290203557,0.0160075059785861,0.0147356938853152,0.014258344367889,0.571393328290713,0.329292798915796,0.900368415112582,1.02276636574605,0.0165,0.0810824209412579,0.0784558290203557,0.0392229531717686,0,0.242814764909925,0.3,0,0.7,-0.110656463748742,-2.87706805746729,1.78553843912469e-12,TRUE,FALSE,5.94155505623257,2024,0.55
0.150170218,1.89661858345675,0.449354959714537,0.550645040285463,0.996757191015631,1.05203284441629,1.07759025474799,0.598054314609379,0.12574836017349,0.0640300239143443,0.0608631415399114,0.0160075059785861,0.0110800342716363,0.0105320231496992,0.581832390264285,0.330387024171278,0.912022867981534,1.025812657801,0.0165,0.0813885658472132,0.0773631415399114,0.0386809561382939,0.016808161066967,0.204753962088507,0.3,0.1,0.6,-0.0964637347451329,-2.50805710337345,7.8449272560739e-13,TRUE,FALSE,4.72405375884758,2024,0.55
0.150170218,2.02100888734372,0.447664900671014,0.552335099328986,1.0042920702356,1.06898996146691,1.10178742576248,0.602575242141362,0.120204788931105,0.0640300239143443,0.0598976849384813,0.0160075059785861,0.00834181624204207,0.00780345610598166,0.590556592382023,0.331401059597392,0.921837740899807,1.02825097523312,0.0165,0.0816683582785484,0.0763976849384813,0.0382533463098167,0.0331156256604946,0.168086887822207,0.3,0.2,0.5,-0.0847896062748517,-2.20452976314614,1.08966599659054e-14,TRUE,FALSE,3.69872716084825,2024,0.55
0.150170218,2.14343946324348,0.446101960618358,0.553898039381642,1.01024408848987,1.0845808096656,1.12467811030488,0.606146453093922,0.115289641664638,0.0640300239143443,0.0590366557694175,0.0160075059785861,0.00648170789611192,0.00597623324914845,0.597741730077744,0.332338823628985,0.930007866746705,1.03016627973071,0.0165,0.0819256072738268,0.0755366557694175,0.037922480631807,0.0489867412169336,0.132610572183214,0.3,0.3,0.4,-0.0752597217248683,-1.95675276484657,1.0254096111827e-12,TRUE,FALSE,2.84522172989862,2024,0.55
0.150170218,2.26440053525499,0.444666021467684,0.555333978532316,1.01481159109362,1.09901762352089,1.14645806311574,0.608886954656171,0.110886329030902,0.0640300239143443,0.0582611439015991,0.0160075059785861,0.00546720441237362,0.00497462851856595,0.603542961706311,0.33320038711939,0.936698926463169,1.03163107570902,0.0165,0.0821638147024391,0.0747611439015991,0.0376746552368858,0.0644686339721294,0.0981681471848334,0.3,0.4,0.3,-0.0675788898102472,-1.75705113506642,7.87120995101771e-13,TRUE,FALSE,2.14622933812553,2024,0.55
0.150170218,2.38412291099335,0.443353516646771,0.556646483353229,1.01813342529624,1.11244208619876,1.1672548908047,0.610880055177746,0.106911975845169,0.0640300239143443,0.0575580739965857,0.0160075059785861,0.00527084250842186,0.00473808261464869,0.608071831373895,0.333987890011938,0.942031496383936,1.03269547257655,0.0165,0.0823853183366239,0.0740580739965857,0.0375002321508082,0.0795983322717015,0.0646434940873212,0.3,0.5,0.2,-0.0615356321296903,-1.59992643537194,7.5795397220387e-13,TRUE,FALSE,1.58915378340541,2024,0.55
0.150170218,2.50280755739007,0.442162386714507,0.557837613285493,1.0203251430453,1.12497272649525,1.18717261804763,0.612195085827181,0.103301670937846,0.0640300239143443,0.0569169566570951,0.0160075059785861,0.00586857234715324,0.00521663522051439,0.611422705321984,0.334702567971296,0.946105714167504,1.03340013530695,0.0165,0.082592073901516,0.0734169566570951,0.0373918017502467,0.0944047735665316,0.0319450496412001,0.3,0.6,0.1,-0.0569643381552971,-1.48107279203772,2.66972084170922e-12,TRUE,FALSE,1.16353402303581,2024,0.55
0.150170218,2.62080482488998,0.441095780497736,0.558904219502264,1.02150146229931,1.13673570921174,1.20631961297317,0.612900877379586,0.0999999423858385,0.0640300239143443,0.0563279779067953,0.0160075059785861,0.0072387122730867,0.00636798176957624,0.613688026806352,0.335342531701358,0.949014966090721,1.03378428928966,0.0165,0.0827861631163381,0.0728279779067953,0.037343156500238,0.108908180544707,0,0.3,0.7,0,-0.0537241621376132,-1.39682821557794,1.39025423622825e-13,TRUE,FALSE,0.859614308334077,2024,0.55
0.150170218,1.90695614299483,0.451252661879058,0.548747338120942,1.01187603400242,1.059220527107,1.07802469354708,0.607125620401449,0.125645493920965,0.0640300239143443,0.0604501350528267,0.0160075059785861,0.0116584428797008,0.0110066247597589,0.583978337066091,0.329248402872565,0.913079405802478,1.04015024780496,0.0165,0.0815071626116098,0.0769501350528267,0.0514279610380191,0,0.204107706337848,0.4,0,0.6,-0.0951950001775912,-2.47507000461737,2.48951433688331e-13,TRUE,FALSE,4.61368082395308,2024,0.55
0.150170218,2.03117898619796,0.449521511243741,0.550478488756259,1.01954030236753,1.07617552951146,1.10210773104682,0.611724181420521,0.120133870738101,0.0640300239143443,0.059497751211098,0.0160075059785861,0.00865162618024134,0.0080392333248544,0.592904531337458,0.330287093253755,0.923110488316992,1.04251908574516,0.0165,0.0817869201512834,0.075997751211098,0.0508454627189202,0.0165085650841744,0.16758694858177,0.4,0.1,0.5,-0.0832939422269936,-2.16564249790183,9.64966435104472e-13,TRUE,FALSE,3.56576754025592,2024,0.55
0.150170218,2.15360455299292,0.447921783801819,0.552078216198181,1.02564442693538,1.09179765374662,1.12492313629334,0.615386656161225,0.115238662616876,0.0640300239143443,0.0586464201444457,0.0160075059785861,0.00652775562221474,0.00597890607276362,0.600304287805211,0.331246929718909,0.931508793800156,1.04439564689718,0.0165,0.0820446852011636,0.0751464201444457,0.0503909280097041,0.0325653249154263,0.132234955717185,0.4,0.2,0.4,-0.0735271708176042,-1.9117064412577,1.33013691184444e-13,TRUE,FALSE,2.68842495398776,2024,0.55
0.150170218,2.27445297814171,0.446446547566476,0.553553452433524,1.03035267894967,1.1062511392408,1.14662201433445,0.618211607369801,0.110854140492907,0.0640300239143443,0.057880187999885,0.0160075059785861,0.00525434867252464,0.00474968882394157,0.606308629538814,0.332132071460114,0.938419642081643,1.04583815406987,0.0165,0.0822831677118175,0.074380187999885,0.0500474983381419,0.0482216995579885,0.0979046627389463,0.4,0.3,0.3,-0.0656213437538,-1.7061549375988,1.09222457521581e-12,TRUE,FALSE,1.9664719937457,2024,0.55
0.150170218,2.39412317286601,0.445095849919583,0.554904150080417,1.03382233290547,1.11970412235303,1.16735641609427,0.62029339974328,0.106893098604063,0.0640300239143443,0.0571847710802267,0.0160075059785861,0.00480367500347312,0.00429012888992345,0.611041855158955,0.33294249004825,0.943974288242893,1.04690064764028,0.0165,0.0825051419331694,0.0736847710802267,0.0498014684849901,0.0635161239408413,0.0644784894550964,0.4,0.4,0.2,-0.0593508874710911,-1.54312307424836,7.45634461359549e-13,TRUE,FALSE,1.38619688483406,2024,0.55
0.150170218,2.51278759720927,0.443866666642488,0.556133333357512,1.03616435687893,1.13226883129526,1.1872245663312,0.621698614127356,0.103292494022029,0.0640300239143443,0.0565501956289805,0.0160075059785861,0.00515163486978139,0.00454983368559935,0.614594870882711,0.333680000014507,0.948269961175127,1.04762063339252,0.0165,0.0827124596307162,0.0730501956289805,0.0496430908183831,0.0784793746405789,0.0318673824298108,0.4,0.5,0.1,-0.0545520167703801,-1.41835243602988,7.40130982185269e-13,TRUE,FALSE,0.937442453635526,2024,0.55
0.150170218,2.63065745658773,0.44275848420608,0.55724151579392,1.03747889586755,1.14404962491727,1.2063156102186,0.62248733752053,0.100000616074703,0.0640300239143443,0.0559678728262987,0.0160075059785861,0.00627662308533298,0.00548632065308083,0.61705024251791,0.334344909476352,0.95139232065627,1.04803112814992,0.0165,0.0829068427254793,0.0724678728262987,0.0495645621737521,0.0931351862056168,0,0.4,0.6,0,-0.0510910991064129,-1.32836857676673,3.53801176493426e-13,TRUE,FALSE,0.611260112693377,2024,0.55
0.150170218,2.04182979183275,0.451462254091193,0.548537745908807,1.03453335160815,1.08334124264348,1.10244307197746,0.620720010964892,0.120059690424099,0.0640300239143443,0.0591042059453987,0.0160075059785861,0.00943767899319534,0.00871164008319881,0.594897800861473,0.329122647545284,0.923968880466311,1.05667923927577,0.0165,0.0819051544179617,0.0756042059453987,0.0633969230387271,0,0.167056924713879,0.5,0,0.5,-0.082287532774175,-2.13947585212855,7.73354733501468e-12,TRUE,FALSE,3.47609421391349,2024,0.55
0.150170218,2.16422416016447,0.449824591209177,0.550175408790823,1.04078845902311,1.09899007868433,1.12517555468238,0.624473075413867,0.115186180712971,0.0640300239143443,0.0582626041456158,0.0160075059785861,0.00704663022667267,0.00641191432329274,0.602512494682118,0.330105245274494,0.93259642073955,1.05851135858992,0.0165,0.0821633602126358,0.0747626041456158,0.0628114190219891,0.0162335951174798,0.131836469438926,0.5,0.1,0.4,-0.0722751854516004,-1.87915482174161,3.12299280627774e-13,TRUE,FALSE,2.57480424397471,2024,0.55
0.150170218,2.28499827543907,0.448310842055405,0.551689157944595,1.0456438162496,1.11346679667808,1.14679553165725,0.627386289749759,0.11082008902994,0.0640300239143443,0.0575051039737974,0.0160075059785861,0.00551112648591011,0.00494952027519096,0.608725808604628,0.331013494766757,0.939732407693327,1.05992847259288,0.0165,0.0824022260595327,0.0740051039737974,0.0623650623568327,0.0320555848998631,0.0976238267404921,0.5,0.2,0.3,-0.0641327167322086,-1.66745063503742,1.94339745060878e-12,TRUE,FALSE,1.82933180764167,2024,0.55
0.150170218,2.4046357345715,0.446922523602212,0.553077476397788,1.04926525252205,1.12695181983762,1.16746650841215,0.629559151513228,0.106872634062692,0.0640300239143443,0.0568170021000277,0.0160075059785861,0.00480318035937526,0.00426209911978963,0.613667785028964,0.331846485838673,0.945512970165309,1.06098506093097,0.0165,0.0826247289416651,0.0733170021000278,0.0620401690063512,0.0475066743763947,0.0643019632973423,0.5,0.3,0.2,-0.0576269512465442,-1.49830073241014,3.27826923860366e-13,TRUE,FALSE,1.22545598537967,2024,0.55
0.150170218,2.52322137199075,0.44565442455611,0.55434557544389,1.05175342662123,1.13954262316911,1.1872731768144,0.631052055972736,0.103283907846786,0.0640300239143443,0.0561892311989826,0.0160075059785861,0.00489861604034306,0.00429875630866691,0.617422014614227,0.332607345266334,0.950029345349689,1.06171369679589,0.0165,0.0828324771966347,0.0726892311989826,0.0618249564608791,0.0626198123806631,0.0317842987083669,0.5,0.4,0.1,-0.0525990643288163,-1.36757567254922,1.25647388831128e-12,TRUE,FALSE,0.75364553590685,2024,0.55
0.150170218,2.64103027197118,0.444507077886532,0.555492922113468,1.05321469460218,1.15135246616324,1.2063131253956,0.63192881676131,0.100001034289509,0.0640300239143443,0.0556128777208579,0.0160075059785861,0.00577576078664453,0.00501650099025857,0.6200750976788,0.333295753268081,0.953370624207482,1.06214805319184,0.0165,0.0830273396060378,0.0721128777208579,0.0617092685863862,0.0774198619879605,0,0.5,0.5,0,-0.0489100194704239,-1.27166050623102,1.13148315018189e-12,TRUE,FALSE,0.404593427667112,2024,0.55
0.150170218,2.17526544875745,0.451804532575655,0.548195467424345,1.0556705566365,1.10614818243046,1.12543432445135,0.633402333981897,0.115132415276167,0.0640300239143443,0.0578855753066067,0.0160075059785861,0.00803815099677136,0.00726679401950446,0.604358204626877,0.328917280454607,0.933267403465921,1.07252794944849,0.0165,0.0822814689244469,0.0743855753066067,0.0752067169208128,0,0.131417182039046,0.6,0,0.4,-0.0715042615720329,-1.85911080087285,3.86362876288103e-12,TRUE,FALSE,2.50470894657508,2024,0.55
0.150170218,2.29605194183194,0.450254088229576,0.549745911770424,1.06068450194244,1.12066221692037,1.14698499680839,0.636410701165467,0.110782925752888,0.0640300239143443,0.057135881755969,0.0160075059785861,0.00623737884958008,0.00556579739675768,0.61078969313757,0.329847547062255,0.940636632978264,1.07391782245174,0.0165,0.0825209504935304,0.073635881755969,0.0746492695798412,0.0159789714087767,0.0973264622170943,0.6,0.1,0.3,-0.0631097758055394,-1.64085417094402,8.11078617544597e-13,TRUE,FALSE,1.73487044854418,2024,0.55
0.150170218,2.41554565228916,0.448825830924931,0.551174169075069,1.06444762908806,1.13416246812543,1.16757327780026,0.638668577452838,0.10685279279009,0.0640300239143443,0.0564557774691441,0.0160075059785861,0.00526930272609279,0.00464598580378174,0.615934996295874,0.330704501445042,0.946638903783586,1.07495987910875,0.0165,0.0827437046384139,0.0729557774691441,0.0742387146139586,0.0315793340105618,0.0641156175365951,0.6,0.2,0.2,-0.0563690082914792,-1.46559421557846,3.35051271642494e-12,TRUE,FALSE,1.10783350610615,2024,0.55
0.150170218,2.53414932408615,0.447521219957189,0.552478780042811,1.06709409688239,1.14679489091665,1.1873286038609,0.640256458129434,0.103274118946898,0.0640300239143443,0.0558338935946638,0.0160075059785861,0.00510945060563613,0.00445541800552676,0.619900532577685,0.331487268025687,0.951384338547319,1.07569557515619,0.0165,0.0829521396144691,0.0723338935946638,0.0739587826333814,0.0468343269819933,0.0316959586645813,0.6,0.3,0.1,-0.0510999177544937,-1.32859786161683,6.94731483534159e-13,TRUE,FALSE,0.612093976634822,2024,0.55
0.150170218,2.65189018718557,0.446335040479984,0.553664959520016,1.06870352412518,1.15863379524993,1.20631299187742,0.641222114475106,0.100001056761719,0.0640300239143443,0.05526338363066,0.0160075059785861,0.00573616311211787,0.00495079906665463,0.622754390388013,0.332198975712009,0.954947004038158,1.07614882398513,0.0165,0.0831474815359682,0.07176338363066,0.0737986967297196,0.0617714935539394,0,0.6,0.4,0,-0.0471785300873528,-1.22664178227117,1.07837480608243e-12,TRUE,FALSE,0.239914355161431,2024,0.55
0.150170218,2.3074842479169,0.452268769468518,0.547731230531482,1.07545882363643,1.1278127585405,1.14717509705478,0.64527529418186,0.110745656594409,0.0640300239143443,0.0567736296911602,0.0160075059785861,0.00743342468846738,0.00659100957333285,0.612485160205175,0.328638738318889,0.941123011429742,1.08781724895331,0.0165,0.0826389344302626,0.0732736296911602,0.0869228951910634,0,0.097015363670944,0.7,0,0.3,-0.06256035380626,-1.62656919896276,2.51159394261834e-12,TRUE,FALSE,1.68406013575186,2024,0.55
0.150170218,2.42700135921175,0.450804191535884,0.549195808464116,1.07938352570757,1.14135453608286,1.16770163194012,0.647630115424542,0.106828947635561,0.0640300239143443,0.0561000301747573,0.0160075059785861,0.0062022771298601,0.00543413718856053,0.617848914451145,0.329517485078469,0.947359821024797,1.0888453341766,0.0165,0.0828623737597115,0.0726000301747573,0.0864178155026075,0.0157411891592732,0.0639187681012912,0.7,0.1,0.2,-0.0555651377723194,-1.4446935820803,3.04899261251721e-13,TRUE,FALSE,1.03252171872746,2024,0.55
0.150170218,2.54553617449307,0.449461532398134,0.550538467601866,1.0821806790183,1.15401579286667,1.18739011347585,0.649308407410977,0.103263257433269,0.0640300239143443,0.0554845300299472,0.0160075059785861,0.0057844834953007,0.00501248209171518,0.622022050387855,0.33032308056112,0.952331273229113,1.08958010129624,0.0165,0.0830712844966445,0.0719845300299472,0.0860660843876527,0.0311311357184849,0.0316028195930074,0.7,0.2,0.1,-0.0500547741220914,-1.30142412717437,1.94982225680389e-13,TRUE,FALSE,0.513170911211901,2024,0.55
0.150170218,2.6631873138021,0.448236691948074,0.551763308051926,1.08393783596979,1.16588156632611,1.20631276836659,0.650362701581874,0.100001094380451,0.0640300239143443,0.054919835567959,0.0160075059785861,0.00615822958668796,0.00528203701349665,0.625078191233656,0.331057984831156,0.956116374837436,1.09004661268391,0.0165,0.0832670697587251,0.071419835567959,0.085854335213811,0.0461984290026359,0,0.7,0.3,0,-0.0458977864175012,-1.19334244685503,1.14771198157702e-12,TRUE,FALSE,0.117754140413175,2024,0.55
0.150170218,2.43879617989133,0.452849300659084,0.547150699340917,1.09404900500562,1.14849269468592,1.1678256188817,0.65642940300337,0.106805921343519,0.0640300239143443,0.055751354980847,0.0160075059785861,0.00760290337971591,0.0066198970310343,0.619388700744929,0.32829041960455,0.947661228886022,1.10264997502939,0.0165,0.0829801533766621,0.072251354980847,0.0986004968685795,0,0.0637137830042532,0.8,0,0.2,-0.0552294105938067,-1.43596467543897,7.76565620159662e-13,TRUE,FALSE,1.00103465826996,2024,0.55
0.150170218,2.55731268050776,0.451469745099452,0.548530254900548,1.09700435665948,1.16119119496396,1.18745186035625,0.658202613995685,0.103252355737494,0.0640300239143443,0.0551416719245204,0.0160075059785861,0.00692447631069335,0.00596325251235502,0.623776322886928,0.329118152940329,0.952864674560336,1.1033803030932,0.0165,0.0831896786312497,0.0716416719245204,0.0981686239992737,0.0155176082128803,0.0315054469776661,0.8,0.1,0.1,-0.049466967029093,-1.28614114275642,4.12298027070034e-13,TRUE,FALSE,0.457448277117155,2024,0.55
0.150170218,2.67490008663509,0.450207348286941,0.549792651713059,1.09891353351727,1.17308856003015,1.20631338843572,0.659348120110359,0.100000990017713,0.0640300239143443,0.0545824297465647,0.0160075059785861,0.00704274234254003,0.00600358965427045,0.627039244356245,0.329875591027836,0.956875717671624,1.1038557717901,0.0165,0.0833859851548418,0.0710824297465647,0.0978974521071635,0.030707915191338,0,0.8,0.2,0,-0.0450677988080941,-1.17176276901044,1.05334270176058e-12,TRUE,FALSE,0.038428161220482,2024,0.55
0.150170218,2.5693905471146,0.453540737862821,0.546459262137179,1.11155412416446,1.16830484601152,1.18750477116127,0.666932474498678,0.103243015458059,0.0640300239143443,0.0548059217018031,0.0160075059785861,0.00853066247473171,0.00730174363639301,0.625151453507364,0.327875557282307,0.952977121699154,1.11710890604097,0.0165,0.0833070538735344,0.0713059217018031,0.110288665058568,0,0.031404434205773,0.9,0,0.1,-0.0493431345098869,-1.28292149725706,6.93115073363518e-13,TRUE,FALSE,0.445701304613439,2024,0.55
0.150170218,2.68699638602065,0.452242598902702,0.547757401097298,1.11362575254272,1.18024664945788,1.20631396458742,0.668175451525631,0.100000893046786,0.0640300239143443,0.0542513922354748,0.0160075059785861,0.00839091730020268,0.00710946080978655,0.628630089716981,0.328654440658379,0.957221621458466,1.11759053369382,0.0165,0.0835040936303994,0.0707513922354748,0.109949390053022,0.0153065016590486,0,0.9,0.1,0,-0.0446901507263857,-1.16194391888603,8.77399344991266e-13,TRUE,FALSE,0.00229276181691184,2024,0.55
0.150170218,2.69945984567911,0.454339061017464,0.545660938982536,1.12807087552131,1.18735047717957,1.20631504759079,0.676842525312788,0.10000071076906,0.0640300239143443,0.0539268102763062,0.0160075059785861,0.0102044423353873,0.0085942967401057,0.629844047241174,0.327396563389521,0.957150789882989,1.13126572466898,0.0165,0.0836213067878072,0.0704268102763062,0.122031605668177,0,0,1,0,0,-0.0447674604356223,-1.16395397132618,6.64334721283289e-13,TRUE,FALSE,0.00969229708543323,2024,0.55
0.150170218,2.52475591114343,0.451292293234337,0.548707706765663,1.0926916994379,1.15630231907406,1.1825951438287,0.655615019662741,0.104115106544499,0.0640300239143443,0.0553748123290265,0.0160075059785861,0.00667371531354668,0.00577160073404576,0.622394410992113,0.329224624059398,0.95159623935262,1.09977831575199,0.0165,0.0831090121790664,0.0718748123290265,0.0952302131513216,0.0155723484135449,0.0395207327161934,0.775,0.1,0.125,-0.0508658595375593,-1.32251234797654,3.09955841272794e-13,TRUE,FALSE,0.589957415762136,2024,0.55
0.150170218,2.55429119440683,0.450960715929027,0.549039284070973,1.09331901657429,1.15939577795385,1.18743066986939,0.655991409944573,0.103256096821817,0.0640300239143443,0.0552270632098965,0.0160075059785861,0.00659584564101174,0.00568903714023555,0.623369586664803,0.329423570442584,0.952767803524636,1.09993607981379,0.0165,0.0831600542505828,0.0717270632098965,0.0951425746926508,0.0194123361764286,0.0315303399714114,0.775,0.125,0.1,-0.0495736697867364,-1.28891541445514,3.00449441520564e-13,TRUE,FALSE,0.467568066777888,2024,0.55
0.150170218,2.58376427973806,0.450636376442598,0.549363623557402,1.09388060902644,1.16243860265965,1.19221778221137,0.656328365415863,0.102416065722509,0.0640300239143443,0.0550824996415675,0.0160075059785861,0.0065676793219058,0.0056499150207839,0.624274292351502,0.329618174134441,0.953864706700481,1.10007757516757,0.0165,0.0832102608582286,0.0715824996415675,0.0950646747074362,0.0232319840746325,0.023583983833339,0.775,0.15,0.075,-0.0483667054409691,-1.25753434146519,6.1518594713879e-13,TRUE,FALSE,0.352978299697885,2024,0.55
0.150170218,2.61320269231483,0.450319751448748,0.549680248551252,1.09438030828238,1.16543580482653,1.19696098843865,0.656628184969429,0.101593759596223,0.0640300239143443,0.0549408415711709,0.0160075059785861,0.00658888767661179,0.00565358267638991,0.625111362011988,0.329808149130751,0.954889518348523,1.10020391326165,0.0165,0.0832597146939821,0.0714408415711709,0.0949961251415579,0.02703161386254,0.0156806764397418,0.775,0.175,0.05,-0.0472415717050656,-1.2282808643317,6.37759639963818e-13,TRUE,FALSE,0.245919690847221,2024,0.55
0.150170218,2.64259675400506,0.450010554424302,0.549989445575698,1.09481818820549,1.16838689284594,1.20165973144112,0.656890912923291,0.100788840168181,0.0640300239143443,0.054802073103012,0.0160075059785861,0.00665916220595898,0.00569944959733216,0.625881006150444,0.329993667345419,0.955842652868849,1.10031508629803,0.0165,0.0833084076463024,0.071302073103012,0.0949368253669519,0.0308116262769392,0.00781961727482926,0.775,0.2,0.025,-0.0461972972210627,-1.20112972774763,6.48109232745832e-13,TRUE,FALSE,0.146348949249311,2024,0.55
0.150170218,2.6719496774862,0.449708799509623,0.550291200490377,1.09519552328707,1.17129323433902,1.20631513318752,0.657117313972244,0.100000696362498,0.0640300239143443,0.0546660921767191,0.0160075059785861,0.00677819641574146,0.00578693380702955,0.626584348496733,0.330174720294226,0.956725247285853,1.1004114376828,0.0165,0.0833563622809382,0.0711660921767191,0.0948865845991974,0.0345723666369074,0,0.775,0.225,0,-0.0452321634000084,-1.17603624840021,6.15178067498387e-13,TRUE,FALSE,0.0541472938091014,2024,0.55
0.150170218,2.52772200286542,0.451802423564213,0.548197576435787,1.09636150655936,1.15808703002267,1.18261246175085,0.657816903935614,0.104112011088276,0.0640300239143443,0.0552894750173402,0.0160075059785861,0.0070185941714171,0.00606050667131613,0.622783941936191,0.328918545861472,0.951675535120098,1.10322090207716,0.0165,0.0831384599097185,0.0717894750173402,0.0982613790769346,0.0116700369546808,0.0394895189880613,0.8,0.075,0.125,-0.0507782990069234,-1.32023577418001,4.32422631998772e-13,TRUE,FALSE,0.581673654965574,2024,0.55
0.150170218,2.5867369091909,0.451142194784109,0.548857805215891,1.09757092547474,1.16422938569125,1.1922288054704,0.658542555284843,0.102414143174095,0.0640300239143443,0.0549977733780764,0.0160075059785861,0.00688018044382861,0.00590964334725461,0.624690904408161,0.329314683129534,0.953973153524683,1.1035205436087,0.0165,0.0832398087782499,0.0714977733780764,0.0980867259600978,0.0193449685593363,0.0235656889722824,0.8,0.125,0.075,-0.0482475280412864,-1.25443572907344,6.31547403425457e-13,TRUE,FALSE,0.341649226540357,2024,0.55
0.150170218,2.61617281372723,0.450823245255774,0.549176754744225,1.09808035531799,1.16722879271119,1.19696828854868,0.658848213190797,0.101592501617511,0.0640300239143443,0.0548564465802956,0.0160075059785861,0.00688532197666518,0.00589886234786262,0.625541124989632,0.329506052846535,0.955012282080973,1.10364725936025,0.0165,0.083289298994079,0.0713564465802956,0.0980141131530466,0.0231521602725196,0.015668633719786,0.8,0.15,0.05,-0.0471069521964671,-1.22478075710814,6.21369239432676e-13,TRUE,FALSE,0.233094978678384,2024,0.55
0.150170218,2.64556403511949,0.450511731775178,0.549488268224822,1.0985278840123,1.17018204804845,1.20166336147806,0.659116730407378,0.100788222008239,0.0640300239143443,0.0547180022297634,0.0160075059785861,0.0069396099301002,0.00593036779334771,0.62632384110934,0.329692960934893,0.955979668732231,1.10375901134375,0.0165,0.0833380277071438,0.0712180022297634,0.0979510543854683,0.0269396743805478,0.007813671790029,0.8,0.175,0.025,-0.0460473509087767,-1.19723112362819,6.2545538856146e-13,TRUE,FALSE,0.132035365136382,2024,0.55
0.150170218,2.53070947120414,0.452316678470903,0.547683321529097,1.10001412415907,1.15986822652587,1.18262947787565,0.660008474495442,0.104108969709985,0.0640300239143443,0.0552045675965553,0.0160075059785861,0.00739265139605905,0.00637369937980118,0.623149540055136,0.328609992917458,0.951728168106438,1.10665911219439,0.0165,0.0831678496520213,0.0717045675965553,0.101293807385972,0.00777381453532673,0.039457998020219,0.825,0.05,0.125,-0.0507201882966264,-1.31872489571228,1.16469410494133e-12,TRUE,FALSE,0.576175264790142,2024,0.55
0.150170218,2.56033049911172,0.451982330598472,0.548017669401528,1.1006700783849,1.16297940532248,1.1874693577037,0.660402047030943,0.103249266812666,0.0640300239143443,0.0550568854627222,0.0160075059785861,0.00728225212788899,0.00626172062425279,0.624157455943996,0.328810601640917,0.952933558388808,1.1068193204293,0.0165,0.0832191841021652,0.0715568854627222,0.101195973617907,0.0116289592357511,0.0314804149008212,0.825,0.075,0.1,-0.0493911051792222,-1.28416873465977,1.26312539654854e-12,TRUE,FALSE,0.450252216394611,2024,0.55
0.150170218,2.58973307638483,0.451652021969614,0.548347978030386,1.10124464506378,1.1660170093007,1.1922398876005,0.66074678703827,0.102412210412373,0.0640300239143443,0.0549134561533927,0.0160075059785861,0.00722177429093275,0.00619354111760674,0.625084219467896,0.329008786818232,0.954055633031749,1.10695909529177,0.0165,0.083269304567806,0.0714134561533927,0.101109701555439,0.0154638394217671,0.0235472100285999,0.825,0.1,0.075,-0.0481569055069162,-1.25207954317982,6.39674681494165e-13,TRUE,FALSE,0.333032871230579,2024,0.55
0.150170218,2.61916663417224,0.451330762041676,0.548669237958324,1.10176384187525,1.16901865681735,1.19697562549478,0.661058305125149,0.101591237314512,0.0640300239143443,0.0547724568303005,0.0160075059785861,0.00721080984268082,0.00616825899281386,0.625947627765852,0.329201542774995,0.955109102508371,1.10708610953782,0.0165,0.0833188317518307,0.0712724568303005,0.10103290217029,0.0192784868133063,0.0156564680786851,0.825,0.125,0.05,-0.0470008058490214,-1.22202095207455,6.22058137341463e-13,TRUE,FALSE,0.222980475895955,2024,0.55
0.150170218,2.64855520259538,0.45101693476521,0.54898306523479,1.1022210776295,1.1719741191242,1.20166702028262,0.661332646577701,0.100787598955175,0.0640300239143443,0.0546343326780911,0.0160075059785861,0.00724907262093288,0.00618535213589018,0.626743456018934,0.329389839140874,0.956090775141069,1.1071983690531,0.0165,0.0833675968798936,0.0711343326780911,0.100965961594791,0.0230733976457157,0.00780766485991389,0.825,0.15,0.025,-0.0459257907309609,-1.19407055900498,6.18968858748886e-13,TRUE,FALSE,0.120428454161727,2024,0.55
0.150170218,2.67790234226979,0.450710530975451,0.549289469024549,1.10261771417551,1.17488481247432,1.20631526199525,0.661570628505304,0.100000674683212,0.0640300239143443,0.0544989800144718,0.0160075059785861,0.00733625594354297,0.00624423421398456,0.627472783313096,0.329573681414729,0.957001758143806,1.1072962434902,0.0165,0.0834156233201706,0.0709989800144718,0.100908681395025,0.026848926131744,0,0.825,0.175,0,-0.0449301597309422,-1.16818415300449,6.06093236540778e-13,TRUE,FALSE,0.0252611391277255,2024,0.55
0.150170218,2.53371395000553,0.452834682316276,0.547165317683724,1.10364954738433,1.16164524575481,1.18264584400549,0.662189728430598,0.104106044633694,0.0640300239143443,0.0551201187697706,0.0160075059785861,0.0077959062917807,0.00671109042994888,0.623491416993376,0.328299190610235,0.951754596598535,1.11009315719814,0.0165,0.0831971704692987,0.0716201187697706,0.104327779737619,0.00388377599535525,0.0394262108619396,0.85,0.025,0.125,-0.0506910117102548,-1.31796630446662,2.35353629284072e-12,TRUE,FALSE,0.573414369553152,2024,0.55
0.150170218,2.56327585351966,0.452496866360507,0.547503133639493,1.10430967192051,1.16475031929279,1.18747404790281,0.662585803152305,0.103248438843605,0.0640300239143443,0.0549731756701487,0.0160075059785861,0.00766921635814335,0.00658442949627172,0.624508881727396,0.328501880183696,0.952971369559846,1.1102514331593,0.0165,0.0832484041826754,0.0714731756701487,0.104225418616462,0.00774651236681547,0.0314555350652507,0.85,0.05,0.1,-0.0493494683495843,-1.28308617708919,6.6188687237065e-13,TRUE,FALSE,0.446302211163763,2024,0.55
0.150170218,2.59275343748517,0.452165825396528,0.547834174603472,1.10490179517309,1.16780152114764,1.19225115604344,0.662941077103854,0.102410245212869,0.0640300239143443,0.0548295431670785,0.0160075059785861,0.00759248409993087,0.00650151927569805,0.625454182473644,0.328700504762083,0.954112130295122,1.11039348864913,0.0165,0.0832987490132804,0.0713295431670785,0.104133934017442,0.0115886875841338,0.023528547519302,0.85,0.075,0.075,-0.0480948394301244,-1.25046582518323,6.34543501832509e-13,TRUE,FALSE,0.327130793095389,2024,0.55
0.150170218,2.62218401094232,0.451842246779554,0.548157753220446,1.1054307253361,1.17080532771521,1.19698302556279,0.663258435201659,0.101589962158131,0.0640300239143443,0.0546888730334843,0.0160075059785861,0.00756537445590275,0.00646168434394325,0.626330794198162,0.328894651932268,0.955179957501876,1.11052069775985,0.0165,0.0833483118216454,0.0711888730334843,0.104052824604816,0.0154106863541173,0.0156441816019069,0.85,0.1,0.05,-0.0469231396095702,-1.22000162984882,6.13056218084013e-13,TRUE,FALSE,0.215578494225185,2024,0.55
0.150170218,2.65156988009061,0.451526109945676,0.548473890054324,1.10589769693876,1.17376300389199,1.20167069831771,0.663538618163255,0.100786972633165,0.0640300239143443,0.0545510666991822,0.0160075059785861,0.00758757348278241,0.00646431473612933,0.627139768123631,0.329084334032594,0.95617594260951,1.11063338279299,0.0165,0.0833971134785622,0.0710510666991822,0.103981878892847,0.0192128898063651,0.00780159767894825,0.85,0.125,0.025,-0.0458326291612079,-1.1916483581914,6.13906114320352e-13,TRUE,FALSE,0.111531296612785,2024,0.55
0.150170218,2.68091422578294,0.451217393727609,0.548782606272391,1.1063040261897,1.17667590397066,1.2063153142684,0.663782415713822,0.100000665885259,0.0640300239143443,0.0544160237311537,0.0160075059785861,0.00765877409957811,0.00650882207558919,0.627882170465029,0.329269563763435,0.957101187575986,1.11073189359534,0.0165,0.0834451763298603,0.0709160237311537,0.103920892255241,0.0229956569835776,0,0.85,0.15,0,-0.0448216060964908,-1.16536175850876,6.02988799658197e-13,TRUE,FALSE,0.0148740824346606,2024,0.55
0.150170218,2.536744124285,0.453356640987654,0.546643359012346,1.10726848342176,1.16341932204168,1.18266272096772,0.664361090053054,0.104103028386108,0.0640300239143443,0.0550360671352597,0.0160075059785861,0.00822838253591709,0.00707258542128827,0.623809935817294,0.327986015407408,0.951755076778151,1.11352350717753,0.0165,0.0832264427280321,0.0715360671352597,0.107363591261737,0,0.0393941123196268,0.875,0,0.125,-0.0506904816154661,-1.31795252200212,3.74891236621094e-12,TRUE,FALSE,0.573364206811765,2024,0.55
0.150170218,2.56632208706845,0.453016886989059,0.546983113010941,1.10794031640773,1.16652933146432,1.18748938709624,0.66476418984464,0.103245731058134,0.0640300239143443,0.0548893389881322,0.0160075059785861,0.0080853347653649,0.00693110284266537,0.624842019032144,0.328189867806565,0.952987345654325,1.11368198958709,0.0165,0.0832777578835057,0.0713893389881322,0.107256003579719,0.00387012421555684,0.0314300996899768,0.875,0.025,0.1,-0.0493318768187794,-1.28262879728826,6.6707007433787e-13,TRUE,FALSE,0.444633242575197,2024,0.55
0.150170218,2.59579645572113,0.452683521962357,0.547316478037643,1.10854220375727,1.16958265269107,1.19226244915506,0.665125322254361,0.102408275767652,0.0640300239143443,0.0547460444689554,0.0160075059785861,0.00799233561087728,0.00683349363338098,0.625800611674096,0.328389886822586,0.95414253480128,1.1138239227524,0.0165,0.0833281376837471,0.0712460444689554,0.107159770174463,0.00771960587826284,0.0235097088110732,0.875,0.05,0.075,-0.0480614410595062,-1.24959746754716,6.4019555185802e-13,TRUE,FALSE,0.323954537108913,2024,0.55
0.150170218,2.62522462340485,0.452357642246911,0.547642357753089,1.10908094980402,1.17258871314337,1.19699049006459,0.66544856988241,0.101588675922922,0.0640300239143443,0.0546056969478228,0.0160075059785861,0.00794904126061936,0.00677905319360469,0.626690508577373,0.328585414651853,0.955224786719017,1.11395125798307,0.0165,0.0833777376812099,0.0711056969478228,0.107074219027234,0.0115488499476789,0.0156317766968583,0.875,0.075,0.05,-0.0468740069390117,-1.2187241804143,6.02489341407102e-13,TRUE,FALSE,0.210895337440104,2024,0.55
0.150170218,2.65460778300335,0.452039196252679,0.547960803747321,1.10955768253453,1.17554861031282,1.20167440647481,0.665734609520716,0.100786341187646,0.0640300239143443,0.0544682060381199,0.0160075059785861,0.00795513792237596,0.00676717053857861,0.627512665238145,0.328776482248392,0.956235116817999,1.114064284195,0.0165,0.0834265759845059,0.0709682060381199,0.106999143158113,0.0153582422618364,0.00779547145108362,0.875,0.1,0.025,-0.0457679104357043,-1.18996567132831,6.0770144847865e-13,TRUE,FALSE,0.105349567069855,2024,0.55
0.150170218,2.6839493744353,0.451728173567988,0.548271826432012,1.10997374558811,1.17846373797852,1.20631536519373,0.665984247352865,0.100000657314155,0.0640300239143443,0.0543334697970246,0.0160075059785861,0.00801031769981318,0.00679725429104312,0.628268192689537,0.328963095859207,0.957174665356038,1.11416335189573,0.0165,0.0834746755909899,0.0708334697970246,0.106934324579133,0.0191481453590052,0,0.875,0.125,0,-0.044741400074596,-1.16327640193949,5.94821512687223e-13,TRUE,FALSE,0.00719810711874032,2024,0.55
0.150170218,2.59886310421681,0.45320508944577,0.54679491055423,1.11216592719361,1.17136050050398,1.19227393317357,0.667299556316167,0.102406273087486,0.0640300239143443,0.0546629529395904,0.0160075059785861,0.00842135577703726,0.00718938001871663,0.626123484139876,0.328076946332538,0.954146856847036,1.11725066498327,0.0165,0.0833574721726601,0.0711629529395904,0.110187540227739,0.0038566809926248,0.0234906933187147,0.9,0.025,0.075,-0.0480566936042579,-1.2494740337107,6.33699618138008e-13,TRUE,FALSE,0.323503027597988,2024,0.55
0.150170218,2.62828818578791,0.452876895103246,0.547123104896754,1.11271445339933,1.1743687252785,1.19699802215977,0.6676286720396,0.101587378065092,0.0640300239143443,0.0545229300951962,0.0160075059785861,0.00836183753946818,0.00712028288856652,0.627026669732571,0.328273862938052,0.955243541731399,1.11737802158352,0.0165,0.0834071078814396,0.0710229300951963,0.110097422981013,0.0076930661987432,0.0156192556156301,0.9,0.05,0.05,-0.0468534528770312,-1.21818977480281,5.87359782793486e-13,TRUE,FALSE,0.20893606469132,2024,0.55
0.150170218,2.65766859174845,0.452556150302776,0.547443849697224,1.11320097126013,1.17733085187133,1.20167813488388,0.667920582756076,0.10078570629946,0.0640300239143443,0.0543857521550299,0.0160075059785861,0.00835179306981658,0.00709383692488962,0.627862058394549,0.328466309818335,0.956268255599895,1.11749130218003,0.0165,0.0834559829702213,0.0708857521550299,0.110018088955845,0.0115095437927563,0.00778928721327949,0.9,0.075,0.025,-0.04573167010827,-1.18902342281502,6.00612189571196e-13,TRUE,FALSE,0.101887670539308,2024,0.55
0.150170218,2.60195694771074,0.453730547564353,0.546269452435648,1.11577330492354,1.17313554160267,1.19228612907809,0.669463982954127,0.102404146326625,0.0640300239143443,0.0545802438368461,0.0160075059785861,0.00887957196981713,0.00756909296063638,0.62642298681708,0.327761671461389,0.954125289366833,1.12067406183613,0.0165,0.0833867603507884,0.0710802438368461,0.113217546513264,0,0.0234714930746379,0.925,0,0.075,-0.0480803843524675,-1.25008999316415,4.74489722601755e-13,TRUE,FALSE,0.325756109353399,2024,0.55
0.150170218,2.63137439980714,0.453399961846028,0.546600038153972,1.11633116950807,1.17614527943529,1.19700561454398,0.669798701704842,0.101586069843886,0.0640300239143443,0.0544405738252739,0.0160075059785861,0.00880379282150307,0.00748529367539535,0.627339159515878,0.327960022892383,0.955236151065244,1.12080122143352,0.0165,0.0834364210250266,0.0709405738252739,0.113122778102753,0.00384342144364641,0.0156066204075339,0.925,0.025,0.05,-0.04686155238664,-1.21840036205264,5.95374198846952e-13,TRUE,FALSE,0.209708142603016,2024,0.55
0.150170218,2.66075203744905,0.453076916108007,0.546923083891993,1.11682750933235,1.17910964422925,1.20168189231001,0.670096505599413,0.100785066476175,0.0640300239143443,0.0543037063836406,0.0160075059785861,0.00877756829313475,0.00744423416099896,0.628187835594032,0.328153850335196,0.956275301347675,1.12091467226739,0.0165,0.083485333044127,0.0708037063836406,0.113039055187188,0.00766688123053199,0.00778304609766126,0.925,0.05,0.025,-0.0457239652542571,-1.18882309661068,5.94212449308651e-13,TRUE,FALSE,0.10115162508445,2024,0.55
0.150170218,2.69008819679104,0.452761300279087,0.547238699720913,1.11726312571878,1.18202927330259,1.20631543700831,0.67035787543127,0.100000645227241,0.0640300239143443,0.0541695754585201,0.0160075059785861,0.00880059200148339,0.00744532491728782,0.628969750783983,0.328343219832548,0.957243568773505,1.12101460045549,0.0165,0.0835335069238371,0.0706695754585201,0.11296619314986,0.0114707494528775,0,0.925,0.075,0,-0.0446661984695049,-1.16132116020713,5.80701512110002e-13,TRUE,TRUE,0,2024,0.55
0.150170218,2.63445091706131,0.453926130132007,0.546073869867993,1.11992796604592,1.17791368024563,1.19700903636665,0.671956779627549,0.101585480247988,0.0640300239143443,0.0543588422379065,0.0160075059785861,0.00927495077762392,0.00787404962958727,0.627625821245396,0.327644321920796,0.955200925877795,1.12422020419451,0.0165,0.0834655996383973,0.0708588422379065,0.116150882617953,0,0.0155939368988199,0.95,0,0.05,-0.0469001577663213,-1.21940410192435,1.86591316440007e-12,TRUE,FALSE,0.213387998869233,2024,0.55
0.150170218,2.66385776544392,0.453601443147866,0.546398556852134,1.12043723290596,1.18088489478359,1.20168566992813,0.672262339743576,0.100784423220662,0.0640300239143443,0.0542220704127803,0.0160075059785861,0.00923249495507023,0.00781828525019977,0.628489888086311,0.32783913411128,0.956256196161749,1.12433462717217,0.0165,0.0835146246782736,0.0707220704127803,0.11606238144363,0.00383033917707281,0.00777674923829934,0.95,0.025,0.025,-0.0457448579301563,-1.18936630618406,5.92517609588741e-13,TRUE,FALSE,0.103147479279636,2024,0.55
0.150170218,2.69319130349449,0.453283539280566,0.546716460719434,1.12088268008566,1.18380680588864,1.20631546888846,0.672529608051396,0.100000639861583,0.0640300239143443,0.0540882377055429,0.0160075059785861,0.0092393832939018,0.00780480670320706,0.629285070732035,0.328029876431661,0.9572388848749,1.12443486070514,0.0165,0.0835628362115069,0.0705882377055429,0.11598530453663,0.00764103750180692,0,0.95,0.05,0,-0.0446713101617142,-1.16145406420457,5.73945486084642e-13,TRUE,FALSE,0.000489311055025423,2024,0.55
0.150170218,2.66703712367995,0.454130687893642,0.545869312106358,1.12403508233699,1.18266389237749,1.2016962672976,0.674421049402197,0.100782618725724,0.0640300239143443,0.0541405079896585,0.0160075059785861,0.00971658485290803,0.00821584637489431,0.628771478542449,0.327521587263815,0.956213614491838,1.12775283178525,0.0165,0.083543978138573,0.0706405079896585,0.119087970189921,0,0.00777034783770055,0.975,0,0.025,-0.0457914265646922,-1.19057709068199,4.05748339634001e-13,TRUE,FALSE,0.107595842402677,2024,0.55
0.150170218,2.69631658455844,0.453809496746662,0.546190503253338,1.12448541882557,1.18558075366485,1.20631551266034,0.674691251295345,0.100000632494459,0.0640300239143443,0.0540073071500322,0.0160075059785861,0.00970732088373246,0.00818781922169815,0.629576631527321,0.327714301952003,0.957208057191593,1.12785186166473,0.0165,0.0835921063498144,0.0705073071500322,0.119006982313021,0.0038174273851114,0,0.975,0.025,0,-0.0447049546719835,-1.16232882147157,5.49868775618617e-13,TRUE,FALSE,0.00370977492786403,2024,0.55
0.272751498,2.33394980101288,0.48771819614386,0.51228180385614,1.00911254079694,1.12777473648491,1.12317969826288,0.605467524478167,0.115602128361824,0.11629659443934,0.103120411086542,0.0290741486098349,0.0674524864696885,0.0598102478159131,0.579447712404345,0.307369082313684,0.886801720136557,1.00317529784941,0.0165,0.134904877591341,0.119620411086542,0,0,0.500000353389877,0,0,1,-0.127647790135107,-3.31884254351277,0.00172183158224936,FALSE,FALSE,NA,2050,0.55
0.272751498,1.76661032551433,0.468824940847611,0.531175059152389,0.927894440397788,1.02205403495711,1.0380008795324,0.556736664238673,0.135677177920661,0.11629659443934,0.113787129116143,0.0290741486098349,0.060286631301352,0.0589857573468528,0.529705340246767,0.318705035491433,0.847606989607508,0.973835608503387,0.0165,0.133160486016132,0.130287129116143,0,0.0273632036443163,0.500000357500689,0,0.1,0.9,-0.179792064318699,-4.67459367228616,0.000991702046464081,FALSE,FALSE,NA,2050,0.55
0.272751498,1.30021505377988,0.448366393809868,0.551633606190132,0.841652767663267,0.915687319875222,0.952052521671026,0.50499166059796,0.161702937197334,0.11629659443934,0.127004701184666,0.0290741486098349,0.0541802526724821,0.0591689450061022,0.475059617971083,0.330980163714079,0.801866007460628,0.939845225737508,0.0165,0.131405435217281,0.143504701184666,0,0.0615671943884335,0.500000245336369,0,0.2,0.8,-0.247091148266564,-6.42436985493064,0.000347898184167335,FALSE,FALSE,NA,2050,0.55
0.272751498,0.926489045538268,0.42562032562833,0.57437967437167,0.750247560656799,0.808732973876628,0.866073438148678,0.45014853639408,0.195963833825304,0.11629659443934,0.143800980293751,0.0290741486098349,0.0494623408092691,0.0611602870254856,0.415961398361594,0.344627804623002,0.749443986475667,0.900023990541844,0.0165,0.129640688508304,0.160300980293751,0,0.105508027685365,0.499830959438748,0,0.3,0.7,-0.334322535167167,-8.69238591434633,3.69321623453956e-06,FALSE,FALSE,NA,2050,0.55
0.272751498,1.16220947015929,0.422013427055118,0.577986572944882,0.790079356467918,0.863532040457137,0.935967975008856,0.474047613880751,0.167394808720248,0.11629659443934,0.134675482773951,0.0290741486098349,0.038438441718982,0.0445130463238324,0.452293536051966,0.346791943766929,0.79124359613437,0.917905301679384,0.0165,0.130544873106883,0.151175482773951,0,0.132200334360881,0.402610109189956,0,0.4,0.6,-0.263833293420018,-6.85966562892047,1.05100992270782e-13,TRUE,FALSE,14.1208417088973,2050,0.55
0.272751498,1.41041706754142,0.420011922545162,0.579988077454838,0.821935893742357,0.912454103431916,0.999270718786672,0.493161536245414,0.146567055353303,0.11629659443934,0.127454733341574,0.0290741486098349,0.03114262702838,0.0341306230211981,0.481584472883056,0.347992846472903,0.823962517397482,0.931610683686487,0.0165,0.131352087145966,0.143954733341574,0,0.156481212330412,0.317704279579928,0,0.5,0.5,-0.213647440126936,-5.55483344330032,4.01792531288163e-12,TRUE,FALSE,10.5696301325931,2050,0.55
0.272751498,1.63608314262759,0.417990217071837,0.582009782928163,0.842330778984603,0.949894997283901,1.05110416271974,0.505398467390762,0.132265214527974,0.11629659443934,0.122431000028292,0.0290741486098349,0.0271476443022257,0.0285796265690953,0.501361308801776,0.349205869756898,0.846172628935428,0.9401251398322,0.0165,0.131969861894524,0.138931000028292,0,0.180224628585557,0.243940406368329,0,0.6,0.4,-0.181791948598128,-4.72659066355133,1.53083484315837e-13,TRUE,FALSE,8.15901260121743,2050,0.55
0.272751498,1.84893277245763,0.416132590517649,0.583867409482351,0.855525324089177,0.980429138575985,1.09600440974864,0.513315194453506,0.121496019131311,0.11629659443934,0.118618051895371,0.0290741486098349,0.0258853578536788,0.0264020690891294,0.514825506017974,0.350320445689411,0.861456696301669,0.945530428108988,0.0165,0.132473675225844,0.135118051895371,0,0.203321635088884,0.176916227934483,0,0.7,0.3,-0.160824455011045,-4.18143583028717,1.88048706492552e-12,TRUE,FALSE,6.50012670679766,2050,0.55
0.272751498,2.05377017834225,0.414521316597467,0.585478683402533,0.863585897085835,1.00627471975594,1.13612585770449,0.518151538251501,0.11294333486164,0.11629659443934,0.115571416190945,0.0290741486098349,0.0270483325922517,0.0268796701946482,0.523559308995095,0.35128721004152,0.871555022959535,0.948793785394742,0.0165,0.132900127315313,0.132071416190945,0,0.225757439525145,0.114589003395339,0,0.8,0.2,-0.147374490028529,-3.83173674074175,1.53662987796285e-12,TRUE,FALSE,5.40408523769372,2050,0.55
0.272751498,2.25327751413906,0.413199572481446,0.586800427518554,0.867694097924623,1.02869385813955,1.17265671031889,0.520616458754774,0.105914448930616,0.11629659443934,0.113052676964232,0.0290741486098349,0.0304348343761054,0.0295859007374153,0.528490227770801,0.352080256511132,0.877470448138406,0.950445898332693,0.0165,0.133270043098642,0.129552676964232,0,0.247539375541993,0.0558422160313586,0,0.9,0.1,-0.139639519623191,-3.63062751020297,5.45058090638635e-15,TRUE,FALSE,4.76204309317925,2050,0.55
0.272751498,2.44907865711912,0.412193921136908,0.587806078863092,0.868607278150201,1.04848891897075,1.20631903975167,0.52116436689012,0.10000003886222,0.11629659443934,0.110918286626723,0.0290741486098349,0.0358944618480551,0.034234469433679,0.530231871663466,0.352683647317855,0.879853583767358,0.950812123792534,0.0165,0.133596661602357,0.127418286626723,0,0.268677835340623,0,0,1,0,-0.136552738375173,-3.55037119775448,3.57701078915155e-14,TRUE,FALSE,4.50338484569674,2050,0.55
0.272751498,1.75812417421964,0.470502805854678,0.529497194145322,0.949440685809304,1.02854971191709,1.03513172909582,0.569664411485583,0.136441796876329,0.11629659443934,0.113068520745173,0.0290741486098349,0.0602787810990143,0.0586056078773887,0.53084765468824,0.317698316487193,0.847818053499116,0.997631533568652,0.0165,0.133267664685972,0.129568520745173,0.0231330118895782,0,0.50000036470595,0.1,0,0.9,-0.179498355658739,-4.66695724712721,0.00096780337137403,FALSE,FALSE,NA,2050,0.55
0.272751498,1.29201329681831,0.450352426871225,0.549647573128775,0.86409769366329,0.922642895643688,0.948681823570191,0.518458616197974,0.16287155436211,0.11629659443934,0.126047244268005,0.0290741486098349,0.0533457928914848,0.0578184616641607,0.476984842778541,0.329788543877265,0.802842804720781,0.965452177892207,0.0165,0.131520202217461,0.142547244268005,0.0253054727819372,0.0307835981283017,0.500000260508173,0.1,0.1,0.8,-0.245573845988179,-6.38491999569263,0.000326743825201552,FALSE,FALSE,NA,2050,0.55
0.272751498,0.918799220614906,0.427972121745316,0.572027878254684,0.773946678962096,0.816326499403113,0.862125514817479,0.464368007377257,0.197790075948164,0.11629659443934,0.142463333634734,0.0290741486098349,0.0475964918415979,0.0583057047350538,0.418884694123763,0.343216726952811,0.751508302969585,0.928123794901459,0.0165,0.129765981679491,0.158963333634734,0.0282881320799421,0.0703404065354361,0.49984319189575,0.1,0.2,0.7,-0.33065728754892,-8.5970894762719,1.07270653684836e-06,FALSE,FALSE,NA,2050,0.55
0.272751498,1.18108957900947,0.425240429354577,0.574759570645423,0.819983909768688,0.878491088449415,0.938596084810532,0.491990345861213,0.166444552469969,0.11629659443934,0.132382213056492,0.0290741486098349,0.0355240641069796,0.0404375918823281,0.46025118269316,0.344855742387254,0.798213283397252,0.947248721750003,0.0165,0.130791697398755,0.148882213056492,0.0260195197898616,0.0983078378510122,0.399189402182898,0.1,0.3,0.6,-0.252797993719085,-6.57274783669618,2.59256020482447e-12,TRUE,FALSE,13.3643731843965,2050,0.55
0.272751498,1.42769070924063,0.423079001039138,0.576920998960862,0.851455108467448,0.926754603294959,1.00088684573122,0.510873065080469,0.146086961308512,0.11629659443934,0.125488013791204,0.0290741486098349,0.0276220934648149,0.0298051861481001,0.489663378093525,0.346152599376517,0.83097980238172,0.959777336820215,0.0165,0.131588045393707,0.141988013791204,0.0246478000896041,0.124299669968155,0.315457495752514,0.1,0.4,0.5,-0.203398683257813,-5.28836576470314,6.97781317408213e-12,TRUE,FALSE,9.80799549709106,2050,0.55
0.272751498,1.65250132030544,0.420928811412764,0.579071188587236,0.871851853525062,0.963926392117782,1.05213809674184,0.523111112115037,0.132001455900917,0.11629659443934,0.120648833137385,0.0290741486098349,0.0230000499905664,0.0238607949514013,0.509783359134964,0.347442713152341,0.853520115239822,0.967665618928582,0.0165,0.132201379909283,0.137148833137385,0.0238105808943532,0.149253523809504,0.242423905339073,0.1,0.5,0.4,-0.17161855021896,-4.46208230569295,1.29707926715615e-12,TRUE,FALSE,7.3615389250202,2050,0.55
0.272751498,1.86487305129786,0.418953684769126,0.581046315230874,0.885216502267292,0.99436055663712,1.09666574456035,0.531129901360375,0.121347310875457,0.11629659443934,0.116956162091394,0.0290741486098349,0.0211110335879237,0.0212307632749636,0.523671757371383,0.348627789138524,0.86924884724703,0.972740069205816,0.0165,0.132703543623852,0.133456162091394,0.0232828177019342,0.173297971006511,0.175923697839943,0.1,0.6,0.3,-0.150418551795689,-3.91088234668791,3.51112202144739e-13,TRUE,FALSE,5.6543904913842,2050,0.55
0.272751498,2.06917258771427,0.417217526288461,0.582782473711539,0.893492854215505,1.02013798143804,1.13649643988036,0.536095712529303,0.112868575607571,0.11629659443934,0.114000847488691,0.0290741486098349,0.0216563947387057,0.0212288877904316,0.532829774760541,0.349669484226923,0.879819985194625,0.975847175349059,0.0165,0.133128871133068,0.130500847488691,0.0229653756960671,0.196534892727423,0.114007253789934,0.1,0.7,0.2,-0.136596141060367,-3.55149966756954,5.37224577602436e-13,TRUE,FALSE,4.50703153195139,2050,0.55
0.272751498,2.26814835381292,0.415762119093707,0.584237880906293,0.897844922646325,1.04250891825307,1.1728097313597,0.538706953587795,0.1058863939177,0.11629659443934,0.111554531959514,0.0290741486098349,0.0244379424594889,0.0234414708897067,0.538174928807269,0.350542728543776,0.886221694454085,0.977472953303805,0.0165,0.133497991590515,0.128054531959514,0.0228051656467226,0.219024269621604,0.0555857047903314,0.1,0.8,0.1,-0.128385827449195,-3.33803151367907,3.94229182281488e-13,TRUE,FALSE,3.81220960162209,2050,0.55
0.272751498,2.46343066399438,0.414611870535288,0.585388129464712,0.899012503392447,1.06226010430055,1.20631671169875,0.539407502035468,0.100000430687964,0.11629659443934,0.109480337224861,0.0290741486098349,0.0293081615625613,0.027590381530764,0.540309097773114,0.351232877678827,0.889090663590878,0.977914031301767,0.0165,0.133823886160299,0.125980337224861,0.0227718084731613,0.240809197522833,0,0.1,0.9,0,-0.124744686847997,-3.24336185804791,2.10781666768369e-13,TRUE,FALSE,3.50082047211168,2050,0.55
0.272751498,1.28164197793654,0.452670339398999,0.547329660601001,0.88517791632123,0.928861359369378,0.944560431512923,0.531106749792738,0.16431764468706,0.11629659443934,0.125203393667162,0.0290741486098349,0.0539789515704166,0.0581130337977069,0.477512776019772,0.328397796360601,0.802151630265724,0.990495733436365,0.0165,0.131622806868935,0.141703393667162,0.0505157082400909,0,0.500000237049877,0.2,0,0.8,-0.246647095473378,-6.41282448230781,0.000301550209011309,FALSE,FALSE,NA,2050,0.55
0.272751498,0.911193163689256,0.430820681920093,0.569179318079907,0.796507517120154,0.823646229828872,0.857883653475641,0.477904510272093,0.199780741582138,0.11629659443934,0.141197264344308,0.0290741486098349,0.0473302196066962,0.0574642581882879,0.420556820367204,0.341507590847944,0.751924786487207,0.95561091746204,0.0165,0.129886757231516,0.157697264344308,0.0563061765522015,0.0351430894420838,0.499457846919312,0.2,0.1,0.7,-0.329920249965072,-8.57792649909185,1.63058620839783e-12,TRUE,FALSE,18.3883849711786,2050,0.55
0.272751498,1.20288050475165,0.428902790026479,0.571097209973521,0.849273978177202,0.893783901732042,0.941607254083402,0.509564386906321,0.165365655937288,0.11629659443934,0.130117128104424,0.0290741486098349,0.034124091168087,0.0381793530874283,0.467401828629761,0.342658325984112,0.804019126573392,0.975874090708949,0.0165,0.131044028817918,0.146617128104424,0.0512838839781613,0.0648960950786602,0.395276215479112,0.2,0.2,0.6,-0.243751506586477,-6.33753917124839,3.89092736272633e-13,TRUE,FALSE,12.7342247350782,2050,0.55
0.272751498,1.44750791176406,0.426538534128952,0.573461465871048,0.880305951130361,0.941269517593143,1.00275188059728,0.528183570678217,0.145535837107279,0.11629659443934,0.123552916848634,0.0290741486098349,0.0255620512669043,0.0271569946642565,0.496889672630271,0.344076879522629,0.836818530070545,0.987248819103808,0.0165,0.131827541479627,0.140052916848634,0.0486158222598533,0.0924646330005799,0.312885374294891,0.2,0.3,0.5,-0.195002218600129,-5.07005768360334,1.84293182213203e-13,TRUE,FALSE,9.17427786341042,2050,0.55
0.272751498,1.67116153649547,0.424233317203373,0.575766682796627,0.900668408818709,0.978091850862888,1.05332237571931,0.540401045291225,0.131700307416923,0.11629659443934,0.1189015063736,0.0290741486098349,0.0202742301466608,0.0207283499282553,0.517328677774242,0.345460009677976,0.859682741935426,0.994507130703032,0.0165,0.132435109978577,0.1354015063736,0.0469627703711672,0.118548767995127,0.240689922899197,0.2,0.4,0.4,-0.163219814961824,-4.24371518900743,1.81476620318388e-12,TRUE,FALSE,6.6926662844499,2050,0.55
0.272751498,1.88284337000374,0.422125472825803,0.577874527174197,0.914185466474419,1.00837890159386,1.0974071152425,0.548511279884652,0.121180928436024,0.11629659443934,0.115330253593683,0.0290741486098349,0.0177280092459116,0.0175807022716266,0.531635320355609,0.346724716304518,0.875859707506269,0.999238780630321,0.0165,0.132934846315639,0.131830253593683,0.045904428345622,0.14348269005454,0.174788004248257,0.2,0.5,0.3,-0.141735361759227,-3.68511940573988,3.58357870209555e-14,TRUE,FALSE,4.93686795165403,2050,0.55
0.272751498,2.08663754400635,0.420262901487807,0.579737098512193,0.922696653368514,1.0340958860272,1.13692121463288,0.553617992021108,0.112782974647449,0.11629659443934,0.112462099511999,0.0290741486098349,0.017629597538915,0.0170483199644517,0.541240782761026,0.347842259107316,0.886928464127258,1.00218398935465,0.0165,0.133359176558789,0.128962099511999,0.0452537703144693,0.167464489808292,0.113334553708642,0.2,0.6,0.2,-0.127486646833469,-3.31465281767017,6.43591185628089e-13,TRUE,FALSE,3.73549898439333,2050,0.55
0.272751498,2.28512936749433,0.418677764008307,0.581322235991693,0.927314315459072,1.05643450514747,1.17299185978382,0.556388589275443,0.105853016785917,0.11629659443934,0.110084055256323,0.0290741486098349,0.0197832971363029,0.018726477637666,0.547028042919789,0.348793341595016,0.893841725312709,1.00377351947697,0.0165,0.133727763774273,0.126584055256323,0.0449094335512562,0.190609581556731,0.0552850301484889,0.2,0.7,0.1,-0.118766300208409,-3.08792380541862,8.84994493530212e-13,TRUE,FALSE,2.98515477364248,2050,0.55
0.272751498,2.47997335534013,0.41739158329931,0.58260841670069,0.928763948798181,1.07616826209404,1.20632103492934,0.557258369278909,0.0999997030632693,0.11629659443934,0.108065437846165,0.0290741486098349,0.0240431704421176,0.0223414602427818,0.549589113383374,0.349565050020414,0.89722506171971,1.00427779182614,0.0165,0.134053370763892,0.124565437846165,0.0448122745375659,0.212990943656289,0,0.2,0.8,0,-0.114547556310233,-2.97823646406604,1.0041149519888e-13,TRUE,FALSE,2.6179377948658,2050,0.55
0.272751498,0.941584950632333,0.435267750199725,0.564732249800275,0.827175053630217,0.841767467127201,0.864288627720459,0.49630503217813,0.196786326164752,0.11629659443934,0.138157625449982,0.0290741486098349,0.0480658166134491,0.0571010623367151,0.42785286278841,0.338839349880165,0.757709565213469,0.986114049228268,0.0165,0.130185757646939,0.154657625449982,0.0831158992184109,0,0.49182102262262,0.3,0,0.7,-0.319766894744519,-8.31393926335748,6.6360598622172e-12,TRUE,FALSE,17.7605227927815,2050,0.55
0.272751498,1.22682263064522,0.432905770214691,0.567094229785309,0.877778527496434,0.909164090690489,0.944850236333791,0.526667116497861,0.164215334455737,0.11629659443934,0.12791595667952,0.0290741486098349,0.0342194630344086,0.0376383794573537,0.473591040949829,0.340256537871185,0.808554667781726,1.00382855563857,0.0165,0.131297801935733,0.14441595667952,0.0759837667191285,0.0320997097143115,0.391032827428885,0.3,0.1,0.6,-0.236774753577893,-6.15614359302521,2.93171195241896e-12,TRUE,FALSE,12.2419509735346,2050,0.55
0.272751498,1.46913255816995,0.430307443992724,0.569692556007276,0.908347494220284,0.955787721822607,1.00474974289997,0.545008496532171,0.144948897554311,0.11629659443934,0.121676175351543,0.0290741486098349,0.0249456767875116,0.0260995995428172,0.503132479464081,0.341815533604366,0.841394568211593,1.01407820146449,0.0165,0.132067091849413,0.138176175351543,0.0720751791039013,0.0610924929647854,0.310090683987926,0.3,0.2,0.5,-0.188503037434063,-4.90107897328563,2.43918985846534e-12,TRUE,FALSE,8.6776086887326,2050,0.55
0.272751498,1.69169395103176,0.427837208107239,0.572162791892761,0.928708605472298,0.992269574353216,1.05462745601521,0.557225163283379,0.131369626702141,0.11629659443934,0.117202620583368,0.0290741486098349,0.0189533612496356,0.0191010202665841,0.523916751252775,0.343297675135656,0.864622274524063,1.02072430368573,0.0165,0.132669042416168,0.133702620583368,0.0696132742861238,0.0882090661130555,0.238788178972716,0.3,0.3,0.4,-0.156574413434417,-4.07093474929484,7.78370117373043e-14,TRUE,FALSE,6.15654453492031,2050,0.55
0.272751498,1.90261994307915,0.4255884408807,0.5744115591193,0.942384802113013,1.02239466791773,1.0982326110688,0.565430881267808,0.12099606650439,0.11629659443934,0.113749218465894,0.0290741486098349,0.015720422776801,0.0153760805588102,0.538652690007261,0.34464693547158,0.881265950278079,1.02510775066645,0.0165,0.133166106459982,0.130249218465894,0.0680146256233252,0.113964485404062,0.173536830047095,0.3,0.4,0.3,-0.134731234861003,-3.50301210638608,1.41546253028888e-12,TRUE,FALSE,4.35009090722843,2050,0.55
0.272751498,2.10586239282599,0.42359634647215,0.57640365352785,0.951139386414229,1.04804509964976,1.13739802858514,0.570683631848538,0.112687002084678,0.11629659443934,0.11096525758119,0.0290741486098349,0.0149539101015955,0.0142683841626595,0.548720926726143,0.34584219211671,0.892850039313124,1.02787905952636,0.0165,0.133589338583561,0.12746525758119,0.0670110539840306,0.138636353614203,0.112589523541232,0.3,0.5,0.2,-0.120008910756511,-3.12023167966929,2.42341647314069e-13,TRUE,FALSE,3.09278933694198,2050,0.55
0.272751498,2.30385239799583,0.421883071403361,0.578116928596639,0.95603562662265,1.07035533991149,1.17319835398295,0.57362137597359,0.105815193336447,0.11629659443934,0.108652323301304,0.0290741486098349,0.016458667793211,0.0153768259749814,0.55497097354726,0.346870157157983,0.900293972844505,1.02941757561552,0.0165,0.133957457547879,0.125152323301304,0.0664566005565552,0.162388250343548,0.0549495594596853,0.3,0.6,0.1,-0.110748300180741,-2.87945580469927,5.23890348729217e-13,TRUE,FALSE,2.28484757390831,2050,0.55
0.272751498,2.49824124327404,0.420466192525573,0.579533807474427,0.957781539228057,1.09008066432259,1.20632100198627,0.574668923536834,0.0999997086077474,0.11629659443934,0.106686228134878,0.0290741486098349,0.0200892875083967,0.0184291751664825,0.557982531874295,0.347720284484656,0.904210674362221,1.02996735738153,0.0165,0.134282925400663,0.123186228134878,0.0662647205585599,0.185321097208776,0,0.3,0.7,0,-0.10593695512978,-2.75436083337428,1.31627504843862e-13,TRUE,FALSE,1.85974077840022,2050,0.55
0.272751498,1.25257160156703,0.437185306214567,0.562814693785433,0.905425615005785,0.924510020465374,0.948265639389619,0.543255369003471,0.163016718667131,0.11629659443934,0.125792681382511,0.0290741486098349,0.0357890805657181,0.0387114036337895,0.478740145026666,0.33768881627126,0.811781668665294,1.03120418383777,0.0165,0.131551009777018,0.142292681382511,0.100305198136221,0,0.386554495440631,0.4,0,0.6,-0.231858316835571,-6.02831623772483,3.40274112805812e-12,TRUE,FALSE,11.8917021740001,2050,0.55
0.272751498,1.49243520417956,0.434335891165878,0.565664108834122,0.935553734212938,0.970248238944311,1.00688025769211,0.561332240527763,0.144326871090323,0.11629659443934,0.119862721488552,0.0290741486098349,0.0257545903898571,0.0265443309826356,0.508347748042767,0.339398465300473,0.844699841312738,1.04036426054941,0.0165,0.132305690381921,0.136362721488552,0.0951879606011401,0.0302534550086827,0.307118406906324,0.4,0.1,0.5,-0.183852477639763,-4.78016441863383,1.94750487717492e-12,TRUE,FALSE,8.31886446225749,2050,0.55
0.272751498,1.71363520622199,0.431684136104887,0.568315863895113,0.955898453144396,1.00633574740802,1.05599790691478,0.573539071886638,0.131023714557716,0.11629659443934,0.115564407543785,0.0290741486098349,0.0190227363264132,0.0189029718713753,0.529469154384688,0.340989518337068,0.86829859688147,1.04639229462466,0.0165,0.132901134271572,0.132064407543785,0.0919155594941917,0.0583081868315115,0.236766576830986,0.4,0.2,0.4,-0.151677549165162,-3.94361627829419,2.73513860776458e-12,TRUE,FALSE,5.757527757782,2050,0.55
0.272751498,1.92375398563166,0.429288376855333,0.570711623144667,0.969747323117072,1.03629235648259,1.0990993109002,0.581848393870243,0.120802429910138,0.11629659443934,0.112223730795504,0.0290741486098349,0.0150748487014072,0.014546907161001,0.544650400074766,0.3424269738868,0.885432117003302,1.05042068254863,0.0165,0.133395418321302,0.128723730795504,0.0897589716651176,0.0848156710451535,0.17220151394016,0.4,0.3,0.3,-0.129392057049441,-3.36419348328545,2.91550134443795e-14,TRUE,FALSE,3.89790792159605,2050,0.55
0.272751498,2.12644264626461,0.42716561148436,0.57283438851564,0.978761665795788,1.06188063261891,1.1378990676555,0.587256999477473,0.112586284798096,0.11629659443934,0.109519460913905,0.0290741486098349,0.013616999682866,0.0128234749411357,0.555201663918412,0.343700633109384,0.897553686450906,1.05300633525763,0.0165,0.133817624877552,0.126019460913905,0.0883777855319607,0.110121795568107,0.11179030762217,0.4,0.4,0.2,-0.114139482791481,-2.9676265525785,1.76230304098964e-13,TRUE,FALSE,2.5822698723111,2050,0.55
0.272751498,2.32399347792057,0.425327836952809,0.574672163047191,0.983959018174924,1.08418002481648,1.1734199425043,0.590375410904954,0.105774627499886,0.11629659443934,0.107266866920026,0.0290741486098349,0.0144528101177605,0.0133306367825832,0.561941012882751,0.344803297828315,0.905552461533064,1.05448065548882,0.0165,0.134185564848812,0.123766866920026,0.0875839352344556,0.13443072185915,0.0545870203912912,0.4,0.5,0.1,-0.104298251596644,-2.71175454151273,4.94314890648486e-13,TRUE,FALSE,1.71410730547128,2050,0.55
0.272751498,2.51798954033794,0.423786513454132,0.576213486545868,0.986023040030018,1.10391665607008,1.20632420878294,0.591613824018011,0.0999991688903935,0.11629659443934,0.105349071236367,0.0290741486098349,0.017436384857326,0.0157950192720156,0.565430678993141,0.345728091927521,0.910025099498349,1.05505994445028,0.0165,0.134511219264496,0.121849071236367,0.0872648992234617,0.157869627648629,0,0.4,0.6,0,-0.0988707899938688,-2.57064053984058,7.16519051382803e-13,TRUE,FALSE,1.22866086941034,2050,0.55
0.272751498,1.51700771344033,0.438577021235415,0.561422978764585,0.961859679906122,0.984542400700836,1.0090800842941,0.577115807943673,0.143688779710251,0.11629659443934,0.118122484472538,0.0290741486098349,0.027975683740768,0.0284149100341984,0.51246589848926,0.336853787258751,0.846698109429013,1.06619199505637,0.0165,0.132541544050904,0.134622484472538,0.118115651928773,0,0.304026461188963,0.5,0,0.5,-0.181058501092402,-4.70752102840243,1.19580957285829e-11,TRUE,FALSE,8.1019785566982,2050,0.55
0.272751498,1.73697122734515,0.435740903338213,0.564259096661787,0.982236496235329,1.02026610688376,1.05745286957541,0.589341897741198,0.130657956700796,0.11629659443934,0.113986531214439,0.0290741486098349,0.020469340363763,0.0200627465968496,0.533962575092152,0.338555457997072,0.870716942794791,1.07161070226,0.0165,0.133130985202922,0.130486531214439,0.114012501514729,0.0288928109822775,0.234644646765163,0.5,0.1,0.4,-0.148478857882611,-3.86045030494788,1.74827183197443e-13,TRUE,FALSE,5.49504789379657,2050,0.55
0.272751498,1.94614138724681,0.433190965529138,0.566809034470862,0.996258416571143,1.05003096333544,1.10001384686835,0.597755049942686,0.120598606938346,0.11629659443934,0.110755395317031,0.0290741486098349,0.0157798612547211,0.0150279961312722,0.549595218223425,0.340085420682517,0.888354042777523,1.07526862894902,0.0165,0.133622105334375,0.127255395317031,0.11127438858439,0.0560829388275015,0.170798040974664,0.5,0.2,0.3,-0.125677322155708,-3.26761037604841,4.99573225385818e-13,TRUE,FALSE,3.58077104073514,2050,0.55
0.272751498,2.14829399576827,0.430936741958286,0.569063258041714,1.00555083398493,1.07556401026194,1.13843769062966,0.603330500390957,0.112478162293913,0.11629659443934,0.108126149006248,0.0290741486098349,0.0136084212869604,0.0126523583507097,0.560650495568197,0.341437954825028,0.901036002029848,1.07765440438947,0.0165,0.134043400608662,0.124626149006248,0.109485661854486,0.081967917663785,0.110946474413608,0.5,0.3,0.2,-0.109833566857714,-2.85567273830055,7.57481219252364e-13,TRUE,FALSE,2.20430999714179,2050,0.55
0.272751498,2.34535634013163,0.428974598955615,0.571025401044385,1.01105740253455,1.09785018652693,1.17365728361725,0.606634441520731,0.105731203602628,0.11629659443934,0.105931206157778,0.0290741486098349,0.0137564678177525,0.0125303688850947,0.567894401962881,0.342615240626631,0.909604277397687,1.07904466026272,0.0165,0.134411122517034,0.122431206157778,0.108421431346151,0.10678796837207,0.0542029839464294,0.5,0.4,0.1,-0.0993791749319035,-2.58385854822949,1.06188760807171e-13,TRUE,FALSE,1.27433561227294,2050,0.55
0.272751498,2.53885274900318,0.427309967007133,0.572690032992867,1.01344173429853,1.11759031077319,1.20631293430191,0.608065040579121,0.100001066452155,0.11629659443934,0.104060131264811,0.0290741486098349,0.0160765581123827,0.0143850192305804,0.571875427811846,0.34361401979572,0.914643591212884,1.07962997033303,0.0165,0.134736834567098,0.120560131264811,0.10794311889171,0.13069330394004,0,0.5,0.5,0,-0.0933220432605093,-2.42637312477324,1.15199509854335e-12,TRUE,FALSE,0.727383913797162,2050,0.55
0.272751498,1.76127668831697,0.439971451688938,0.560028548311062,1.00766535203313,1.03396532722884,1.05893138978291,0.604599211219879,0.130287835738556,0.11629659443934,0.112476300100922,0.0290741486098349,0.0232858770475989,0.0225209457555099,0.537335593851402,0.336017128986637,0.871844198114351,1.09646038580241,0.0165,0.133357022338616,0.128976300100922,0.136049783914347,0,0.232457961091387,0.6,0,0.4,-0.146993926395139,-3.82184208627359,1.96064736000005e-12,TRUE,FALSE,5.37269905142244,2050,0.55
0.272751498,1.96962427174051,0.437267581022326,0.562732418977674,1.02190017859222,1.06356760439038,1.10096805556893,0.613140107155332,0.120386488773117,0.11629659443934,0.109345747237195,0.0290741486098349,0.0178280535720524,0.0167625015076227,0.553454018150579,0.337639451386604,0.890024191492621,1.09973989373019,0.0165,0.133845459911781,0.125845747237195,0.132693439684695,0.0278023589549162,0.169341640907217,0.6,0.1,0.3,-0.123564965490369,-3.21268910274959,3.71990171974742e-14,TRUE,FALSE,3.39949821075679,2050,0.55
0.272751498,2.17104942715703,0.43487627278179,0.56512372721821,1.03146394375321,1.0890178698994,1.13897744021173,0.618878366251929,0.11236996902739,0.11629659443934,0.106790345368789,0.0290741486098349,0.0149217356726942,0.0137020117714622,0.565016120044425,0.339074236330926,0.903273828789014,1.10190085323896,0.0165,0.13426538929268,0.123290345368789,0.130465041060906,0.0542142227899204,0.110071300815899,0.6,0.2,0.2,-0.107083996157249,-2.78418390008847,1.48937061356184e-12,TRUE,FALSE,1.96142312966203,2050,0.55
0.272751498,2.3677339668538,0.432793499082717,0.567206500917283,1.03730693999498,1.11131491492007,1.17390248159668,0.622384163996989,0.105686370151374,0.11629659443934,0.104647740148169,0.0290741486098349,0.0143635182278281,0.0129247956947121,0.572792799021237,0.34032390055037,0.912437802882015,1.10319093975523,0.0165,0.134633290535521,0.121147740148169,0.129093903288854,0.0794988718490097,0.0538022668069056,0.6,0.3,0.1,-0.0959651132837898,-2.49509294537853,5.65153738588321e-14,TRUE,FALSE,0.966793428324396,2050,0.55
0.272751498,2.56090408144981,0.431012767690129,0.568987232309871,1.04004267959136,1.1310920191531,1.20632089696461,0.624025607754817,0.0999997262834087,0.11629659443934,0.102817978086714,0.0290741486098349,0.0160038602535655,0.0141490347226995,0.577296926495068,0.341392339385923,0.918070220926942,1.10376665585783,0.0165,0.134959612755366,0.119317978086714,0.128419564547262,0.103827124986247,0,0.6,0.4,0,-0.089241298982921,-2.32027377355594,1.63599373060978e-13,TRUE,FALSE,0.355468011973321,2050,0.55
0.272751498,1.99402090553247,0.441496009276945,0.558503990723055,1.04665225846952,1.07686127656954,1.10194461750637,0.627991355081711,0.120169977595879,0.11629659443934,0.107995892293403,0.0290741486098349,0.021216656932099,0.0197023120746685,0.556193437975094,0.335102394433833,0.890430662479201,1.12392185259355,0.0165,0.134064805502737,0.124495892293403,0.154147141401818,0,0.16784575029959,0.7,0,0.3,-0.123052071472616,-3.19935385828801,2.41787158215857e-14,TRUE,FALSE,3.35538109389445,2050,0.55
0.272751498,2.19484174032294,0.43896952898062,0.56103047101938,1.05651911937228,1.10225414687888,1.13955297320786,0.633911471623367,0.112254773975485,0.11629659443934,0.105507967258407,0.0290741486098349,0.0175538091699125,0.0159253736714146,0.568291800956811,0.336618282611628,0.904278689396963,1.12584108849139,0.0165,0.134483787862841,0.122007967258407,0.151436364412517,0.0268844427826797,0.109167131299366,0.7,0.1,0.2,-0.105853772432557,-2.75219808324648,1.53279251782602e-13,TRUE,FALSE,1.85235863469212,2050,0.55
0.272751498,2.3909659830712,0.436762151071855,0.563237848928145,1.06269148833383,1.12453749546225,1.17414889861657,0.637614893000296,0.105641342383862,0.11629659443934,0.103417267017437,0.0290741486098349,0.0162715554423102,0.0144695534901855,0.57660479259582,0.337942709356887,0.914043937698476,1.12700234099009,0.0165,0.134851463114467,0.119917267017437,0.149722282609936,0.0525917336412644,0.0533885780903745,0.7,0.2,0.1,-0.0940393111932425,-2.4450220910243,1.64220457658608e-12,TRUE,FALSE,0.792468470986883,2050,0.55
0.272751498,2.58371864535878,0.43486521742995,0.56513478257005,1.06578169120055,1.14434433899908,1.20630932014178,0.639469014720332,0.100001674748031,0.11629659443934,0.101627272907262,0.0290741486098349,0.0172167029891468,0.015045037059567,0.581643883847359,0.33908086954203,0.920279925739268,1.12754264288775,0.0165,0.135178276032825,0.118127272907262,0.148815795678818,0.0773062848738741,0,0.7,0.3,0,-0.086625897220014,-2.25227332772036,2.74423374328495e-12,TRUE,FALSE,0.11563341453528,2050,0.55
0.272751498,2.21941270817354,0.443197116666854,0.556802883333146,1.08068854364106,1.11522436234145,1.1401352669915,0.648413126184633,0.112138405008402,0.11629659443934,0.104280894828348,0.0290741486098349,0.0215069772655181,0.0192848883074645,0.570439818061501,0.334081729999888,0.904032220641368,1.14955676326365,0.0165,0.134697796417974,0.120780894828348,0.172524820143558,0,0.108242557134122,0.8,0,0.2,-0.106155264345055,-2.76003687297143,2.86327617224791e-13,TRUE,FALSE,1.87910959909669,2050,0.55
0.272751498,2.41507004101366,0.440867220904366,0.559132779095634,1.08721476193814,1.13751341070875,1.1744108005209,0.652328857162885,0.105593516445689,0.11629659443934,0.102237558998868,0.0290741486098349,0.0194823272161581,0.0171271187071274,0.579314003078015,0.335479667457381,0.914423056041454,1.15056690170869,0.0165,0.135065565716034,0.118737558998868,0.170423077565858,0.0260865589600324,0.0529636197067324,0.8,0.1,0.1,-0.0935857242368858,-2.43322883015903,8.85646950251928e-13,TRUE,FALSE,0.751320126347239,2050,0.55
0.272751498,2.60747899119426,0.438857096457166,0.561142903542834,1.09067830958907,1.15736550771712,1.20631586971637,0.654406985753441,0.100000572399386,0.11629659443934,0.100483895246483,0.0290741486098349,0.0197165791716667,0.0170357411208471,0.584909967963438,0.3366857421257,0.921281842563778,1.15104874025319,0.0165,0.135393125316672,0.116983895246483,0.169243431385375,0.0511496236149425,0,0.8,0.2,0,-0.0854441646403903,-2.22154828065014,3.98623953765084e-13,TRUE,FALSE,0.00688842881026351,2050,0.55
0.272751498,2.43992431034728,0.445096549203449,0.554903450796551,1.11086393937216,1.15021968121877,1.17467872882051,0.666518363623296,0.105544623459067,0.11629659443934,0.101108159022381,0.0290741486098349,0.0240028107549766,0.0208680229932628,0.580893561843828,0.332942070477931,0.913563288604798,1.17396858266612,0.0165,0.135275219179449,0.117608159022381,0.191315426977304,0,0.0525298036254278,0.9,0,0.1,-0.094614913354508,-2.4599877472172,3.52386589652876e-13,TRUE,FALSE,0.844636652568579,2050,0.55
0.272751498,2.63195651529028,0.442973030026509,0.557026969973491,1.11470933703462,1.17011645267587,1.20631929029226,0.668825602220773,0.0999999966948222,0.11629659443934,0.0993889062694473,0.0290741486098349,0.0235102708902684,0.0200922487984031,0.587060586317788,0.334216181984095,0.92105846985331,1.17436371813988,0.0165,0.135603515908492,0.115888906269447,0.18981937267702,0.0253764806664256,0,0.9,0.1,0,-0.0857074037430678,-2.22839249731976,5.38463094021805e-14,TRUE,FALSE,0.0311326191631885,2050,0.55
0.272751498,2.65708806819361,0.447205250236158,0.552794749763842,1.13786675020597,1.18258517738124,1.20631711915676,0.682720050123582,0.100000362110089,0.11629659443934,0.098340987747598,0.0290741486098349,0.028609669850849,0.0241924813519169,0.588071851458384,0.331676849858305,0.919597953654403,1.1975724350135,0.0165,0.13580924986613,0.114840987747598,0.210660686801894,0,0,1,0,0,-0.0874317369085984,-2.27322515962355,1.72963034338655e-13,TRUE,FALSE,0.189652577423147,2050,0.55
0.272751498,2.33644452256185,0.43627333349034,0.56372666650966,1.05522179730259,1.11594867074682,1.16567571414607,0.633133078381555,0.107206243938506,0.11629659443934,0.104213211134085,0.0290741486098349,0.0157339488181619,0.014099168922915,0.574039720635929,0.338235999905796,0.911707941340647,1.12084446520593,0.0165,0.134709747506662,0.120713211134085,0.144889161904769,0.0529776391816908,0.0672254133555546,0.675,0.2,0.125,-0.096842480640809,-2.51790449666103,5.7028216867287e-13,TRUE,FALSE,1.04601036625351,2050,0.55
0.272751498,2.3850543219765,0.435756238460779,0.564243761539221,1.05642373931495,1.12125134792269,1.17408311152656,0.633854243588972,0.105653360852798,0.11629659443934,0.103720360876086,0.0290741486098349,0.0156725991932056,0.0139777751190594,0.575752743826753,0.338546256923533,0.913755855838641,1.1210753705002,0.0165,0.134797241680064,0.120220360876086,0.144563297889072,0.0592817573166975,0.0534933028985688,0.675,0.225,0.1,-0.094384231422741,-2.45399001699126,2.55931620995149e-12,TRUE,FALSE,0.823735994367117,2050,0.55
0.272751498,2.43359471625997,0.435261612024511,0.564738387975489,1.05744898403809,1.12642143133299,1.18235830328658,0.634469390422853,0.104157453906814,0.11629659443934,0.103244302003129,0.0290741486098349,0.0157496340520809,0.0139820085218399,0.577272536489517,0.338843032785293,0.915592998506564,1.12127056330627,0.0165,0.134882548056334,0.119744302003129,0.144283661090663,0.0655233809382762,0.0399096956624046,0.675,0.25,0.075,-0.092188343107815,-2.39689692080318,3.71915453077606e-13,TRUE,FALSE,0.624338151840899,2050,0.55
0.272751498,2.48186596926583,0.434784490213142,0.565215509786858,1.0582816502832,1.13143339787168,1.19047756494304,0.634968990169919,0.102720250959167,0.11629659443934,0.102786955607023,0.0290741486098349,0.0159633642273637,0.0141089738533369,0.578589313773584,0.339129305872115,0.917212479042961,1.12142518714957,0.0165,0.134965245504223,0.119286955607023,0.144051487950704,0.0717066418371855,0.0264702204027076,0.675,0.275,0.05,-0.0902599156123798,-2.34675780592187,1.5290851896261e-12,TRUE,FALSE,0.448564690906647,2050,0.55
0.272751498,2.5299941401562,0.434327313475749,0.565672686524251,1.05894076682321,1.13631154729398,1.19846287678516,0.635364460093923,0.101335438128832,0.11629659443934,0.102345694467586,0.0290741486098349,0.0163117177820908,0.0143549696568125,0.579717417290985,0.33940361191455,0.918627706666477,1.12154423601872,0.0165,0.13504573496969,0.118845694467586,0.143863237373789,0.0778323959755545,0.0131686124504095,0.675,0.3,0.025,-0.0885802733174765,-2.30308710625438,1.05335299812992e-12,TRUE,FALSE,0.294960216012129,2050,0.55
0.272751498,2.57797601775817,0.433889605412921,0.566110394587078,1.05943108394646,1.14105996350302,1.2063176428545,0.635658650367874,0.100000273968403,0.11629659443934,0.101919792262549,0.0290741486098349,0.0167929017212203,0.0147169318513872,0.580661285271285,0.339666236752247,0.919843622994228,1.12162870454588,0.0165,0.13512408383714,0.118419792262549,0.143717488899221,0.0839025572494425,0,0.675,0.325,0,-0.0871413085898791,-2.26567402333685,1.0064710381989e-13,TRUE,FALSE,0.162988379159613,2050,0.55
0.272751498,2.34230902143025,0.437284996668565,0.562715003331435,1.06145921439541,1.11922206526854,1.16574906392154,0.636875528637246,0.107192548984461,0.11629659443934,0.103908418220326,0.0290741486098349,0.0163779750665777,0.0146333561272741,0.574851665100262,0.337629001998861,0.911952706041887,1.12677522032954,0.0165,0.134763758516271,0.120408418220326,0.150068952851562,0.0462638223059622,0.0670925561579971,0.7,0.175,0.125,-0.0965480922144097,-2.51025039757465,6.68373249443062e-13,TRUE,FALSE,1.01944435469321,2050,0.55
0.272751498,2.43945619719666,0.436259672184026,0.563740327815974,1.0637363815069,1.12970544893412,1.18240328619519,0.63824182890414,0.104149408933422,0.11629659443934,0.102944174119959,0.0290741486098349,0.0163041380505197,0.0144322027178879,0.57815686626173,0.338244196689585,0.915917742505693,1.12719209405459,0.0165,0.134936734346753,0.119444174119959,0.149425154208079,0.0588575278490927,0.0398328723827193,0.7,0.225,0.075,-0.0918011013350193,-2.3868286347105,7.70947902957855e-13,TRUE,FALSE,0.589091432067694,2050,0.55
0.272751498,2.4876929234921,0.435775069481227,0.564224930518773,1.0645906780388,1.13471804538633,1.19050480167394,0.638754406823282,0.102715479671026,0.11629659443934,0.102489420091795,0.0290741486098349,0.0164738461748488,0.0145180084531396,0.57950708930078,0.338534958311264,0.917574988730225,1.12734312982139,0.0165,0.135019442188214,0.118989420091795,0.149176914572985,0.0650643036199097,0.0264200505608118,0.7,0.25,0.05,-0.0898291826631388,-2.3355587492416,2.86687663790149e-12,TRUE,FALSE,0.409218998926667,2050,0.55
0.272751498,2.53576822465155,0.435310069663266,0.564689930336734,1.06526958680181,1.13959434764426,1.19847058856993,0.639161752081084,0.101334114249833,0.11629659443934,0.102050869837802,0.0290741486098349,0.0167786496615458,0.0147233528283377,0.5806671994089,0.33881395820204,0.919026835269245,1.12745928162668,0.0165,0.13509990117547,0.118550869837802,0.148974437441384,0.0712133852448894,0.0131440683509851,0.7,0.275,0.025,-0.0881075085332326,-2.29079522186404,4.36618938729339e-12,TRUE,FALSE,0.251640019017007,2050,0.55
0.272751498,2.34822774453902,0.438305054570381,0.561694945429619,1.06764285044851,1.12247997701989,1.16582358118262,0.640585710269105,0.107178638725697,0.11629659443934,0.103606832032852,0.0290741486098349,0.0171036635925843,0.0152373885884302,0.575594646164072,0.337016967257771,0.912120838647118,1.13269103791411,0.0165,0.134817514060168,0.120106832032852,0.155253917049163,0.0395756684733997,0.0669588330231763,0.725,0.15,0.125,-0.09634596385631,-2.50499506026405,4.0333296419643e-12,TRUE,FALSE,1.0011957562982,2050,0.55
0.272751498,2.39693748632672,0.437776680638964,0.562223319361036,1.06890594147831,1.1278090064038,1.17421642296293,0.641343564886984,0.105629008662103,0.11629659443934,0.103117277640982,0.0290741486098349,0.0169519035363659,0.0150308283052463,0.577388103292356,0.337333991616621,0.914255468835876,1.1329140406679,0.0165,0.134905443045002,0.119617277640982,0.154885735019439,0.0459268592699874,0.0532831094560893,0.725,0.175,0.1,-0.0937861834978166,-2.43844077094323,6.9150477615679e-13,TRUE,FALSE,0.769509528733189,2050,0.55
0.272751498,2.44538068673323,0.437266435961808,0.562733564038192,1.06997105889397,1.13297539915704,1.18245034766389,0.64198263533638,0.104140993212383,0.11629659443934,0.102647060585665,0.0290741486098349,0.0169397697436811,0.0149515777273582,0.578973146096688,0.337640138422915,0.916166577069502,1.13309806065141,0.0165,0.134990688525431,0.119147060585665,0.154570404699272,0.0522161385601775,0.0397554691310442,0.725,0.2,0.075,-0.0915045637209901,-2.37911865674574,7.91518359145435e-13,TRUE,FALSE,0.562083690080158,2050,0.55
0.272751498,2.49364117960295,0.436775758270889,0.563224241729111,1.07085309175388,1.13799743896405,1.19054193181585,0.64251185505233,0.10270897580335,0.11629659443934,0.102194073956096,0.0290741486098349,0.0170651258511569,0.0149957506641595,0.580361121199222,0.337934545037467,0.91786514216935,1.13324676045193,0.0165,0.135073552182247,0.118694073956096,0.154304620205028,0.0584453032966913,0.026369261420056,0.725,0.225,0.05,-0.0894846683430273,-2.3266013769187,5.21395953129087e-13,TRUE,FALSE,0.377726632670474,2050,0.55
0.272751498,2.5416794687311,0.436303329998002,0.563696670001998,1.07155349560823,1.14287422848088,1.19849008699713,0.642932097364936,0.101330767077804,0.11629659443934,0.101757998860401,0.0290741486098349,0.0173261193505565,0.0151601277890275,0.581554450571582,0.338218002001199,0.919354592182197,1.13336008291111,0.0165,0.135154019209274,0.118257998860401,0.154087129224451,0.0646168823205459,0.0131191851984139,0.725,0.25,0.025,-0.0877195899205567,-2.28070933793447,1.79328823198405e-12,TRUE,FALSE,0.216066286798649,2050,0.55
0.272751498,2.58969506193306,0.435853345086045,0.564146654913955,1.07209754400883,1.14763994144463,1.20632554259759,0.643258526405295,0.0999989444050624,0.11629659443934,0.101335436524584,0.0290741486098349,0.0177206572515537,0.0154409554875262,0.582571157089872,0.338487992948373,0.920650996339121,1.1334446830816,0.0165,0.135232653473176,0.117835436524584,0.153913512458654,0.0707309280442548,0,0.725,0.275,0,-0.0861879300369006,-2.24088618095941,1.0621982202625e-12,TRUE,FALSE,0.0753585473039425,2050,0.55
0.272751498,2.35430841211902,0.439336028088457,0.560663971911543,1.07378395216756,1.12573905298276,1.16591464974338,0.644270371300534,0.1071616424668,0.11629659443934,0.103306884602786,0.0290741486098349,0.0179109278551974,0.015910372663843,0.576275967218306,0.336398383146926,0.912218457112109,1.13859636481693,0.0165,0.134871288813555,0.119806884602786,0.160444202518293,0.0329128842149142,0.0668231285575531,0.75,0.125,0.125,-0.0962286415096099,-2.50194467924985,7.17337208081025e-13,TRUE,FALSE,0.990600546873289,2050,0.55
0.272751498,2.40293181447711,0.43879880337062,0.56120119662938,1.07506323258449,1.13106012795507,1.17428060239732,0.645037939550696,0.105617287900374,0.11629659443934,0.102820877126666,0.0290741486098349,0.0177137663850059,0.0156612066389715,0.578100011343656,0.336720717977628,0.914388465237422,1.13881072366046,0.0165,0.134959086550598,0.119320877126666,0.160055989255623,0.0392876514036582,0.0531772251322243,0.75,0.15,0.1,-0.0936270939729638,-2.43430444329705,7.70430403902673e-13,TRUE,FALSE,0.75507450635033,2050,0.55
0.272751498,2.45139817068217,0.438282307305918,0.561717692694082,1.07615632374823,1.13623573358544,1.18250388370021,0.64569379424894,0.104131420917096,0.11629659443934,0.102352523338058,0.0290741486098349,0.0176565517732783,0.0155395146019235,0.579723410018508,0.337030615616449,0.916341475021282,1.13899068174263,0.0165,0.1350444840435,0.118852523338058,0.15972067842108,0.0455993218111394,0.0396773319655369,0.75,0.175,0.075,-0.0912962331829132,-2.37370206275574,8.45799179067662e-14,TRUE,FALSE,0.543100801676272,2050,0.55
0.272751498,2.49961060940002,0.437783932621711,0.562216067378289,1.07705877283804,1.14125642239242,1.19057549998753,0.646235263702824,0.102703096393986,0.11629659443934,0.101902247520804,0.0290741486098349,0.0177374118677203,0.0155420039876204,0.581144316014951,0.337329640426973,0.918077368506618,1.13913455935952,0.0165,0.135127325408815,0.118402247520805,0.159437783581013,0.0518509140820548,0.0263182669961945,0.75,0.2,0.05,-0.0892328188272848,-2.3200532895094,2.82856029270169e-14,TRUE,FALSE,0.354692235550745,2050,0.55
0.272751498,2.54763588757866,0.437304793531965,0.562695206468035,1.07778305640575,1.14613737423922,1.19850909021025,0.64666983384345,0.101327505074831,0.11629659443934,0.101468285611518,0.0290741486098349,0.0179543315205531,0.0156650781346964,0.582372462140935,0.337617123880821,0.919605611058259,1.13924530369299,0.0165,0.135207861114287,0.117968285611518,0.159204384693289,0.0580442081053326,0.0130941479564218,0.75,0.225,0.025,-0.0874226820443444,-2.27298973315295,5.84719171239766e-13,TRUE,FALSE,0.188821466244414,2050,0.55
0.272751498,2.59560150495023,0.436847110886571,0.563152889113429,1.07834756278165,1.15090196593295,1.20632582148734,0.647008537668992,0.0999988974671082,0.11629659443934,0.101048219467647,0.0290741486098349,0.018305292620969,0.015905171042201,0.583421584196162,0.337891733468057,0.92093904324032,1.13932749059226,0.0165,0.135286476877234,0.117548219467647,0.159016811509022,0.0641800873551834,0,0.75,0.25,0,-0.085848197380691,-2.23205313189796,1.15420439871302e-12,TRUE,FALSE,0.0440948182270902,2050,0.55
0.272751498,2.36039049039672,0.440373835865725,0.559626164134275,1.07986551399584,1.1289742215167,1.16599953597299,0.647919308397504,0.107145803647551,0.11629659443934,0.103010850223934,0.0290741486098349,0.0188001010373736,0.0166523740569709,0.576883883032741,0.335775698480565,0.912236076376478,1.14448784239599,0.0165,0.134924669094365,0.119510850223934,0.165644113106093,0.0262767395176742,0.0666871798365216,0.775,0.1,0.125,-0.0962074685449097,-2.50139418216765,2.92065429478908e-13,TRUE,FALSE,0.988688205843198,2050,0.55
0.272751498,2.40899317828752,0.439829376447551,0.56017062355245,1.08116807689224,1.13429758610297,1.17434781494159,0.648700846135342,0.105605015298083,0.11629659443934,0.102527410676145,0.0290741486098349,0.0185571719457384,0.0163600559263235,0.578743429817932,0.33610237413147,0.914445533958604,1.1446950523537,0.0165,0.135012504610039,0.119027410676145,0.165234175749959,0.032674054575372,0.0530705856133314,0.775,0.125,0.1,-0.0935588428881422,-2.43252991509169,2.47961880744713e-13,TRUE,FALSE,0.748880442014393,2050,0.55
0.272751498,2.45737838787939,0.439304461540623,0.560695538459377,1.08227805371166,1.13946661982987,1.18254566793273,0.649366832226996,0.104123950768166,0.11629659443934,0.102062309167691,0.0290741486098349,0.0184547845114581,0.0161959852007016,0.580397613463622,0.336417323075626,0.916433984178667,1.14486750526682,0.0165,0.135097793666533,0.118562309167691,0.16487997238054,0.03900820624011,0.0395992396679904,0.775,0.15,0.075,-0.0911860726075395,-2.37083788779602,6.1598625924625e-13,TRUE,FALSE,0.533060140861755,2050,0.55
0.272751498,2.50560812376969,0.438799850376758,0.561200149623242,1.08320799414455,1.14449595641746,1.1906063824305,0.649924796486732,0.10269768782917,0.11629659443934,0.101613809806175,0.0290741486098349,0.0184908012644298,0.0161562836117922,0.581856354296406,0.336720089773945,0.91821133535129,1.14500802765581,0.0165,0.135180777720228,0.118113809806175,0.164578271317637,0.0452812401039062,0.0262670397139542,0.775,0.175,0.05,-0.0890738999834058,-2.31592139956854,1.35964023771687e-13,TRUE,FALSE,0.340151884241111,2050,0.55
0.272751498,2.55357656093576,0.438312854330594,0.561687145669406,1.08395227642784,1.1493747182602,1.19851961412542,0.650371365856704,0.101325698656047,0.11629659443934,0.101182488697313,0.0290741486098349,0.0186634629840941,0.0162379271856134,0.583116959342257,0.337012287401644,0.919776619080611,1.14511465447825,0.0165,0.135261277290633,0.117682488697313,0.16432888472828,0.051496074777974,0.013069079583804,0.775,0.2,0.025,-0.0872205046912136,-2.26773312197155,2.14908617353025e-12,TRUE,FALSE,0.170260778875332,2050,0.55
0.272751498,2.60152120707098,0.43784827971793,0.56215172028207,1.0845402197278,1.15414262829223,1.20632139722363,0.65072413183668,0.099999642087405,0.11629659443934,0.100764490963671,0.0290741486098349,0.0189705761367575,0.0164369426028636,0.584200687750661,0.337291032169242,0.921148817542381,1.14519480169983,0.0165,0.135339947806162,0.117264490963671,0.164126318848492,0.0576529910913576,0,0.775,0.225,0,-0.0856009158954283,-2.22562381328113,2.36015986190424e-13,TRUE,FALSE,0.0213265575041747,2050,0.55
0.272751498,2.36651484026409,0.441419537529135,0.558580462470865,1.08589152899344,1.13219178171483,1.16608400267444,0.651534917396067,0.107130046575514,0.11629659443934,0.102718105110422,0.0290741486098349,0.0197712517768089,0.0174628115979284,0.577420652019215,0.335148277482519,0.912175517964215,1.15036800911543,0.0165,0.134977758837634,0.119218105110422,0.170854988485359,0.0196671797675981,0.066550557799448,0.8,0.075,0.125,-0.0962802446526854,-2.50328636096981,2.73007543831719e-13,TRUE,FALSE,0.9952610305687,2050,0.55
0.272751498,2.46343794130106,0.44033514521447,0.55966485478553,1.08834891067482,1.14268568913667,1.1825922643043,0.653009346404892,0.104115621252458,0.11629659443934,0.101774788592308,0.0290741486098349,0.0193343976736333,0.0169201363572173,0.581004193712461,0.335798912871318,0.916451524993816,1.1507333149966,0.0165,0.135150908310095,0.118274788592308,0.170048159543278,0.0324422224674852,0.0395205255513001,0.8,0.125,0.075,-0.0911651873859312,-2.3702948720342,9.24575610170994e-13,TRUE,FALSE,0.531156314469858,2050,0.55
0.272751498,2.5116418264299,0.439823297868085,0.560176702131915,1.08930213506598,1.14771723990785,1.1906360551219,0.653581281039589,0.102692491533398,0.11629659443934,0.101328611608794,0.0290741486098349,0.0193253783462239,0.0168381006002624,0.582498160256425,0.336106021279149,0.918268243763077,1.15086884158357,0.0165,0.135233928897819,0.117828611608794,0.16972760378066,0.0387364363435006,0.0262155680304499,0.8,0.15,0.05,-0.0890064061259324,-2.31416655927424,1.16381840371447e-13,TRUE,FALSE,0.333975219396259,2050,0.55
0.272751498,2.55962473737398,0.439330157733669,0.560669842266331,1.09007361598506,1.15260441713656,1.19853838047427,0.654044169591036,0.101322477551611,0.11629659443934,0.100898966471305,0.0290741486098349,0.0194534394446253,0.0168778109431108,0.583796197038151,0.336401905359799,0.919874609154334,1.15097284103644,0.0165,0.135314567322093,0.117398966471305,0.169460517816542,0.0449717346644014,0.0130437498810169,0.8,0.175,0.025,-0.0871046880175632,-2.26472188845664,8.25411089292087e-13,TRUE,FALSE,0.15962523617608,2050,0.55
0.272751498,2.42127883843934,0.441914629801232,0.558085370198768,1.09321594663279,1.1407253535208,1.17448621451233,0.655929567979676,0.105579751079993,0.11629659443934,0.101949688485835,0.0290741486098349,0.0204891619034654,0.0179615205712983,0.579820341645865,0.334851222119261,0.9143285826928,1.15643092835328,0.0165,0.135118562772433,0.118449688485835,0.175622400401154,0.0195249521184746,0.0528554259368807,0.825,0.075,0.1,-0.0936987193978862,-2.43616670434504,6.26304517090838e-13,TRUE,FALSE,0.761573974470578,2050,0.55
0.272751498,2.46956422795086,0.44137404777336,0.55862595222664,1.09436738491939,1.14589096047498,1.18264191814637,0.656620430951633,0.104106746281214,0.11629659443934,0.101490105473154,0.0290741486098349,0.0202955435158497,0.0177115835763615,0.581541904151573,0.335175571335984,0.916393132779953,1.15658903459921,0.0165,0.135203795287177,0.117990105473154,0.175227253394484,0.0259017329177514,0.0394412751247579,0.825,0.1,0.075,-0.0912347160071119,-2.3721026161849,5.3144684828934e-13,TRUE,FALSE,0.537494026650789,2050,0.55
0.272751498,2.51771760930176,0.44085453038646,0.55914546961354,1.09534129571435,1.15092106664914,1.19066521711073,0.657204777428611,0.10268738505444,0.11629659443934,0.101046542468748,0.0290741486098349,0.0202412880732437,0.0175870341240476,0.583069183356212,0.335487281768124,0.918247516289451,1.15671846844528,0.0165,0.135286792039051,0.117546542468748,0.17488769515509,0.0322166542967199,0.0261638283379422,0.825,0.125,0.05,-0.089030988116257,-2.31480569102268,6.03888240564158e-13,TRUE,FALSE,0.336224915946289,2050,0.55
0.272751498,2.56569870294694,0.440354748051433,0.559645251948568,1.0961387702338,1.15581433059564,1.19855449003975,0.657683262140279,0.101319712586219,0.11629659443934,0.100618751092494,0.0290741486098349,0.0203245179933393,0.0175845872951456,0.584404101729793,0.33578715116914,0.919894673675687,1.1568189925573,0.0165,0.135367530894168,0.117118751092494,0.174602378725491,0.0384720474656493,0.0130183190919116,0.825,0.15,0.025,-0.0870809763515976,-2.26410538514153,6.26488120754618e-13,TRUE,FALSE,0.157447494436706,2050,0.55
0.272751498,2.6136037121373,0.439876307373601,0.560123692626399,1.09677450281089,1.16058926817052,1.20632638815305,0.658064701686531,0.0999988020957267,0.11629659443934,0.100204781854189,0.0290741486098349,0.0205432253110987,0.0177006852247408,0.585557956306075,0.33607421557584,0.92134530877947,1.1568939339793,0.0165,0.135446317364153,0.116704781854189,0.174367839821317,0.0446693724867938,0,0.825,0.175,0,-0.0853693945918339,-2.21960425938768,1.34179939842066e-12,TRUE,TRUE,0,2050,0.55
0.272751498,2.47568500678638,0.442419436695417,0.557580563304583,1.1003260021019,1.14907151631523,1.18268474420356,0.660195601261141,0.104099092593598,0.11629659443934,0.101209187407475,0.0290741486098349,0.0213385028615517,0.0185702130446838,0.58200520211327,0.33454833798275,0.916254309324914,1.16243411878758,0.0165,0.135256274458541,0.117709187407475,0.180420366123745,0.0193872178804214,0.0393619272117647,0.85,0.075,0.075,-0.0914000510805659,-2.37640132809471,2.40172696648089e-12,TRUE,FALSE,0.552561499585897,2050,0.55
0.272751498,2.52385900292108,0.441893738370695,0.558106261629305,1.10132828728308,1.15411091255725,1.19069736455197,0.660796972369849,0.102681756239949,0.11629659443934,0.100767260038858,0.0290741486098349,0.0212386288486901,0.0184025890558734,0.583571351281149,0.334863756977583,0.918151124545312,1.16255893121854,0.0165,0.135339424496534,0.117267260038858,0.180059798246357,0.0257220208168077,0.0261117484049411,0.85,0.1,0.05,-0.0891453196174223,-2.31777831005298,4.49520877778938e-13,TRUE,FALSE,0.346686980844268,2050,0.55
0.272751498,2.57181143565131,0.441386838653138,0.558613161346862,1.10214899853038,1.15900633447471,1.19856976547362,0.66128939911823,0.101317090891031,0.11629659443934,0.100341638332846,0.0290741486098349,0.0212768298992562,0.018357820200266,0.58494135599536,0.335167896808117,0.919837511036385,1.16265478857396,0.0165,0.135420198958173,0.116841638332846,0.179756057747868,0.031997110651954,0.0129927661435207,0.85,0.125,0.025,-0.0871485322155383,-2.26586183760399,6.5403263444832e-13,TRUE,FALSE,0.163651752357942,2050,0.55
0.272751498,2.61969605811203,0.440901480231726,0.559098519768274,1.10280883689011,1.16378483082094,1.20632655503187,0.661685302134064,0.0999987740095935,0.11629659443934,0.0999296359253145,0.0290741486098349,0.0214509819440486,0.0184320858770062,0.586130579958935,0.335459111860964,0.92132763550978,1.16272648205921,0.0165,0.135499044147885,0.116429635925314,0.179504547997349,0.0382138720938293,0,0.85,0.15,0,-0.0853902145751764,-2.22014557895458,1.40447153096074e-12,TRUE,FALSE,0.00191820260243027,2050,0.55
0.272751498,2.53002792078805,0.442940085624812,0.557059914375188,1.10725902184931,1.15728107188691,1.19072730079832,0.664355413109587,0.102676515005836,0.11629659443934,0.100491226603855,0.0290741486098349,0.0223176440661757,0.0192845494567603,0.584001559176385,0.334235948625113,0.917976524599307,1.16839054767316,0.0165,0.135391732125474,0.116991226603855,0.185246432373246,0.0192528980602557,0.0260594781825683,0.875,0.075,0.05,-0.0893524760194662,-2.32316437650611,7.44706253857424e-13,TRUE,FALSE,0.365637524613389,2050,0.55
0.272751498,2.57796750196125,0.442426359188136,0.557573640811864,1.10810484878106,1.1621810581141,1.19858497541875,0.664862909268639,0.101314480536157,0.11629659443934,0.100067535628275,0.0290741486098349,0.0223105407225411,0.0191971298850326,0.585408007919939,0.334544184487118,0.919703334595904,1.16848173711879,0.0165,0.135472581898222,0.116567535628275,0.184923284546693,0.0255470986308367,0.0129670879414095,0.875,0.1,0.025,-0.0873071374035812,-2.26998557249311,6.12074451503687e-13,TRUE,FALSE,0.178214852555322,2050,0.55
0.272751498,2.62583226653194,0.441934155793152,0.558065844206848,1.10878892959997,1.16696325314354,1.2063266125505,0.66527335775998,0.0999987643290625,0.11629659443934,0.09965746061503,0.0290741486098349,0.0224399006166696,0.0192293121109182,0.586632790483879,0.334839506524109,0.921233079337971,1.16854974572322,0.0165,0.135551488116208,0.11615746061503,0.184654138015316,0.0317827759007754,0,0.875,0.125,0,-0.0855016199794236,-2.22304211946501,1.4467204477939e-12,TRUE,FALSE,0.0121810400975898,2050,0.55
0.272751498,2.58417060131398,0.44347338303202,0.55652661696798,1.11400650497864,1.16533899874967,1.19860062037247,0.668403902987181,0.101311795629145,0.11629659443934,0.0997963636024521,0.0290741486098349,0.0234258464654387,0.0201021732650954,0.585803845396267,0.333915970180788,0.919492004939268,1.17430126811388,0.0165,0.135524687918709,0.116296363602452,0.190105873280855,0.0191221896988053,0.0129412798971713,0.9,0.075,0.025,-0.0875570365248035,-2.27648294964489,6.49169519777102e-13,TRUE,FALSE,0.201151926703536,2050,0.55
0.272751498,2.63820944768585,0.444021014006966,0.555978985993034,1.12058377834563,1.17326467021472,1.20632325263756,0.672350267007378,0.0999993298132227,0.11629659443934,0.0991222163180423,0.0290741486098349,0.0246620655666574,0.0210200359669434,0.587423091450197,0.333587391595821,0.920811463417352,1.1801732017818,0.0165,0.135655461497883,0.115622216318042,0.194999658003594,0.0189946512040829,0,0.925,0.075,0,-0.0859986432931235,-2.2359647256212,4.7057655673028e-13,TRUE,FALSE,0.0579419417487891,2050,0.55
0.481736233,8.82592143397719,0.57773748208144,0.42226251791856,1.32750071105374,1.75689457149965,1.64742078837414,0.796500426632243,0.0531146307079202,0.205404126931454,0.116913177525573,0.0513510317328636,0.11719649795552,0.0667066196553178,0.720272302289602,0.253357510751136,0.96117720967378,1.0992817070531,0.0165,0.234392887361199,0.133413177525573,0,0,0.500000231555322,0,0,1,-0.0403908768700374,-1.05016279862097,0.00536672909594163,FALSE,FALSE,NA,2070,0.55
0.481736233,6.82911478258274,0.550929247675867,0.449070752324133,1.24506835632855,1.59984508134382,1.53763563491776,0.74704101379713,0.0610975772116571,0.205404126931454,0.128390010587101,0.0513510317328636,0.104945105371254,0.0655970422355539,0.696201191128404,0.26944245139448,0.958073241505453,1.07682299832302,0.0165,0.231801570773627,0.144890010587101,0,0.0273632142256544,0.500000550850593,0,0.1,0.9,-0.0437615379265432,-1.13779998609012,0.00478176114190439,FALSE,FALSE,NA,2070,0.55
0.481736233,5.12903291475386,0.523272189647156,0.476727810352844,1.1496780445523,1.44022155450357,1.42300487306586,0.689806826731383,0.0715052109661349,0.205404126931454,0.142619811715188,0.0513510317328636,0.0944672805370565,0.0655921863144305,0.655584655709479,0.286036686211707,0.938560654653107,1.04887697256231,0.0165,0.229167782580763,0.159119811715188,0,0.0615530414353699,0.499885306202398,0,0.2,0.8,-0.0654612411486619,-1.70199226986521,0.0040708931666437,FALSE,FALSE,NA,2070,0.55
0.481736233,3.70926706801689,0.493919857241713,0.506080142758287,1.03954902608583,1.27641708672776,1.30326651301898,0.623729415651499,0.0854753241382445,0.205404126931454,0.160922420317979,0.0513510317328636,0.0864333968247238,0.0677156375635067,0.59845762803461,0.303648085654972,0.901865941752835,1.0135814502939,0.0165,0.226465008862462,0.177422420317979,0,0.105543779080917,0.500000327161111,0,0.3,0.7,-0.108812245483442,-2.82911838256949,0.00321346094197193,FALSE,FALSE,NA,2070,0.55
0.481736233,2.56609598859854,0.461923276088211,0.538076723911789,0.91392897954172,1.10849147091916,1.17985003446637,0.548357387725032,0.104607517481197,0.205404126931454,0.185300593031297,0.0513510317328636,0.0817986850684887,0.0737927960786757,0.52457583300858,0.322846034347073,0.846255711865777,0.968541834967257,0.0165,0.22369423620162,0.201800593031297,0,0.164179197722957,0.50000028397446,0,0.4,0.6,-0.181675923693627,-4.7235740160343,0.00221083744283156,FALSE,FALSE,NA,2070,0.55
0.481736233,1.67972144187841,0.425274855047368,0.574725144952632,0.769984013910795,0.93468833293451,1.05424632986057,0.461990408346477,0.131466068069141,0.205404126931454,0.219756810579389,0.0513510317328636,0.0823979833711272,0.0881555706514852,0.433281998256221,0.344835086971579,0.768763348976746,0.908991566568502,0.0165,0.220826484424874,0.236256810579389,0,0.246268780515977,0.500000251350619,0,0.5,0.5,-0.30079042052543,-7.82055093366117,0.00112880281661866,FALSE,FALSE,NA,2070,0.55
0.481736233,1.02866774586378,0.380185846635766,0.619814153364234,0.60147332592034,0.751698212952064,0.930522612393994,0.360883995552204,0.169389657914394,0.205404126931454,0.273253445854012,0.0513510317328636,0.0918366170317641,0.122172190181355,0.322423778276783,0.37188849201854,0.662342696951782,0.824504839053845,0.0165,0.217807147445163,0.289753445854012,0,0.369403070673716,0.500000115861393,0,0.6,0.4,-0.509792445213295,-13.2546035755456,0.00022224271594836,FALSE,FALSE,NA,2070,0.55
0.481736233,1.35518583101501,0.373462379640816,0.626537620359183,0.635909999992826,0.810485528774781,1.02516308686236,0.381545999995696,0.13914900497383,0.205404126931454,0.253433429270435,0.0513510317328636,0.0841013734558627,0.103766656491695,0.354205645987395,0.37592257221551,0.703434628816052,0.84337411404044,0.0165,0.218777138156238,0.269933429270435,0,0.400000152362675,0.348052080627262,0,0.7,0.3,-0.421596206719444,-10.9615013747055,8.13329745986736e-05,FALSE,FALSE,NA,2070,0.55
0.481736233,1.97895979298539,0.382943218915947,0.617056781084053,0.706026913409501,0.91984739279251,1.15203230184329,0.4236161480457,0.109799713400641,0.205404126931454,0.223302396181045,0.0513510317328636,0.0795431118860361,0.0864742483473872,0.408155096651166,0.370234068650432,0.761619490959013,0.879113915209942,0.0165,0.220581608912531,0.239802396181045,0,0.40000023561547,0.203030422623004,0,0.8,0.2,-0.31299160784452,-8.13778180395751,0.000147539188427818,FALSE,FALSE,NA,2070,0.55
0.481736233,2.71189233099719,0.395460892085362,0.604539107914638,0.763000761588558,1.02327455276045,1.26476704235641,0.457800456953135,0.0908407635675102,0.205404126931454,0.200732175326106,0.0513510317328636,0.0820266908688782,0.0801609799125735,0.449335695182437,0.362723464748783,0.801566873267792,0.90584324211514,0.0165,0.222288157052002,0.217232175326106,0,0.399985965070129,0.0902325241067293,0,0.9,0.1,-0.247556546247034,-6.43647020242286,0.000286165485424827,FALSE,FALSE,NA,2070,0.55
0.481736233,3.55288358596679,0.409594345184762,0.590405654815238,0.810112014618117,1.1225199545733,1.36675200947156,0.48606720877087,0.0776071674946896,0.205404126931454,0.182984833449605,0.0513510317328636,0.0895703418496562,0.0797939862759092,0.480127146737238,0.354243392889143,0.827884838135464,0.926582891000538,0.0165,0.223925706181914,0.199484833449605,0,0.400000265163352,0,0,1,0,-0.207897468266442,-5.40533417492748,0.000477269677323871,FALSE,FALSE,NA,2070,0.55
0.481736233,6.83971250294682,0.551221585718164,0.448778414281836,1.28021559420741,1.61018754466455,1.53815336866584,0.768129356524445,0.0610558310669548,0.205404126931454,0.127565343311761,0.0513510317328636,0.105092175585442,0.06526704043493,0.697481895041155,0.269267048569101,0.959058824792665,1.11087963460307,0.0165,0.231972221418419,0.144065343311761,0.0309630747529713,0,0.499934947306272,0.1,0,0.9,-0.042688909323352,-1.10991164240715,0.0047812026106183,FALSE,FALSE,NA,2070,0.55
0.481736233,5.12322898911398,0.523962950131798,0.476037049868202,1.1853849670705,1.45051096013358,1.42185416679518,0.7112309802423,0.0716227518646273,0.205404126931454,0.141608117812869,0.0513510317328636,0.0931830684011509,0.0642415472631584,0.658072264986109,0.285622229920921,0.940475307770929,1.0841095282959,0.0165,0.229337557773658,0.158108117812869,0.0323530978426933,0.0307836100933583,0.500000454849699,0.1,0.1,0.8,-0.0632921372174602,-1.64559556765396,0.00406287298917681,FALSE,FALSE,NA,2070,0.55
0.481736233,3.70048291718818,0.495113298895642,0.504886701104358,1.07718928212133,1.28787725340638,1.30121050451879,0.646313569272796,0.0857497546099757,0.205404126931454,0.159490453292943,0.0513510317328636,0.0833065755363835,0.0646851827812327,0.602991904204938,0.302932020662615,0.905596646257866,1.05121007889077,0.0165,0.22665410161266,0.175990453292943,0.0347661424516059,0.0703625266036459,0.500000378441059,0.1,0.2,0.7,-0.104244372074732,-2.71035367394302,0.00319738250507157,FALSE,FALSE,NA,2070,0.55
0.481736233,2.55449831050452,0.463609386431035,0.536390613568965,0.954293415635034,1.12132768818793,1.17667201462209,0.57257604938102,0.105181936473063,0.205404126931454,0.183179394476015,0.0513510317328636,0.0763108255038082,0.0680539919843831,0.531634570212591,0.321834368141379,0.852568315540941,1.0100650551551,0.0165,0.223906033786555,0.199679394476015,0.038757967933116,0.123134402383434,0.500000300587276,0.1,0.3,0.6,-0.172926534767499,-4.49608990395496,0.00218330693904928,FALSE,FALSE,NA,2070,0.55
0.481736233,1.66687931900048,0.427596951979958,0.572403048020042,0.814435357888161,0.949629026515379,1.04969168422793,0.488661214732896,0.132626813794224,0.205404126931454,0.216299334999453,0.0513510317328636,0.0736967195810234,0.0776057992366243,0.443591682561949,0.343441828812025,0.778874123054638,0.957035326788113,0.0165,0.221073005868958,0.232799334999453,0.0455305846025089,0.197015025907124,0.500000255143079,0.1,0.4,0.5,-0.283904510883141,-7.38151728296165,0.00108982543330239,FALSE,FALSE,NA,2070,0.55
0.481736233,1.0153424241332,0.383438486303431,0.616561513696569,0.652808731716833,0.770257632238649,0.923926358105106,0.3916852390301,0.171854007096125,0.205404126931454,0.266669382209788,0.0513510317328636,0.0784674048765585,0.10187163566105,0.33744046451243,0.369936908217941,0.67898702055263,0.884773642528181,0.0165,0.218113377863392,0.283169382209788,0.0583713427787561,0.307835888162095,0.50000010925722,0.1,0.5,0.4,-0.472782203091447,-12.2923372803776,0.000187481727522493,FALSE,FALSE,NA,2070,0.55
0.481736233,1.01997204398914,0.359263132961777,0.640736867038223,0.612704092241895,0.74249398254314,0.945415581913448,0.367622455345137,0.16401602311472,0.205404126931454,0.276640796775104,0.0513510317328636,0.0770412689299864,0.103760125659349,0.317354053012008,0.384442120222934,0.665226385477205,0.863869584269194,0.0165,0.217655277643416,0.293140796775104,0.0617135369238525,0.384489995562051,0.390315601555415,0.1,0.6,0.3,-0.503247648967867,-13.0844388731645,3.6868168530021e-12,TRUE,FALSE,20.893984456784,2070,0.55
0.481736233,1.45291716027001,0.36238476156889,0.63761523843111,0.667254530181865,0.828308875510148,1.0594688890185,0.400352718109119,0.130153670237255,0.205404126931454,0.247980111048488,0.0513510317328636,0.0726011307759233,0.0876498283701342,0.361910644140843,0.382569143058666,0.717580960856976,0.890615547448515,0.0165,0.219071223377372,0.264480111048488,0.0547402587379526,0.399415797705175,0.231695744123348,0.1,0.7,0.2,-0.393570976027212,-10.2328453767075,5.29170662482505e-12,TRUE,FALSE,14.6681913370784,2070,0.55
0.481736233,2.07462156699136,0.374689404637517,0.625310595362483,0.729898170621727,0.932945358740894,1.17856372483811,0.437938902373036,0.104839449294879,0.205404126931454,0.220167371011597,0.0513510317328636,0.0739799663380894,0.079297212473336,0.408974800530245,0.37518635721749,0.766522265018673,0.919611126239978,0.0165,0.220797725350679,0.236667371011597,0.0490604946041697,0.400000099923512,0.101515176874528,0.1,0.8,0.1,-0.304593546249618,-7.91943220249006,3.16560158834078e-05,FALSE,FALSE,NA,2070,0.55
0.481736233,2.81057951061572,0.389031749128718,0.610968250871282,0.782489965764543,1.03396979876938,1.2867150379427,0.469493979458726,0.0877224360928323,0.205404126931454,0.198655828415805,0.0513510317328636,0.0810959877504926,0.0784316793846515,0.445461824720565,0.366580950522769,0.800518219539904,0.942582163802138,0.0165,0.222464628611149,0.215155828415805,0.0455414062046036,0.399977955290529,0,0.1,0.9,0,-0.249190806143984,-6.47896095974358,0.000141760806920878,FALSE,FALSE,NA,2070,0.55
0.481736233,5.11185227127438,0.525286790702138,0.474713209297862,1.2191328532104,1.46024644994571,1.41962880087855,0.731479711926243,0.0718508853675341,0.205404126931454,0.140664013899223,0.0513510317328636,0.0947413475007908,0.0648803820097035,0.658326915744165,0.284827925578717,0.939843936032216,1.1187703785481,0.0165,0.229498193355558,0.157164013899223,0.0646097611527274,0,0.499872033126786,0.2,0,0.8,-0.0640064394326441,-1.66416742524874,0.0040464871586057,FALSE,FALSE,NA,2070,0.55
0.481736233,3.68160911823129,0.496910237719166,0.503089762280834,1.11233802548491,1.29803731230991,1.29746459105864,0.667402815290946,0.0862531409627305,0.205404126931454,0.158242082090791,0.0513510317328636,0.0833262899716599,0.0641940637464246,0.604885386482179,0.3018538573685,0.906345703935095,1.08789961030282,0.0165,0.226821742584568,0.174742082090791,0.0692321318568053,0.0351812465754635,0.500000140724011,0.2,0.1,0.7,-0.103331759237436,-2.68662574017332,0.0031682181961772,FALSE,FALSE,NA,2070,0.55
0.481736233,2.5359812859661,0.465901351304965,0.534098648695035,0.992183422157319,1.13289339363807,1.17194164504002,0.595310053294391,0.106045696800877,0.205404126931454,0.181309316556113,0.0513510317328636,0.0743452440051122,0.0656242188564334,0.536154440515372,0.320459189217021,0.855896791277889,1.05027618322351,0.0165,0.224096867926482,0.197809316556113,0.0767655373672358,0.0820853822747046,0.499974601127746,0.2,0.2,0.6,-0.168365169948772,-4.37749441866807,0.00213922798927447,FALSE,FALSE,NA,2070,0.55
0.481736233,1.64541314348905,0.430951204470128,0.569048795529872,0.854956008977925,0.962466889140548,1.04251969325929,0.512973605386755,0.134485834295362,0.205404126931454,0.213414226763555,0.0513510317328636,0.0690952650303105,0.0717897579749578,0.450225681750705,0.341429277317923,0.784367502399734,1.0025779413608,0.0165,0.221284830602273,0.229914226763555,0.0895868723573474,0.147761241599542,0.500000160968148,0.2,0.3,0.5,-0.274912584905098,-7.14772720753253,0.00102923599229844,FALSE,FALSE,NA,2070,0.55
0.481736233,0.993450507948568,0.38825741934232,0.61174258065768,0.69859416558522,0.785797060873931,0.913531524306656,0.419156499351132,0.17584750196264,0.205404126931454,0.261395896165624,0.0513510317328636,0.0701227971327453,0.089237795130918,0.347827765878242,0.367045548394608,0.689176822921676,0.940132570307886,0.0165,0.218369778435874,0.277895896165624,0.11305997823292,0.24626870267606,0.500000093312001,0.2,0.4,0.4,-0.451006427872356,-11.7261671246812,0.000137723813983423,FALSE,FALSE,NA,2070,0.55
0.481736233,1.09034254277628,0.370421665589597,0.629578334410403,0.686966782948389,0.788459055787926,0.956755072104746,0.412180069769034,0.160093364944538,0.205404126931454,0.260513371523381,0.0513510317328636,0.0631661154976633,0.0801133743521278,0.349021625478666,0.377747000646242,0.69864307484013,0.933529624838337,0.0165,0.218413701351955,0.277013371523381,0.112599887333587,0.308143300235941,0.375374565741965,0.2,0.5,0.3,-0.4313460420814,-11.2149970941164,2.44552042401536e-12,TRUE,FALSE,16.920207700695,2070,0.55
0.481736233,1.50739349968517,0.371653850358145,0.628346149641855,0.734457305335955,0.866835825313571,1.06351554756061,0.440674383201573,0.129150168988437,0.205404126931454,0.236958511558,0.0513510317328636,0.0583596777253596,0.0673249489939441,0.389785467279149,0.377007689785113,0.745923352606876,0.952675499883434,0.0165,0.219706918049128,0.253458511558,0.101876556471747,0.333512797071297,0.225710680846231,0.2,0.6,0.2,-0.340620315083539,-8.856128192172,1.51914736493225e-13,TRUE,FALSE,11.2978294103019,2070,0.55
0.481736233,1.86693387683206,0.371187225585448,0.628812774414552,0.752606836763849,0.916506577853018,1.14177795768537,0.45156410205831,0.111811088895166,0.205404126931454,0.22411636958747,0.0513510317328636,0.062889985482014,0.0686192407143856,0.406300204199443,0.377287664648731,0.765142752101656,0.959761789701148,0.0165,0.220526485466029,0.24061636958747,0.0982535633866879,0.364237050110772,0.105644512369791,0.2,0.7,0.1,-0.306945661124346,-7.98058718923298,1.26367635771833e-12,TRUE,FALSE,9.01233660911857,2070,0.55
0.481736233,2.2036030394509,0.370867086596166,0.629132913403834,0.756467088019719,0.953295423072331,1.20633179850677,0.453880252811832,0.0999978915253022,0.205404126931454,0.215467442683682,0.0513510317328636,0.0742730142491805,0.0779118544488648,0.409904137609836,0.377479748042301,0.769415338987889,0.96135572843302,0.0165,0.221133501412148,0.231967442683682,0.0976874453501043,0.395420755084661,0,0.2,0.8,0,-0.299688151935506,-7.79189195032313,4.1461483024887e-12,TRUE,FALSE,8.50425795798442,2070,0.55
0.481736233,3.65196760908706,0.499386785714579,0.500613214285421,1.14452713941274,1.30669147797328,1.29188679764408,0.686716283647643,0.0870109131693949,0.205404126931454,0.157194051077797,0.0513510317328636,0.0865111194485262,0.0662062322337234,0.603609486907726,0.300367928571252,0.903555580998522,1.12386879539513,0.0165,0.226964536318013,0.173694051077797,0.103925238480084,0,0.499983185971107,0.3,0,0.7,-0.106738778476579,-2.77520824039105,0.00312771485169766,FALSE,FALSE,NA,2070,0.55
0.481736233,2.50483021622897,0.469188683641164,0.530811316358836,1.0258721689344,1.14218113531924,1.16446638215542,0.615523301360638,0.1074324122821,0.205404126931454,0.179834984644571,0.0513510317328636,0.0759274557248295,0.0664758446597945,0.536345741369703,0.318486789815301,0.854204373385881,1.08913908742049,0.0165,0.224250115664222,0.196334984644571,0.114930364079268,0.0410448045366228,0.500000346173404,0.3,0.1,0.6,-0.170680028289034,-4.43768073551487,0.00207833094292052,FALSE,FALSE,NA,2070,0.55
0.481736233,1.61699358897782,0.435187987747144,0.564812012252856,0.891661991107369,0.973272876127224,1.03320182422154,0.534997194664421,0.136959733637242,0.205404126931454,0.211044746000508,0.0513510317328636,0.0685863936194552,0.0704698500305168,0.453027995164988,0.338887207351713,0.78520245366726,1.04640487087137,0.0165,0.221463129387553,0.227544746000508,0.133316777401084,0.09850751523919,0.500000266744373,0.3,0.2,0.5,-0.273556896478782,-7.11247930844832,0.000951886637011626,FALSE,FALSE,NA,2070,0.55
0.481736233,0.965716228681827,0.394275947409606,0.605724052590394,0.739201573627546,0.798542293737726,0.900453009237661,0.443520944176527,0.181071852697429,0.205404126931454,0.25722385469406,0.0513510317328636,0.066747136186133,0.0835862254379922,0.353489201647696,0.363434431554236,0.693111302060565,0.99221367568056,0.0165,0.218580074778127,0.27372385469406,0.166521595560611,0.184701527515405,0.500000094688168,0.3,0.3,0.4,-0.442769721150239,-11.5120127499062,8.43627552421616e-05,FALSE,FALSE,NA,2070,0.55
0.481736233,1.16230321935612,0.381919944632429,0.618080055367571,0.754572951889662,0.831244744849754,0.967340445307203,0.452743771133797,0.156556600185984,0.205404126931454,0.247104271280032,0.0513510317328636,0.0548935333808017,0.0660377508801257,0.375429989595879,0.370848033220543,0.724472683033011,0.995203547597625,0.0165,0.219119665221475,0.263604271280032,0.157487177153491,0.237240954117047,0.361253271041867,0.3,0.4,0.3,-0.380314293995864,-9.88817164389244,3.43688100490258e-14,TRUE,FALSE,13.8486557722257,2070,0.55
0.481736233,1.56541686082041,0.381504073844307,0.618495926155693,0.796930308612124,0.903639182848965,1.06759855113309,0.478158185167274,0.128149313961214,0.205404126931454,0.227307680797841,0.0513510317328636,0.0490101521552588,0.0542364176824882,0.41361404700602,0.371097555693416,0.768514426606537,1.0090209913802,0.0165,0.220314173448462,0.243807680797841,0.144318509282686,0.270461396542373,0.219647437191988,0.3,0.5,0.2,-0.301211747469223,-7.83150543419978,2.5315552540719e-12,TRUE,FALSE,8.61139079335921,2070,0.55
0.481736233,1.91992355743475,0.380222921517263,0.619777078482737,0.814116051079028,0.95154006284822,1.14326225353497,0.488469630647417,0.111516558724148,0.205404126931454,0.21586492776418,0.0513510317328636,0.0520205029409294,0.0546697979118376,0.430230753433028,0.371866247089642,0.787892824803786,1.01448365852654,0.0165,0.22110453796845,0.23236492776418,0.139456456891987,0.305186098462498,0.103270043419128,0.3,0.6,0.1,-0.269208156894989,-6.99941207926969,1.22087226962417e-13,TRUE,FALSE,6.30699051330332,2070,0.55
0.481736233,2.25330777629774,0.37924290376258,0.62075709623742,0.81796609423165,0.987473755181923,1.20632078261108,0.49077965653899,0.0999997455296723,0.205404126931454,0.208009707451529,0.0513510317328636,0.0618560230656837,0.062640675502599,0.434413134227472,0.372454257742452,0.793068068431786,1.0157732405915,0.0165,0.221697443891956,0.224509707451529,0.13852875873869,0.339217659025753,0,0.3,0.7,0,-0.260925814321842,-6.78407117236789,1.19579972624904e-13,TRUE,FALSE,5.69157159455018,2070,0.55
0.481736233,2.46920159819461,0.472930395440333,0.527069604559667,1.05717560249112,1.15026228577775,1.15594023092243,0.634305361494671,0.109047369565132,0.205404126931454,0.178571556653768,0.0513510317328636,0.0811096399153716,0.0705140392050056,0.533826255293229,0.3162417627358,0.84947336241788,1.12764286011749,0.0165,0.224383454646787,0.195071556653768,0.15369395162469,0,0.500000383211483,0.4,0,0.6,-0.177199950277043,-4.6071987072031,0.00200483759199883,FALSE,FALSE,NA,2070,0.55
0.481736233,1.58268158915345,0.440241395922306,0.559758604077694,0.924678820237752,0.982099504947768,1.02201362338161,0.554807292142651,0.140020991509273,0.205404126931454,0.2091479793001,0.0513510317328636,0.0722545673035971,0.073571534187302,0.451972986292209,0.335855162446616,0.781420750728386,1.08926532310323,0.0165,0.221608768763092,0.2256479793001,0.177800249797956,0.0492537587710196,0.500000278433078,0.4,0.1,0.5,-0.27972030313742,-7.27272788157289,0.000861802065971679,FALSE,FALSE,NA,2070,0.55
0.481736233,0.933704507972496,0.401330552316068,0.598669447683932,0.774747213204767,0.808583144038249,0.885295363119477,0.46484832792286,0.187421795403212,0.205404126931454,0.254029691870176,0.0513510317328636,0.0684717340642978,0.0846811296638392,0.354208455575383,0.359201668610359,0.69071349568172,1.04239636828647,0.0165,0.218745748808085,0.270529691870176,0.220982071161671,0.123134345095089,0.500000067961875,0.4,0.2,0.4,-0.447778284704023,-11.6422354023046,3.71482139798771e-05,FALSE,FALSE,NA,2070,0.55
0.481736233,1.23324562266541,0.393326789832448,0.606673210167552,0.815782151496207,0.870445005471958,0.976905378904816,0.489469290897724,0.153460137503578,0.205404126931454,0.235975995772511,0.0513510317328636,0.0518077396847934,0.0595186822362236,0.396343409059713,0.364003926100531,0.743171933770571,1.05116712211166,0.0165,0.219766469521742,0.252475995772511,0.199386391422263,0.171583948531238,0.348367410654331,0.4,0.3,0.3,-0.345583645666464,-8.98517478732803,2.30831988479477e-13,TRUE,FALSE,11.6250169452258,2070,0.55
0.481736233,1.6246416680082,0.39153414548011,0.60846585451989,0.854603148495098,0.938187432924198,1.07154601258319,0.512761889097059,0.127192650292839,0.205404126931454,0.218937197113415,0.0513510317328636,0.0443196888335341,0.0472396956921453,0.433040099101554,0.365079512711934,0.78544952882647,1.06103811557602,0.0165,0.220884219574704,0.235437197113415,0.184131631443065,0.210593137164062,0.213783942272609,0.4,0.4,0.2,-0.27315627968367,-7.10206327177541,7.93993902569973e-13,TRUE,FALSE,6.59753733131571,2070,0.55
0.481736233,1.97456562585338,0.389523919497186,0.610476080502814,0.871287401048142,0.984663711157905,1.14473288259904,0.522772440628885,0.111225881036841,0.205404126931454,0.208603327820329,0.0513510317328636,0.0455662724109242,0.0462759741164229,0.450132276298951,0.366285648301688,0.805443504651054,1.06516816283331,0.0165,0.22165107816556,0.225103327820329,0.178031819471362,0.248543015258287,0.10092352740791,0.4,0.5,0.1,-0.241552007341887,-6.28035219088905,3.56037608700404e-13,TRUE,FALSE,4.21993506405807,2070,0.55
0.481736233,2.30518438898837,0.387979934975143,0.612020065024857,0.875441240269339,1.02001867395337,1.20631468854471,0.525264744161603,0.100000771199197,0.205404126931454,0.201372908336425,0.0513510317328636,0.0536856434722521,0.0526320202199614,0.455198295826931,0.367212039014914,0.811819525904166,1.06620326945281,0.0165,0.222234435051685,0.217872908336425,0.176580030135185,0.284900178858542,0,0.4,0.6,0,-0.231800872104237,-6.02682267471014,5.91380556374008e-13,TRUE,FALSE,3.46172455502845,2070,0.55
0.481736233,1.54414564656972,0.445957247568742,0.554042752431258,0.95374012413598,0.988930581841977,1.00942757470401,0.572244074481588,0.143588370314209,0.205404126931454,0.207703281406132,0.0513510317328636,0.0803021684573902,0.081201016463481,0.446581598751029,0.332425651458755,0.772602296463701,1.13187590855563,0.0165,0.221721481531847,0.224203281406132,0.224351440819312,0,0.500000281012892,0.5,0,0.5,-0.294326983723873,-7.65250157682068,0.000759880622411045,FALSE,FALSE,NA,2070,0.55
0.481736233,0.898714071719054,0.409459593952621,0.590540406047379,0.805295812408081,0.816069344278775,0.868440891524795,0.483177487444848,0.19488073609389,0.205404126931454,0.251699354192733,0.0513510317328636,0.0756162662154629,0.0926591186712093,0.349764408303461,0.354324243628427,0.681762740942493,1.09207327673317,0.0165,0.218869271112054,0.268199354192733,0.278768346946559,0.0615507679242621,0.499866842536432,0.5,0.1,0.4,-0.466785935848539,-12.136434332062,6.40000811624515e-06,FALSE,FALSE,NA,2070,0.55
0.481736233,1.30268740787664,0.404568273020323,0.595431726979677,0.871280326403787,0.906361590039596,0.985518480422274,0.522768195842272,0.150749373593182,0.205404126931454,0.226624924520997,0.0513510317328636,0.0535920641124065,0.0591287899899478,0.411984462558304,0.357259036187806,0.755430768330066,1.10326030358102,0.0165,0.220359093167108,0.243124924520997,0.240212472407412,0.11053616120584,0.33663285458142,0.5,0.2,0.3,-0.323748041412944,-8.41744907673653,4.45006332684771e-12,TRUE,FALSE,10.1672462097649,2070,0.55
0.481736233,1.68407194780514,0.401600997014063,0.598399002985937,0.907727678613098,0.970437597445527,1.07527992130887,0.544636607167859,0.126297517476611,0.205404126931454,0.211661344812008,0.0513510317328636,0.0441020772663011,0.0454455571202008,0.448030033929262,0.359039401791562,0.797018275091549,1.10994720941774,0.0165,0.221416347289306,0.228161344812008,0.222790279643927,0.153820641429691,0.208201676278572,0.5,0.3,0.2,-0.254676374748289,-6.62158574345551,4.40340583328052e-12,TRUE,FALSE,5.22182908846781,2070,0.55
0.481736233,2.02991590333761,0.398932065662561,0.601067934337439,0.924296209402037,1.01578764776616,1.14616173632681,0.554577725641222,0.110944542263502,0.205404126931454,0.202211680151026,0.0513510317328636,0.0433797927562962,0.0427055722243655,0.465922788034604,0.360640760602463,0.818006312183315,1.11288137269425,0.0165,0.222164623119596,0.218711680151026,0.215307667624523,0.194352460885118,0.0986485975704764,0.5,0.4,0.1,-0.222484454100276,-5.78459580660716,8.85220475702469e-14,TRUE,FALSE,2.72601709927287,2070,0.55
0.481736233,2.3581125219144,0.396887980559183,0.603112019440817,0.928975628149803,1.05075069168414,1.20631484777574,0.557385376889882,0.100000744399418,0.205404126931454,0.195483218385737,0.0513510317328636,0.0496441937530159,0.0472464059704271,0.472102745397693,0.36186721166449,0.825800386942488,1.11363392034436,0.0165,0.222741513344243,0.211983218385737,0.213138507406042,0.23261758904547,0,0.5,0.5,0,-0.210946393113816,-5.4846062209592,5.61186198061757e-13,TRUE,FALSE,1.79917743610789,2070,0.55
0.481736233,0.917788738752133,0.420297479916979,0.579702520083021,0.845110459398808,0.837808884425298,0.866974177637228,0.507066275639285,0.195550693744719,0.205404126931454,0.245168236754081,0.0513510317328636,0.0866624419722899,0.10343939242389,0.35078036384013,0.347821512049813,0.67793139725447,1.14504911401918,0.0165,0.219227973524472,0.261668236754081,0.333112037286865,0,0.488600464038209,0.6,0,0.4,-0.475075507713411,-12.3519632005487,1.90913632096071e-11,TRUE,FALSE,19.3831561416862,2070,0.55
0.481736233,1.3711594746751,0.415697160506717,0.584302839493283,0.921746377971905,0.939486428650821,0.993384554910475,0.553047826783143,0.148335680914521,0.205404126931454,0.218634480145106,0.0513510317328636,0.0600640382496849,0.0639328429000744,0.422654258005149,0.35058170369597,0.761843321506857,1.1529208704427,0.0165,0.220905653004193,0.235134480145106,0.281332992901441,0.0534948985634118,0.325832563977145,0.6,0.1,0.3,-0.312605849221191,-8.12775207975094,8.84663090873428e-12,TRUE,FALSE,9.40469147298753,2070,0.55
0.481736233,1.74372853839455,0.411687631324728,0.588312368675272,0.95665890750897,1.00058924579382,1.07883605237436,0.573995344505382,0.125453716706944,0.205404126931454,0.205283164690118,0.0513510317328636,0.0482470648139537,0.0482186521759752,0.45867870113197,0.352987421205163,0.803531680328749,1.15678770895311,0.0165,0.221913849487052,0.221783164690118,0.261417530314592,0.0999289058503005,0.202885960362731,0.6,0.2,0.2,-0.244506003286478,-6.35715608544842,8.53406066214596e-13,TRUE,FALSE,4.44728143494442,2070,0.55
0.481736233,2.08560896768587,0.408398271084117,0.591601728915883,0.973379543712951,1.04498820549627,1.14752979246402,0.584027726227771,0.110676168563565,0.205404126931454,0.19656119164896,0.0513510317328636,0.0453740103670162,0.0434205956855446,0.477614572873511,0.35496103734953,0.825798054902221,1.15853293569605,0.0165,0.222646432322143,0.21306119164896,0.252318525395949,0.142524370216628,0.0964558869142834,0.6,0.3,0.1,-0.210949812806722,-5.48469513297476,7.17888187838404e-13,TRUE,FALSE,1.79945475284946,2070,0.55
0.481736233,2.41165178116967,0.405895327383049,0.594104672616951,0.978756760725174,1.07969491234872,1.2063184874283,0.587254056435105,0.100000131821462,0.205404126931454,0.190242747819037,0.0513510317328636,0.0496587095509149,0.0459932791967035,0.48509545953367,0.356462803570171,0.835185699064096,1.15892465035116,0.0165,0.223219092985208,0.206742747819037,0.249207712479937,0.182354000349555,0,0.6,0.4,0,-0.19733850941245,-5.13080124472368,1.17189334278302e-13,TRUE,FALSE,0.683114299139482,2070,0.55
0.481736233,1.4393475839043,0.426802384937278,0.573197615062722,0.967677612047907,0.970253079224056,1.00067862177938,0.580606567228744,0.146148685432181,0.205404126931454,0.211701597582893,0.0513510317328636,0.0711784973767435,0.0733607539114097,0.428560160563965,0.343918569037633,0.762789628629927,1.2013165068227,0.0165,0.221413302738651,0.228201597582893,0.323919804742272,0,0.315765274925525,0.7,0,0.3,-0.310977447079523,-8.08541362406759,1.43588007190555e-13,TRUE,FALSE,9.29216047959855,2070,0.55
0.481736233,1.80363889535311,0.421820114621043,0.578179885378957,1.00165158160786,1.02882207103288,1.08221154828376,0.600990948964714,0.124660537253153,0.205404126931454,0.199649806040066,0.0513510317328636,0.056736939496303,0.0551474750530402,0.465034611996607,0.346907931227374,0.805176675772483,1.20244575245103,0.0165,0.222379691103497,0.216149806040066,0.301003101420239,0.0487142110456399,0.197809220609568,0.7,0.1,0.2,-0.241963447389487,-6.29104963212666,2.34024373259448e-12,TRUE,FALSE,4.25166526880705,2070,0.55
0.481736233,2.14178683598695,0.417934529893895,0.582065470106105,1.01877446874351,1.07243217972392,1.14885505541801,0.611264681246109,0.110417112571253,0.205404126931454,0.191531111071594,0.0513510317328636,0.0515319532471556,0.0480514798245064,0.485245636996755,0.349239282063663,0.828991112319808,1.20292143878698,0.0165,0.223099257896899,0.208031111071594,0.289946375453984,0.0929297197634506,0.0943377458204726,0.7,0.2,0.1,-0.206285550157045,-5.36342430408315,5.03061882563714e-13,TRUE,FALSE,1.41974935447626,2070,0.55
0.481736233,2.46572193685922,0.414991604684869,0.585008395315131,1.0249730376617,1.10695526277426,1.2063223736138,0.614983822597018,0.0999994777565393,0.205404126931454,0.185557749115053,0.0513510317328636,0.053715379728493,0.0485253393112483,0.49417460636784,0.351005037189079,0.840115163458762,1.20282738802958,0.0165,0.22366888876723,0.202057749115054,0.285635351912127,0.134036827825997,0,0.7,0.3,0,-0.190312999330938,-4.94813798260438,3.50238153621284e-13,TRUE,FALSE,0.0969224469561047,2070,0.55
0.481736233,1.86429313317712,0.432065177833861,0.567934822166139,1.04291954459811,1.05536952024106,1.08545851767692,0.625751726758864,0.123904601160601,0.205404126931454,0.194627685367052,0.0513510317328636,0.069651512407071,0.0659972749555639,0.46712313183701,0.340760893299683,0.802053375991436,1.24775175401418,0.0165,0.222817724015432,0.211127685367052,0.342512567959105,0,0.19292037412187,0.8,0,0.2,-0.24679981399477,-6.41679516386401,7.22713890220621e-13,TRUE,FALSE,4.62307537282502,2070,0.55
0.481736233,2.19864465692712,0.427581377875773,0.572418622124227,1.06064135702793,1.09827461283931,1.15013751453352,0.636384814216759,0.110167284363376,0.205404126931454,0.18702437853902,0.0513510317328636,0.0619192198254783,0.0563786316296634,0.488806846574554,0.343451173274536,0.82765759901352,1.24677873160817,0.0165,0.223525658043303,0.20352437853902,0.329047712005766,0.0454526104034886,0.0922825726373859,0.8,0.1,0.1,-0.208229104876091,-5.41395672677835,7.2621592595399e-13,TRUE,FALSE,1.57832533197391,2070,0.55
0.481736233,2.52042484779218,0.424201685702528,0.575798314297472,1.06776936587669,1.13265703344438,1.2063192337067,0.640661619526011,0.100000006218489,0.205404126931454,0.181347151755925,0.0513510317328636,0.0618703841532581,0.0546241115592703,0.49931803453235,0.345478988578483,0.840657139278269,1.24603032619986,0.0165,0.224092967983287,0.197847151755925,0.323219665051096,0.0875837592561108,0,0.8,0.2,0,-0.189545598647425,-4.92818556483303,8.15920957598307e-14,TRUE,FALSE,0.0324728873205092,2070,0.55
0.481736233,2.25660027533363,0.437407602064715,0.562592397935285,1.09907519418283,1.12268032204731,1.15138971315037,0.659445116509697,0.10992416418794,0.205404126931454,0.182958695273897,0.0513510317328636,0.076700255578926,0.0683188741021631,0.488233853865792,0.337555438761171,0.821767096757572,1.29083798131594,0.0165,0.223928352245235,0.199458695273897,0.370548935704496,0,0.0902737067449218,0.9,0,0.1,-0.21688980240956,-5.63913486264855,9.76307052185174e-13,TRUE,FALSE,2.27879989700804,2070,0.55
0.481736233,2.576076897518,0.433578518683109,0.566421481316891,1.10723724181778,1.15693958733988,1.20630979532168,0.664342345090671,0.100001594770635,0.205404126931454,0.177540927096923,0.0513510317328636,0.0742648081993428,0.0641907399591173,0.500461118748584,0.339852888790135,0.836793395061431,1.28921089415086,0.0165,0.224493630122562,0.194040927096923,0.362797931968891,0.0429217490504108,0,0.9,0.1,0,-0.195038113232941,-5.07099094405646,2.45233890265558e-12,TRUE,FALSE,0.491933631429346,2070,0.55
0.481736233,2.63335051573201,0.443205103991933,0.556794896008067,1.14341279575692,1.17996975459272,1.20632157540841,0.68604767745415,0.099999612098072,0.205404126931454,0.174075755867448,0.0513510317328636,0.0911503058232381,0.0772480018817939,0.497479429941846,0.33407693760484,0.828402892729069,1.33309638672389,0.0165,0.224873627882234,0.190575755867448,0.405340131173467,0,0,1,0,0,-0.207142090855846,-5.38569436225199,1.62526416105617e-13,TRUE,FALSE,1.4896980352617,2070,0.55
0.481736233,2.04465507820276,0.416390901703601,0.583609098296399,1.00470876758336,1.05581071495463,1.13277593620342,0.602825260550014,0.113622496619368,0.205404126931454,0.194546355726538,0.0513510317328636,0.0500152268113275,0.0473713953674704,0.479950813352241,0.350165458977839,0.824119818709929,1.1917830093519,0.0165,0.222825003728206,0.211046355726538,0.282336015133126,0.0944819117113191,0.119891819785197,0.675,0.2,0.125,-0.213415788938788,-5.54881051240848,1.19265242841901e-14,TRUE,FALSE,1.99902377357823,2070,0.55
0.481736233,2.12769879991735,0.415542410310195,0.584457589689805,1.00776283866702,1.06572908238927,1.1485293154523,0.604657703200214,0.110480702693289,0.205404126931454,0.192735780908743,0.0513510317328636,0.0495999763961067,0.046540886624683,0.483719099995925,0.350674553813883,0.828619163658273,1.19190246912615,0.0165,0.222988656790877,0.209235780908743,0.280434726988195,0.105125445754918,0.0948606715902964,0.675,0.225,0.1,-0.206827024836232,-5.37750264574202,3.07763756864809e-13,TRUE,FALSE,1.46397997617592,2070,0.55
0.481736233,2.20985458460129,0.414749930824857,0.585250069175143,1.01014116701437,1.07508316555663,1.16371152718115,0.606084700208624,0.107573945856694,0.205404126931454,0.191058825505007,0.0513510317328636,0.0496389369748874,0.0461721832926168,0.486790554648471,0.351150041505086,0.832336095549105,1.19197424827787,0.0165,0.223142999163139,0.207558825505007,0.278930184123619,0.115582375514246,0.070400174176859,0.675,0.25,0.075,-0.201437742935183,-5.23738131631474,6.06923429637842e-13,TRUE,FALSE,1.02197755662612,2070,0.55
0.481736233,2.2912493597814,0.414013433750039,0.585986566249961,1.01190019375848,1.08393046890685,1.17837607813229,0.60714011625509,0.104873347620445,0.205404126931454,0.189499357037731,0.0513510317328636,0.0501149908707078,0.0462345070170866,0.489213278762183,0.351591939749976,0.83532482230315,1.19200251855311,0.0165,0.223288979668417,0.205999357037731,0.277784202353227,0.125864029777766,0.0464622038298091,0.675,0.275,0.05,-0.197139092841524,-5.12561641387962,5.76867634987879e-13,TRUE,FALSE,0.666570329520648,2070,0.55
0.481736233,2.37198146606923,0.413332744897941,0.586667255102059,1.01308704533568,1.09231859192984,1.19256645949006,0.607852227201406,0.10235527957898,0.205404126931454,0.188044155294069,0.0513510317328636,0.0510132668720698,0.0467018205576293,0.491028146614598,0.352000353061235,0.837631026096647,1.19199098068708,0.0165,0.223427383698297,0.204544155294069,0.276966331089963,0.135980067298344,0.0230067285580531,0.675,0.3,0.025,-0.193843075106699,-5.03991995277415,2.92836673433664e-13,TRUE,FALSE,0.392325956301257,2070,0.55
0.481736233,2.4521341568037,0.412707887083798,0.587292112916202,1.0137423398352,1.10028862144923,1.20631932149796,0.608245403901123,0.0999999914427276,0.205404126931454,0.186682042263518,0.0513510317328636,0.0523206185512767,0.0475517219130769,0.492270956540082,0.352375267749721,0.83929417670207,1.19194313857843,0.0165,0.223558889185367,0.203182042263518,0.276451865172222,0.145938625469876,0,0.675,0.325,0,-0.191477348180121,-4.97841105268313,1.02573496733107e-13,TRUE,FALSE,0.194550852193007,2070,0.55
0.481736233,2.0588990371446,0.418814574693654,0.581185425306346,1.01567402529165,1.06253718353457,1.13320160190198,0.60940441517499,0.113535859776289,0.205404126931454,0.19331476593428,0.0513510317328636,0.0520908734495516,0.0490249887314713,0.481384155360392,0.348711255183808,0.824380933210185,1.20286177536623,0.0165,0.222935990459775,0.20981476593428,0.291958969809026,0.0822033030074125,0.119212582283477,0.7,0.175,0.125,-0.213031451498938,-5.53881773897238,9.44086873810965e-13,TRUE,FALSE,1.96797309945177,2070,0.55
0.481736233,2.22379374718217,0.417112444815813,0.582887555184187,1.02120241839312,1.08176850732255,1.16394497737018,0.612721451035872,0.107530144771918,0.205404126931454,0.189878079774981,0.0513510317328636,0.0514312993643707,0.0475437203211493,0.488410575686928,0.349732533110512,0.832819248816207,1.20294481764893,0.0165,0.223253307302276,0.206378079774981,0.288343716305167,0.103465323820526,0.0700219868280327,0.7,0.225,0.075,-0.200740738667398,-5.21925920535233,5.52707874663458e-13,TRUE,FALSE,0.964522935625646,2070,0.55
0.481736233,2.30504585185336,0.416347922325493,0.583652077674507,1.02301372935498,1.09060274820611,1.17852404529644,0.613808237612991,0.104846616029541,0.205404126931454,0.188340004891162,0.0513510317328636,0.0517714967244921,0.047470535728659,0.490926741090712,0.350191246604704,0.835919340499999,1.20293489591902,0.0165,0.223399072276855,0.204840004891162,0.287111433575697,0.113822081743468,0.0462186634958324,0.7,0.25,0.05,-0.196287669814958,-5.10347941518889,6.55584382813053e-13,TRUE,FALSE,0.595872644119988,2070,0.55
0.481736233,2.38564792433048,0.415640739182171,0.584359260817829,1.02425576022885,1.09898286582425,1.19263602221825,0.614553456137311,0.102343158905665,0.205404126931454,0.186903848384751,0.0513510317328636,0.0525373871995088,0.0478054652472724,0.492835301992652,0.350615556490697,0.83833737699653,1.20289453145849,0.0165,0.223537344217554,0.203403848384751,0.286217661824321,0.124010012033773,0.022888900292735,0.7,0.275,0.025,-0.192837188749297,-5.01376690748171,5.03962846838703e-13,TRUE,FALSE,0.308329580804173,2070,0.55
0.481736233,2.0731748797193,0.421244783317247,0.578755216682753,1.02641561079128,1.06916088966735,1.13362199965097,0.615849366474768,0.113450391871677,0.205404126931454,0.192117134957455,0.0513510317328636,0.0544330429594177,0.0509119286774076,0.482560056203459,0.347253130009652,0.824355978835201,1.21390994255104,0.0165,0.223045281610966,0.208617134957455,0.301680224883281,0.0700618334840714,0.118538960692747,0.725,0.15,0.125,-0.213068171608315,-5.53977246181617,4.20429804275633e-12,TRUE,FALSE,1.97094057220757,2070,0.55
0.481736233,2.15594916394355,0.420334258377247,0.579665741622753,1.02956996223639,1.07904062099857,1.14918310674356,0.617741977341835,0.110353126426839,0.205404126931454,0.190358104166058,0.0513510317328636,0.0537275318469367,0.0497919455499421,0.486520974948936,0.347799444973652,0.829083311121855,1.21390798527649,0.0165,0.223208297177931,0.206858104166058,0.299548249469083,0.0808657022242233,0.0938182172990989,0.725,0.175,0.1,-0.20615140431047,-5.3599365120722,1.41629365900409e-13,TRUE,FALSE,1.40878544801213,2070,0.55
0.481736233,2.23778152468115,0.419481925061762,0.580518074938238,1.03204648322135,1.0883558041331,1.16417767070019,0.619227889932812,0.107486512176957,0.205404126931454,0.188728838631097,0.0513510317328636,0.0534851327120265,0.049143058280126,0.489779516873119,0.348310844962943,0.833023214298728,1.21387967401183,0.0165,0.223361997699651,0.205228838631097,0.297843130502365,0.0914759152297876,0.0696464354590428,0.725,0.2,0.075,-0.200446737660053,-5.21161517916137,3.12762716150965e-13,TRUE,FALSE,0.940268190199352,2070,0.55
0.481736233,2.31888680378192,0.41868935537642,0.58131064462358,1.03391140055098,1.09717711711809,1.17867133145714,0.620346840330586,0.104820017566374,0.205404126931454,0.187211457226689,0.0513510317328636,0.0536873868603265,0.0489322881626854,0.492390991409445,0.348786386774148,0.836236677641615,1.2138288279865,0.0165,0.223507549363903,0.203711457226689,0.296519628837347,0.101903728581066,0.0459767664305146,0.725,0.225,0.05,-0.195833699641394,-5.09167619067623,6.37559645567855e-13,TRUE,FALSE,0.558136202203184,2070,0.55
0.481736233,2.39936222323876,0.417955828926916,0.582044171073084,1.03521062702019,1.1055504707352,1.19270597453772,0.621126376212113,0.102330972509756,0.205404126931454,0.185793532153135,0.0513510317328636,0.0543189452953396,0.049132940316345,0.494395497802188,0.34922650264385,0.838768781366135,1.21375717208921,0.0165,0.223645709698585,0.202293532153136,0.295545137552523,0.112159689631747,0.0227718157737182,0.725,0.25,0.025,-0.192223676197463,-4.99781558113403,6.04761417732891e-13,TRUE,FALSE,0.257028728173475,2070,0.55
0.481736233,2.47928333277102,0.4172807234962,0.5827192765038,1.03598303731217,1.1135144828812,1.20631600317367,0.621589822387303,0.100000549937585,0.205404126931454,0.184464710687889,0.0513510317328636,0.0553663329507983,0.049722148927546,0.495827480700666,0.34963156590228,0.840657853977338,1.2136664833189,0.0165,0.223777115898994,0.200964710687889,0.294893494086855,0.122252839232104,0,0.725,0.275,0,-0.189544587335715,-4.92815927072858,4.05192252095835e-13,TRUE,FALSE,0.0323878982147504,2070,0.55
0.481736233,2.0875873401036,0.423685053145605,0.576314946854396,1.03694769937212,1.07570126878052,1.1340528685102,0.622168619623274,0.113362894771842,0.205404126931454,0.190949042166988,0.0513510317328636,0.0570428916262299,0.0530285621870624,0.483486754057236,0.345788968112637,0.824053221582296,1.22494118216227,0.0165,0.223153197866333,0.207449042166988,0.311508973830959,0.0580546061706846,0.11786844283139,0.75,0.125,0.125,-0.213513853000735,-5.5513601780191,1.05135258567914e-12,TRUE,FALSE,2.00694323307163,2070,0.55
0.481736233,2.17014625652038,0.42274133651328,0.57725866348672,1.04014574110314,1.08554945247882,1.14950672851606,0.624087444661884,0.110290058474833,0.205404126931454,0.189216738548778,0.0513510317328636,0.0561889437730146,0.0517608328618366,0.487540672841428,0.346355198092032,0.828892455372506,1.22487220162057,0.0165,0.223315692897355,0.205716738548778,0.309256021677959,0.0689325378932545,0.0933026270474354,0.75,0.15,0.1,-0.206429125417239,-5.3671572608482,1.24551196729409e-13,TRUE,FALSE,1.43148123730157,2070,0.55
0.481736233,2.25182463267438,0.42185925925602,0.57814074074398,1.04267544480056,1.09484776838831,1.16440994509263,0.625605266880338,0.107442984486013,0.205404126931454,0.187609759879059,0.0513510317328636,0.0558022363095391,0.0509680321965526,0.490896906294913,0.346884444446388,0.832948341122015,1.22478980348362,0.0165,0.223469115109861,0.204109759879059,0.307441637374437,0.0796126474387907,0.0692733425766101,0.75,0.175,0.075,-0.200554645025117,-5.21442077065302,9.6658797722768e-14,TRUE,FALSE,0.949171803781436,2070,0.55
0.481736233,2.33277768464481,0.421038506043852,0.578961493956148,1.04459520146137,1.10365604178154,1.17881813825861,0.626757120876821,0.104793515691773,0.205404126931454,0.186112447316364,0.0513510317328636,0.055864403057197,0.0506175845936744,0.493605426137503,0.347376896373689,0.836277116778471,1.22469512002078,0.0165,0.22361445162085,0.202612447316364,0.30602176162241,0.0901075616084665,0.0457364138467216,0.75,0.2,0.05,-0.195775873734566,-5.09017271709871,5.19049933305005e-13,TRUE,FALSE,0.553327344559302,2070,0.55
0.481736233,2.41312529662869,0.420278661907477,0.579721338092523,1.04595311259285,1.1120231296213,1.19277585183435,0.627571867555711,0.102318801345762,0.205404126931454,0.184712099469915,0.0513510317328636,0.05635964468138,0.0506820795180524,0.495707849262492,0.347832802855514,0.838925301853012,1.22458940173766,0.0165,0.223752508570206,0.201212099469915,0.304961598982874,0.100427870108401,0.0226554454453296,0.75,0.225,0.025,-0.192001239909212,-4.9920322376395,6.2714834560773e-13,TRUE,FALSE,0.238415948617541,2070,0.55
0.481736233,2.49293255384854,0.419578613229931,0.580421386770069,1.04678643203021,1.1199853615893,1.20631540509423,0.628071859218129,0.100000650598613,0.205404126931454,0.183398938928969,0.0513510317328636,0.0572743419929801,0.0511384737312155,0.497237432226587,0.348252832062041,0.840930213598975,1.2244734094957,0.0165,0.223883885397678,0.199898938928969,0.304234493611342,0.110583065962239,0,0.75,0.25,0,-0.18915931884555,-4.91814228998428,5.20473046830805e-13,TRUE,TRUE,0,2070,0.55
0.481736233,2.10198773097373,0.42613249764759,0.57386750235241,1.04725264535236,1.08213465214601,1.13447002309986,0.628351587211415,0.113278278571901,0.205404126931454,0.189813833725879,0.0513510317328636,0.0599241407953664,0.0553758635087873,0.484149442954684,0.344320501411446,0.823459531267498,1.23596358472709,0.0165,0.223259348691863,0.206313833725879,0.321467430330685,0.0461819187840472,0.117204112065574,0.775,0.1,0.125,-0.214388761109807,-5.57410778885497,2.45493384617265e-12,TRUE,FALSE,2.07754247010657,2070,0.55
0.481736233,2.18433732234045,0.425155770855082,0.574844229144918,1.05049772136507,1.0919535873759,1.14981889181537,0.630298632819041,0.110229274529107,0.205404126931454,0.188107012336546,0.0513510317328636,0.0589189264374244,0.0539573541573447,0.488299548848396,0.344906537486951,0.828414234152252,1.23582453466709,0.0165,0.223421361123157,0.204607012336546,0.3190862765338,0.0571290744375475,0.0927914663591681,0.775,0.125,0.1,-0.207125564450661,-5.38526467571718,9.94499038211008e-13,TRUE,FALSE,1.48834935935496,2070,0.55
0.481736233,2.26590609110658,0.42424488212165,0.57575511787835,1.0530881894314,1.10124319283228,1.16463851971634,0.631852913658838,0.107400175801908,0.205404126931454,0.186520223932715,0.0513510317328636,0.0583849905056344,0.0530173452019027,0.491759969133871,0.34545307072701,0.832592662519992,1.2356857199601,0.0165,0.223574639613187,0.203020223932715,0.317153936204929,0.0678744051524849,0.0689028052305528,0.775,0.15,0.075,-0.201067514783664,-5.22775538437525,1.52787057542346e-13,TRUE,FALSE,0.991467656192398,2070,0.55
0.481736233,2.34672737101581,0.423396369272461,0.576603630727539,1.05506710057235,1.1100424321192,1.17896502276443,0.633040260343411,0.104767009797298,0.205404126931454,0.185041689387778,0.0513510317328636,0.0583046270555103,0.0525246831728765,0.494569532622847,0.345962178436523,0.836040817706933,1.23554459211615,0.0165,0.223719827061421,0.201541689387778,0.315630931361072,0.0784322137883578,0.045497474665108,0.775,0.175,0.05,-0.196113848535253,-5.09896006191658,2.77970286640122e-13,TRUE,FALSE,0.581427068854698,2070,0.55
0.481736233,2.42694144894594,0.422610043971584,0.577389956028416,1.05648471113786,1.11840298911805,1.19284559895065,0.633890826682718,0.102306655010938,0.205404126931454,0.183658420918055,0.0513510317328636,0.0586615292050842,0.0524511555994171,0.49677145026588,0.34643397361705,0.838806796438905,1.23540179670174,0.0165,0.223857776251902,0.200158420918055,0.314480063987653,0.0888133258912508,0.0225397455860371,0.775,0.2,0.025,-0.192169644124761,-4.99641074724378,5.9368338031046e-13,TRUE,FALSE,0.252508130369422,2070,0.55
0.481736233,2.50663543930295,0.421885123890403,0.578114876109597,1.05738041984653,1.12636410912507,1.20631520152165,0.634428251907917,0.100000684861362,0.205404126931454,0.182360326707327,0.0513510317328636,0.0594416494845211,0.0527730322752329,0.49840060586295,0.346868925665758,0.840929474424161,1.23525768465155,0.0165,0.223989134732018,0.198860326707327,0.313672594949368,0.0990271904295497,0,0.775,0.225,0,-0.189160364113489,-4.9181694669507,5.77569187363563e-13,TRUE,FALSE,8.78996618616575e-05,2070,0.55
0.481736233,2.11650414380991,0.428591261101091,0.571408738898909,1.05734684768181,1.08848411887041,1.13489274702169,0.634408108609087,0.113192628808695,0.205404126931454,0.188706590542282,0.0513510317328636,0.0630785888652939,0.0579508582364571,0.484557844624223,0.342845243339345,0.822584211393764,1.24699144430213,0.0165,0.223364114892816,0.205206590542282,0.331564458380616,0.0344410618771859,0.116542987160174,0.8,0.075,0.125,-0.215681004022224,-5.60770610457781,6.46041007277401e-13,TRUE,FALSE,2.18163194858882,2070,0.55
0.481736233,2.28004047209629,0.42664002821841,0.57335997178159,1.06328712220724,1.10754589466606,1.16486479058004,0.637972273324347,0.107357823647148,0.205404126931454,0.18545879490925,0.0513510317328636,0.0612359425688237,0.0552897562653936,0.492368402207941,0.344015983068954,0.831956327955262,1.24657874379333,0.0165,0.223678634193444,0.20195879490925,0.326993695555844,0.0562596981133675,0.0685345413381022,0.8,0.125,0.075,-0.20198616970406,-5.25164041230555,2.02452868588562e-13,TRUE,FALSE,1.06713797394761,2070,0.55
0.481736233,2.36073995831536,0.425763826481221,0.574236173518779,1.06532829036807,1.11633833852724,1.17911184348227,0.639196974220843,0.104740525412206,0.205404126931454,0.183998094343369,0.0513510317328636,0.0610105704123671,0.0546524008956434,0.495282130628386,0.344541704111267,0.83552719154431,1.24638806897314,0.0165,0.223823709517154,0.200498094343369,0.325360843464286,0.0668765077227036,0.0452598587618297,0.8,0.15,0.05,-0.196849139226329,-5.11807761988455,6.31590718408605e-14,TRUE,FALSE,0.642505402623282,2070,0.55
0.481736233,2.44081751449338,0.424950946289254,0.575049053710746,1.06680685861351,1.12469250354252,1.19291541632249,0.640084115168105,0.102294498596454,0.205404126931454,0.182631364825922,0.0513510317328636,0.0612270052935074,0.0544388844956789,0.497585346997929,0.345029432226448,0.838412888062309,1.24620502522011,0.0165,0.223961553239906,0.199131364825922,0.324113809524287,0.0773148767143526,0.0224246612115222,0.8,0.175,0.025,-0.192729756708705,-5.01097367442631,4.72763927590853e-13,TRUE,FALSE,0.299350112049472,2070,0.55
0.481736233,2.21295745667732,0.430016623599531,0.569983376400469,1.07056352172851,1.10449575705498,1.15044479433805,0.642338113037108,0.110107550310672,0.205404126931454,0.185970951558151,0.0513510317328636,0.0651940451343826,0.0590260711441896,0.489050966266499,0.341990025840281,0.826612013008853,1.25774408014358,0.0165,0.223628306922861,0.202470951558151,0.339161350261615,0.0339029126747734,0.0917775817862553,0.825,0.075,0.1,-0.209757400403627,-5.4536924104943,4.34981335384258e-12,TRUE,FALSE,1.7026621660843,2070,0.55
0.481736233,2.2942130881448,0.42904535848416,0.57095464151584,1.0732708173451,1.11375490140313,1.16508572867441,0.643962490407062,0.107316493699513,0.205404126931454,0.184424891574153,0.0513510317328636,0.0643583418178802,0.0577850133245654,0.492719042756287,0.342572784909504,0.831036652590561,1.25747980630279,0.0165,0.223781082804606,0.200924891574153,0.336976612897214,0.0447674420754638,0.0681686049785472,0.825,0.1,0.075,-0.20331636021436,-5.28622536557335,9.05032017322724e-13,TRUE,FALSE,1.17650202697222,2070,0.55
0.481736233,2.37479299960661,0.428141390140208,0.571858609859792,1.07537639436792,1.12254158911052,1.1792544468898,0.645225836620755,0.104714811335443,0.205404126931454,0.182981306816625,0.0513510317328636,0.0639854201050483,0.057000489537095,0.49573937634099,0.343115165915875,0.834732926501998,1.25723605131355,0.0165,0.223926063151778,0.199481306816625,0.335227131562184,0.0554395785815461,0.0450236577571344,0.825,0.125,0.05,-0.197987965073529,-5.14768709191175,1.21961011346653e-13,TRUE,FALSE,0.736956170293212,2070,0.55
0.481736233,2.45476396746842,0.427302443813806,0.572697556186194,1.07692112740502,1.13089457790168,1.19298598739693,0.646152676443014,0.10228221314011,0.205404126931454,0.181629774291226,0.0513510317328636,0.0640588673255395,0.0566444198931411,0.498148495966994,0.343618533711716,0.83774295484167,1.25700998828243,0.0165,0.224063887466832,0.198129774291226,0.333876460411834,0.0659314165128632,0.0223101257897062,0.825,0.15,0.025,-0.193683568713503,-5.03577278655107,2.16214411893832e-13,TRUE,FALSE,0.379015845282116,2070,0.55
0.481736233,2.53421893400275,0.426527368796035,0.573472631203965,1.07794474179519,1.13885316225442,1.20631544371977,0.646766845077115,0.100000644097654,0.205404126931454,0.180360501019153,0.0513510317328636,0.0645639560918714,0.0566920813250969,0.499981642272329,0.344083578722379,0.840106219944554,1.2568003247893,0.0165,0.224195204108652,0.196860501019153,0.33289299725766,0.0762529369091583,0,0.825,0.175,0,-0.190325671039548,-4.94846744702825,5.49362000468129e-13,TRUE,FALSE,0.0979859732824181,2070,0.55
0.481736233,2.30849539142885,0.431463590383433,0.568536409616567,1.0830472955909,1.1198827668069,1.1653108929075,0.649828377354537,0.10727439761477,0.205404126931454,0.18341574048605,0.0513510317328636,0.0677551843452143,0.060502033206925,0.492815406046655,0.34112184576994,0.829836851549463,1.26840156629056,0.0165,0.223882192583768,0.19991574048605,0.347114893528648,0.0333960310143061,0.0678040629684396,0.85,0.075,0.075,-0.205056148245056,-5.33145985437144,7.2317286630757e-13,TRUE,FALSE,1.31917748585048,2070,0.55
0.481736233,2.38892562783613,0.430530948139986,0.569469051860014,1.08521581762111,1.12865951383487,1.17939756416569,0.651129490572664,0.104689014070586,0.205404126931454,0.18198945245546,0.0513510317328636,0.0672323153551042,0.0595682883376115,0.495942206489655,0.341681431116009,0.833658962193952,1.26810039313352,0.0165,0.22402700890973,0.19848945245546,0.345243118648625,0.0441200278972006,0.0447885131683703,0.85,0.1,0.05,-0.19953127759616,-5.18781321750015,2.09511040122479e-13,TRUE,FALSE,0.864667636795235,2070,0.55
0.481736233,2.46877740532854,0.429665412169939,0.570334587830061,1.0868271528172,1.13700989983082,1.19305594920359,0.652096291690317,0.102270035922561,0.205404126931454,0.180652892258912,0.0513510317328636,0.0671604541006377,0.0590676071603515,0.49845853976184,0.342200752698037,0.836794998393882,1.26782746464987,0.0165,0.224164790278663,0.197152892258912,0.3437828032161,0.0546620866622802,0.0221961200386229,0.85,0.125,0.025,-0.195035823492455,-5.07093141080381,4.7916948085841e-14,TRUE,FALSE,0.491742969656825,2070,0.55
0.481736233,2.54811437510476,0.428865179442972,0.571134820557028,1.08791714200666,1.14496818498884,1.20631627221113,0.652750285203995,0.100000504656713,0.205404126931454,0.179397235333187,0.0513510317328636,0.0675248347316706,0.0589752934771099,0.500396723788577,0.342680892334217,0.83928171648396,1.26758013023348,0.0165,0.22429610198377,0.195897235333187,0.342702719249733,0.0650325843207202,0,0.85,0.15,0,-0.191495037196026,-4.97887096709666,4.041713610645e-13,TRUE,FALSE,0.196032570641052,2070,0.55
0.481736233,2.40305213890289,0.432931723506027,0.567068276493973,1.09483676220036,1.1346800873434,1.17952799041792,0.656902057320216,0.104665512656366,0.205404126931454,0.181023822681477,0.0513510317328636,0.0707559506670149,0.0623576208450737,0.49588147738913,0.340240965896384,0.832296891642688,1.27899113930861,0.0165,0.22412634837262,0.197523822681477,0.355428743335898,0.0329174752095363,0.0445549664452309,0.875,0.075,0.05,-0.201494334583323,-5.23885269916639,4.31170182288736e-12,TRUE,FALSE,1.02663952569124,2070,0.55
0.481736233,2.48285333771423,0.432040942846821,0.567959057153179,1.09652389337403,1.14303892066628,1.1931235994577,0.657914336024419,0.102258263100444,0.205404126931454,0.179700028772182,0.0513510317328636,0.070535644934348,0.0617088741765963,0.498512416799768,0.340775434291908,0.835566074399805,1.27866854697918,0.0165,0.224264269122448,0.196200028772182,0.353848615087749,0.043506058959088,0.0220826208352946,0.875,0.1,0.025,-0.196793444154982,-5.11662954802952,1.01846347125955e-13,TRUE,FALSE,0.637881611627838,2070,0.55
0.481736233,2.56208552243978,0.431215530294523,0.568784469705477,1.09768353841693,1.15099936582327,1.20631727787386,0.658610123050156,0.100000335396972,0.205404126931454,0.178457202523771,0.0513510317328636,0.0707568828217663,0.0614743021784,0.500558935537056,0.341270681823286,0.838179707011494,1.27838016187285,0.0165,0.224395616467538,0.194957202523771,0.35266485572133,0.0539223039310909,0,0.875,0.125,0,-0.193061573353371,-5.01960090718763,1.56994241258619e-13,TRUE,FALSE,0.327079054004949,2070,0.55
0.481736233,2.49701978635766,0.43443067999281,0.565569320007191,1.10601384096553,1.1489868979067,1.19319189941373,0.663608304579317,0.102246379265922,0.205404126931454,0.178769773011052,0.0513510317328636,0.0741885308898351,0.0645686482804951,0.498309486098364,0.339341592004314,0.834055417235208,1.28954519222231,0.0165,0.224362410746915,0.195269773011052,0.364088776319936,0.032462396418423,0.0219695006064075,0.9,0.075,0.025,-0.198961099389389,-5.1729885841241,5.25802767191669e-14,TRUE,FALSE,0.817522816113953,2070,0.55
0.481736233,2.59030473657716,0.435959724984287,0.564040275015713,1.11659985388836,1.16282146433284,1.20632210022782,0.669959912333013,0.0999995237685902,0.205404126931454,0.176642875309584,0.0513510317328636,0.0780514578523298,0.0671224777374668,0.500116101067641,0.338424165009428,0.83513404714949,1.30008692375355,0.0165,0.224590681092946,0.193142875309584,0.373108555616079,0.0320289971866574,0,0.925,0.075,0,-0.197412563184601,-5.13272664279962,2.97979365473535e-13,TRUE,FALSE,0.689256534698567,2070,0.55
